iteration,wall_time_s,n_trajectories,pareto_front_size,best_obj0,best_obj1,mean_episode_return_obj0,mean_episode_return_obj1,target_obj0,target_obj1,bc_loss_mean,bc_loss_last
1,0.395,4,3,27.476621627807617,-306.0749206542969,-49.43056106567383,-307.8645935058594,1.070033073425293,-16.317066192626953,6.562734479904175,6.573493957519531
2,0.731,4,3,27.476621627807617,-306.0749206542969,-49.43056106567383,-307.8645935058594,-7.433943748474121,-0.19239814579486847,6.516008405685425,6.496635437011719
3,1.051,8,2,27.476621627807617,-225.1639862060547,-36.086238861083984,-267.88250732421875,-4.827914237976074,-6.235623359680176,6.070172433853149,5.970183372497559
4,1.394,8,2,27.476621627807617,-225.1639862060547,-36.086238861083984,-267.88250732421875,1.1985496282577515,-223.6822967529297,6.0443745040893555,6.096859455108643
5,1.695,12,2,27.476621627807617,-225.1639862060547,-49.73020935058594,-261.9040222167969,29.446529388427734,-305.52880859375,6.015809516906739,6.023945331573486
6,1.988,12,2,27.476621627807617,-225.1639862060547,-49.73020935058594,-261.9040222167969,29.4256649017334,-302.7220764160156,5.9978805255889895,5.946615695953369
7,2.313,16,2,27.476621627807617,-225.1639862060547,-52.701087951660156,-254.8477783203125,-1.1057400703430176,-217.27386474609375,5.928397932052612,5.975610733032227
8,2.644,16,2,27.476621627807617,-225.1639862060547,-52.701087951660156,-254.8477783203125,-0.503425121307373,-218.9153289794922,5.904835777282715,5.84760856628418
9,2.971,20,3,27.476621627807617,-225.1639862060547,-54.49332809448242,-255.34945678710938,28.76432991027832,-307.3430480957031,5.945991277694702,5.97671365737915
10,3.259,20,3,27.476621627807617,-225.1639862060547,-54.49332809448242,-255.34945678710938,1.6884477138519287,-220.0043487548828,5.930954961776734,6.011814594268799
11,3.563,24,2,31.438335418701172,-225.1639862060547,-50.50612258911133,-251.8032684326172,1.209084391593933,-221.54769897460938,5.883300952911377,5.798864364624023
12,3.866,24,2,31.438335418701172,-225.1639862060547,-50.50612258911133,-251.8032684326172,31.60181999206543,-232.23599243164062,5.865237512588501,5.773628234863281
13,4.169,28,3,33.32852554321289,-225.1639862060547,-51.96771240234375,-250.32298278808594,-0.12439201772212982,-224.97109985351562,5.852150030136109,5.825016021728516
14,4.464,28,3,33.32852554321289,-225.1639862060547,-51.96771240234375,-250.32298278808594,34.93907928466797,-231.45603942871094,5.844104871749878,5.860240936279297
15,4.766,32,3,33.32852554321289,-225.1639862060547,-58.175148010253906,-248.99203491210938,0.17038026452064514,-224.31607055664062,5.843593254089355,5.853002071380615
16,5.066,32,3,33.32852554321289,-225.1639862060547,-58.175148010253906,-248.99203491210938,39.7047233581543,-237.97027587890625,5.858091888427734,5.973379135131836
17,5.371,36,4,33.32852554321289,-225.1639862060547,-56.37309646606445,-247.67697143554688,2.320803165435791,-223.52978515625,5.833135538101196,5.88514518737793
18,5.666,36,4,33.32852554321289,-225.1639862060547,-56.37309646606445,-247.67697143554688,34.89752960205078,-239.015869140625,5.81186014175415,5.7583417892456055
19,5.969,40,2,51.65718460083008,-225.1639862060547,-56.0586051940918,-246.3968963623047,0.32147690653800964,-222.97096252441406,5.830413846969605,5.737485885620117
20,6.269,40,2,51.65718460083008,-225.1639862060547,-56.0586051940918,-246.3968963623047,55.51022720336914,-230.50100708007812,5.813576583862305,5.761778831481934
21,6.579,44,2,51.65718460083008,-225.1639862060547,-53.59400939941406,-245.26499938964844,3.9453177452087402,-223.67738342285156,5.784706878662109,5.856878757476807
22,6.872,44,2,51.65718460083008,-225.1639862060547,-53.59400939941406,-245.26499938964844,52.56556701660156,-231.17605590820312,5.80233320236206,5.822897911071777
23,7.176,48,2,51.65718460083008,-225.1639862060547,-53.64677047729492,-245.625,1.7255253791809082,-224.80943298339844,5.800462350845337,5.875204086303711
24,7.475,48,2,51.65718460083008,-225.1639862060547,-53.64677047729492,-245.625,56.34611511230469,-230.87261962890625,5.815285129547119,5.706469535827637
25,7.784,52,2,51.65718460083008,-225.1639862060547,-51.22804641723633,-245.20494079589844,-1.3437172174453735,-224.64666748046875,5.816752843856811,5.808997631072998
26,8.081,52,2,51.65718460083008,-225.1639862060547,-51.22804641723633,-245.20494079589844,59.869327545166016,-231.12034606933594,5.790417919158935,5.812017440795898
27,8.387,56,3,151.42620849609375,-225.1639862060547,-49.87678909301758,-244.46560668945312,63.9492073059082,-230.9345703125,5.802363452911377,5.868405342102051
28,8.68,56,3,151.42620849609375,-225.1639862060547,-49.87678909301758,-244.46560668945312,152.1265411376953,-232.01255798339844,5.7923096179962155,5.805600643157959
29,8.996,60,3,151.42620849609375,-225.1639862060547,-48.48759078979492,-244.02890014648438,170.4964141845703,-232.9619598388672,5.766384830474854,5.729032516479492
30,9.294,60,3,151.42620849609375,-225.1639862060547,-48.48759078979492,-244.02890014648438,69.99715423583984,-231.3627166748047,5.783537921905517,5.834628105163574
31,9.601,64,3,151.42620849609375,-225.1639862060547,-47.659141540527344,-244.00711059570312,19.97076416015625,-224.3248748779297,5.768034315109253,5.789794445037842
32,9.907,64,3,151.42620849609375,-225.1639862060547,-47.659141540527344,-244.00711059570312,159.4494171142578,-231.3383331298828,5.782429227828979,5.835277557373047
33,10.221,68,3,151.42620849609375,-225.1639862060547,-46.62755584716797,-243.6788330078125,158.92425537109375,-232.81982421875,5.768278064727784,5.7707977294921875
34,10.519,68,3,151.42620849609375,-225.1639862060547,-46.62755584716797,-243.6788330078125,87.85725402832031,-230.8537139892578,5.771423263549805,5.668436050415039
35,10.844,72,3,151.42620849609375,-225.1639862060547,-48.84653091430664,-244.0275115966797,83.95913696289062,-230.9829559326172,5.780412645339966,5.737313270568848
36,11.15,72,3,151.42620849609375,-225.1639862060547,-48.84653091430664,-244.0275115966797,166.7250213623047,-233.20074462890625,5.788066415786743,5.748347282409668
37,11.483,76,3,151.42620849609375,-225.1639862060547,-48.167110443115234,-244.0006103515625,152.6884002685547,-233.27601623535156,5.783554916381836,5.816347599029541
38,11.781,76,3,151.42620849609375,-225.1639862060547,-48.167110443115234,-244.0006103515625,168.4875030517578,-230.9366455078125,5.790816707611084,5.92960262298584
39,12.087,80,3,151.42620849609375,-225.1639862060547,-47.35224533081055,-244.03988647460938,156.6531219482422,-232.17396545410156,5.795616846084595,5.779134750366211
40,12.385,80,3,151.42620849609375,-225.1639862060547,-47.35224533081055,-244.03988647460938,154.59043884277344,-232.89981079101562,5.788386192321777,5.9213175773620605
41,12.707,84,3,151.42620849609375,-225.1639862060547,-47.680320739746094,-244.0384979248047,170.73301696777344,-233.41746520996094,5.7818086719512936,5.7739129066467285
42,13.006,84,3,151.42620849609375,-225.1639862060547,-47.680320739746094,-244.0384979248047,7.51116943359375,-224.8985137939453,5.794557371139526,5.775753974914551
43,13.312,88,3,151.42620849609375,-225.1639862060547,-46.357364654541016,-244.18911743164062,158.7261505126953,-233.06292724609375,5.799131078720093,5.641837120056152
44,13.62,88,3,151.42620849609375,-225.1639862060547,-46.357364654541016,-244.18911743164062,75.63948059082031,-230.91754150390625,5.785239562988282,5.695520401000977
45,13.932,92,3,151.42620849609375,-225.1639862060547,-47.55977249145508,-243.8268585205078,15.596599578857422,-224.78814697265625,5.773917245864868,5.8601179122924805
46,14.233,92,3,151.42620849609375,-225.1639862060547,-47.55977249145508,-243.8268585205078,168.98439025878906,-233.02850341796875,5.802199745178223,5.822325706481934
47,14.54,96,3,151.42620849609375,-225.1639862060547,-47.54732131958008,-243.91880798339844,1.4284483194351196,-223.83682250976562,5.790011596679688,5.784003257751465
48,14.902,96,3,151.42620849609375,-225.1639862060547,-47.54732131958008,-243.91880798339844,59.469886779785156,-231.1529083251953,5.788833923339844,5.75227165222168
49,15.224,100,4,186.98629760742188,-225.1639862060547,-45.878883361816406,-243.6661376953125,17.691743850708008,-225.06520080566406,5.791008596420288,5.853435516357422
50,15.523,100,4,186.98629760742188,-225.1639862060547,-45.878883361816406,-243.6661376953125,193.49713134765625,-236.52484130859375,5.779787406921387,5.775335311889648
51,15.891,104,4,186.98629760742188,-225.1639862060547,-44.86599349975586,-243.27503967285156,88.01177215576172,-227.95823669433594,5.785335483551026,5.822829246520996
52,16.199,104,4,186.98629760742188,-225.1639862060547,-44.86599349975586,-243.27503967285156,11.51218032836914,-224.96165466308594,5.760832376480103,5.6067094802856445
53,16.504,108,4,186.98629760742188,-225.1639862060547,-44.14030456542969,-243.1453094482422,10.201333045959473,-222.92218017578125,5.775579977035522,5.88334846496582
54,16.806,108,4,186.98629760742188,-225.1639862060547,-44.14030456542969,-243.1453094482422,155.54507446289062,-233.2022247314453,5.769480791091919,5.833030700683594
55,17.113,112,4,186.98629760742188,-225.1639862060547,-43.00400924682617,-243.27085876464844,53.257144927978516,-231.36648559570312,5.788801364898681,5.759196758270264
56,17.436,112,4,186.98629760742188,-225.1639862060547,-43.00400924682617,-243.27085876464844,57.88608169555664,-229.3425750732422,5.772734689712524,5.6770501136779785
57,17.745,116,4,186.98629760742188,-225.1639862060547,-44.21434020996094,-243.18460083007812,61.15709686279297,-229.15249633789062,5.7669312858581545,5.831088542938232
58,18.046,116,4,186.98629760742188,-225.1639862060547,-44.21434020996094,-243.18460083007812,6.295546054840088,-223.35086059570312,5.779323787689209,5.867393493652344
59,18.354,120,4,186.98629760742188,-225.1639862060547,-44.90425109863281,-243.31491088867188,75.3689193725586,-229.919189453125,5.760332193374634,5.82623815536499
60,18.662,120,4,186.98629760742188,-225.1639862060547,-44.90425109863281,-243.31491088867188,168.68141174316406,-232.93649291992188,5.776415529251099,5.7418212890625
61,18.971,124,4,186.98629760742188,-225.1639862060547,-46.23172378540039,-243.42599487304688,187.70529174804688,-238.11227416992188,5.777570753097534,5.79830265045166
62,19.272,124,4,186.98629760742188,-225.1639862060547,-46.23172378540039,-243.42599487304688,8.79961109161377,-225.10330200195312,5.755824098587036,5.787929534912109
63,19.579,128,4,186.98629760742188,-225.1639862060547,-47.88697814941406,-243.09588623046875,6.248514175415039,-223.88284301757812,5.760200929641724,5.743125915527344
64,19.888,128,4,186.98629760742188,-225.1639862060547,-47.88697814941406,-243.09588623046875,6.755251884460449,-224.6671905517578,5.772604579925537,5.819919109344482
65,20.197,132,4,186.98629760742188,-225.1639862060547,-49.68787384033203,-243.00123596191406,55.624610900878906,-228.9478302001953,5.775022897720337,5.8584747314453125
66,20.497,132,4,186.98629760742188,-225.1639862060547,-49.68787384033203,-243.00123596191406,64.8441162109375,-231.1845703125,5.772957916259766,5.700989723205566
67,20.806,136,4,186.98629760742188,-225.1639862060547,-48.97419357299805,-242.90660095214844,197.805419921875,-238.12591552734375,5.774214763641357,5.748802185058594
68,21.116,136,4,186.98629760742188,-225.1639862060547,-48.97419357299805,-242.90660095214844,191.4845733642578,-237.6455535888672,5.752544136047363,5.8374433517456055
69,21.424,140,4,186.98629760742188,-225.1639862060547,-50.35798645019531,-242.63241577148438,205.95091247558594,-237.5395965576172,5.767345285415649,5.8602094650268555
70,21.748,140,4,186.98629760742188,-225.1639862060547,-50.35798645019531,-242.63241577148438,167.7168731689453,-232.728759765625,5.756208782196045,5.838779926300049
71,22.06,144,4,186.98629760742188,-225.1639862060547,-51.599456787109375,-242.6316680908203,201.64300537109375,-237.35548400878906,5.777301359176636,5.895565032958984
72,22.369,144,4,186.98629760742188,-225.1639862060547,-51.599456787109375,-242.6316680908203,58.697044372558594,-228.74847412109375,5.755404396057129,5.79631233215332
73,22.682,148,4,186.98629760742188,-225.1639862060547,-49.82977294921875,-242.7165069580078,191.38868713378906,-236.23593139648438,5.760193090438843,5.738950729370117
74,22.982,148,4,186.98629760742188,-225.1639862060547,-49.82977294921875,-242.7165069580078,180.0586700439453,-232.54310607910156,5.761036176681518,5.738919734954834
75,23.293,152,4,186.98629760742188,-225.1639862060547,-49.78974914550781,-242.5689697265625,160.1826629638672,-233.11383056640625,5.772266893386841,5.639307975769043
76,23.599,152,4,186.98629760742188,-225.1639862060547,-49.78974914550781,-242.5689697265625,200.61622619628906,-238.3541259765625,5.7870747756958005,5.901334285736084
77,23.91,156,4,186.98629760742188,-225.1639862060547,-49.62736129760742,-242.43324279785156,181.490234375,-232.9125518798828,5.764620637893676,5.855918884277344
78,24.211,156,4,186.98629760742188,-225.1639862060547,-49.62736129760742,-242.43324279785156,209.30828857421875,-238.36143493652344,5.738427066802979,5.783212661743164
79,24.521,160,4,186.98629760742188,-225.1639862060547,-47.630767822265625,-242.5083770751953,157.36068725585938,-232.96705627441406,5.779403152465821,5.787750244140625
80,24.83,160,4,186.98629760742188,-225.1639862060547,-47.630767822265625,-242.5083770751953,199.47836303710938,-237.22381591796875,5.741707878112793,5.707475662231445
81,25.14,164,4,186.98629760742188,-225.1639862060547,-48.155067443847656,-242.58975219726562,193.78189086914062,-238.50064086914062,5.772793855667114,5.722002983093262
82,25.451,164,4,186.98629760742188,-225.1639862060547,-48.155067443847656,-242.58975219726562,152.26751708984375,-231.5054931640625,5.7727842617034915,5.7620720863342285
83,25.762,168,4,186.98629760742188,-225.1639862060547,-47.9268684387207,-242.3848114013672,9.424213409423828,-224.87550354003906,5.790021142959595,5.850528717041016
84,26.069,168,4,186.98629760742188,-225.1639862060547,-47.9268684387207,-242.3848114013672,24.070556640625,-224.98233032226562,5.7583381462097165,5.737874984741211
85,26.378,172,4,186.98629760742188,-225.1639862060547,-48.46455001831055,-242.24749755859375,187.7712860107422,-238.22442626953125,5.741321315765381,5.698008060455322
86,26.68,172,4,186.98629760742188,-225.1639862060547,-48.46455001831055,-242.24749755859375,13.686308860778809,-224.9748992919922,5.75183259010315,5.733262538909912
87,26.997,176,4,186.98629760742188,-225.1639862060547,-48.636924743652344,-242.22740173339844,16.420124053955078,-223.79263305664062,5.76618501663208,5.666308403015137
88,27.3,176,4,186.98629760742188,-225.1639862060547,-48.636924743652344,-242.22740173339844,68.10509490966797,-231.33056640625,5.734503679275512,5.764976501464844
89,27.61,180,4,186.98629760742188,-225.1639862060547,-47.98312759399414,-242.2532958984375,221.961669921875,-236.47732543945312,5.75892897605896,5.789804458618164
90,27.913,180,4,186.98629760742188,-225.1639862060547,-47.98312759399414,-242.2532958984375,36.6714973449707,-224.67120361328125,5.753453817367554,5.572978973388672
91,28.229,184,4,186.98629760742188,-225.1639862060547,-48.331661224365234,-242.22023010253906,213.9556427001953,-235.64175415039062,5.7594803524017335,5.870814323425293
92,28.532,184,4,186.98629760742188,-225.1639862060547,-48.331661224365234,-242.22023010253906,191.20851135253906,-237.51742553710938,5.756453247070312,5.737176418304443
93,28.843,188,4,186.98629760742188,-225.1639862060547,-48.150184631347656,-242.0829315185547,-0.020945223048329353,-224.6575469970703,5.771285963058472,5.752882957458496
94,29.146,188,4,186.98629760742188,-225.1639862060547,-48.150184631347656,-242.0829315185547,196.47056579589844,-237.69400024414062,5.740631008148194,5.825941562652588
95,29.518,192,4,186.98629760742188,-225.1639862060547,-49.3061408996582,-241.9877166748047,192.75270080566406,-237.399658203125,5.751646595001221,5.8295722007751465
96,29.822,192,4,186.98629760742188,-225.1639862060547,-49.3061408996582,-241.9877166748047,15.724574089050293,-222.32528686523438,5.77176947593689,5.823460102081299
97,30.133,196,6,186.98629760742188,-221.37469482421875,-49.30413818359375,-241.71926879882812,0.8595609664916992,-224.45440673828125,5.749838609695434,5.769528388977051
98,30.438,196,6,186.98629760742188,-221.37469482421875,-49.30413818359375,-241.71926879882812,-136.59323120117188,-220.7183074951172,5.752733659744263,5.7054548263549805
99,30.753,200,6,186.98629760742188,-221.37469482421875,-48.481571197509766,-241.7108612060547,213.6633758544922,-238.5559539794922,5.751848058700562,5.731492042541504
100,31.058,200,6,186.98629760742188,-221.37469482421875,-48.481571197509766,-241.7108612060547,-139.78041076660156,-220.61119079589844,5.75302227973938,5.866302490234375
101,31.378,200,6,186.98629760742188,-221.37469482421875,-48.687744140625,-240.14837646484375,-86.71723175048828,-218.8775177001953,5.720227031707764,5.676733016967773
102,31.684,200,6,186.98629760742188,-221.37469482421875,-48.687744140625,-240.14837646484375,59.29624938964844,-228.84344482421875,5.733062381744385,5.7314605712890625
103,32.003,200,6,186.98629760742188,-221.37469482421875,-49.935096740722656,-240.15086364746094,-120.16244506835938,-220.44798278808594,5.7523801803588865,5.756530284881592
104,32.306,200,6,186.98629760742188,-221.37469482421875,-49.935096740722656,-240.15086364746094,62.48815155029297,-230.59510803222656,5.732015838623047,5.778609752655029
105,32.617,200,8,186.98629760742188,-221.37469482421875,-47.839439392089844,-239.78919982910156,-99.95062255859375,-217.82225036621094,5.712424116134644,5.72119140625
106,32.921,200,8,186.98629760742188,-221.37469482421875,-47.839439392089844,-239.78919982910156,-102.13530731201172,-221.15701293945312,5.737188568115235,5.717053413391113
107,33.237,200,8,186.98629760742188,-221.37469482421875,-46.91596221923828,-239.7958526611328,-93.30052947998047,-220.11428833007812,5.706946048736572,5.75935697555542
108,33.542,200,8,186.98629760742188,-221.37469482421875,-46.91596221923828,-239.7958526611328,-127.43840789794922,-220.0058135986328,5.690218286514282,5.638097286224365
109,33.854,200,8,186.98629760742188,-221.37469482421875,-46.71931457519531,-239.4751434326172,169.81922912597656,-231.9880828857422,5.7231587886810305,5.618039131164551
110,34.163,200,8,186.98629760742188,-221.37469482421875,-46.71931457519531,-239.4751434326172,220.75941467285156,-231.03335571289062,5.723110971450805,5.740556240081787
111,34.475,200,8,186.98629760742188,-221.37469482421875,-47.6984748840332,-239.43618774414062,54.218605041503906,-223.66856384277344,5.7024968719482425,5.657235145568848
112,34.792,200,8,186.98629760742188,-221.37469482421875,-47.6984748840332,-239.43618774414062,-105.47311401367188,-220.74781799316406,5.720633373260498,5.780299663543701
113,35.172,200,8,186.98629760742188,-221.37469482421875,-46.988983154296875,-239.35023498535156,70.79188537597656,-228.1905059814453,5.718231821060181,5.608417510986328
114,35.479,200,8,186.98629760742188,-221.37469482421875,-46.988983154296875,-239.35023498535156,150.6739044189453,-232.84625244140625,5.7290029621124265,5.834804534912109
115,35.794,200,8,186.98629760742188,-221.37469482421875,-47.41204071044922,-239.17144775390625,-116.64710998535156,-220.2942657470703,5.710727920532227,5.629066467285156
116,36.107,200,8,186.98629760742188,-221.37469482421875,-47.41204071044922,-239.17144775390625,194.9138641357422,-232.21510314941406,5.696124296188355,5.67009162902832
117,36.42,200,8,186.98629760742188,-221.37469482421875,-48.50065612792969,-239.23617553710938,193.3741455078125,-232.02926635742188,5.697665338516235,5.62697696685791
118,36.751,200,8,186.98629760742188,-221.37469482421875,-48.50065612792969,-239.23617553710938,-136.50347900390625,-220.45272827148438,5.700224609375,5.7499237060546875
119,37.073,200,7,186.98629760742188,-221.37469482421875,-49.558536529541016,-239.45932006835938,207.03367614746094,-236.0816650390625,5.702526111602783,5.842105865478516
120,37.408,200,7,186.98629760742188,-221.37469482421875,-49.558536529541016,-239.45932006835938,-139.55322265625,-221.22850036621094,5.717304296493531,5.729790687561035
121,37.753,200,7,186.98629760742188,-221.37469482421875,-50.06645584106445,-239.44476318359375,-143.1250457763672,-220.82078552246094,5.720427103042603,5.839028358459473
122,38.059,200,7,186.98629760742188,-221.37469482421875,-50.06645584106445,-239.44476318359375,-112.59292602539062,-221.2876434326172,5.697936553955078,5.732316017150879
123,38.403,200,7,186.98629760742188,-221.37469482421875,-50.59315872192383,-239.0574951171875,-83.75336456298828,-219.46051025390625,5.70640308380127,5.644098281860352
124,38.707,200,7,186.98629760742188,-221.37469482421875,-50.59315872192383,-239.0574951171875,-128.29502868652344,-218.77554321289062,5.724070482254028,5.639074325561523
125,39.019,200,8,186.98629760742188,-221.37469482421875,-51.54485321044922,-238.78883361816406,-112.0726547241211,-218.4378662109375,5.707935972213745,5.919501781463623
126,39.322,200,8,186.98629760742188,-221.37469482421875,-51.54485321044922,-238.78883361816406,-107.53180694580078,-220.3135223388672,5.709100255966186,5.609642505645752
127,39.634,200,7,186.98629760742188,-221.37469482421875,-51.9302978515625,-238.79246520996094,65.88092803955078,-229.24716186523438,5.711294574737549,5.663428783416748
128,39.947,200,7,186.98629760742188,-221.37469482421875,-51.9302978515625,-238.79246520996094,196.42420959472656,-238.3680877685547,5.704545783996582,5.780172348022461
129,40.261,200,7,186.98629760742188,-221.37469482421875,-51.9820671081543,-238.8251953125,251.9681396484375,-237.20082092285156,5.703796062469483,5.727757453918457
130,40.565,200,7,186.98629760742188,-221.37469482421875,-51.9820671081543,-238.8251953125,122.64773559570312,-231.41583251953125,5.701522607803344,5.677392482757568
131,40.88,200,7,186.98629760742188,-221.37469482421875,-52.27961730957031,-238.65811157226562,97.20748901367188,-227.86566162109375,5.715364770889282,5.8343963623046875
132,41.194,200,7,186.98629760742188,-221.37469482421875,-52.27961730957031,-238.65811157226562,-112.02174377441406,-220.83990478515625,5.698064012527466,5.604241847991943
133,41.506,200,5,186.98629760742188,-221.37469482421875,-51.8295783996582,-238.5144500732422,-145.1031951904297,-220.6629180908203,5.686925888061523,5.71441125869751
134,41.811,200,5,186.98629760742188,-221.37469482421875,-51.8295783996582,-238.5144500732422,210.43861389160156,-238.4028778076172,5.6914894485473635,5.743564128875732
135,42.123,200,5,186.98629760742188,-221.37469482421875,-50.532814025878906,-238.2176513671875,145.5478057861328,-226.06973266601562,5.704175987243652,5.557452201843262
136,42.432,200,5,186.98629760742188,-221.37469482421875,-50.532814025878906,-238.2176513671875,21.7063045501709,-224.0958251953125,5.694872493743897,5.493819236755371
137,42.748,200,5,186.98629760742188,-221.37469482421875,-50.30963897705078,-238.20547485351562,188.2640380859375,-233.5734100341797,5.716983594894409,5.7721710205078125
138,43.065,200,5,186.98629760742188,-221.37469482421875,-50.30963897705078,-238.20547485351562,-27.205963134765625,-223.4656219482422,5.689339981079102,5.647627830505371
139,43.384,200,6,186.98629760742188,-221.37469482421875,-49.676368713378906,-238.0302734375,10.01656723022461,-222.87550354003906,5.691261730194092,5.7834272384643555
140,43.7,200,6,186.98629760742188,-221.37469482421875,-49.676368713378906,-238.0302734375,156.41323852539062,-235.3722381591797,5.70480188369751,5.699749946594238
141,44.054,200,6,186.98629760742188,-221.37469482421875,-48.546756744384766,-238.0148468017578,156.21054077148438,-235.82872009277344,5.69610029220581,5.828052997589111
142,44.408,200,6,186.98629760742188,-221.37469482421875,-48.546756744384766,-238.0148468017578,217.03565979003906,-233.517578125,5.687875967025757,5.626814842224121
143,44.74,200,6,186.98629760742188,-221.37469482421875,-49.10116195678711,-237.87567138671875,191.3654327392578,-235.8296356201172,5.703613071441651,5.70988130569458
144,45.113,200,6,186.98629760742188,-221.37469482421875,-49.10116195678711,-237.87567138671875,188.30087280273438,-237.84747314453125,5.6783842277526855,5.656893253326416
145,45.431,200,7,186.98629760742188,-221.37469482421875,-48.60725402832031,-237.70091247558594,-145.2263641357422,-219.12403869628906,5.700731458663941,5.780729293823242
146,45.736,200,7,186.98629760742188,-221.37469482421875,-48.60725402832031,-237.70091247558594,1.7797510623931885,-223.36276245117188,5.683631286621094,5.822628974914551
147,46.058,200,7,186.98629760742188,-221.37469482421875,-49.900047302246094,-237.57106018066406,152.164306640625,-234.23715209960938,5.669165468215942,5.689914703369141
148,46.362,200,7,186.98629760742188,-221.37469482421875,-49.900047302246094,-237.57106018066406,-102.76078796386719,-219.7723388671875,5.70104040145874,5.775432586669922
149,46.677,200,7,154.48448181152344,-221.37469482421875,-50.59317398071289,-237.45738220214844,-90.36071014404297,-220.66920471191406,5.658992443084717,5.707764625549316
150,46.981,200,7,154.48448181152344,-221.37469482421875,-50.59317398071289,-237.45738220214844,184.8140869140625,-243.3126678466797,5.689462203979492,5.753674507141113
151,47.301,200,7,154.48448181152344,-221.37469482421875,-52.750118255615234,-237.56019592285156,-73.03219604492188,-222.73275756835938,5.686734895706177,5.526707649230957
152,47.607,200,7,154.48448181152344,-221.37469482421875,-52.750118255615234,-237.56019592285156,-93.41455078125,-220.93460083007812,5.680856609344483,5.735666751861572
153,47.922,200,7,154.48448181152344,-221.37469482421875,-52.50209045410156,-237.59005737304688,133.54576110839844,-226.03863525390625,5.685072517395019,5.620798110961914
154,48.228,200,7,154.48448181152344,-221.37469482421875,-52.50209045410156,-237.59005737304688,45.167449951171875,-218.83917236328125,5.673311738967896,5.777136325836182
155,48.548,200,7,154.48448181152344,-221.37469482421875,-52.9855842590332,-237.29611206054688,-136.49424743652344,-221.19268798828125,5.651911811828613,5.7473649978637695
156,48.853,200,7,154.48448181152344,-221.37469482421875,-52.9855842590332,-237.29611206054688,-110.64869689941406,-221.1387176513672,5.690165185928345,5.69815731048584
157,49.165,200,7,154.48448181152344,-221.37469482421875,-52.55036544799805,-237.26904296875,-119.44575500488281,-220.82403564453125,5.658336067199707,5.6816816329956055
158,49.47,200,7,154.48448181152344,-221.37469482421875,-52.55036544799805,-237.26904296875,-143.4435577392578,-220.29103088378906,5.67403431892395,5.890804290771484
159,49.789,200,7,154.48448181152344,-221.37469482421875,-51.941307067871094,-237.13499450683594,-86.61573791503906,-218.0875244140625,5.684725885391235,5.678021430969238
160,50.094,200,7,154.48448181152344,-221.37469482421875,-51.941307067871094,-237.13499450683594,182.01840209960938,-234.80442810058594,5.671210908889771,5.808255195617676
161,50.41,200,7,154.48448181152344,-221.37469482421875,-50.436668395996094,-236.88343811035156,-144.01890563964844,-220.93568420410156,5.676992168426514,5.683924198150635
162,50.708,200,7,154.48448181152344,-221.37469482421875,-50.436668395996094,-236.88343811035156,8.37268352508545,-221.61399841308594,5.663756427764892,5.610841751098633
163,51.027,200,7,154.48448181152344,-221.37469482421875,-48.779571533203125,-237.13902282714844,169.55873107910156,-245.56446838378906,5.659582529067993,5.7538957595825195
164,51.332,200,7,154.48448181152344,-221.37469482421875,-48.779571533203125,-237.13902282714844,194.87950134277344,-231.08694458007812,5.694803495407104,5.669057846069336
165,51.65,200,8,154.48448181152344,-221.37469482421875,-45.763404846191406,-237.06533813476562,166.55322265625,-226.320068359375,5.666330852508545,5.782561779022217
166,51.954,200,8,154.48448181152344,-221.37469482421875,-45.763404846191406,-237.06533813476562,-104.57440185546875,-219.5073699951172,5.675231161117554,5.632253170013428
167,52.297,200,8,154.48448181152344,-221.37469482421875,-46.22770690917969,-236.95689392089844,13.229551315307617,-223.7881622314453,5.660250949859619,5.563713550567627
168,52.601,200,8,154.48448181152344,-221.37469482421875,-46.22770690917969,-236.95689392089844,-32.16361618041992,-222.30160522460938,5.676228609085083,5.73560905456543
169,52.914,200,8,154.48448181152344,-221.37469482421875,-45.36799240112305,-236.9716033935547,-120.81379699707031,-219.32781982421875,5.661842031478882,5.597005844116211
170,53.218,200,8,154.48448181152344,-221.37469482421875,-45.36799240112305,-236.9716033935547,155.923583984375,-219.84646606445312,5.657667789459229,5.733290195465088
171,53.537,200,8,154.48448181152344,-221.37469482421875,-43.25871276855469,-237.0252685546875,178.0743408203125,-235.29721069335938,5.670157985687256,5.612231254577637
172,53.842,200,8,154.48448181152344,-221.37469482421875,-43.25871276855469,-237.0252685546875,-76.00899505615234,-222.2772979736328,5.6718999290466305,5.595144271850586
173,54.156,200,9,154.48448181152344,-221.37469482421875,-43.91425323486328,-236.82015991210938,-84.05577087402344,-222.5491943359375,5.653931303024292,5.584607124328613
174,54.461,200,9,154.48448181152344,-221.37469482421875,-43.91425323486328,-236.82015991210938,-143.04653930664062,-217.9949951171875,5.633798751831055,5.4938225746154785
175,54.775,200,9,154.48448181152344,-221.37469482421875,-44.1212272644043,-236.9125213623047,142.48208618164062,-234.66294860839844,5.640450286865234,5.526231288909912
176,55.084,200,9,154.48448181152344,-221.37469482421875,-44.1212272644043,-236.9125213623047,225.8491973876953,-244.1575469970703,5.65017481803894,5.684304714202881
177,55.399,200,9,154.48448181152344,-221.37469482421875,-42.723907470703125,-237.15145874023438,156.70889282226562,-243.9593048095703,5.660963153839111,5.6761088371276855
178,55.703,200,9,154.48448181152344,-221.37469482421875,-42.723907470703125,-237.15145874023438,191.84210205078125,-244.6077423095703,5.668958692550659,5.542797088623047
179,56.018,200,8,151.2860107421875,-221.37469482421875,-43.560081481933594,-237.1636962890625,118.64273071289062,-225.2522735595703,5.646754770278931,5.689042091369629
180,56.327,200,8,151.2860107421875,-221.37469482421875,-43.560081481933594,-237.1636962890625,155.35513305664062,-234.07916259765625,5.656652717590332,5.5474114418029785
181,56.64,200,8,151.2860107421875,-221.37469482421875,-43.49740219116211,-236.95004272460938,22.371898651123047,-223.255859375,5.673345308303833,5.6832380294799805
182,56.945,200,8,151.2860107421875,-221.37469482421875,-43.49740219116211,-236.95004272460938,24.516691207885742,-224.54466247558594,5.660319900512695,5.654825210571289
183,57.261,200,9,164.75537109375,-221.37469482421875,-42.929107666015625,-237.21649169921875,152.57057189941406,-235.5972442626953,5.65359881401062,5.567499160766602
184,57.569,200,9,164.75537109375,-221.37469482421875,-42.929107666015625,-237.21649169921875,215.38267517089844,-241.9197998046875,5.662760038375854,5.73188591003418
185,57.949,200,9,164.75537109375,-221.37469482421875,-40.439674377441406,-237.3651580810547,115.60615539550781,-226.30352783203125,5.643749132156372,5.600237846374512
186,58.254,200,9,164.75537109375,-221.37469482421875,-40.439674377441406,-237.3651580810547,13.557445526123047,-223.84942626953125,5.66153618812561,5.770033836364746
187,58.573,200,9,164.75537109375,-221.37469482421875,-39.74443817138672,-237.4014434814453,49.67717361450195,-222.4834442138672,5.679769515991211,5.717097282409668
188,58.961,200,9,164.75537109375,-221.37469482421875,-39.74443817138672,-237.4014434814453,-23.338056564331055,-223.46969604492188,5.666292409896851,5.677915573120117
189,59.272,200,9,164.75537109375,-221.37469482421875,-40.99693298339844,-237.12591552734375,-138.9757537841797,-219.83934020996094,5.640582256317138,5.557767391204834
190,59.576,200,9,164.75537109375,-221.37469482421875,-40.99693298339844,-237.12591552734375,-44.798789978027344,-219.6505889892578,5.6615907573699955,5.663931369781494
191,59.891,200,9,164.75537109375,-221.37469482421875,-41.30130386352539,-237.23348999023438,149.08226013183594,-234.85125732421875,5.662603406906128,5.717820167541504
192,60.198,200,9,164.75537109375,-221.37469482421875,-41.30130386352539,-237.23348999023438,186.5018768310547,-245.25390625,5.654862442016602,5.567513942718506
193,60.513,200,9,182.43218994140625,-221.37469482421875,-39.92585754394531,-237.37855529785156,-96.0682373046875,-219.55039978027344,5.668677892684936,5.59370756149292
194,60.816,200,9,182.43218994140625,-221.37469482421875,-39.92585754394531,-237.37855529785156,227.67816162109375,-242.80587768554688,5.664481544494629,5.6948394775390625
195,61.13,200,9,182.43218994140625,-221.37469482421875,-38.16753005981445,-237.34500122070312,-111.10131072998047,-219.5242919921875,5.6647193717956545,5.764859199523926
196,61.444,200,9,182.43218994140625,-221.37469482421875,-38.16753005981445,-237.34500122070312,183.20126342773438,-241.11056518554688,5.637597532272339,5.547264099121094
197,61.758,200,8,182.43218994140625,-223.18617248535156,-37.775840759277344,-237.4979705810547,-121.52408599853516,-220.67254638671875,5.651240358352661,5.6303181648254395
198,62.067,200,8,182.43218994140625,-223.18617248535156,-37.775840759277344,-237.4979705810547,132.2318572998047,-225.60433959960938,5.676530618667602,5.698956489562988
199,62.382,200,8,182.43218994140625,-223.18617248535156,-37.90803146362305,-237.45925903320312,111.37950134277344,-226.7292938232422,5.671003704071045,5.59749698638916
200,62.699,200,8,182.43218994140625,-223.18617248535156,-37.90803146362305,-237.45925903320312,-50.10948181152344,-219.88375854492188,5.643041830062867,5.734796524047852
1,0.312,4,3,-31.876632690429688,-306.0784912109375,-53.90732192993164,-307.86029052734375,1.070033073425293,-16.317066192626953,6.563424491882325,6.5764617919921875
2,0.614,4,3,-31.876632690429688,-306.0784912109375,-53.90732192993164,-307.86029052734375,-7.433943748474121,-0.19239814579486847,6.5167612457275395,6.489020347595215
3,0.922,8,4,17.963821411132812,-223.9215545654297,-37.17341232299805,-267.1363525390625,-4.827914237976074,-6.235623359680176,6.069878253936768,5.962958812713623
4,1.225,8,4,17.963821411132812,-223.9215545654297,-37.17341232299805,-267.1363525390625,24.578889846801758,-228.11383056640625,6.042121515274048,6.090469837188721
5,1.539,12,4,17.963821411132812,-223.9215545654297,-57.22897720336914,-258.1578674316406,21.166839599609375,-228.08023071289062,5.968234996795655,5.957651138305664
6,1.846,12,4,17.963821411132812,-223.9215545654297,-57.22897720336914,-258.1578674316406,23.558774948120117,-228.091064453125,5.94575288772583,5.918234825134277
7,2.18,16,5,35.61983871459961,-223.9215545654297,-51.900978088378906,-252.77183532714844,-5.0472259521484375,-227.32699584960938,5.902962255477905,5.928100109100342
8,2.521,16,5,35.61983871459961,-223.9215545654297,-51.900978088378906,-252.77183532714844,-47.775115966796875,-222.94065856933594,5.879717531204224,5.842934608459473
9,2.833,20,6,73.75834655761719,-223.9215545654297,-51.94208908081055,-250.1439208984375,-30.348722457885742,-222.7542266845703,5.875589418411255,5.9159345626831055
10,3.136,20,6,73.75834655761719,-223.9215545654297,-51.94208908081055,-250.1439208984375,75.16012573242188,-239.3109588623047,5.866798658370971,5.96581506729126
11,3.449,24,6,73.75834655761719,-223.9215545654297,-46.16118240356445,-247.8170623779297,74.01859283447266,-239.1268768310547,5.832282037734985,5.764216423034668
12,3.757,24,6,73.75834655761719,-223.9215545654297,-46.16118240356445,-247.8170623779297,-40.662654876708984,-222.21034240722656,5.816655807495117,5.70512580871582
13,4.071,28,6,73.75834655761719,-223.9215545654297,-45.94638442993164,-246.968505859375,79.24948120117188,-239.76231384277344,5.81117600440979,5.805941581726074
14,4.379,28,6,73.75834655761719,-223.9215545654297,-45.94638442993164,-246.968505859375,-39.966522216796875,-221.44703674316406,5.806117086410523,5.788084983825684
15,4.694,32,6,73.75834655761719,-223.9215545654297,-51.84138870239258,-245.3412322998047,-38.79716873168945,-222.00418090820312,5.798608369827271,5.768335819244385
16,4.998,32,6,73.75834655761719,-223.9215545654297,-51.84138870239258,-245.3412322998047,55.1392822265625,-231.76461791992188,5.814374036788941,5.907010078430176
17,5.313,36,6,73.75834655761719,-223.9215545654297,-55.09415054321289,-244.75250244140625,82.17432403564453,-239.57827758789062,5.799568176269531,5.764911651611328
18,5.621,36,6,73.75834655761719,-223.9215545654297,-55.09415054321289,-244.75250244140625,69.11022186279297,-231.60780334472656,5.784067144393921,5.736761569976807
19,5.932,40,7,73.75834655761719,-223.9215545654297,-51.4263801574707,-243.7312774658203,24.21088409423828,-225.60887145996094,5.800979728698731,5.758954048156738
20,6.234,40,7,73.75834655761719,-223.9215545654297,-51.4263801574707,-243.7312774658203,-20.909366607666016,-224.40956115722656,5.782073650360108,5.759500026702881
21,6.56,44,7,73.75834655761719,-223.9215545654297,-53.78786849975586,-242.81396484375,91.80667877197266,-238.07469177246094,5.758743209838867,5.8418660163879395
22,6.869,44,7,73.75834655761719,-223.9215545654297,-53.78786849975586,-242.81396484375,-52.15296173095703,-221.84251403808594,5.775400466918946,5.809504508972168
23,7.179,48,7,73.75834655761719,-223.9215545654297,-60.94868087768555,-242.9927520751953,18.871511459350586,-227.09927368164062,5.7701740646362305,5.826801300048828
24,7.483,48,7,73.75834655761719,-223.9215545654297,-60.94868087768555,-242.9927520751953,60.8855094909668,-230.34896850585938,5.784358491897583,5.659666538238525
25,7.808,52,7,73.75834655761719,-223.9215545654297,-64.18310546875,-242.87725830078125,76.42271423339844,-238.04957580566406,5.789094295501709,5.790102958679199
26,8.195,52,7,73.75834655761719,-223.9215545654297,-64.18310546875,-242.87725830078125,8.7236909866333,-226.77252197265625,5.767009935379028,5.820743083953857
27,8.51,56,9,73.75834655761719,-223.9215545654297,-64.79637908935547,-241.79527282714844,-38.46475601196289,-223.59849548339844,5.775491256713867,5.8424482345581055
28,8.819,56,9,73.75834655761719,-223.9215545654297,-64.79637908935547,-241.79527282714844,-53.05949401855469,-221.4886474609375,5.7587683963775635,5.690356254577637
29,9.14,60,9,73.75834655761719,-223.9215545654297,-63.40800857543945,-241.32345581054688,-18.980741500854492,-226.02593994140625,5.730134887695312,5.712092876434326
30,9.447,60,9,73.75834655761719,-223.9215545654297,-63.40800857543945,-241.32345581054688,30.102087020874023,-227.8489227294922,5.754832229614258,5.786506652832031
31,9.762,64,9,73.75834655761719,-223.9215545654297,-67.66724395751953,-240.71945190429688,-31.215192794799805,-223.91595458984375,5.732329711914063,5.745221138000488
32,10.067,64,9,73.75834655761719,-223.9215545654297,-67.66724395751953,-240.71945190429688,21.827835083007812,-226.95367431640625,5.741069240570068,5.779669284820557
33,10.387,68,7,143.1173095703125,-223.9215545654297,-63.220726013183594,-240.20849609375,-47.069244384765625,-221.2637939453125,5.725903491973877,5.737104415893555
34,10.702,68,7,143.1173095703125,-223.9215545654297,-63.220726013183594,-240.20849609375,150.94439697265625,-230.0576171875,5.729861621856689,5.648714065551758
35,11.016,72,7,143.1173095703125,-223.9215545654297,-65.49191284179688,-240.36363220214844,21.27509880065918,-227.8787841796875,5.737324657440186,5.694118499755859
36,11.335,72,7,143.1173095703125,-223.9215545654297,-65.49191284179688,-240.36363220214844,-52.770843505859375,-223.61465454101562,5.745040826797485,5.714667320251465
37,11.781,76,7,143.1173095703125,-223.9215545654297,-62.95891189575195,-240.03662109375,-38.63169860839844,-223.831787109375,5.735993928909302,5.738656997680664
38,12.095,76,7,143.1173095703125,-223.9215545654297,-62.95891189575195,-240.03662109375,-48.19947052001953,-223.6148223876953,5.748842697143555,5.848932266235352
39,12.41,80,7,143.1173095703125,-223.9215545654297,-62.44812774658203,-239.82815551757812,-26.247114181518555,-226.90887451171875,5.7415745735168455,5.702254295349121
40,12.723,80,7,143.1173095703125,-223.9215545654297,-62.44812774658203,-239.82815551757812,-33.89518737792969,-222.59518432617188,5.73974196434021,5.862314701080322
41,13.044,84,7,143.1173095703125,-223.9215545654297,-61.36668014526367,-239.52587890625,172.75062561035156,-228.7149658203125,5.733647184371948,5.725468635559082
42,13.352,84,7,143.1173095703125,-223.9215545654297,-61.36668014526367,-239.52587890625,162.73118591308594,-229.88343811035156,5.739105186462402,5.685879707336426
43,13.692,88,7,143.1173095703125,-223.9215545654297,-59.46389389038086,-239.36431884765625,-2.455902099609375,-224.53775024414062,5.749052467346192,5.601978778839111
44,14.001,88,7,143.1173095703125,-223.9215545654297,-59.46389389038086,-239.36431884765625,-50.913299560546875,-223.7681884765625,5.725951118469238,5.653158187866211
45,14.311,92,7,143.1173095703125,-223.9215545654297,-62.27414321899414,-238.8751983642578,-24.2028751373291,-223.8997344970703,5.719816026687622,5.830013751983643
46,14.619,92,7,143.1173095703125,-223.9215545654297,-62.27414321899414,-238.8751983642578,-18.79461669921875,-227.29934692382812,5.7459401512146,5.812501907348633
47,14.944,96,7,143.1173095703125,-223.9215545654297,-60.97005081176758,-238.7190704345703,-49.257293701171875,-223.42364501953125,5.723124895095825,5.716281890869141
48,15.254,96,7,143.1173095703125,-223.9215545654297,-60.97005081176758,-238.7190704345703,159.64657592773438,-230.39981079101562,5.730177440643311,5.737955093383789
49,15.575,100,7,143.1173095703125,-223.9215545654297,-61.46488952636719,-238.40032958984375,-3.3404693603515625,-227.23031616210938,5.7312538433074955,5.80966854095459
50,15.886,100,7,143.1173095703125,-223.9215545654297,-61.46488952636719,-238.40032958984375,148.48013305664062,-230.23468017578125,5.72162202835083,5.685321807861328
51,16.209,104,4,143.1173095703125,-220.19642639160156,-61.206260681152344,-237.84878540039062,146.41854858398438,-229.9842071533203,5.721883354187011,5.759690761566162
52,16.518,104,4,143.1173095703125,-220.19642639160156,-61.206260681152344,-237.84878540039062,21.116418838500977,-226.73435974121094,5.696396512985229,5.601035118103027
53,16.842,108,4,143.1173095703125,-220.19642639160156,-62.27036666870117,-237.65447998046875,-17.229434967041016,-219.8473663330078,5.714725961685181,5.8459672927856445
54,17.174,108,4,143.1173095703125,-220.19642639160156,-62.27036666870117,-237.65447998046875,-17.371112823486328,-220.02243041992188,5.704291973114014,5.759085178375244
55,17.584,112,4,143.1173095703125,-220.19642639160156,-61.337501525878906,-237.4058837890625,-21.078781127929688,-219.23956298828125,5.721666603088379,5.674804210662842
56,17.895,112,4,143.1173095703125,-220.19642639160156,-61.337501525878906,-237.4058837890625,-11.120575904846191,-219.9626922607422,5.7070801639556885,5.615015029907227
57,18.217,116,4,143.1173095703125,-220.19642639160156,-62.199893951416016,-237.21994018554688,167.315673828125,-229.5001678466797,5.699020185470581,5.745377540588379
58,18.524,116,4,143.1173095703125,-220.19642639160156,-62.199893951416016,-237.21994018554688,-16.750947952270508,-218.171630859375,5.709446420669556,5.741446018218994
59,18.838,120,4,143.1173095703125,-220.19642639160156,-61.26294708251953,-237.15501403808594,22.155803680419922,-227.7638397216797,5.693771533966064,5.732410430908203
60,19.152,120,4,143.1173095703125,-220.19642639160156,-61.26294708251953,-237.15501403808594,-10.570565223693848,-219.21115112304688,5.706765384674072,5.693873405456543
61,19.469,124,4,143.1173095703125,-220.19642639160156,-63.35746383666992,-237.22378540039062,12.669726371765137,-226.88729858398438,5.708488721847534,5.711870193481445
62,19.78,124,4,143.1173095703125,-220.19642639160156,-63.35746383666992,-237.22378540039062,-1.6064954996109009,-218.7972412109375,5.68033504486084,5.71552848815918
63,20.096,128,4,143.1173095703125,-220.19642639160156,-62.829689025878906,-237.06356811523438,18.992856979370117,-226.5244140625,5.691716794967651,5.675286293029785
64,20.407,128,4,143.1173095703125,-220.19642639160156,-62.829689025878906,-237.06356811523438,144.7593536376953,-229.6290740966797,5.704029626846314,5.787425994873047
65,20.743,132,6,143.1173095703125,-218.1295166015625,-63.5989875793457,-236.6898651123047,-14.503228187561035,-218.4832763671875,5.704258823394776,5.772099494934082
66,21.07,132,6,143.1173095703125,-218.1295166015625,-63.5989875793457,-236.6898651123047,144.6165008544922,-229.30819702148438,5.700904779434204,5.670978546142578
67,21.393,136,5,143.1173095703125,-218.1295166015625,-62.38387680053711,-236.44345092773438,-74.18426513671875,-217.75933837890625,5.694493255615234,5.653810501098633
68,21.717,136,5,143.1173095703125,-218.1295166015625,-62.38387680053711,-236.44345092773438,-67.12255096435547,-217.8845672607422,5.677440195083618,5.767820835113525
69,22.049,140,5,143.1173095703125,-218.1295166015625,-61.840702056884766,-236.137939453125,146.7794647216797,-228.70103454589844,5.694870643615722,5.762563705444336
70,22.4,140,5,143.1173095703125,-218.1295166015625,-61.840702056884766,-236.137939453125,143.43785095214844,-229.21202087402344,5.6786893939971925,5.744194984436035
71,22.738,144,5,143.1173095703125,-218.1295166015625,-62.0751953125,-235.82676696777344,-1.0386625528335571,-221.54180908203125,5.703006181716919,5.821275234222412
72,23.096,144,5,143.1173095703125,-218.1295166015625,-62.0751953125,-235.82676696777344,-11.691003799438477,-222.42662048339844,5.678626136779785,5.718075752258301
73,23.501,148,5,143.1173095703125,-218.1295166015625,-59.94504928588867,-235.7685089111328,171.5225067138672,-229.4603729248047,5.684752702713013,5.681270599365234
74,23.862,148,5,143.1173095703125,-218.1295166015625,-59.94504928588867,-235.7685089111328,179.48141479492188,-229.76675415039062,5.686495409011841,5.6742448806762695
75,24.195,152,5,143.1173095703125,-218.1295166015625,-61.101741790771484,-235.73114013671875,158.841796875,-230.1294708251953,5.69494812965393,5.5481038093566895
76,24.513,152,5,143.1173095703125,-218.1295166015625,-61.101741790771484,-235.73114013671875,-68.79322814941406,-217.51280212402344,5.706973495483399,5.761537551879883
77,24.974,156,6,143.1173095703125,-218.1295166015625,-61.4208984375,-235.5096435546875,75.34380340576172,-226.45901489257812,5.688157119750977,5.818514823913574
78,25.34,156,6,143.1173095703125,-218.1295166015625,-61.4208984375,-235.5096435546875,-54.18839645385742,-217.64329528808594,5.662547388076782,5.699239730834961
79,25.657,160,6,143.1173095703125,-218.1295166015625,-60.6608772277832,-235.3928680419922,1.775369644165039,-221.45169067382812,5.697912483215332,5.749654769897461
80,25.978,160,6,143.1173095703125,-218.1295166015625,-60.6608772277832,-235.3928680419922,-79.39319610595703,-217.92898559570312,5.662174844741822,5.616840839385986
81,26.299,164,6,143.1173095703125,-218.1295166015625,-60.72420883178711,-235.2716064453125,18.2244930267334,-215.5888671875,5.6878814601898195,5.664273262023926
82,26.609,164,6,143.1173095703125,-218.1295166015625,-60.72420883178711,-235.2716064453125,156.77169799804688,-229.44696044921875,5.688366556167603,5.6956586837768555
83,26.929,168,6,143.1173095703125,-218.1295166015625,-61.5594482421875,-235.0464630126953,13.602862358093262,-224.61349487304688,5.705395050048828,5.782256603240967
84,27.255,168,6,143.1173095703125,-218.1295166015625,-61.5594482421875,-235.0464630126953,148.7064971923828,-229.47067260742188,5.677000122070313,5.689082622528076
85,27.574,172,5,143.1173095703125,-218.1295166015625,-61.47837448120117,-234.7953338623047,-69.6005859375,-216.68734741210938,5.661614608764649,5.5999436378479
86,27.886,172,5,143.1173095703125,-218.1295166015625,-61.47837448120117,-234.7953338623047,28.191486358642578,-221.65789794921875,5.667893228530883,5.65179443359375
87,28.204,176,5,143.1173095703125,-218.1295166015625,-62.939453125,-234.83895874023438,74.3294677734375,-225.32432556152344,5.690006408691406,5.637451171875
88,28.517,176,5,143.1173095703125,-218.1295166015625,-62.939453125,-234.83895874023438,-64.87847900390625,-216.8209991455078,5.651877946853638,5.708148002624512
89,28.842,180,5,143.1173095703125,-218.1295166015625,-60.86308670043945,-234.83006286621094,173.77999877929688,-228.6940155029297,5.6787466621398925,5.745537757873535
90,29.153,180,5,143.1173095703125,-218.1295166015625,-60.86308670043945,-234.83006286621094,154.7974853515625,-229.67138671875,5.6703940105438235,5.556571006774902
91,29.472,184,5,143.1173095703125,-218.1295166015625,-62.723304748535156,-234.6991729736328,15.665204048156738,-221.50662231445312,5.674635372161865,5.776037216186523
92,29.795,184,5,143.1173095703125,-218.1295166015625,-62.723304748535156,-234.6991729736328,-71.9599380493164,-216.06809997558594,5.673955984115601,5.634798526763916
93,30.115,188,5,143.1173095703125,-218.1295166015625,-63.736122131347656,-234.58888244628906,99.71955871582031,-225.50262451171875,5.687757425308227,5.607665538787842
94,30.428,188,5,143.1173095703125,-218.1295166015625,-63.736122131347656,-234.58888244628906,-15.437191009521484,-219.0716094970703,5.656587562561035,5.671992301940918
95,30.749,192,5,143.1173095703125,-218.1295166015625,-63.495365142822266,-234.455322265625,-18.272329330444336,-219.16700744628906,5.666455316543579,5.761665344238281
96,31.091,192,5,143.1173095703125,-218.1295166015625,-63.495365142822266,-234.455322265625,149.42990112304688,-229.6429901123047,5.688678884506226,5.763339042663574
97,31.459,196,5,143.1173095703125,-218.1295166015625,-63.989906311035156,-234.31130981445312,164.1696319580078,-230.21755981445312,5.6671858978271485,5.654331207275391
98,31.783,196,5,143.1173095703125,-218.1295166015625,-63.989906311035156,-234.31130981445312,180.28939819335938,-230.48960876464844,5.671888284683227,5.647724628448486
99,32.1,200,5,143.1173095703125,-218.1295166015625,-64.12238311767578,-234.0880126953125,-59.632991790771484,-217.88006591796875,5.66830732345581,5.665336608886719
100,32.411,200,5,143.1173095703125,-218.1295166015625,-64.12238311767578,-234.0880126953125,0.8229899406433105,-220.00624084472656,5.672523040771484,5.771126747131348
101,32.742,200,5,143.1173095703125,-218.1295166015625,-63.91401672363281,-232.44195556640625,-74.87309265136719,-216.3619384765625,5.633984861373901,5.581488609313965
102,33.054,200,5,143.1173095703125,-218.1295166015625,-63.91401672363281,-232.44195556640625,-3.561152696609497,-219.9503936767578,5.643565864562988,5.563534736633301
103,33.388,200,5,143.1173095703125,-218.1295166015625,-64.6808853149414,-232.3836669921875,-17.62765121459961,-219.99607849121094,5.668540420532227,5.687046051025391
104,33.753,200,5,143.1173095703125,-218.1295166015625,-64.6808853149414,-232.3836669921875,16.920238494873047,-219.4568634033203,5.647117347717285,5.67987585067749
105,34.078,200,6,143.1173095703125,-218.1295166015625,-63.80339813232422,-232.07769775390625,-66.26300048828125,-216.1788787841797,5.633306961059571,5.677265167236328
106,34.387,200,6,143.1173095703125,-218.1295166015625,-63.80339813232422,-232.07769775390625,-79.6136703491211,-217.97132873535156,5.649662933349609,5.578792572021484
107,34.708,200,6,143.1173095703125,-218.1295166015625,-64.2839584350586,-231.8662872314453,-84.07235717773438,-218.02407836914062,5.62378529548645,5.685459136962891
108,35.024,200,6,143.1173095703125,-218.1295166015625,-64.2839584350586,-231.8662872314453,144.6673126220703,-230.0477752685547,5.604667882919312,5.526632785797119
109,35.349,200,6,143.1173095703125,-218.1295166015625,-65.33444213867188,-231.55836486816406,144.39071655273438,-230.0186767578125,5.63274510383606,5.498671531677246
110,35.659,200,6,143.1173095703125,-218.1295166015625,-65.33444213867188,-231.55836486816406,156.90634155273438,-230.26492309570312,5.643133239746094,5.589046478271484
111,35.983,200,7,143.1173095703125,-216.42678833007812,-68.39275360107422,-231.25848388671875,29.615510940551758,-220.11782836914062,5.611616697311401,5.551495552062988
112,36.296,200,7,143.1173095703125,-216.42678833007812,-68.39275360107422,-231.25848388671875,63.62569808959961,-226.47525024414062,5.626463661193847,5.6309661865234375
113,36.618,200,7,143.1173095703125,-216.42678833007812,-68.8529281616211,-230.9512176513672,74.95954895019531,-224.445556640625,5.62048342704773,5.543743133544922
114,36.935,200,7,143.1173095703125,-216.42678833007812,-68.8529281616211,-230.9512176513672,154.53903198242188,-228.16439819335938,5.637931385040283,5.788109302520752
115,37.255,200,7,143.1173095703125,-216.42678833007812,-68.89266967773438,-230.79107666015625,91.86485290527344,-226.1444854736328,5.620230569839477,5.530350685119629
116,37.591,200,7,143.1173095703125,-216.42678833007812,-68.89266967773438,-230.79107666015625,-128.5998077392578,-214.89170837402344,5.605468873977661,5.563998699188232
117,37.985,200,8,143.1173095703125,-216.42678833007812,-70.1575698852539,-230.4237823486328,-120.97266387939453,-216.27330017089844,5.605629348754883,5.548288345336914
118,38.304,200,8,143.1173095703125,-216.42678833007812,-70.1575698852539,-230.4237823486328,-166.9104461669922,-215.1500701904297,5.602878227233886,5.638248443603516
119,38.623,200,8,143.1173095703125,-216.42678833007812,-70.2594223022461,-230.23597717285156,80.15805053710938,-223.73289489746094,5.602754812240601,5.703114986419678
120,38.938,200,8,143.1173095703125,-216.42678833007812,-70.2594223022461,-230.23597717285156,56.467586517333984,-223.1802215576172,5.620024242401123,5.682614326477051
121,39.26,200,8,143.1173095703125,-216.42678833007812,-70.99781799316406,-230.03956604003906,0.5939977765083313,-218.24160766601562,5.61281641960144,5.735790252685547
122,39.593,200,8,143.1173095703125,-216.42678833007812,-70.99781799316406,-230.03956604003906,146.5765380859375,-229.72409057617188,5.601066017150879,5.674283981323242
123,39.917,200,8,143.1173095703125,-216.42678833007812,-69.03691864013672,-229.64398193359375,182.55197143554688,-229.7153778076172,5.6039089107513425,5.533336162567139
124,40.228,200,8,143.1173095703125,-216.42678833007812,-69.03691864013672,-229.64398193359375,-99.93767547607422,-216.83953857421875,5.621030445098877,5.522458553314209
125,40.545,200,9,143.1173095703125,-216.42678833007812,-68.42375183105469,-229.2520294189453,87.62521362304688,-226.87545776367188,5.60732063293457,5.807450294494629
126,40.856,200,9,143.1173095703125,-216.42678833007812,-68.42375183105469,-229.2520294189453,34.76764678955078,-219.650390625,5.606044225692749,5.512594699859619
127,41.29,200,9,143.1173095703125,-216.42678833007812,-67.51286315917969,-229.17723083496094,-78.13800811767578,-218.96856689453125,5.607025947570801,5.579164028167725
128,41.641,200,9,143.1173095703125,-216.42678833007812,-67.51286315917969,-229.17723083496094,-150.3974609375,-216.08541870117188,5.602848110198974,5.693785667419434
129,41.968,200,9,143.1173095703125,-216.42678833007812,-69.57919311523438,-228.94386291503906,36.59857177734375,-222.44677734375,5.597711811065674,5.56356954574585
130,42.288,200,9,143.1173095703125,-216.42678833007812,-69.57919311523438,-228.94386291503906,143.75830078125,-227.3069305419922,5.59313928604126,5.5550031661987305
131,42.614,200,10,143.1173095703125,-216.42678833007812,-70.52310180664062,-228.69810485839844,-140.64341735839844,-216.39517211914062,5.612206649780274,5.698026657104492
132,42.929,200,10,143.1173095703125,-216.42678833007812,-70.52310180664062,-228.69810485839844,66.950439453125,-225.62252807617188,5.592102088928223,5.472072124481201
133,43.248,200,4,98.72160339355469,-211.11264038085938,-71.63805389404297,-228.3760986328125,-129.17477416992188,-214.81918334960938,5.580590724945068,5.588846683502197
134,43.564,200,4,98.72160339355469,-211.11264038085938,-71.63805389404297,-228.3760986328125,116.64395141601562,-217.71372985839844,5.588475971221924,5.570062637329102
135,43.892,200,4,98.72160339355469,-211.11264038085938,-71.73591613769531,-227.88499450683594,17.708894729614258,-217.61207580566406,5.59299859046936,5.499499797821045
136,44.203,200,4,98.72160339355469,-211.11264038085938,-71.73591613769531,-227.88499450683594,-105.08712005615234,-209.6803436279297,5.591076650619507,5.440271377563477
137,44.524,200,4,98.72160339355469,-211.11264038085938,-73.29119873046875,-227.58651733398438,-34.26087951660156,-215.09071350097656,5.607172164916992,5.686689853668213
138,44.844,200,4,98.72160339355469,-211.11264038085938,-73.29119873046875,-227.58651733398438,115.59494018554688,-217.57296752929688,5.5789003086090085,5.508332252502441
139,45.172,200,4,98.72160339355469,-211.11264038085938,-72.77144622802734,-227.34332275390625,126.6703872680664,-217.47787475585938,5.582060031890869,5.639233589172363
140,45.484,200,4,98.72160339355469,-211.11264038085938,-72.77144622802734,-227.34332275390625,127.79907989501953,-217.84182739257812,5.588478946685791,5.58683967590332
141,45.806,200,5,98.72160339355469,-211.11264038085938,-73.81254577636719,-227.03411865234375,9.662915229797363,-217.30783081054688,5.576169500350952,5.68107795715332
142,46.121,200,5,98.72160339355469,-211.11264038085938,-73.81254577636719,-227.03411865234375,109.38822174072266,-217.47930908203125,5.572380180358887,5.499189853668213
143,46.452,200,5,98.72160339355469,-211.11264038085938,-75.6905288696289,-226.70668029785156,104.40524291992188,-216.7329864501953,5.586062450408935,5.523848533630371
144,46.765,200,5,98.72160339355469,-211.11264038085938,-75.6905288696289,-226.70668029785156,-104.58625793457031,-212.94769287109375,5.5615948295593265,5.5064849853515625
145,47.084,200,3,98.72160339355469,-210.12171936035156,-74.1898422241211,-226.42747497558594,-0.0007081028888933361,-213.01473999023438,5.579468364715576,5.603760242462158
146,47.394,200,3,98.72160339355469,-210.12171936035156,-74.1898422241211,-226.42747497558594,9.416144371032715,-217.5138397216797,5.570233411788941,5.69965124130249
147,47.72,200,3,98.72160339355469,-210.12171936035156,-75.76763153076172,-226.01107788085938,-28.267459869384766,-209.69223022460938,5.550712051391602,5.589147567749023
148,48.168,200,3,98.72160339355469,-210.12171936035156,-75.76763153076172,-226.01107788085938,-8.931808471679688,-217.14341735839844,5.57972264289856,5.641444206237793
149,48.534,200,4,98.72160339355469,-206.1117706298828,-75.50424194335938,-225.61163330078125,-13.044902801513672,-209.12550354003906,5.537921323776245,5.552159786224365
150,48.869,200,4,98.72160339355469,-206.1117706298828,-75.50424194335938,-225.61163330078125,128.21763610839844,-217.5451202392578,5.563114271163941,5.64287805557251
151,49.195,200,4,98.72160339355469,-206.1117706298828,-76.1628189086914,-225.57371520996094,121.01441955566406,-217.09490966796875,5.562225284576416,5.460666656494141
152,49.517,200,4,98.72160339355469,-206.1117706298828,-76.1628189086914,-225.57371520996094,-69.23894500732422,-204.144287109375,5.557507476806641,5.617826461791992
153,49.839,200,4,98.72160339355469,-206.1117706298828,-76.0999755859375,-225.36505126953125,10.938129425048828,-210.2021026611328,5.551920175552368,5.509780406951904
154,50.155,200,4,98.72160339355469,-206.1117706298828,-76.0999755859375,-225.36505126953125,46.01129150390625,-210.3095703125,5.54714898109436,5.686439514160156
155,50.483,200,4,98.72160339355469,-206.1117706298828,-76.6756591796875,-224.96612548828125,-85.2861328125,-204.33851623535156,5.527286148071289,5.595041275024414
156,50.797,200,4,98.72160339355469,-206.1117706298828,-76.6756591796875,-224.96612548828125,111.15629577636719,-216.74578857421875,5.562945966720581,5.553876876831055
157,51.117,200,4,98.72160339355469,-206.1117706298828,-77.07575988769531,-224.6835479736328,-4.119632244110107,-209.29727172851562,5.524923791885376,5.597546577453613
158,51.427,200,4,98.72160339355469,-206.1117706298828,-77.07575988769531,-224.6835479736328,122.18692016601562,-217.0004119873047,5.537861089706421,5.790218830108643
159,51.75,200,4,98.72160339355469,-206.1117706298828,-78.6504898071289,-224.34799194335938,30.41087532043457,-209.98291015625,5.552356472015381,5.514301300048828
160,52.064,200,4,98.72160339355469,-206.1117706298828,-78.6504898071289,-224.34799194335938,-27.245899200439453,-209.8342742919922,5.537958240509033,5.692431926727295
161,52.389,200,5,98.72160339355469,-206.1117706298828,-76.0845947265625,-223.82029724121094,-74.59260559082031,-206.04176330566406,5.539388160705567,5.562076568603516
162,52.7,200,5,98.72160339355469,-206.1117706298828,-76.0845947265625,-223.82029724121094,106.78411102294922,-215.34532165527344,5.522956981658935,5.473057746887207
163,53.017,200,5,98.72160339355469,-206.1117706298828,-77.5208969116211,-223.53074645996094,100.17173767089844,-215.62997436523438,5.513067674636841,5.579250812530518
164,53.334,200,5,98.72160339355469,-206.1117706298828,-77.5208969116211,-223.53074645996094,-3.239607810974121,-209.7535858154297,5.545270881652832,5.426641464233398
165,53.653,200,5,98.72160339355469,-206.1117706298828,-78.52252197265625,-223.30288696289062,114.9294662475586,-217.4058074951172,5.526723642349243,5.630937576293945
166,53.965,200,5,98.72160339355469,-206.1117706298828,-78.52252197265625,-223.30288696289062,112.59417724609375,-217.33670043945312,5.526301040649414,5.499731063842773
167,54.288,200,6,98.72160339355469,-206.1117706298828,-79.04313659667969,-222.93589782714844,-81.24042510986328,-205.39158630371094,5.515660238265991,5.426212310791016
168,54.599,200,6,98.72160339355469,-206.1117706298828,-79.04313659667969,-222.93589782714844,110.9858169555664,-215.5264892578125,5.52823260307312,5.615890979766846
169,54.924,200,6,98.72160339355469,-206.1117706298828,-80.01258087158203,-222.65750122070312,-79.27098846435547,-204.9460906982422,5.504611644744873,5.400523662567139
170,55.389,200,6,98.72160339355469,-206.1117706298828,-80.01258087158203,-222.65750122070312,-88.40242004394531,-206.0834503173828,5.512323713302612,5.5622124671936035
171,55.767,200,6,98.72160339355469,-206.1117706298828,-80.5457534790039,-222.40086364746094,-79.19413757324219,-204.67999267578125,5.5091366195678715,5.4720025062561035
172,56.081,200,6,98.72160339355469,-206.1117706298828,-80.5457534790039,-222.40086364746094,105.36629486083984,-211.5325469970703,5.51476484298706,5.469173431396484
173,56.408,200,6,98.72160339355469,-206.1117706298828,-82.25959014892578,-222.1385498046875,110.65672302246094,-215.5850067138672,5.499004440307617,5.45024299621582
174,56.721,200,6,98.72160339355469,-206.1117706298828,-82.25959014892578,-222.1385498046875,92.4991683959961,-210.98760986328125,5.47903154373169,5.3733038902282715
175,57.039,200,6,98.72160339355469,-206.1117706298828,-82.03312683105469,-221.8048858642578,92.42163848876953,-210.09461975097656,5.484283514022827,5.438697814941406
176,57.351,200,6,98.72160339355469,-206.1117706298828,-82.03312683105469,-221.8048858642578,108.3493423461914,-216.19215393066406,5.493248586654663,5.46185302734375
177,57.671,200,6,98.72160339355469,-206.1117706298828,-82.00389862060547,-221.5643310546875,17.319021224975586,-210.3603973388672,5.491342725753785,5.476527214050293
178,57.982,200,6,98.72160339355469,-206.1117706298828,-82.00389862060547,-221.5643310546875,19.223459243774414,-209.4870147705078,5.5023783016204835,5.385133266448975
179,58.325,200,6,98.72160339355469,-206.1117706298828,-84.60881042480469,-221.3306121826172,-69.79637145996094,-205.03392028808594,5.478027601242065,5.491097450256348
180,58.642,200,6,98.72160339355469,-206.1117706298828,-84.60881042480469,-221.3306121826172,94.86035919189453,-211.32357788085938,5.491286115646362,5.3945746421813965
181,58.964,200,6,98.72160339355469,-206.1117706298828,-85.88072204589844,-221.10462951660156,93.76020050048828,-210.23741149902344,5.50198600769043,5.530631065368652
182,59.276,200,6,98.72160339355469,-206.1117706298828,-85.88072204589844,-221.10462951660156,29.580106735229492,-210.4027557373047,5.499087448120117,5.523449897766113
183,59.616,200,6,98.72160339355469,-206.1117706298828,-84.94235229492188,-220.92677307128906,104.24283599853516,-216.61703491210938,5.484537096023559,5.370932579040527
184,59.933,200,6,98.72160339355469,-206.1117706298828,-84.94235229492188,-220.92677307128906,115.23246765136719,-216.7410430908203,5.490902757644653,5.515434265136719
185,60.257,200,6,98.72160339355469,-206.1117706298828,-84.05964660644531,-220.8387908935547,114.12435913085938,-211.2001953125,5.465977506637573,5.441779613494873
186,60.566,200,6,98.72160339355469,-206.1117706298828,-84.05964660644531,-220.8387908935547,-72.73804473876953,-204.72776794433594,5.487898845672607,5.582830905914307
187,60.885,200,6,98.72160339355469,-206.1117706298828,-82.15520477294922,-220.4813232421875,42.99319839477539,-209.4016876220703,5.492891788482666,5.589478969573975
188,61.201,200,6,98.72160339355469,-206.1117706298828,-82.15520477294922,-220.4813232421875,-61.52914810180664,-206.0503692626953,5.490129919052124,5.466405868530273
189,61.588,200,5,98.72160339355469,-206.1117706298828,-84.0865249633789,-220.025390625,-85.4073257446289,-203.50250244140625,5.4617901706695555,5.358457565307617
190,61.906,200,5,98.72160339355469,-206.1117706298828,-84.0865249633789,-220.025390625,100.56057739257812,-217.2253875732422,5.475459566116333,5.47615909576416
191,62.239,200,5,98.72160339355469,-206.1117706298828,-81.8226547241211,-219.90875244140625,132.9892120361328,-211.04177856445312,5.480180044174194,5.524356365203857
192,62.549,200,5,98.72160339355469,-206.1117706298828,-81.8226547241211,-219.90875244140625,-56.29263687133789,-204.7307586669922,5.472397203445435,5.4682183265686035
193,62.868,200,5,98.72160339355469,-206.1117706298828,-81.2073974609375,-219.83282470703125,112.03457641601562,-217.34481811523438,5.479502506256104,5.443418979644775
194,63.179,200,5,98.72160339355469,-206.1117706298828,-81.2073974609375,-219.83282470703125,103.99340057373047,-211.48251342773438,5.469678974151611,5.5298752784729
195,63.527,200,5,98.72160339355469,-206.1117706298828,-82.07996368408203,-219.7777862548828,88.79444885253906,-208.7124481201172,5.479071702957153,5.581882953643799
196,63.962,200,5,98.72160339355469,-206.1117706298828,-82.07996368408203,-219.7777862548828,-27.5153751373291,-208.26031494140625,5.455628786087036,5.342700958251953
197,64.292,200,5,98.72160339355469,-206.1117706298828,-82.7426528930664,-219.68896484375,108.52068328857422,-217.3861846923828,5.46088303565979,5.401839733123779
198,64.603,200,5,98.72160339355469,-206.1117706298828,-82.7426528930664,-219.68896484375,106.9759521484375,-209.21600341796875,5.487705163955688,5.503767967224121
199,64.921,200,5,98.72160339355469,-206.1117706298828,-83.53529357910156,-219.5701904296875,-16.970890045166016,-208.1646270751953,5.482848968505859,5.411421298980713
200,65.233,200,5,98.72160339355469,-206.1117706298828,-83.53529357910156,-219.5701904296875,114.46050262451172,-216.6940460205078,5.452396097183228,5.517937183380127
1,0.307,4,3,-31.876632690429688,-306.0784912109375,-53.90732192993164,-307.86029052734375,1.070033073425293,-16.317066192626953,6.563424491882325,6.5764617919921875
2,0.607,4,3,-31.876632690429688,-306.0784912109375,-53.90732192993164,-307.86029052734375,-7.433943748474121,-0.19239814579486847,6.5167612457275395,6.489020347595215
3,0.948,8,4,17.963821411132812,-223.9215545654297,-37.17341232299805,-267.1363525390625,-4.827914237976074,-6.235623359680176,6.069878253936768,5.962958812713623
4,1.249,8,4,17.963821411132812,-223.9215545654297,-37.17341232299805,-267.1363525390625,24.578889846801758,-228.11383056640625,6.042121515274048,6.090469837188721
5,1.554,12,4,17.963821411132812,-223.9215545654297,-57.22897720336914,-258.1578674316406,21.166839599609375,-228.08023071289062,5.968234996795655,5.957651138305664
6,1.851,12,4,17.963821411132812,-223.9215545654297,-57.22897720336914,-258.1578674316406,23.558774948120117,-228.091064453125,5.94575288772583,5.918234825134277
7,2.164,16,5,35.61983871459961,-223.9215545654297,-51.900978088378906,-252.77183532714844,-5.0472259521484375,-227.32699584960938,5.902962255477905,5.928100109100342
8,2.467,16,5,35.61983871459961,-223.9215545654297,-51.900978088378906,-252.77183532714844,-47.775115966796875,-222.94065856933594,5.879717531204224,5.842934608459473
9,2.774,20,6,73.75834655761719,-223.9215545654297,-51.94208908081055,-250.1439208984375,-30.348722457885742,-222.7542266845703,5.875589418411255,5.9159345626831055
10,3.072,20,6,73.75834655761719,-223.9215545654297,-51.94208908081055,-250.1439208984375,75.16012573242188,-239.3109588623047,5.866798658370971,5.96581506729126
11,3.386,24,6,73.75834655761719,-223.9215545654297,-46.16118240356445,-247.8170623779297,74.01859283447266,-239.1268768310547,5.832282037734985,5.764216423034668
12,3.693,24,6,73.75834655761719,-223.9215545654297,-46.16118240356445,-247.8170623779297,-40.662654876708984,-222.21034240722656,5.816655807495117,5.70512580871582
13,4.001,28,6,73.75834655761719,-223.9215545654297,-45.94638442993164,-246.968505859375,79.24948120117188,-239.76231384277344,5.81117600440979,5.805941581726074
14,4.302,28,6,73.75834655761719,-223.9215545654297,-45.94638442993164,-246.968505859375,-39.966522216796875,-221.44703674316406,5.806117086410523,5.788084983825684
15,4.623,32,6,73.75834655761719,-223.9215545654297,-51.84138870239258,-245.3412322998047,-38.79716873168945,-222.00418090820312,5.798608369827271,5.768335819244385
16,4.934,32,6,73.75834655761719,-223.9215545654297,-51.84138870239258,-245.3412322998047,55.1392822265625,-231.76461791992188,5.814374036788941,5.907010078430176
17,5.244,36,6,73.75834655761719,-223.9215545654297,-55.09415054321289,-244.75250244140625,82.17432403564453,-239.57827758789062,5.799568176269531,5.764911651611328
18,5.545,36,6,73.75834655761719,-223.9215545654297,-55.09415054321289,-244.75250244140625,69.11022186279297,-231.60780334472656,5.784067144393921,5.736761569976807
19,5.853,40,7,73.75834655761719,-223.9215545654297,-51.4263801574707,-243.7312774658203,24.21088409423828,-225.60887145996094,5.800979728698731,5.758954048156738
20,6.164,40,7,73.75834655761719,-223.9215545654297,-51.4263801574707,-243.7312774658203,-20.909366607666016,-224.40956115722656,5.782073650360108,5.759500026702881
21,6.476,44,7,73.75834655761719,-223.9215545654297,-53.78786849975586,-242.81396484375,91.80667877197266,-238.07469177246094,5.758743209838867,5.8418660163879395
22,6.778,44,7,73.75834655761719,-223.9215545654297,-53.78786849975586,-242.81396484375,-52.15296173095703,-221.84251403808594,5.775400466918946,5.809504508972168
23,7.087,48,7,73.75834655761719,-223.9215545654297,-60.94868087768555,-242.9927520751953,18.871511459350586,-227.09927368164062,5.7701740646362305,5.826801300048828
24,7.417,48,7,73.75834655761719,-223.9215545654297,-60.94868087768555,-242.9927520751953,60.8855094909668,-230.34896850585938,5.784358491897583,5.659666538238525
25,7.727,52,7,73.75834655761719,-223.9215545654297,-64.18310546875,-242.87725830078125,76.42271423339844,-238.04957580566406,5.789094295501709,5.790102958679199
26,8.028,52,7,73.75834655761719,-223.9215545654297,-64.18310546875,-242.87725830078125,8.7236909866333,-226.77252197265625,5.767009935379028,5.820743083953857
27,8.428,56,9,73.75834655761719,-223.9215545654297,-64.79637908935547,-241.79527282714844,-38.46475601196289,-223.59849548339844,5.775491256713867,5.8424482345581055
28,8.744,56,9,73.75834655761719,-223.9215545654297,-64.79637908935547,-241.79527282714844,-53.05949401855469,-221.4886474609375,5.7587683963775635,5.690356254577637
29,9.055,60,9,73.75834655761719,-223.9215545654297,-63.40800857543945,-241.32345581054688,-18.980741500854492,-226.02593994140625,5.730134887695312,5.712092876434326
30,9.358,60,9,73.75834655761719,-223.9215545654297,-63.40800857543945,-241.32345581054688,30.102087020874023,-227.8489227294922,5.754832229614258,5.786506652832031
31,9.671,64,9,73.75834655761719,-223.9215545654297,-67.66724395751953,-240.71945190429688,-31.215192794799805,-223.91595458984375,5.732329711914063,5.745221138000488
32,9.982,64,9,73.75834655761719,-223.9215545654297,-67.66724395751953,-240.71945190429688,21.827835083007812,-226.95367431640625,5.741069240570068,5.779669284820557
33,10.294,68,7,143.1173095703125,-223.9215545654297,-63.220726013183594,-240.20849609375,-47.069244384765625,-221.2637939453125,5.725903491973877,5.737104415893555
34,10.598,68,7,143.1173095703125,-223.9215545654297,-63.220726013183594,-240.20849609375,150.94439697265625,-230.0576171875,5.729861621856689,5.648714065551758
35,10.908,72,7,143.1173095703125,-223.9215545654297,-65.49191284179688,-240.36363220214844,21.27509880065918,-227.8787841796875,5.737324657440186,5.694118499755859
36,11.219,72,7,143.1173095703125,-223.9215545654297,-65.49191284179688,-240.36363220214844,-52.770843505859375,-223.61465454101562,5.745040826797485,5.714667320251465
37,11.533,76,7,143.1173095703125,-223.9215545654297,-62.95891189575195,-240.03662109375,-38.63169860839844,-223.831787109375,5.735993928909302,5.738656997680664
38,11.835,76,7,143.1173095703125,-223.9215545654297,-62.95891189575195,-240.03662109375,-48.19947052001953,-223.6148223876953,5.748842697143555,5.848932266235352
39,12.145,80,7,143.1173095703125,-223.9215545654297,-62.44812774658203,-239.82815551757812,-26.247114181518555,-226.90887451171875,5.7415745735168455,5.702254295349121
40,12.46,80,7,143.1173095703125,-223.9215545654297,-62.44812774658203,-239.82815551757812,-33.89518737792969,-222.59518432617188,5.73974196434021,5.862314701080322
41,12.775,84,7,143.1173095703125,-223.9215545654297,-61.36668014526367,-239.52587890625,172.75062561035156,-228.7149658203125,5.733647184371948,5.725468635559082
42,13.079,84,7,143.1173095703125,-223.9215545654297,-61.36668014526367,-239.52587890625,162.73118591308594,-229.88343811035156,5.739105186462402,5.685879707336426
43,13.39,88,7,143.1173095703125,-223.9215545654297,-59.46389389038086,-239.36431884765625,-2.455902099609375,-224.53775024414062,5.749052467346192,5.601978778839111
44,13.695,88,7,143.1173095703125,-223.9215545654297,-59.46389389038086,-239.36431884765625,-50.913299560546875,-223.7681884765625,5.725951118469238,5.653158187866211
45,14.015,92,7,143.1173095703125,-223.9215545654297,-62.27414321899414,-238.8751983642578,-24.2028751373291,-223.8997344970703,5.719816026687622,5.830013751983643
46,14.319,92,7,143.1173095703125,-223.9215545654297,-62.27414321899414,-238.8751983642578,-18.79461669921875,-227.29934692382812,5.7459401512146,5.812501907348633
47,14.632,96,7,143.1173095703125,-223.9215545654297,-60.97005081176758,-238.7190704345703,-49.257293701171875,-223.42364501953125,5.723124895095825,5.716281890869141
48,14.936,96,7,143.1173095703125,-223.9215545654297,-60.97005081176758,-238.7190704345703,159.64657592773438,-230.39981079101562,5.730177440643311,5.737955093383789
49,15.26,100,7,143.1173095703125,-223.9215545654297,-61.46488952636719,-238.40032958984375,-3.3404693603515625,-227.23031616210938,5.7312538433074955,5.80966854095459
50,15.567,100,7,143.1173095703125,-223.9215545654297,-61.46488952636719,-238.40032958984375,148.48013305664062,-230.23468017578125,5.72162202835083,5.685321807861328
51,15.897,104,4,143.1173095703125,-220.19642639160156,-61.206260681152344,-237.84878540039062,146.41854858398438,-229.9842071533203,5.721883354187011,5.759690761566162
52,16.336,104,4,143.1173095703125,-220.19642639160156,-61.206260681152344,-237.84878540039062,21.116418838500977,-226.73435974121094,5.696396512985229,5.601035118103027
53,16.717,108,4,143.1173095703125,-220.19642639160156,-62.27036666870117,-237.65447998046875,-17.229434967041016,-219.8473663330078,5.714725961685181,5.8459672927856445
54,17.031,108,4,143.1173095703125,-220.19642639160156,-62.27036666870117,-237.65447998046875,-17.371112823486328,-220.02243041992188,5.704291973114014,5.759085178375244
55,17.405,112,4,143.1173095703125,-220.19642639160156,-61.337501525878906,-237.4058837890625,-21.078781127929688,-219.23956298828125,5.721666603088379,5.674804210662842
56,17.71,112,4,143.1173095703125,-220.19642639160156,-61.337501525878906,-237.4058837890625,-11.120575904846191,-219.9626922607422,5.7070801639556885,5.615015029907227
57,18.034,116,4,143.1173095703125,-220.19642639160156,-62.199893951416016,-237.21994018554688,167.315673828125,-229.5001678466797,5.699020185470581,5.745377540588379
58,18.339,116,4,143.1173095703125,-220.19642639160156,-62.199893951416016,-237.21994018554688,-16.750947952270508,-218.171630859375,5.709446420669556,5.741446018218994
59,18.654,120,4,143.1173095703125,-220.19642639160156,-61.26294708251953,-237.15501403808594,22.155803680419922,-227.7638397216797,5.693771533966064,5.732410430908203
60,18.957,120,4,143.1173095703125,-220.19642639160156,-61.26294708251953,-237.15501403808594,-10.570565223693848,-219.21115112304688,5.706765384674072,5.693873405456543
61,19.294,124,4,143.1173095703125,-220.19642639160156,-63.35746383666992,-237.22378540039062,12.669726371765137,-226.88729858398438,5.708488721847534,5.711870193481445
62,19.6,124,4,143.1173095703125,-220.19642639160156,-63.35746383666992,-237.22378540039062,-1.6064954996109009,-218.7972412109375,5.68033504486084,5.71552848815918
63,19.913,128,4,143.1173095703125,-220.19642639160156,-62.829689025878906,-237.06356811523438,18.992856979370117,-226.5244140625,5.691716794967651,5.675286293029785
64,20.219,128,4,143.1173095703125,-220.19642639160156,-62.829689025878906,-237.06356811523438,144.7593536376953,-229.6290740966797,5.704029626846314,5.787425994873047
65,20.539,132,6,143.1173095703125,-218.1295166015625,-63.5989875793457,-236.6898651123047,-14.503228187561035,-218.4832763671875,5.704258823394776,5.772099494934082
66,20.847,132,6,143.1173095703125,-218.1295166015625,-63.5989875793457,-236.6898651123047,144.6165008544922,-229.30819702148438,5.700904779434204,5.670978546142578
67,21.16,136,5,143.1173095703125,-218.1295166015625,-62.38387680053711,-236.44345092773438,-74.18426513671875,-217.75933837890625,5.694493255615234,5.653810501098633
68,21.466,136,5,143.1173095703125,-218.1295166015625,-62.38387680053711,-236.44345092773438,-67.12255096435547,-217.8845672607422,5.677440195083618,5.767820835113525
69,21.783,140,5,143.1173095703125,-218.1295166015625,-61.840702056884766,-236.137939453125,146.7794647216797,-228.70103454589844,5.694870643615722,5.762563705444336
70,22.089,140,5,143.1173095703125,-218.1295166015625,-61.840702056884766,-236.137939453125,143.43785095214844,-229.21202087402344,5.6786893939971925,5.744194984436035
71,22.405,144,5,143.1173095703125,-218.1295166015625,-62.0751953125,-235.82676696777344,-1.0386625528335571,-221.54180908203125,5.703006181716919,5.821275234222412
72,22.706,144,5,143.1173095703125,-218.1295166015625,-62.0751953125,-235.82676696777344,-11.691003799438477,-222.42662048339844,5.678626136779785,5.718075752258301
73,23.025,148,5,143.1173095703125,-218.1295166015625,-59.94504928588867,-235.7685089111328,171.5225067138672,-229.4603729248047,5.684752702713013,5.681270599365234
74,23.333,148,5,143.1173095703125,-218.1295166015625,-59.94504928588867,-235.7685089111328,179.48141479492188,-229.76675415039062,5.686495409011841,5.6742448806762695
75,23.647,152,5,143.1173095703125,-218.1295166015625,-61.101741790771484,-235.73114013671875,158.841796875,-230.1294708251953,5.69494812965393,5.5481038093566895
76,23.953,152,5,143.1173095703125,-218.1295166015625,-61.101741790771484,-235.73114013671875,-68.79322814941406,-217.51280212402344,5.706973495483399,5.761537551879883
77,24.411,156,6,143.1173095703125,-218.1295166015625,-61.4208984375,-235.5096435546875,75.34380340576172,-226.45901489257812,5.688157119750977,5.818514823913574
78,24.728,156,6,143.1173095703125,-218.1295166015625,-61.4208984375,-235.5096435546875,-54.18839645385742,-217.64329528808594,5.662547388076782,5.699239730834961
79,25.049,160,6,143.1173095703125,-218.1295166015625,-60.6608772277832,-235.3928680419922,1.775369644165039,-221.45169067382812,5.697912483215332,5.749654769897461
80,25.351,160,6,143.1173095703125,-218.1295166015625,-60.6608772277832,-235.3928680419922,-79.39319610595703,-217.92898559570312,5.662174844741822,5.616840839385986
81,25.682,164,6,143.1173095703125,-218.1295166015625,-60.72420883178711,-235.2716064453125,18.2244930267334,-215.5888671875,5.6878814601898195,5.664273262023926
82,25.992,164,6,143.1173095703125,-218.1295166015625,-60.72420883178711,-235.2716064453125,156.77169799804688,-229.44696044921875,5.688366556167603,5.6956586837768555
83,26.306,168,6,143.1173095703125,-218.1295166015625,-61.5594482421875,-235.0464630126953,13.602862358093262,-224.61349487304688,5.705395050048828,5.782256603240967
84,26.616,168,6,143.1173095703125,-218.1295166015625,-61.5594482421875,-235.0464630126953,148.7064971923828,-229.47067260742188,5.677000122070313,5.689082622528076
85,26.935,172,5,143.1173095703125,-218.1295166015625,-61.47837448120117,-234.7953338623047,-69.6005859375,-216.68734741210938,5.661614608764649,5.5999436378479
86,27.245,172,5,143.1173095703125,-218.1295166015625,-61.47837448120117,-234.7953338623047,28.191486358642578,-221.65789794921875,5.667893228530883,5.65179443359375
87,27.564,176,5,143.1173095703125,-218.1295166015625,-62.939453125,-234.83895874023438,74.3294677734375,-225.32432556152344,5.690006408691406,5.637451171875
88,27.88,176,5,143.1173095703125,-218.1295166015625,-62.939453125,-234.83895874023438,-64.87847900390625,-216.8209991455078,5.651877946853638,5.708148002624512
89,28.196,180,5,143.1173095703125,-218.1295166015625,-60.86308670043945,-234.83006286621094,173.77999877929688,-228.6940155029297,5.6787466621398925,5.745537757873535
90,28.503,180,5,143.1173095703125,-218.1295166015625,-60.86308670043945,-234.83006286621094,154.7974853515625,-229.67138671875,5.6703940105438235,5.556571006774902
91,28.819,184,5,143.1173095703125,-218.1295166015625,-62.723304748535156,-234.6991729736328,15.665204048156738,-221.50662231445312,5.674635372161865,5.776037216186523
92,29.126,184,5,143.1173095703125,-218.1295166015625,-62.723304748535156,-234.6991729736328,-71.9599380493164,-216.06809997558594,5.673955984115601,5.634798526763916
93,29.472,188,5,143.1173095703125,-218.1295166015625,-63.736122131347656,-234.58888244628906,99.71955871582031,-225.50262451171875,5.687757425308227,5.607665538787842
94,29.779,188,5,143.1173095703125,-218.1295166015625,-63.736122131347656,-234.58888244628906,-15.437191009521484,-219.0716094970703,5.656587562561035,5.671992301940918
95,30.095,192,5,143.1173095703125,-218.1295166015625,-63.495365142822266,-234.455322265625,-18.272329330444336,-219.16700744628906,5.666455316543579,5.761665344238281
96,30.411,192,5,143.1173095703125,-218.1295166015625,-63.495365142822266,-234.455322265625,149.42990112304688,-229.6429901123047,5.688678884506226,5.763339042663574
97,30.73,196,5,143.1173095703125,-218.1295166015625,-63.989906311035156,-234.31130981445312,164.1696319580078,-230.21755981445312,5.6671858978271485,5.654331207275391
98,31.059,196,5,143.1173095703125,-218.1295166015625,-63.989906311035156,-234.31130981445312,180.28939819335938,-230.48960876464844,5.671888284683227,5.647724628448486
99,31.545,200,5,143.1173095703125,-218.1295166015625,-64.12238311767578,-234.0880126953125,-59.632991790771484,-217.88006591796875,5.66830732345581,5.665336608886719
100,31.879,200,5,143.1173095703125,-218.1295166015625,-64.12238311767578,-234.0880126953125,0.8229899406433105,-220.00624084472656,5.672523040771484,5.771126747131348
101,32.197,200,5,143.1173095703125,-218.1295166015625,-63.91401672363281,-232.44195556640625,-74.87309265136719,-216.3619384765625,5.633984861373901,5.581488609313965
102,32.504,200,5,143.1173095703125,-218.1295166015625,-63.91401672363281,-232.44195556640625,-3.561152696609497,-219.9503936767578,5.643565864562988,5.563534736633301
103,32.821,200,5,143.1173095703125,-218.1295166015625,-64.6808853149414,-232.3836669921875,-17.62765121459961,-219.99607849121094,5.668540420532227,5.687046051025391
104,33.137,200,5,143.1173095703125,-218.1295166015625,-64.6808853149414,-232.3836669921875,16.920238494873047,-219.4568634033203,5.647117347717285,5.67987585067749
105,33.454,200,6,143.1173095703125,-218.1295166015625,-63.80339813232422,-232.07769775390625,-66.26300048828125,-216.1788787841797,5.633306961059571,5.677265167236328
106,33.76,200,6,143.1173095703125,-218.1295166015625,-63.80339813232422,-232.07769775390625,-79.6136703491211,-217.97132873535156,5.649662933349609,5.578792572021484
107,34.079,200,6,143.1173095703125,-218.1295166015625,-64.2839584350586,-231.8662872314453,-84.07235717773438,-218.02407836914062,5.62378529548645,5.685459136962891
108,34.39,200,6,143.1173095703125,-218.1295166015625,-64.2839584350586,-231.8662872314453,144.6673126220703,-230.0477752685547,5.604667882919312,5.526632785797119
109,34.708,200,6,143.1173095703125,-218.1295166015625,-65.33444213867188,-231.55836486816406,144.39071655273438,-230.0186767578125,5.63274510383606,5.498671531677246
110,35.015,200,6,143.1173095703125,-218.1295166015625,-65.33444213867188,-231.55836486816406,156.90634155273438,-230.26492309570312,5.643133239746094,5.589046478271484
111,35.333,200,7,143.1173095703125,-216.42678833007812,-68.39275360107422,-231.25848388671875,29.615510940551758,-220.11782836914062,5.611616697311401,5.551495552062988
112,35.656,200,7,143.1173095703125,-216.42678833007812,-68.39275360107422,-231.25848388671875,63.62569808959961,-226.47525024414062,5.626463661193847,5.6309661865234375
113,35.976,200,7,143.1173095703125,-216.42678833007812,-68.8529281616211,-230.9512176513672,74.95954895019531,-224.445556640625,5.62048342704773,5.543743133544922
114,36.283,200,7,143.1173095703125,-216.42678833007812,-68.8529281616211,-230.9512176513672,154.53903198242188,-228.16439819335938,5.637931385040283,5.788109302520752
115,36.598,200,7,143.1173095703125,-216.42678833007812,-68.89266967773438,-230.79107666015625,91.86485290527344,-226.1444854736328,5.620230569839477,5.530350685119629
116,36.904,200,7,143.1173095703125,-216.42678833007812,-68.89266967773438,-230.79107666015625,-128.5998077392578,-214.89170837402344,5.605468873977661,5.563998699188232
117,37.285,200,8,143.1173095703125,-216.42678833007812,-70.1575698852539,-230.4237823486328,-120.97266387939453,-216.27330017089844,5.605629348754883,5.548288345336914
118,37.597,200,8,143.1173095703125,-216.42678833007812,-70.1575698852539,-230.4237823486328,-166.9104461669922,-215.1500701904297,5.602878227233886,5.638248443603516
119,37.921,200,8,143.1173095703125,-216.42678833007812,-70.2594223022461,-230.23597717285156,80.15805053710938,-223.73289489746094,5.602754812240601,5.703114986419678
120,38.228,200,8,143.1173095703125,-216.42678833007812,-70.2594223022461,-230.23597717285156,56.467586517333984,-223.1802215576172,5.620024242401123,5.682614326477051
121,38.546,200,8,143.1173095703125,-216.42678833007812,-70.99781799316406,-230.03956604003906,0.5939977765083313,-218.24160766601562,5.61281641960144,5.735790252685547
122,38.859,200,8,143.1173095703125,-216.42678833007812,-70.99781799316406,-230.03956604003906,146.5765380859375,-229.72409057617188,5.601066017150879,5.674283981323242
123,39.179,200,8,143.1173095703125,-216.42678833007812,-69.03691864013672,-229.64398193359375,182.55197143554688,-229.7153778076172,5.6039089107513425,5.533336162567139
124,39.494,200,8,143.1173095703125,-216.42678833007812,-69.03691864013672,-229.64398193359375,-99.93767547607422,-216.83953857421875,5.621030445098877,5.522458553314209
125,39.81,200,9,143.1173095703125,-216.42678833007812,-68.42375183105469,-229.2520294189453,87.62521362304688,-226.87545776367188,5.60732063293457,5.807450294494629
126,40.119,200,9,143.1173095703125,-216.42678833007812,-68.42375183105469,-229.2520294189453,34.76764678955078,-219.650390625,5.606044225692749,5.512594699859619
127,40.529,200,9,143.1173095703125,-216.42678833007812,-67.51286315917969,-229.17723083496094,-78.13800811767578,-218.96856689453125,5.607025947570801,5.579164028167725
128,40.835,200,9,143.1173095703125,-216.42678833007812,-67.51286315917969,-229.17723083496094,-150.3974609375,-216.08541870117188,5.602848110198974,5.693785667419434
129,41.151,200,9,143.1173095703125,-216.42678833007812,-69.57919311523438,-228.94386291503906,36.59857177734375,-222.44677734375,5.597711811065674,5.56356954574585
130,41.471,200,9,143.1173095703125,-216.42678833007812,-69.57919311523438,-228.94386291503906,143.75830078125,-227.3069305419922,5.59313928604126,5.5550031661987305
131,41.788,200,10,143.1173095703125,-216.42678833007812,-70.52310180664062,-228.69810485839844,-140.64341735839844,-216.39517211914062,5.612206649780274,5.698026657104492
132,42.096,200,10,143.1173095703125,-216.42678833007812,-70.52310180664062,-228.69810485839844,66.950439453125,-225.62252807617188,5.592102088928223,5.472072124481201
133,42.412,200,4,98.72160339355469,-211.11264038085938,-71.63805389404297,-228.3760986328125,-129.17477416992188,-214.81918334960938,5.580590724945068,5.588846683502197
134,42.727,200,4,98.72160339355469,-211.11264038085938,-71.63805389404297,-228.3760986328125,116.64395141601562,-217.71372985839844,5.588475971221924,5.570062637329102
135,43.045,200,4,98.72160339355469,-211.11264038085938,-71.73591613769531,-227.88499450683594,17.708894729614258,-217.61207580566406,5.59299859046936,5.499499797821045
136,43.352,200,4,98.72160339355469,-211.11264038085938,-71.73591613769531,-227.88499450683594,-105.08712005615234,-209.6803436279297,5.591076650619507,5.440271377563477
137,43.667,200,4,98.72160339355469,-211.11264038085938,-73.29119873046875,-227.58651733398438,-34.26087951660156,-215.09071350097656,5.607172164916992,5.686689853668213
138,43.984,200,4,98.72160339355469,-211.11264038085938,-73.29119873046875,-227.58651733398438,115.59494018554688,-217.57296752929688,5.5789003086090085,5.508332252502441
139,44.306,200,4,98.72160339355469,-211.11264038085938,-72.77144622802734,-227.34332275390625,126.6703872680664,-217.47787475585938,5.582060031890869,5.639233589172363
140,44.616,200,4,98.72160339355469,-211.11264038085938,-72.77144622802734,-227.34332275390625,127.79907989501953,-217.84182739257812,5.588478946685791,5.58683967590332
141,44.936,200,5,98.72160339355469,-211.11264038085938,-73.81254577636719,-227.03411865234375,9.662915229797363,-217.30783081054688,5.576169500350952,5.68107795715332
142,45.247,200,5,98.72160339355469,-211.11264038085938,-73.81254577636719,-227.03411865234375,109.38822174072266,-217.47930908203125,5.572380180358887,5.499189853668213
143,45.566,200,5,98.72160339355469,-211.11264038085938,-75.6905288696289,-226.70668029785156,104.40524291992188,-216.7329864501953,5.586062450408935,5.523848533630371
144,45.874,200,5,98.72160339355469,-211.11264038085938,-75.6905288696289,-226.70668029785156,-104.58625793457031,-212.94769287109375,5.5615948295593265,5.5064849853515625
145,46.188,200,3,98.72160339355469,-210.12171936035156,-74.1898422241211,-226.42747497558594,-0.0007081028888933361,-213.01473999023438,5.579468364715576,5.603760242462158
146,46.496,200,3,98.72160339355469,-210.12171936035156,-74.1898422241211,-226.42747497558594,9.416144371032715,-217.5138397216797,5.570233411788941,5.69965124130249
147,46.82,200,3,98.72160339355469,-210.12171936035156,-75.76763153076172,-226.01107788085938,-28.267459869384766,-209.69223022460938,5.550712051391602,5.589147567749023
148,47.138,200,3,98.72160339355469,-210.12171936035156,-75.76763153076172,-226.01107788085938,-8.931808471679688,-217.14341735839844,5.57972264289856,5.641444206237793
149,47.471,200,4,98.72160339355469,-206.1117706298828,-75.50424194335938,-225.61163330078125,-13.044902801513672,-209.12550354003906,5.537921323776245,5.552159786224365
150,47.778,200,4,98.72160339355469,-206.1117706298828,-75.50424194335938,-225.61163330078125,128.21763610839844,-217.5451202392578,5.563114271163941,5.64287805557251
151,48.103,200,4,98.72160339355469,-206.1117706298828,-76.1628189086914,-225.57371520996094,121.01441955566406,-217.09490966796875,5.562225284576416,5.460666656494141
152,48.415,200,4,98.72160339355469,-206.1117706298828,-76.1628189086914,-225.57371520996094,-69.23894500732422,-204.144287109375,5.557507476806641,5.617826461791992
153,48.774,200,4,98.72160339355469,-206.1117706298828,-76.0999755859375,-225.36505126953125,10.938129425048828,-210.2021026611328,5.551920175552368,5.509780406951904
154,49.243,200,4,98.72160339355469,-206.1117706298828,-76.0999755859375,-225.36505126953125,46.01129150390625,-210.3095703125,5.54714898109436,5.686439514160156
155,49.583,200,4,98.72160339355469,-206.1117706298828,-76.6756591796875,-224.96612548828125,-85.2861328125,-204.33851623535156,5.527286148071289,5.595041275024414
156,49.89,200,4,98.72160339355469,-206.1117706298828,-76.6756591796875,-224.96612548828125,111.15629577636719,-216.74578857421875,5.562945966720581,5.553876876831055
157,50.207,200,4,98.72160339355469,-206.1117706298828,-77.07575988769531,-224.6835479736328,-4.119632244110107,-209.29727172851562,5.524923791885376,5.597546577453613
158,50.516,200,4,98.72160339355469,-206.1117706298828,-77.07575988769531,-224.6835479736328,122.18692016601562,-217.0004119873047,5.537861089706421,5.790218830108643
159,50.838,200,4,98.72160339355469,-206.1117706298828,-78.6504898071289,-224.34799194335938,30.41087532043457,-209.98291015625,5.552356472015381,5.514301300048828
160,51.203,200,4,98.72160339355469,-206.1117706298828,-78.6504898071289,-224.34799194335938,-27.245899200439453,-209.8342742919922,5.537958240509033,5.692431926727295
161,51.529,200,5,98.72160339355469,-206.1117706298828,-76.0845947265625,-223.82029724121094,-74.59260559082031,-206.04176330566406,5.539388160705567,5.562076568603516
162,51.837,200,5,98.72160339355469,-206.1117706298828,-76.0845947265625,-223.82029724121094,106.78411102294922,-215.34532165527344,5.522956981658935,5.473057746887207
163,52.18,200,5,98.72160339355469,-206.1117706298828,-77.5208969116211,-223.53074645996094,100.17173767089844,-215.62997436523438,5.513067674636841,5.579250812530518
164,52.489,200,5,98.72160339355469,-206.1117706298828,-77.5208969116211,-223.53074645996094,-3.239607810974121,-209.7535858154297,5.545270881652832,5.426641464233398
165,52.804,200,5,98.72160339355469,-206.1117706298828,-78.52252197265625,-223.30288696289062,114.9294662475586,-217.4058074951172,5.526723642349243,5.630937576293945
166,53.112,200,5,98.72160339355469,-206.1117706298828,-78.52252197265625,-223.30288696289062,112.59417724609375,-217.33670043945312,5.526301040649414,5.499731063842773
167,53.435,200,6,98.72160339355469,-206.1117706298828,-79.04313659667969,-222.93589782714844,-81.24042510986328,-205.39158630371094,5.515660238265991,5.426212310791016
168,53.746,200,6,98.72160339355469,-206.1117706298828,-79.04313659667969,-222.93589782714844,110.9858169555664,-215.5264892578125,5.52823260307312,5.615890979766846
169,54.119,200,6,98.72160339355469,-206.1117706298828,-80.01258087158203,-222.65750122070312,-79.27098846435547,-204.9460906982422,5.504611644744873,5.400523662567139
170,54.445,200,6,98.72160339355469,-206.1117706298828,-80.01258087158203,-222.65750122070312,-88.40242004394531,-206.0834503173828,5.512323713302612,5.5622124671936035
171,54.77,200,6,98.72160339355469,-206.1117706298828,-80.5457534790039,-222.40086364746094,-79.19413757324219,-204.67999267578125,5.5091366195678715,5.4720025062561035
172,55.08,200,6,98.72160339355469,-206.1117706298828,-80.5457534790039,-222.40086364746094,105.36629486083984,-211.5325469970703,5.51476484298706,5.469173431396484
173,55.397,200,6,98.72160339355469,-206.1117706298828,-82.25959014892578,-222.1385498046875,110.65672302246094,-215.5850067138672,5.499004440307617,5.45024299621582
174,55.703,200,6,98.72160339355469,-206.1117706298828,-82.25959014892578,-222.1385498046875,92.4991683959961,-210.98760986328125,5.47903154373169,5.3733038902282715
175,56.019,200,6,98.72160339355469,-206.1117706298828,-82.03312683105469,-221.8048858642578,92.42163848876953,-210.09461975097656,5.484283514022827,5.438697814941406
176,56.333,200,6,98.72160339355469,-206.1117706298828,-82.03312683105469,-221.8048858642578,108.3493423461914,-216.19215393066406,5.493248586654663,5.46185302734375
177,56.652,200,6,98.72160339355469,-206.1117706298828,-82.00389862060547,-221.5643310546875,17.319021224975586,-210.3603973388672,5.491342725753785,5.476527214050293
178,56.971,200,6,98.72160339355469,-206.1117706298828,-82.00389862060547,-221.5643310546875,19.223459243774414,-209.4870147705078,5.5023783016204835,5.385133266448975
179,57.358,200,6,98.72160339355469,-206.1117706298828,-84.60881042480469,-221.3306121826172,-69.79637145996094,-205.03392028808594,5.478027601242065,5.491097450256348
180,57.667,200,6,98.72160339355469,-206.1117706298828,-84.60881042480469,-221.3306121826172,94.86035919189453,-211.32357788085938,5.491286115646362,5.3945746421813965
181,58.085,200,6,98.72160339355469,-206.1117706298828,-85.88072204589844,-221.10462951660156,93.76020050048828,-210.23741149902344,5.50198600769043,5.530631065368652
182,58.392,200,6,98.72160339355469,-206.1117706298828,-85.88072204589844,-221.10462951660156,29.580106735229492,-210.4027557373047,5.499087448120117,5.523449897766113
183,58.708,200,6,98.72160339355469,-206.1117706298828,-84.94235229492188,-220.92677307128906,104.24283599853516,-216.61703491210938,5.484537096023559,5.370932579040527
184,59.017,200,6,98.72160339355469,-206.1117706298828,-84.94235229492188,-220.92677307128906,115.23246765136719,-216.7410430908203,5.490902757644653,5.515434265136719
185,59.353,200,6,98.72160339355469,-206.1117706298828,-84.05964660644531,-220.8387908935547,114.12435913085938,-211.2001953125,5.465977506637573,5.441779613494873
186,59.667,200,6,98.72160339355469,-206.1117706298828,-84.05964660644531,-220.8387908935547,-72.73804473876953,-204.72776794433594,5.487898845672607,5.582830905914307
187,59.983,200,6,98.72160339355469,-206.1117706298828,-82.15520477294922,-220.4813232421875,42.99319839477539,-209.4016876220703,5.492891788482666,5.589478969573975
188,60.291,200,6,98.72160339355469,-206.1117706298828,-82.15520477294922,-220.4813232421875,-61.52914810180664,-206.0503692626953,5.490129919052124,5.466405868530273
189,60.682,200,5,98.72160339355469,-206.1117706298828,-84.0865249633789,-220.025390625,-85.4073257446289,-203.50250244140625,5.4617901706695555,5.358457565307617
190,60.996,200,5,98.72160339355469,-206.1117706298828,-84.0865249633789,-220.025390625,100.56057739257812,-217.2253875732422,5.475459566116333,5.47615909576416
191,61.368,200,5,98.72160339355469,-206.1117706298828,-81.8226547241211,-219.90875244140625,132.9892120361328,-211.04177856445312,5.480180044174194,5.524356365203857
192,61.69,200,5,98.72160339355469,-206.1117706298828,-81.8226547241211,-219.90875244140625,-56.29263687133789,-204.7307586669922,5.472397203445435,5.4682183265686035
193,62.008,200,5,98.72160339355469,-206.1117706298828,-81.2073974609375,-219.83282470703125,112.03457641601562,-217.34481811523438,5.479502506256104,5.443418979644775
194,62.326,200,5,98.72160339355469,-206.1117706298828,-81.2073974609375,-219.83282470703125,103.99340057373047,-211.48251342773438,5.469678974151611,5.5298752784729
195,62.642,200,5,98.72160339355469,-206.1117706298828,-82.07996368408203,-219.7777862548828,88.79444885253906,-208.7124481201172,5.479071702957153,5.581882953643799
196,62.949,200,5,98.72160339355469,-206.1117706298828,-82.07996368408203,-219.7777862548828,-27.5153751373291,-208.26031494140625,5.455628786087036,5.342700958251953
197,63.266,200,5,98.72160339355469,-206.1117706298828,-82.7426528930664,-219.68896484375,108.52068328857422,-217.3861846923828,5.46088303565979,5.401839733123779
198,63.582,200,5,98.72160339355469,-206.1117706298828,-82.7426528930664,-219.68896484375,106.9759521484375,-209.21600341796875,5.487705163955688,5.503767967224121
199,63.9,200,5,98.72160339355469,-206.1117706298828,-83.53529357910156,-219.5701904296875,-16.970890045166016,-208.1646270751953,5.482848968505859,5.411421298980713
200,64.209,200,5,98.72160339355469,-206.1117706298828,-83.53529357910156,-219.5701904296875,114.46050262451172,-216.6940460205078,5.452396097183228,5.517937183380127
1,0.32,4,3,-31.876632690429688,-306.0784912109375,-53.90732192993164,-307.86029052734375,1.070033073425293,-16.317066192626953,6.563424491882325,6.5764617919921875
2,0.629,4,3,-31.876632690429688,-306.0784912109375,-53.90732192993164,-307.86029052734375,-7.433943748474121,-0.19239814579486847,6.5167612457275395,6.489020347595215
3,0.938,8,4,17.963821411132812,-223.9215545654297,-37.17341232299805,-267.1363525390625,-4.827914237976074,-6.235623359680176,6.069878253936768,5.962958812713623
4,1.235,8,4,17.963821411132812,-223.9215545654297,-37.17341232299805,-267.1363525390625,24.578889846801758,-228.11383056640625,6.042121515274048,6.090469837188721
5,1.54,12,4,17.963821411132812,-223.9215545654297,-57.22897720336914,-258.1578674316406,21.166839599609375,-228.08023071289062,5.968234996795655,5.957651138305664
6,1.844,12,4,17.963821411132812,-223.9215545654297,-57.22897720336914,-258.1578674316406,23.558774948120117,-228.091064453125,5.94575288772583,5.918234825134277
7,2.152,16,5,35.61983871459961,-223.9215545654297,-51.900978088378906,-252.77183532714844,-5.0472259521484375,-227.32699584960938,5.902962255477905,5.928100109100342
8,2.449,16,5,35.61983871459961,-223.9215545654297,-51.900978088378906,-252.77183532714844,-47.775115966796875,-222.94065856933594,5.879717531204224,5.842934608459473
9,2.754,20,6,73.75834655761719,-223.9215545654297,-51.94208908081055,-250.1439208984375,-30.348722457885742,-222.7542266845703,5.875589418411255,5.9159345626831055
10,3.051,20,6,73.75834655761719,-223.9215545654297,-51.94208908081055,-250.1439208984375,75.16012573242188,-239.3109588623047,5.866798658370971,5.96581506729126
11,3.362,24,6,73.75834655761719,-223.9215545654297,-46.16118240356445,-247.8170623779297,74.01859283447266,-239.1268768310547,5.832282037734985,5.764216423034668
12,3.665,24,6,73.75834655761719,-223.9215545654297,-46.16118240356445,-247.8170623779297,-40.662654876708984,-222.21034240722656,5.816655807495117,5.70512580871582
13,3.971,28,6,73.75834655761719,-223.9215545654297,-45.94638442993164,-246.968505859375,79.24948120117188,-239.76231384277344,5.81117600440979,5.805941581726074
14,4.269,28,6,73.75834655761719,-223.9215545654297,-45.94638442993164,-246.968505859375,-39.966522216796875,-221.44703674316406,5.806117086410523,5.788084983825684
15,4.582,32,6,73.75834655761719,-223.9215545654297,-51.84138870239258,-245.3412322998047,-38.79716873168945,-222.00418090820312,5.798608369827271,5.768335819244385
16,4.885,32,6,73.75834655761719,-223.9215545654297,-51.84138870239258,-245.3412322998047,55.1392822265625,-231.76461791992188,5.814374036788941,5.907010078430176
17,5.194,36,6,73.75834655761719,-223.9215545654297,-55.09415054321289,-244.75250244140625,82.17432403564453,-239.57827758789062,5.799568176269531,5.764911651611328
18,5.492,36,6,73.75834655761719,-223.9215545654297,-55.09415054321289,-244.75250244140625,69.11022186279297,-231.60780334472656,5.784067144393921,5.736761569976807
19,5.8,40,7,73.75834655761719,-223.9215545654297,-51.4263801574707,-243.7312774658203,24.21088409423828,-225.60887145996094,5.800979728698731,5.758954048156738
20,6.201,40,7,73.75834655761719,-223.9215545654297,-51.4263801574707,-243.7312774658203,-20.909366607666016,-224.40956115722656,5.782073650360108,5.759500026702881
21,6.509,44,7,73.75834655761719,-223.9215545654297,-53.78786849975586,-242.81396484375,91.80667877197266,-238.07469177246094,5.758743209838867,5.8418660163879395
22,6.807,44,7,73.75834655761719,-223.9215545654297,-53.78786849975586,-242.81396484375,-52.15296173095703,-221.84251403808594,5.775400466918946,5.809504508972168
23,7.115,48,7,73.75834655761719,-223.9215545654297,-60.94868087768555,-242.9927520751953,18.871511459350586,-227.09927368164062,5.7701740646362305,5.826801300048828
24,7.414,48,7,73.75834655761719,-223.9215545654297,-60.94868087768555,-242.9927520751953,60.8855094909668,-230.34896850585938,5.784358491897583,5.659666538238525
25,7.726,52,7,73.75834655761719,-223.9215545654297,-64.18310546875,-242.87725830078125,76.42271423339844,-238.04957580566406,5.789094295501709,5.790102958679199
26,8.026,52,7,73.75834655761719,-223.9215545654297,-64.18310546875,-242.87725830078125,8.7236909866333,-226.77252197265625,5.767009935379028,5.820743083953857
27,8.332,56,9,73.75834655761719,-223.9215545654297,-64.79637908935547,-241.79527282714844,-38.46475601196289,-223.59849548339844,5.775491256713867,5.8424482345581055
28,8.632,56,9,73.75834655761719,-223.9215545654297,-64.79637908935547,-241.79527282714844,-53.05949401855469,-221.4886474609375,5.7587683963775635,5.690356254577637
29,8.95,60,9,73.75834655761719,-223.9215545654297,-63.40800857543945,-241.32345581054688,-18.980741500854492,-226.02593994140625,5.730134887695312,5.712092876434326
30,9.25,60,9,73.75834655761719,-223.9215545654297,-63.40800857543945,-241.32345581054688,30.102087020874023,-227.8489227294922,5.754832229614258,5.786506652832031
31,9.56,64,9,73.75834655761719,-223.9215545654297,-67.66724395751953,-240.71945190429688,-31.215192794799805,-223.91595458984375,5.732329711914063,5.745221138000488
32,9.86,64,9,73.75834655761719,-223.9215545654297,-67.66724395751953,-240.71945190429688,21.827835083007812,-226.95367431640625,5.741069240570068,5.779669284820557
33,10.175,68,7,143.1173095703125,-223.9215545654297,-63.220726013183594,-240.20849609375,-47.069244384765625,-221.2637939453125,5.725903491973877,5.737104415893555
34,10.478,68,7,143.1173095703125,-223.9215545654297,-63.220726013183594,-240.20849609375,150.94439697265625,-230.0576171875,5.729861621856689,5.648714065551758
35,10.788,72,7,143.1173095703125,-223.9215545654297,-65.49191284179688,-240.36363220214844,21.27509880065918,-227.8787841796875,5.737324657440186,5.694118499755859
36,11.09,72,7,143.1173095703125,-223.9215545654297,-65.49191284179688,-240.36363220214844,-52.770843505859375,-223.61465454101562,5.745040826797485,5.714667320251465
37,11.408,76,7,143.1173095703125,-223.9215545654297,-62.95891189575195,-240.03662109375,-38.63169860839844,-223.831787109375,5.735993928909302,5.738656997680664
38,11.712,76,7,143.1173095703125,-223.9215545654297,-62.95891189575195,-240.03662109375,-48.19947052001953,-223.6148223876953,5.748842697143555,5.848932266235352
39,12.021,80,7,143.1173095703125,-223.9215545654297,-62.44812774658203,-239.82815551757812,-26.247114181518555,-226.90887451171875,5.7415745735168455,5.702254295349121
40,12.322,80,7,143.1173095703125,-223.9215545654297,-62.44812774658203,-239.82815551757812,-33.89518737792969,-222.59518432617188,5.73974196434021,5.862314701080322
41,12.636,84,7,143.1173095703125,-223.9215545654297,-61.36668014526367,-239.52587890625,172.75062561035156,-228.7149658203125,5.733647184371948,5.725468635559082
42,12.973,84,7,143.1173095703125,-223.9215545654297,-61.36668014526367,-239.52587890625,162.73118591308594,-229.88343811035156,5.739105186462402,5.685879707336426
43,13.401,88,7,143.1173095703125,-223.9215545654297,-59.46389389038086,-239.36431884765625,-2.455902099609375,-224.53775024414062,5.749052467346192,5.601978778839111
44,13.705,88,7,143.1173095703125,-223.9215545654297,-59.46389389038086,-239.36431884765625,-50.913299560546875,-223.7681884765625,5.725951118469238,5.653158187866211
45,14.018,92,7,143.1173095703125,-223.9215545654297,-62.27414321899414,-238.8751983642578,-24.2028751373291,-223.8997344970703,5.719816026687622,5.830013751983643
46,14.323,92,7,143.1173095703125,-223.9215545654297,-62.27414321899414,-238.8751983642578,-18.79461669921875,-227.29934692382812,5.7459401512146,5.812501907348633
47,14.633,96,7,143.1173095703125,-223.9215545654297,-60.97005081176758,-238.7190704345703,-49.257293701171875,-223.42364501953125,5.723124895095825,5.716281890869141
48,14.935,96,7,143.1173095703125,-223.9215545654297,-60.97005081176758,-238.7190704345703,159.64657592773438,-230.39981079101562,5.730177440643311,5.737955093383789
49,15.245,100,7,143.1173095703125,-223.9215545654297,-61.46488952636719,-238.40032958984375,-3.3404693603515625,-227.23031616210938,5.7312538433074955,5.80966854095459
50,15.553,100,7,143.1173095703125,-223.9215545654297,-61.46488952636719,-238.40032958984375,148.48013305664062,-230.23468017578125,5.72162202835083,5.685321807861328
51,15.866,104,4,143.1173095703125,-220.19642639160156,-61.206260681152344,-237.84878540039062,146.41854858398438,-229.9842071533203,5.721883354187011,5.759690761566162
52,16.176,104,4,143.1173095703125,-220.19642639160156,-61.206260681152344,-237.84878540039062,21.116418838500977,-226.73435974121094,5.696396512985229,5.601035118103027
53,16.487,108,4,143.1173095703125,-220.19642639160156,-62.27036666870117,-237.65447998046875,-17.229434967041016,-219.8473663330078,5.714725961685181,5.8459672927856445
54,16.798,108,4,143.1173095703125,-220.19642639160156,-62.27036666870117,-237.65447998046875,-17.371112823486328,-220.02243041992188,5.704291973114014,5.759085178375244
55,17.172,112,4,143.1173095703125,-220.19642639160156,-61.337501525878906,-237.4058837890625,-21.078781127929688,-219.23956298828125,5.721666603088379,5.674804210662842
56,17.476,112,4,143.1173095703125,-220.19642639160156,-61.337501525878906,-237.4058837890625,-11.120575904846191,-219.9626922607422,5.7070801639556885,5.615015029907227
57,17.786,116,4,143.1173095703125,-220.19642639160156,-62.199893951416016,-237.21994018554688,167.315673828125,-229.5001678466797,5.699020185470581,5.745377540588379
58,18.09,116,4,143.1173095703125,-220.19642639160156,-62.199893951416016,-237.21994018554688,-16.750947952270508,-218.171630859375,5.709446420669556,5.741446018218994
59,18.404,120,4,143.1173095703125,-220.19642639160156,-61.26294708251953,-237.15501403808594,22.155803680419922,-227.7638397216797,5.693771533966064,5.732410430908203
60,18.709,120,4,143.1173095703125,-220.19642639160156,-61.26294708251953,-237.15501403808594,-10.570565223693848,-219.21115112304688,5.706765384674072,5.693873405456543
61,19.04,124,4,143.1173095703125,-220.19642639160156,-63.35746383666992,-237.22378540039062,12.669726371765137,-226.88729858398438,5.708488721847534,5.711870193481445
62,19.341,124,4,143.1173095703125,-220.19642639160156,-63.35746383666992,-237.22378540039062,-1.6064954996109009,-218.7972412109375,5.68033504486084,5.71552848815918
63,19.658,128,4,143.1173095703125,-220.19642639160156,-62.829689025878906,-237.06356811523438,18.992856979370117,-226.5244140625,5.691716794967651,5.675286293029785
64,19.962,128,4,143.1173095703125,-220.19642639160156,-62.829689025878906,-237.06356811523438,144.7593536376953,-229.6290740966797,5.704029626846314,5.787425994873047
65,20.273,132,6,143.1173095703125,-218.1295166015625,-63.5989875793457,-236.6898651123047,-14.503228187561035,-218.4832763671875,5.704258823394776,5.772099494934082
66,20.581,132,6,143.1173095703125,-218.1295166015625,-63.5989875793457,-236.6898651123047,144.6165008544922,-229.30819702148438,5.700904779434204,5.670978546142578
67,20.899,136,5,143.1173095703125,-218.1295166015625,-62.38387680053711,-236.44345092773438,-74.18426513671875,-217.75933837890625,5.694493255615234,5.653810501098633
68,21.207,136,5,143.1173095703125,-218.1295166015625,-62.38387680053711,-236.44345092773438,-67.12255096435547,-217.8845672607422,5.677440195083618,5.767820835113525
69,21.602,140,5,143.1173095703125,-218.1295166015625,-61.840702056884766,-236.137939453125,146.7794647216797,-228.70103454589844,5.694870643615722,5.762563705444336
70,21.922,140,5,143.1173095703125,-218.1295166015625,-61.840702056884766,-236.137939453125,143.43785095214844,-229.21202087402344,5.6786893939971925,5.744194984436035
71,22.322,144,5,143.1173095703125,-218.1295166015625,-62.0751953125,-235.82676696777344,-1.0386625528335571,-221.54180908203125,5.703006181716919,5.821275234222412
72,22.624,144,5,143.1173095703125,-218.1295166015625,-62.0751953125,-235.82676696777344,-11.691003799438477,-222.42662048339844,5.678626136779785,5.718075752258301
73,22.941,148,5,143.1173095703125,-218.1295166015625,-59.94504928588867,-235.7685089111328,171.5225067138672,-229.4603729248047,5.684752702713013,5.681270599365234
74,23.256,148,5,143.1173095703125,-218.1295166015625,-59.94504928588867,-235.7685089111328,179.48141479492188,-229.76675415039062,5.686495409011841,5.6742448806762695
75,23.568,152,5,143.1173095703125,-218.1295166015625,-61.101741790771484,-235.73114013671875,158.841796875,-230.1294708251953,5.69494812965393,5.5481038093566895
76,23.872,152,5,143.1173095703125,-218.1295166015625,-61.101741790771484,-235.73114013671875,-68.79322814941406,-217.51280212402344,5.706973495483399,5.761537551879883
77,24.184,156,6,143.1173095703125,-218.1295166015625,-61.4208984375,-235.5096435546875,75.34380340576172,-226.45901489257812,5.688157119750977,5.818514823913574
78,24.497,156,6,143.1173095703125,-218.1295166015625,-61.4208984375,-235.5096435546875,-54.18839645385742,-217.64329528808594,5.662547388076782,5.699239730834961
79,24.809,160,6,143.1173095703125,-218.1295166015625,-60.6608772277832,-235.3928680419922,1.775369644165039,-221.45169067382812,5.697912483215332,5.749654769897461
80,25.114,160,6,143.1173095703125,-218.1295166015625,-60.6608772277832,-235.3928680419922,-79.39319610595703,-217.92898559570312,5.662174844741822,5.616840839385986
81,25.469,164,6,143.1173095703125,-218.1295166015625,-60.72420883178711,-235.2716064453125,18.2244930267334,-215.5888671875,5.6878814601898195,5.664273262023926
82,25.805,164,6,143.1173095703125,-218.1295166015625,-60.72420883178711,-235.2716064453125,156.77169799804688,-229.44696044921875,5.688366556167603,5.6956586837768555
83,26.121,168,6,143.1173095703125,-218.1295166015625,-61.5594482421875,-235.0464630126953,13.602862358093262,-224.61349487304688,5.705395050048828,5.782256603240967
84,26.428,168,6,143.1173095703125,-218.1295166015625,-61.5594482421875,-235.0464630126953,148.7064971923828,-229.47067260742188,5.677000122070313,5.689082622528076
85,26.744,172,5,143.1173095703125,-218.1295166015625,-61.47837448120117,-234.7953338623047,-69.6005859375,-216.68734741210938,5.661614608764649,5.5999436378479
86,27.055,172,5,143.1173095703125,-218.1295166015625,-61.47837448120117,-234.7953338623047,28.191486358642578,-221.65789794921875,5.667893228530883,5.65179443359375
87,27.368,176,5,143.1173095703125,-218.1295166015625,-62.939453125,-234.83895874023438,74.3294677734375,-225.32432556152344,5.690006408691406,5.637451171875
88,27.673,176,5,143.1173095703125,-218.1295166015625,-62.939453125,-234.83895874023438,-64.87847900390625,-216.8209991455078,5.651877946853638,5.708148002624512
89,27.996,180,5,143.1173095703125,-218.1295166015625,-60.86308670043945,-234.83006286621094,173.77999877929688,-228.6940155029297,5.6787466621398925,5.745537757873535
90,28.301,180,5,143.1173095703125,-218.1295166015625,-60.86308670043945,-234.83006286621094,154.7974853515625,-229.67138671875,5.6703940105438235,5.556571006774902
91,28.616,184,5,143.1173095703125,-218.1295166015625,-62.723304748535156,-234.6991729736328,15.665204048156738,-221.50662231445312,5.674635372161865,5.776037216186523
92,28.916,184,5,143.1173095703125,-218.1295166015625,-62.723304748535156,-234.6991729736328,-71.9599380493164,-216.06809997558594,5.673955984115601,5.634798526763916
93,29.245,188,5,143.1173095703125,-218.1295166015625,-63.736122131347656,-234.58888244628906,99.71955871582031,-225.50262451171875,5.687757425308227,5.607665538787842
94,29.563,188,5,143.1173095703125,-218.1295166015625,-63.736122131347656,-234.58888244628906,-15.437191009521484,-219.0716094970703,5.656587562561035,5.671992301940918
95,29.877,192,5,143.1173095703125,-218.1295166015625,-63.495365142822266,-234.455322265625,-18.272329330444336,-219.16700744628906,5.666455316543579,5.761665344238281
96,30.183,192,5,143.1173095703125,-218.1295166015625,-63.495365142822266,-234.455322265625,149.42990112304688,-229.6429901123047,5.688678884506226,5.763339042663574
97,30.504,196,5,143.1173095703125,-218.1295166015625,-63.989906311035156,-234.31130981445312,164.1696319580078,-230.21755981445312,5.6671858978271485,5.654331207275391
98,30.809,196,5,143.1173095703125,-218.1295166015625,-63.989906311035156,-234.31130981445312,180.28939819335938,-230.48960876464844,5.671888284683227,5.647724628448486
99,31.124,200,5,143.1173095703125,-218.1295166015625,-64.12238311767578,-234.0880126953125,-59.632991790771484,-217.88006591796875,5.66830732345581,5.665336608886719
100,31.44,200,5,143.1173095703125,-218.1295166015625,-64.12238311767578,-234.0880126953125,0.8229899406433105,-220.00624084472656,5.672523040771484,5.771126747131348
101,31.882,200,5,143.1173095703125,-218.1295166015625,-63.91401672363281,-232.44195556640625,-74.87309265136719,-216.3619384765625,5.633984861373901,5.581488609313965
102,32.209,200,5,143.1173095703125,-218.1295166015625,-63.91401672363281,-232.44195556640625,-3.561152696609497,-219.9503936767578,5.643565864562988,5.563534736633301
103,32.529,200,5,143.1173095703125,-218.1295166015625,-64.6808853149414,-232.3836669921875,-17.62765121459961,-219.99607849121094,5.668540420532227,5.687046051025391
104,32.853,200,5,143.1173095703125,-218.1295166015625,-64.6808853149414,-232.3836669921875,16.920238494873047,-219.4568634033203,5.647117347717285,5.67987585067749
105,33.16,200,6,143.1173095703125,-218.1295166015625,-63.80339813232422,-232.07769775390625,-66.26300048828125,-216.1788787841797,5.633306961059571,5.677265167236328
106,33.465,200,6,143.1173095703125,-218.1295166015625,-63.80339813232422,-232.07769775390625,-79.6136703491211,-217.97132873535156,5.649662933349609,5.578792572021484
107,33.779,200,6,143.1173095703125,-218.1295166015625,-64.2839584350586,-231.8662872314453,-84.07235717773438,-218.02407836914062,5.62378529548645,5.685459136962891
108,34.094,200,6,143.1173095703125,-218.1295166015625,-64.2839584350586,-231.8662872314453,144.6673126220703,-230.0477752685547,5.604667882919312,5.526632785797119
109,34.408,200,6,143.1173095703125,-218.1295166015625,-65.33444213867188,-231.55836486816406,144.39071655273438,-230.0186767578125,5.63274510383606,5.498671531677246
110,34.729,200,6,143.1173095703125,-218.1295166015625,-65.33444213867188,-231.55836486816406,156.90634155273438,-230.26492309570312,5.643133239746094,5.589046478271484
111,35.184,200,7,143.1173095703125,-216.42678833007812,-68.39275360107422,-231.25848388671875,29.615510940551758,-220.11782836914062,5.611616697311401,5.551495552062988
112,35.533,200,7,143.1173095703125,-216.42678833007812,-68.39275360107422,-231.25848388671875,63.62569808959961,-226.47525024414062,5.626463661193847,5.6309661865234375
113,35.864,200,7,143.1173095703125,-216.42678833007812,-68.8529281616211,-230.9512176513672,74.95954895019531,-224.445556640625,5.62048342704773,5.543743133544922
114,36.219,200,7,143.1173095703125,-216.42678833007812,-68.8529281616211,-230.9512176513672,154.53903198242188,-228.16439819335938,5.637931385040283,5.788109302520752
115,36.592,200,7,143.1173095703125,-216.42678833007812,-68.89266967773438,-230.79107666015625,91.86485290527344,-226.1444854736328,5.620230569839477,5.530350685119629
116,36.908,200,7,143.1173095703125,-216.42678833007812,-68.89266967773438,-230.79107666015625,-128.5998077392578,-214.89170837402344,5.605468873977661,5.563998699188232
117,37.297,200,8,143.1173095703125,-216.42678833007812,-70.1575698852539,-230.4237823486328,-120.97266387939453,-216.27330017089844,5.605629348754883,5.548288345336914
118,37.608,200,8,143.1173095703125,-216.42678833007812,-70.1575698852539,-230.4237823486328,-166.9104461669922,-215.1500701904297,5.602878227233886,5.638248443603516
119,37.922,200,8,143.1173095703125,-216.42678833007812,-70.2594223022461,-230.23597717285156,80.15805053710938,-223.73289489746094,5.602754812240601,5.703114986419678
120,38.231,200,8,143.1173095703125,-216.42678833007812,-70.2594223022461,-230.23597717285156,56.467586517333984,-223.1802215576172,5.620024242401123,5.682614326477051
121,38.549,200,8,143.1173095703125,-216.42678833007812,-70.99781799316406,-230.03956604003906,0.5939977765083313,-218.24160766601562,5.61281641960144,5.735790252685547
122,38.863,200,8,143.1173095703125,-216.42678833007812,-70.99781799316406,-230.03956604003906,146.5765380859375,-229.72409057617188,5.601066017150879,5.674283981323242
123,39.179,200,8,143.1173095703125,-216.42678833007812,-69.03691864013672,-229.64398193359375,182.55197143554688,-229.7153778076172,5.6039089107513425,5.533336162567139
124,39.486,200,8,143.1173095703125,-216.42678833007812,-69.03691864013672,-229.64398193359375,-99.93767547607422,-216.83953857421875,5.621030445098877,5.522458553314209
125,39.799,200,9,143.1173095703125,-216.42678833007812,-68.42375183105469,-229.2520294189453,87.62521362304688,-226.87545776367188,5.60732063293457,5.807450294494629
126,40.107,200,9,143.1173095703125,-216.42678833007812,-68.42375183105469,-229.2520294189453,34.76764678955078,-219.650390625,5.606044225692749,5.512594699859619
127,40.422,200,9,143.1173095703125,-216.42678833007812,-67.51286315917969,-229.17723083496094,-78.13800811767578,-218.96856689453125,5.607025947570801,5.579164028167725
128,40.737,200,9,143.1173095703125,-216.42678833007812,-67.51286315917969,-229.17723083496094,-150.3974609375,-216.08541870117188,5.602848110198974,5.693785667419434
129,41.055,200,9,143.1173095703125,-216.42678833007812,-69.57919311523438,-228.94386291503906,36.59857177734375,-222.44677734375,5.597711811065674,5.56356954574585
130,41.368,200,9,143.1173095703125,-216.42678833007812,-69.57919311523438,-228.94386291503906,143.75830078125,-227.3069305419922,5.59313928604126,5.5550031661987305
131,41.794,200,10,143.1173095703125,-216.42678833007812,-70.52310180664062,-228.69810485839844,-140.64341735839844,-216.39517211914062,5.612206649780274,5.698026657104492
132,42.1,200,10,143.1173095703125,-216.42678833007812,-70.52310180664062,-228.69810485839844,66.950439453125,-225.62252807617188,5.592102088928223,5.472072124481201
133,42.413,200,4,98.72160339355469,-211.11264038085938,-71.63805389404297,-228.3760986328125,-129.17477416992188,-214.81918334960938,5.580590724945068,5.588846683502197
134,42.73,200,4,98.72160339355469,-211.11264038085938,-71.63805389404297,-228.3760986328125,116.64395141601562,-217.71372985839844,5.588475971221924,5.570062637329102
135,43.045,200,4,98.72160339355469,-211.11264038085938,-71.73591613769531,-227.88499450683594,17.708894729614258,-217.61207580566406,5.59299859046936,5.499499797821045
136,43.35,200,4,98.72160339355469,-211.11264038085938,-71.73591613769531,-227.88499450683594,-105.08712005615234,-209.6803436279297,5.591076650619507,5.440271377563477
137,43.664,200,4,98.72160339355469,-211.11264038085938,-73.29119873046875,-227.58651733398438,-34.26087951660156,-215.09071350097656,5.607172164916992,5.686689853668213
138,43.977,200,4,98.72160339355469,-211.11264038085938,-73.29119873046875,-227.58651733398438,115.59494018554688,-217.57296752929688,5.5789003086090085,5.508332252502441
139,44.312,200,4,98.72160339355469,-211.11264038085938,-72.77144622802734,-227.34332275390625,126.6703872680664,-217.47787475585938,5.582060031890869,5.639233589172363
140,44.618,200,4,98.72160339355469,-211.11264038085938,-72.77144622802734,-227.34332275390625,127.79907989501953,-217.84182739257812,5.588478946685791,5.58683967590332
141,44.934,200,5,98.72160339355469,-211.11264038085938,-73.81254577636719,-227.03411865234375,9.662915229797363,-217.30783081054688,5.576169500350952,5.68107795715332
142,45.252,200,5,98.72160339355469,-211.11264038085938,-73.81254577636719,-227.03411865234375,109.38822174072266,-217.47930908203125,5.572380180358887,5.499189853668213
143,45.682,200,5,98.72160339355469,-211.11264038085938,-75.6905288696289,-226.70668029785156,104.40524291992188,-216.7329864501953,5.586062450408935,5.523848533630371
144,46.077,200,5,98.72160339355469,-211.11264038085938,-75.6905288696289,-226.70668029785156,-104.58625793457031,-212.94769287109375,5.5615948295593265,5.5064849853515625
145,46.423,200,3,98.72160339355469,-210.12171936035156,-74.1898422241211,-226.42747497558594,-0.0007081028888933361,-213.01473999023438,5.579468364715576,5.603760242462158
146,46.732,200,3,98.72160339355469,-210.12171936035156,-74.1898422241211,-226.42747497558594,9.416144371032715,-217.5138397216797,5.570233411788941,5.69965124130249
147,47.059,200,3,98.72160339355469,-210.12171936035156,-75.76763153076172,-226.01107788085938,-28.267459869384766,-209.69223022460938,5.550712051391602,5.589147567749023
148,47.386,200,3,98.72160339355469,-210.12171936035156,-75.76763153076172,-226.01107788085938,-8.931808471679688,-217.14341735839844,5.57972264289856,5.641444206237793
149,47.806,200,4,98.72160339355469,-206.1117706298828,-75.50424194335938,-225.61163330078125,-13.044902801513672,-209.12550354003906,5.537921323776245,5.552159786224365
150,48.121,200,4,98.72160339355469,-206.1117706298828,-75.50424194335938,-225.61163330078125,128.21763610839844,-217.5451202392578,5.563114271163941,5.64287805557251
151,48.496,200,4,98.72160339355469,-206.1117706298828,-76.1628189086914,-225.57371520996094,121.01441955566406,-217.09490966796875,5.562225284576416,5.460666656494141
152,48.855,200,4,98.72160339355469,-206.1117706298828,-76.1628189086914,-225.57371520996094,-69.23894500732422,-204.144287109375,5.557507476806641,5.617826461791992
153,49.179,200,4,98.72160339355469,-206.1117706298828,-76.0999755859375,-225.36505126953125,10.938129425048828,-210.2021026611328,5.551920175552368,5.509780406951904
154,49.486,200,4,98.72160339355469,-206.1117706298828,-76.0999755859375,-225.36505126953125,46.01129150390625,-210.3095703125,5.54714898109436,5.686439514160156
155,49.8,200,4,98.72160339355469,-206.1117706298828,-76.6756591796875,-224.96612548828125,-85.2861328125,-204.33851623535156,5.527286148071289,5.595041275024414
156,50.105,200,4,98.72160339355469,-206.1117706298828,-76.6756591796875,-224.96612548828125,111.15629577636719,-216.74578857421875,5.562945966720581,5.553876876831055
157,50.431,200,4,98.72160339355469,-206.1117706298828,-77.07575988769531,-224.6835479736328,-4.119632244110107,-209.29727172851562,5.524923791885376,5.597546577453613
158,50.739,200,4,98.72160339355469,-206.1117706298828,-77.07575988769531,-224.6835479736328,122.18692016601562,-217.0004119873047,5.537861089706421,5.790218830108643
159,51.055,200,4,98.72160339355469,-206.1117706298828,-78.6504898071289,-224.34799194335938,30.41087532043457,-209.98291015625,5.552356472015381,5.514301300048828
160,51.363,200,4,98.72160339355469,-206.1117706298828,-78.6504898071289,-224.34799194335938,-27.245899200439453,-209.8342742919922,5.537958240509033,5.692431926727295
161,51.686,200,5,98.72160339355469,-206.1117706298828,-76.0845947265625,-223.82029724121094,-74.59260559082031,-206.04176330566406,5.539388160705567,5.562076568603516
162,51.991,200,5,98.72160339355469,-206.1117706298828,-76.0845947265625,-223.82029724121094,106.78411102294922,-215.34532165527344,5.522956981658935,5.473057746887207
163,52.305,200,5,98.72160339355469,-206.1117706298828,-77.5208969116211,-223.53074645996094,100.17173767089844,-215.62997436523438,5.513067674636841,5.579250812530518
164,52.613,200,5,98.72160339355469,-206.1117706298828,-77.5208969116211,-223.53074645996094,-3.239607810974121,-209.7535858154297,5.545270881652832,5.426641464233398
165,52.933,200,5,98.72160339355469,-206.1117706298828,-78.52252197265625,-223.30288696289062,114.9294662475586,-217.4058074951172,5.526723642349243,5.630937576293945
166,53.239,200,5,98.72160339355469,-206.1117706298828,-78.52252197265625,-223.30288696289062,112.59417724609375,-217.33670043945312,5.526301040649414,5.499731063842773
167,53.553,200,6,98.72160339355469,-206.1117706298828,-79.04313659667969,-222.93589782714844,-81.24042510986328,-205.39158630371094,5.515660238265991,5.426212310791016
168,53.857,200,6,98.72160339355469,-206.1117706298828,-79.04313659667969,-222.93589782714844,110.9858169555664,-215.5264892578125,5.52823260307312,5.615890979766846
169,54.181,200,6,98.72160339355469,-206.1117706298828,-80.01258087158203,-222.65750122070312,-79.27098846435547,-204.9460906982422,5.504611644744873,5.400523662567139
170,54.488,200,6,98.72160339355469,-206.1117706298828,-80.01258087158203,-222.65750122070312,-88.40242004394531,-206.0834503173828,5.512323713302612,5.5622124671936035
171,54.806,200,6,98.72160339355469,-206.1117706298828,-80.5457534790039,-222.40086364746094,-79.19413757324219,-204.67999267578125,5.5091366195678715,5.4720025062561035
172,55.113,200,6,98.72160339355469,-206.1117706298828,-80.5457534790039,-222.40086364746094,105.36629486083984,-211.5325469970703,5.51476484298706,5.469173431396484
173,55.439,200,6,98.72160339355469,-206.1117706298828,-82.25959014892578,-222.1385498046875,110.65672302246094,-215.5850067138672,5.499004440307617,5.45024299621582
174,55.745,200,6,98.72160339355469,-206.1117706298828,-82.25959014892578,-222.1385498046875,92.4991683959961,-210.98760986328125,5.47903154373169,5.3733038902282715
175,56.059,200,6,98.72160339355469,-206.1117706298828,-82.03312683105469,-221.8048858642578,92.42163848876953,-210.09461975097656,5.484283514022827,5.438697814941406
176,56.365,200,6,98.72160339355469,-206.1117706298828,-82.03312683105469,-221.8048858642578,108.3493423461914,-216.19215393066406,5.493248586654663,5.46185302734375
177,56.692,200,6,98.72160339355469,-206.1117706298828,-82.00389862060547,-221.5643310546875,17.319021224975586,-210.3603973388672,5.491342725753785,5.476527214050293
178,57.0,200,6,98.72160339355469,-206.1117706298828,-82.00389862060547,-221.5643310546875,19.223459243774414,-209.4870147705078,5.5023783016204835,5.385133266448975
179,57.314,200,6,98.72160339355469,-206.1117706298828,-84.60881042480469,-221.3306121826172,-69.79637145996094,-205.03392028808594,5.478027601242065,5.491097450256348
180,57.616,200,6,98.72160339355469,-206.1117706298828,-84.60881042480469,-221.3306121826172,94.86035919189453,-211.32357788085938,5.491286115646362,5.3945746421813965
181,57.942,200,6,98.72160339355469,-206.1117706298828,-85.88072204589844,-221.10462951660156,93.76020050048828,-210.23741149902344,5.50198600769043,5.530631065368652
182,58.249,200,6,98.72160339355469,-206.1117706298828,-85.88072204589844,-221.10462951660156,29.580106735229492,-210.4027557373047,5.499087448120117,5.523449897766113
183,58.561,200,6,98.72160339355469,-206.1117706298828,-84.94235229492188,-220.92677307128906,104.24283599853516,-216.61703491210938,5.484537096023559,5.370932579040527
184,58.867,200,6,98.72160339355469,-206.1117706298828,-84.94235229492188,-220.92677307128906,115.23246765136719,-216.7410430908203,5.490902757644653,5.515434265136719
185,59.187,200,6,98.72160339355469,-206.1117706298828,-84.05964660644531,-220.8387908935547,114.12435913085938,-211.2001953125,5.465977506637573,5.441779613494873
186,59.494,200,6,98.72160339355469,-206.1117706298828,-84.05964660644531,-220.8387908935547,-72.73804473876953,-204.72776794433594,5.487898845672607,5.582830905914307
187,59.809,200,6,98.72160339355469,-206.1117706298828,-82.15520477294922,-220.4813232421875,42.99319839477539,-209.4016876220703,5.492891788482666,5.589478969573975
188,60.124,200,6,98.72160339355469,-206.1117706298828,-82.15520477294922,-220.4813232421875,-61.52914810180664,-206.0503692626953,5.490129919052124,5.466405868530273
189,60.504,200,5,98.72160339355469,-206.1117706298828,-84.0865249633789,-220.025390625,-85.4073257446289,-203.50250244140625,5.4617901706695555,5.358457565307617
190,60.819,200,5,98.72160339355469,-206.1117706298828,-84.0865249633789,-220.025390625,100.56057739257812,-217.2253875732422,5.475459566116333,5.47615909576416
191,61.135,200,5,98.72160339355469,-206.1117706298828,-81.8226547241211,-219.90875244140625,132.9892120361328,-211.04177856445312,5.480180044174194,5.524356365203857
192,61.464,200,5,98.72160339355469,-206.1117706298828,-81.8226547241211,-219.90875244140625,-56.29263687133789,-204.7307586669922,5.472397203445435,5.4682183265686035
193,61.779,200,5,98.72160339355469,-206.1117706298828,-81.2073974609375,-219.83282470703125,112.03457641601562,-217.34481811523438,5.479502506256104,5.443418979644775
194,62.088,200,5,98.72160339355469,-206.1117706298828,-81.2073974609375,-219.83282470703125,103.99340057373047,-211.48251342773438,5.469678974151611,5.5298752784729
195,62.433,200,5,98.72160339355469,-206.1117706298828,-82.07996368408203,-219.7777862548828,88.79444885253906,-208.7124481201172,5.479071702957153,5.581882953643799
196,62.755,200,5,98.72160339355469,-206.1117706298828,-82.07996368408203,-219.7777862548828,-27.5153751373291,-208.26031494140625,5.455628786087036,5.342700958251953
197,63.069,200,5,98.72160339355469,-206.1117706298828,-82.7426528930664,-219.68896484375,108.52068328857422,-217.3861846923828,5.46088303565979,5.401839733123779
198,63.373,200,5,98.72160339355469,-206.1117706298828,-82.7426528930664,-219.68896484375,106.9759521484375,-209.21600341796875,5.487705163955688,5.503767967224121
199,63.791,200,5,98.72160339355469,-206.1117706298828,-83.53529357910156,-219.5701904296875,-16.970890045166016,-208.1646270751953,5.482848968505859,5.411421298980713
200,64.097,200,5,98.72160339355469,-206.1117706298828,-83.53529357910156,-219.5701904296875,114.46050262451172,-216.6940460205078,5.452396097183228,5.517937183380127
1,0.302,4,3,-31.876632690429688,-306.0784912109375,-53.90732192993164,-307.86029052734375,1.070033073425293,-16.317066192626953,6.563424491882325,6.5764617919921875
2,0.607,4,3,-31.876632690429688,-306.0784912109375,-53.90732192993164,-307.86029052734375,-7.433943748474121,-0.19239814579486847,6.5167612457275395,6.489020347595215
3,0.911,8,4,17.963821411132812,-223.9215545654297,-37.17341232299805,-267.1363525390625,-4.827914237976074,-6.235623359680176,6.069878253936768,5.962958812713623
4,1.206,8,4,17.963821411132812,-223.9215545654297,-37.17341232299805,-267.1363525390625,24.578889846801758,-228.11383056640625,6.042121515274048,6.090469837188721
5,1.509,12,4,17.963821411132812,-223.9215545654297,-57.22897720336914,-258.1578674316406,21.166839599609375,-228.08023071289062,5.968234996795655,5.957651138305664
6,1.809,12,4,17.963821411132812,-223.9215545654297,-57.22897720336914,-258.1578674316406,23.558774948120117,-228.091064453125,5.94575288772583,5.918234825134277
7,2.117,16,5,35.61983871459961,-223.9215545654297,-51.900978088378906,-252.77183532714844,-5.0472259521484375,-227.32699584960938,5.902962255477905,5.928100109100342
8,2.414,16,5,35.61983871459961,-223.9215545654297,-51.900978088378906,-252.77183532714844,-47.775115966796875,-222.94065856933594,5.879717531204224,5.842934608459473
9,2.719,20,6,73.75834655761719,-223.9215545654297,-51.94208908081055,-250.1439208984375,-30.348722457885742,-222.7542266845703,5.875589418411255,5.9159345626831055
10,3.013,20,6,73.75834655761719,-223.9215545654297,-51.94208908081055,-250.1439208984375,75.16012573242188,-239.3109588623047,5.866798658370971,5.96581506729126
11,3.331,24,6,73.75834655761719,-223.9215545654297,-46.16118240356445,-247.8170623779297,74.01859283447266,-239.1268768310547,5.832282037734985,5.764216423034668
12,3.634,24,6,73.75834655761719,-223.9215545654297,-46.16118240356445,-247.8170623779297,-40.662654876708984,-222.21034240722656,5.816655807495117,5.70512580871582
13,3.939,28,6,73.75834655761719,-223.9215545654297,-45.94638442993164,-246.968505859375,79.24948120117188,-239.76231384277344,5.81117600440979,5.805941581726074
14,4.257,28,6,73.75834655761719,-223.9215545654297,-45.94638442993164,-246.968505859375,-39.966522216796875,-221.44703674316406,5.806117086410523,5.788084983825684
15,4.569,32,6,73.75834655761719,-223.9215545654297,-51.84138870239258,-245.3412322998047,-38.79716873168945,-222.00418090820312,5.798608369827271,5.768335819244385
16,4.88,32,6,73.75834655761719,-223.9215545654297,-51.84138870239258,-245.3412322998047,55.1392822265625,-231.76461791992188,5.814374036788941,5.907010078430176
17,5.185,36,6,73.75834655761719,-223.9215545654297,-55.09415054321289,-244.75250244140625,82.17432403564453,-239.57827758789062,5.799568176269531,5.764911651611328
18,5.483,36,6,73.75834655761719,-223.9215545654297,-55.09415054321289,-244.75250244140625,69.11022186279297,-231.60780334472656,5.784067144393921,5.736761569976807
19,5.794,40,7,73.75834655761719,-223.9215545654297,-51.4263801574707,-243.7312774658203,24.21088409423828,-225.60887145996094,5.800979728698731,5.758954048156738
20,6.095,40,7,73.75834655761719,-223.9215545654297,-51.4263801574707,-243.7312774658203,-20.909366607666016,-224.40956115722656,5.782073650360108,5.759500026702881
21,6.405,44,7,73.75834655761719,-223.9215545654297,-53.78786849975586,-242.81396484375,91.80667877197266,-238.07469177246094,5.758743209838867,5.8418660163879395
22,6.707,44,7,73.75834655761719,-223.9215545654297,-53.78786849975586,-242.81396484375,-52.15296173095703,-221.84251403808594,5.775400466918946,5.809504508972168
23,7.032,48,7,73.75834655761719,-223.9215545654297,-60.94868087768555,-242.9927520751953,18.871511459350586,-227.09927368164062,5.7701740646362305,5.826801300048828
24,7.465,48,7,73.75834655761719,-223.9215545654297,-60.94868087768555,-242.9927520751953,60.8855094909668,-230.34896850585938,5.784358491897583,5.659666538238525
25,7.773,52,7,73.75834655761719,-223.9215545654297,-64.18310546875,-242.87725830078125,76.42271423339844,-238.04957580566406,5.789094295501709,5.790102958679199
26,8.073,52,7,73.75834655761719,-223.9215545654297,-64.18310546875,-242.87725830078125,8.7236909866333,-226.77252197265625,5.767009935379028,5.820743083953857
27,8.387,56,9,73.75834655761719,-223.9215545654297,-64.79637908935547,-241.79527282714844,-38.46475601196289,-223.59849548339844,5.775491256713867,5.8424482345581055
28,8.689,56,9,73.75834655761719,-223.9215545654297,-64.79637908935547,-241.79527282714844,-53.05949401855469,-221.4886474609375,5.7587683963775635,5.690356254577637
29,8.998,60,9,73.75834655761719,-223.9215545654297,-63.40800857543945,-241.32345581054688,-18.980741500854492,-226.02593994140625,5.730134887695312,5.712092876434326
30,9.3,60,9,73.75834655761719,-223.9215545654297,-63.40800857543945,-241.32345581054688,30.102087020874023,-227.8489227294922,5.754832229614258,5.786506652832031
31,9.619,64,9,73.75834655761719,-223.9215545654297,-67.66724395751953,-240.71945190429688,-31.215192794799805,-223.91595458984375,5.732329711914063,5.745221138000488
32,9.926,64,9,73.75834655761719,-223.9215545654297,-67.66724395751953,-240.71945190429688,21.827835083007812,-226.95367431640625,5.741069240570068,5.779669284820557
33,10.237,68,7,143.1173095703125,-223.9215545654297,-63.220726013183594,-240.20849609375,-47.069244384765625,-221.2637939453125,5.725903491973877,5.737104415893555
34,10.538,68,7,143.1173095703125,-223.9215545654297,-63.220726013183594,-240.20849609375,150.94439697265625,-230.0576171875,5.729861621856689,5.648714065551758
35,10.848,72,7,143.1173095703125,-223.9215545654297,-65.49191284179688,-240.36363220214844,21.27509880065918,-227.8787841796875,5.737324657440186,5.694118499755859
36,11.154,72,7,143.1173095703125,-223.9215545654297,-65.49191284179688,-240.36363220214844,-52.770843505859375,-223.61465454101562,5.745040826797485,5.714667320251465
37,11.47,76,7,143.1173095703125,-223.9215545654297,-62.95891189575195,-240.03662109375,-38.63169860839844,-223.831787109375,5.735993928909302,5.738656997680664
38,11.773,76,7,143.1173095703125,-223.9215545654297,-62.95891189575195,-240.03662109375,-48.19947052001953,-223.6148223876953,5.748842697143555,5.848932266235352
39,12.083,80,7,143.1173095703125,-223.9215545654297,-62.44812774658203,-239.82815551757812,-26.247114181518555,-226.90887451171875,5.7415745735168455,5.702254295349121
40,12.386,80,7,143.1173095703125,-223.9215545654297,-62.44812774658203,-239.82815551757812,-33.89518737792969,-222.59518432617188,5.73974196434021,5.862314701080322
41,12.704,84,7,143.1173095703125,-223.9215545654297,-61.36668014526367,-239.52587890625,172.75062561035156,-228.7149658203125,5.733647184371948,5.725468635559082
42,13.011,84,7,143.1173095703125,-223.9215545654297,-61.36668014526367,-239.52587890625,162.73118591308594,-229.88343811035156,5.739105186462402,5.685879707336426
43,13.322,88,7,143.1173095703125,-223.9215545654297,-59.46389389038086,-239.36431884765625,-2.455902099609375,-224.53775024414062,5.749052467346192,5.601978778839111
44,13.626,88,7,143.1173095703125,-223.9215545654297,-59.46389389038086,-239.36431884765625,-50.913299560546875,-223.7681884765625,5.725951118469238,5.653158187866211
45,13.941,92,7,143.1173095703125,-223.9215545654297,-62.27414321899414,-238.8751983642578,-24.2028751373291,-223.8997344970703,5.719816026687622,5.830013751983643
46,14.248,92,7,143.1173095703125,-223.9215545654297,-62.27414321899414,-238.8751983642578,-18.79461669921875,-227.29934692382812,5.7459401512146,5.812501907348633
47,14.561,96,7,143.1173095703125,-223.9215545654297,-60.97005081176758,-238.7190704345703,-49.257293701171875,-223.42364501953125,5.723124895095825,5.716281890869141
48,14.866,96,7,143.1173095703125,-223.9215545654297,-60.97005081176758,-238.7190704345703,159.64657592773438,-230.39981079101562,5.730177440643311,5.737955093383789
49,15.179,100,7,143.1173095703125,-223.9215545654297,-61.46488952636719,-238.40032958984375,-3.3404693603515625,-227.23031616210938,5.7312538433074955,5.80966854095459
50,15.48,100,7,143.1173095703125,-223.9215545654297,-61.46488952636719,-238.40032958984375,148.48013305664062,-230.23468017578125,5.72162202835083,5.685321807861328
51,15.797,104,4,143.1173095703125,-220.19642639160156,-61.206260681152344,-237.84878540039062,146.41854858398438,-229.9842071533203,5.721883354187011,5.759690761566162
52,16.108,104,4,143.1173095703125,-220.19642639160156,-61.206260681152344,-237.84878540039062,21.116418838500977,-226.73435974121094,5.696396512985229,5.601035118103027
53,16.437,108,4,143.1173095703125,-220.19642639160156,-62.27036666870117,-237.65447998046875,-17.229434967041016,-219.8473663330078,5.714725961685181,5.8459672927856445
54,16.741,108,4,143.1173095703125,-220.19642639160156,-62.27036666870117,-237.65447998046875,-17.371112823486328,-220.02243041992188,5.704291973114014,5.759085178375244
55,17.117,112,4,143.1173095703125,-220.19642639160156,-61.337501525878906,-237.4058837890625,-21.078781127929688,-219.23956298828125,5.721666603088379,5.674804210662842
56,17.422,112,4,143.1173095703125,-220.19642639160156,-61.337501525878906,-237.4058837890625,-11.120575904846191,-219.9626922607422,5.7070801639556885,5.615015029907227
57,17.734,116,4,143.1173095703125,-220.19642639160156,-62.199893951416016,-237.21994018554688,167.315673828125,-229.5001678466797,5.699020185470581,5.745377540588379
58,18.036,116,4,143.1173095703125,-220.19642639160156,-62.199893951416016,-237.21994018554688,-16.750947952270508,-218.171630859375,5.709446420669556,5.741446018218994
59,18.351,120,4,143.1173095703125,-220.19642639160156,-61.26294708251953,-237.15501403808594,22.155803680419922,-227.7638397216797,5.693771533966064,5.732410430908203
60,18.667,120,4,143.1173095703125,-220.19642639160156,-61.26294708251953,-237.15501403808594,-10.570565223693848,-219.21115112304688,5.706765384674072,5.693873405456543
61,18.981,124,4,143.1173095703125,-220.19642639160156,-63.35746383666992,-237.22378540039062,12.669726371765137,-226.88729858398438,5.708488721847534,5.711870193481445
62,19.287,124,4,143.1173095703125,-220.19642639160156,-63.35746383666992,-237.22378540039062,-1.6064954996109009,-218.7972412109375,5.68033504486084,5.71552848815918
63,19.599,128,4,143.1173095703125,-220.19642639160156,-62.829689025878906,-237.06356811523438,18.992856979370117,-226.5244140625,5.691716794967651,5.675286293029785
64,19.912,128,4,143.1173095703125,-220.19642639160156,-62.829689025878906,-237.06356811523438,144.7593536376953,-229.6290740966797,5.704029626846314,5.787425994873047
65,20.224,132,6,143.1173095703125,-218.1295166015625,-63.5989875793457,-236.6898651123047,-14.503228187561035,-218.4832763671875,5.704258823394776,5.772099494934082
66,20.527,132,6,143.1173095703125,-218.1295166015625,-63.5989875793457,-236.6898651123047,144.6165008544922,-229.30819702148438,5.700904779434204,5.670978546142578
67,20.84,136,5,143.1173095703125,-218.1295166015625,-62.38387680053711,-236.44345092773438,-74.18426513671875,-217.75933837890625,5.694493255615234,5.653810501098633
68,21.157,136,5,143.1173095703125,-218.1295166015625,-62.38387680053711,-236.44345092773438,-67.12255096435547,-217.8845672607422,5.677440195083618,5.767820835113525
69,21.47,140,5,143.1173095703125,-218.1295166015625,-61.840702056884766,-236.137939453125,146.7794647216797,-228.70103454589844,5.694870643615722,5.762563705444336
70,21.776,140,5,143.1173095703125,-218.1295166015625,-61.840702056884766,-236.137939453125,143.43785095214844,-229.21202087402344,5.6786893939971925,5.744194984436035
71,22.09,144,5,143.1173095703125,-218.1295166015625,-62.0751953125,-235.82676696777344,-1.0386625528335571,-221.54180908203125,5.703006181716919,5.821275234222412
72,22.41,144,5,143.1173095703125,-218.1295166015625,-62.0751953125,-235.82676696777344,-11.691003799438477,-222.42662048339844,5.678626136779785,5.718075752258301
73,22.725,148,5,143.1173095703125,-218.1295166015625,-59.94504928588867,-235.7685089111328,171.5225067138672,-229.4603729248047,5.684752702713013,5.681270599365234
74,23.028,148,5,143.1173095703125,-218.1295166015625,-59.94504928588867,-235.7685089111328,179.48141479492188,-229.76675415039062,5.686495409011841,5.6742448806762695
75,23.342,152,5,143.1173095703125,-218.1295166015625,-61.101741790771484,-235.73114013671875,158.841796875,-230.1294708251953,5.69494812965393,5.5481038093566895
76,23.654,152,5,143.1173095703125,-218.1295166015625,-61.101741790771484,-235.73114013671875,-68.79322814941406,-217.51280212402344,5.706973495483399,5.761537551879883
77,23.969,156,6,143.1173095703125,-218.1295166015625,-61.4208984375,-235.5096435546875,75.34380340576172,-226.45901489257812,5.688157119750977,5.818514823913574
78,24.275,156,6,143.1173095703125,-218.1295166015625,-61.4208984375,-235.5096435546875,-54.18839645385742,-217.64329528808594,5.662547388076782,5.699239730834961
79,24.588,160,6,143.1173095703125,-218.1295166015625,-60.6608772277832,-235.3928680419922,1.775369644165039,-221.45169067382812,5.697912483215332,5.749654769897461
80,24.909,160,6,143.1173095703125,-218.1295166015625,-60.6608772277832,-235.3928680419922,-79.39319610595703,-217.92898559570312,5.662174844741822,5.616840839385986
81,25.229,164,6,143.1173095703125,-218.1295166015625,-60.72420883178711,-235.2716064453125,18.2244930267334,-215.5888671875,5.6878814601898195,5.664273262023926
82,25.534,164,6,143.1173095703125,-218.1295166015625,-60.72420883178711,-235.2716064453125,156.77169799804688,-229.44696044921875,5.688366556167603,5.6956586837768555
83,25.846,168,6,143.1173095703125,-218.1295166015625,-61.5594482421875,-235.0464630126953,13.602862358093262,-224.61349487304688,5.705395050048828,5.782256603240967
84,26.275,168,6,143.1173095703125,-218.1295166015625,-61.5594482421875,-235.0464630126953,148.7064971923828,-229.47067260742188,5.677000122070313,5.689082622528076
85,26.604,172,5,143.1173095703125,-218.1295166015625,-61.47837448120117,-234.7953338623047,-69.6005859375,-216.68734741210938,5.661614608764649,5.5999436378479
86,26.927,172,5,143.1173095703125,-218.1295166015625,-61.47837448120117,-234.7953338623047,28.191486358642578,-221.65789794921875,5.667893228530883,5.65179443359375
87,27.249,176,5,143.1173095703125,-218.1295166015625,-62.939453125,-234.83895874023438,74.3294677734375,-225.32432556152344,5.690006408691406,5.637451171875
88,27.561,176,5,143.1173095703125,-218.1295166015625,-62.939453125,-234.83895874023438,-64.87847900390625,-216.8209991455078,5.651877946853638,5.708148002624512
89,27.875,180,5,143.1173095703125,-218.1295166015625,-60.86308670043945,-234.83006286621094,173.77999877929688,-228.6940155029297,5.6787466621398925,5.745537757873535
90,28.181,180,5,143.1173095703125,-218.1295166015625,-60.86308670043945,-234.83006286621094,154.7974853515625,-229.67138671875,5.6703940105438235,5.556571006774902
91,28.505,184,5,143.1173095703125,-218.1295166015625,-62.723304748535156,-234.6991729736328,15.665204048156738,-221.50662231445312,5.674635372161865,5.776037216186523
92,28.843,184,5,143.1173095703125,-218.1295166015625,-62.723304748535156,-234.6991729736328,-71.9599380493164,-216.06809997558594,5.673955984115601,5.634798526763916
93,29.157,188,5,143.1173095703125,-218.1295166015625,-63.736122131347656,-234.58888244628906,99.71955871582031,-225.50262451171875,5.687757425308227,5.607665538787842
94,29.461,188,5,143.1173095703125,-218.1295166015625,-63.736122131347656,-234.58888244628906,-15.437191009521484,-219.0716094970703,5.656587562561035,5.671992301940918
95,29.78,192,5,143.1173095703125,-218.1295166015625,-63.495365142822266,-234.455322265625,-18.272329330444336,-219.16700744628906,5.666455316543579,5.761665344238281
96,30.09,192,5,143.1173095703125,-218.1295166015625,-63.495365142822266,-234.455322265625,149.42990112304688,-229.6429901123047,5.688678884506226,5.763339042663574
97,30.404,196,5,143.1173095703125,-218.1295166015625,-63.989906311035156,-234.31130981445312,164.1696319580078,-230.21755981445312,5.6671858978271485,5.654331207275391
98,30.711,196,5,143.1173095703125,-218.1295166015625,-63.989906311035156,-234.31130981445312,180.28939819335938,-230.48960876464844,5.671888284683227,5.647724628448486
99,31.025,200,5,143.1173095703125,-218.1295166015625,-64.12238311767578,-234.0880126953125,-59.632991790771484,-217.88006591796875,5.66830732345581,5.665336608886719
100,31.337,200,5,143.1173095703125,-218.1295166015625,-64.12238311767578,-234.0880126953125,0.8229899406433105,-220.00624084472656,5.672523040771484,5.771126747131348
101,31.653,200,5,143.1173095703125,-218.1295166015625,-63.91401672363281,-232.44195556640625,-74.87309265136719,-216.3619384765625,5.633984861373901,5.581488609313965
102,31.961,200,5,143.1173095703125,-218.1295166015625,-63.91401672363281,-232.44195556640625,-3.561152696609497,-219.9503936767578,5.643565864562988,5.563534736633301
103,32.279,200,5,143.1173095703125,-218.1295166015625,-64.6808853149414,-232.3836669921875,-17.62765121459961,-219.99607849121094,5.668540420532227,5.687046051025391
104,32.59,200,5,143.1173095703125,-218.1295166015625,-64.6808853149414,-232.3836669921875,16.920238494873047,-219.4568634033203,5.647117347717285,5.67987585067749
105,32.907,200,6,143.1173095703125,-218.1295166015625,-63.80339813232422,-232.07769775390625,-66.26300048828125,-216.1788787841797,5.633306961059571,5.677265167236328
106,33.213,200,6,143.1173095703125,-218.1295166015625,-63.80339813232422,-232.07769775390625,-79.6136703491211,-217.97132873535156,5.649662933349609,5.578792572021484
107,33.53,200,6,143.1173095703125,-218.1295166015625,-64.2839584350586,-231.8662872314453,-84.07235717773438,-218.02407836914062,5.62378529548645,5.685459136962891
108,33.848,200,6,143.1173095703125,-218.1295166015625,-64.2839584350586,-231.8662872314453,144.6673126220703,-230.0477752685547,5.604667882919312,5.526632785797119
109,34.163,200,6,143.1173095703125,-218.1295166015625,-65.33444213867188,-231.55836486816406,144.39071655273438,-230.0186767578125,5.63274510383606,5.498671531677246
110,34.469,200,6,143.1173095703125,-218.1295166015625,-65.33444213867188,-231.55836486816406,156.90634155273438,-230.26492309570312,5.643133239746094,5.589046478271484
111,34.816,200,7,143.1173095703125,-216.42678833007812,-68.39275360107422,-231.25848388671875,29.615510940551758,-220.11782836914062,5.611616697311401,5.551495552062988
112,35.193,200,7,143.1173095703125,-216.42678833007812,-68.39275360107422,-231.25848388671875,63.62569808959961,-226.47525024414062,5.626463661193847,5.6309661865234375
113,35.507,200,7,143.1173095703125,-216.42678833007812,-68.8529281616211,-230.9512176513672,74.95954895019531,-224.445556640625,5.62048342704773,5.543743133544922
114,35.812,200,7,143.1173095703125,-216.42678833007812,-68.8529281616211,-230.9512176513672,154.53903198242188,-228.16439819335938,5.637931385040283,5.788109302520752
115,36.133,200,7,143.1173095703125,-216.42678833007812,-68.89266967773438,-230.79107666015625,91.86485290527344,-226.1444854736328,5.620230569839477,5.530350685119629
116,36.439,200,7,143.1173095703125,-216.42678833007812,-68.89266967773438,-230.79107666015625,-128.5998077392578,-214.89170837402344,5.605468873977661,5.563998699188232
117,36.817,200,8,143.1173095703125,-216.42678833007812,-70.1575698852539,-230.4237823486328,-120.97266387939453,-216.27330017089844,5.605629348754883,5.548288345336914
118,37.127,200,8,143.1173095703125,-216.42678833007812,-70.1575698852539,-230.4237823486328,-166.9104461669922,-215.1500701904297,5.602878227233886,5.638248443603516
119,37.448,200,8,143.1173095703125,-216.42678833007812,-70.2594223022461,-230.23597717285156,80.15805053710938,-223.73289489746094,5.602754812240601,5.703114986419678
120,37.755,200,8,143.1173095703125,-216.42678833007812,-70.2594223022461,-230.23597717285156,56.467586517333984,-223.1802215576172,5.620024242401123,5.682614326477051
121,38.07,200,8,143.1173095703125,-216.42678833007812,-70.99781799316406,-230.03956604003906,0.5939977765083313,-218.24160766601562,5.61281641960144,5.735790252685547
122,38.378,200,8,143.1173095703125,-216.42678833007812,-70.99781799316406,-230.03956604003906,146.5765380859375,-229.72409057617188,5.601066017150879,5.674283981323242
123,38.702,200,8,143.1173095703125,-216.42678833007812,-69.03691864013672,-229.64398193359375,182.55197143554688,-229.7153778076172,5.6039089107513425,5.533336162567139
124,39.005,200,8,143.1173095703125,-216.42678833007812,-69.03691864013672,-229.64398193359375,-99.93767547607422,-216.83953857421875,5.621030445098877,5.522458553314209
125,39.32,200,9,143.1173095703125,-216.42678833007812,-68.42375183105469,-229.2520294189453,87.62521362304688,-226.87545776367188,5.60732063293457,5.807450294494629
126,39.629,200,9,143.1173095703125,-216.42678833007812,-68.42375183105469,-229.2520294189453,34.76764678955078,-219.650390625,5.606044225692749,5.512594699859619
127,39.95,200,9,143.1173095703125,-216.42678833007812,-67.51286315917969,-229.17723083496094,-78.13800811767578,-218.96856689453125,5.607025947570801,5.579164028167725
128,40.257,200,9,143.1173095703125,-216.42678833007812,-67.51286315917969,-229.17723083496094,-150.3974609375,-216.08541870117188,5.602848110198974,5.693785667419434
129,40.571,200,9,143.1173095703125,-216.42678833007812,-69.57919311523438,-228.94386291503906,36.59857177734375,-222.44677734375,5.597711811065674,5.56356954574585
130,40.88,200,9,143.1173095703125,-216.42678833007812,-69.57919311523438,-228.94386291503906,143.75830078125,-227.3069305419922,5.59313928604126,5.5550031661987305
131,41.203,200,10,143.1173095703125,-216.42678833007812,-70.52310180664062,-228.69810485839844,-140.64341735839844,-216.39517211914062,5.612206649780274,5.698026657104492
132,41.513,200,10,143.1173095703125,-216.42678833007812,-70.52310180664062,-228.69810485839844,66.950439453125,-225.62252807617188,5.592102088928223,5.472072124481201
133,41.827,200,4,98.72160339355469,-211.11264038085938,-71.63805389404297,-228.3760986328125,-129.17477416992188,-214.81918334960938,5.580590724945068,5.588846683502197
134,42.135,200,4,98.72160339355469,-211.11264038085938,-71.63805389404297,-228.3760986328125,116.64395141601562,-217.71372985839844,5.588475971221924,5.570062637329102
135,42.459,200,4,98.72160339355469,-211.11264038085938,-71.73591613769531,-227.88499450683594,17.708894729614258,-217.61207580566406,5.59299859046936,5.499499797821045
136,42.766,200,4,98.72160339355469,-211.11264038085938,-71.73591613769531,-227.88499450683594,-105.08712005615234,-209.6803436279297,5.591076650619507,5.440271377563477
137,43.08,200,4,98.72160339355469,-211.11264038085938,-73.29119873046875,-227.58651733398438,-34.26087951660156,-215.09071350097656,5.607172164916992,5.686689853668213
138,43.386,200,4,98.72160339355469,-211.11264038085938,-73.29119873046875,-227.58651733398438,115.59494018554688,-217.57296752929688,5.5789003086090085,5.508332252502441
139,43.706,200,4,98.72160339355469,-211.11264038085938,-72.77144622802734,-227.34332275390625,126.6703872680664,-217.47787475585938,5.582060031890869,5.639233589172363
140,44.014,200,4,98.72160339355469,-211.11264038085938,-72.77144622802734,-227.34332275390625,127.79907989501953,-217.84182739257812,5.588478946685791,5.58683967590332
141,44.332,200,5,98.72160339355469,-211.11264038085938,-73.81254577636719,-227.03411865234375,9.662915229797363,-217.30783081054688,5.576169500350952,5.68107795715332
142,44.64,200,5,98.72160339355469,-211.11264038085938,-73.81254577636719,-227.03411865234375,109.38822174072266,-217.47930908203125,5.572380180358887,5.499189853668213
143,44.968,200,5,98.72160339355469,-211.11264038085938,-75.6905288696289,-226.70668029785156,104.40524291992188,-216.7329864501953,5.586062450408935,5.523848533630371
144,45.276,200,5,98.72160339355469,-211.11264038085938,-75.6905288696289,-226.70668029785156,-104.58625793457031,-212.94769287109375,5.5615948295593265,5.5064849853515625
145,45.591,200,3,98.72160339355469,-210.12171936035156,-74.1898422241211,-226.42747497558594,-0.0007081028888933361,-213.01473999023438,5.579468364715576,5.603760242462158
146,45.896,200,3,98.72160339355469,-210.12171936035156,-74.1898422241211,-226.42747497558594,9.416144371032715,-217.5138397216797,5.570233411788941,5.69965124130249
147,46.218,200,3,98.72160339355469,-210.12171936035156,-75.76763153076172,-226.01107788085938,-28.267459869384766,-209.69223022460938,5.550712051391602,5.589147567749023
148,46.525,200,3,98.72160339355469,-210.12171936035156,-75.76763153076172,-226.01107788085938,-8.931808471679688,-217.14341735839844,5.57972264289856,5.641444206237793
149,46.841,200,4,98.72160339355469,-206.1117706298828,-75.50424194335938,-225.61163330078125,-13.044902801513672,-209.12550354003906,5.537921323776245,5.552159786224365
150,47.148,200,4,98.72160339355469,-206.1117706298828,-75.50424194335938,-225.61163330078125,128.21763610839844,-217.5451202392578,5.563114271163941,5.64287805557251
151,47.491,200,4,98.72160339355469,-206.1117706298828,-76.1628189086914,-225.57371520996094,121.01441955566406,-217.09490966796875,5.562225284576416,5.460666656494141
152,47.885,200,4,98.72160339355469,-206.1117706298828,-76.1628189086914,-225.57371520996094,-69.23894500732422,-204.144287109375,5.557507476806641,5.617826461791992
153,48.246,200,4,98.72160339355469,-206.1117706298828,-76.0999755859375,-225.36505126953125,10.938129425048828,-210.2021026611328,5.551920175552368,5.509780406951904
154,48.552,200,4,98.72160339355469,-206.1117706298828,-76.0999755859375,-225.36505126953125,46.01129150390625,-210.3095703125,5.54714898109436,5.686439514160156
155,48.899,200,4,98.72160339355469,-206.1117706298828,-76.6756591796875,-224.96612548828125,-85.2861328125,-204.33851623535156,5.527286148071289,5.595041275024414
156,49.222,200,4,98.72160339355469,-206.1117706298828,-76.6756591796875,-224.96612548828125,111.15629577636719,-216.74578857421875,5.562945966720581,5.553876876831055
157,49.535,200,4,98.72160339355469,-206.1117706298828,-77.07575988769531,-224.6835479736328,-4.119632244110107,-209.29727172851562,5.524923791885376,5.597546577453613
158,49.84,200,4,98.72160339355469,-206.1117706298828,-77.07575988769531,-224.6835479736328,122.18692016601562,-217.0004119873047,5.537861089706421,5.790218830108643
159,50.163,200,4,98.72160339355469,-206.1117706298828,-78.6504898071289,-224.34799194335938,30.41087532043457,-209.98291015625,5.552356472015381,5.514301300048828
160,50.47,200,4,98.72160339355469,-206.1117706298828,-78.6504898071289,-224.34799194335938,-27.245899200439453,-209.8342742919922,5.537958240509033,5.692431926727295
161,50.787,200,5,98.72160339355469,-206.1117706298828,-76.0845947265625,-223.82029724121094,-74.59260559082031,-206.04176330566406,5.539388160705567,5.562076568603516
162,51.094,200,5,98.72160339355469,-206.1117706298828,-76.0845947265625,-223.82029724121094,106.78411102294922,-215.34532165527344,5.522956981658935,5.473057746887207
163,51.417,200,5,98.72160339355469,-206.1117706298828,-77.5208969116211,-223.53074645996094,100.17173767089844,-215.62997436523438,5.513067674636841,5.579250812530518
164,51.724,200,5,98.72160339355469,-206.1117706298828,-77.5208969116211,-223.53074645996094,-3.239607810974121,-209.7535858154297,5.545270881652832,5.426641464233398
165,52.038,200,5,98.72160339355469,-206.1117706298828,-78.52252197265625,-223.30288696289062,114.9294662475586,-217.4058074951172,5.526723642349243,5.630937576293945
166,52.346,200,5,98.72160339355469,-206.1117706298828,-78.52252197265625,-223.30288696289062,112.59417724609375,-217.33670043945312,5.526301040649414,5.499731063842773
167,52.669,200,6,98.72160339355469,-206.1117706298828,-79.04313659667969,-222.93589782714844,-81.24042510986328,-205.39158630371094,5.515660238265991,5.426212310791016
168,52.975,200,6,98.72160339355469,-206.1117706298828,-79.04313659667969,-222.93589782714844,110.9858169555664,-215.5264892578125,5.52823260307312,5.615890979766846
169,53.291,200,6,98.72160339355469,-206.1117706298828,-80.01258087158203,-222.65750122070312,-79.27098846435547,-204.9460906982422,5.504611644744873,5.400523662567139
170,53.601,200,6,98.72160339355469,-206.1117706298828,-80.01258087158203,-222.65750122070312,-88.40242004394531,-206.0834503173828,5.512323713302612,5.5622124671936035
171,53.923,200,6,98.72160339355469,-206.1117706298828,-80.5457534790039,-222.40086364746094,-79.19413757324219,-204.67999267578125,5.5091366195678715,5.4720025062561035
172,54.232,200,6,98.72160339355469,-206.1117706298828,-80.5457534790039,-222.40086364746094,105.36629486083984,-211.5325469970703,5.51476484298706,5.469173431396484
173,54.546,200,6,98.72160339355469,-206.1117706298828,-82.25959014892578,-222.1385498046875,110.65672302246094,-215.5850067138672,5.499004440307617,5.45024299621582
174,54.857,200,6,98.72160339355469,-206.1117706298828,-82.25959014892578,-222.1385498046875,92.4991683959961,-210.98760986328125,5.47903154373169,5.3733038902282715
175,55.185,200,6,98.72160339355469,-206.1117706298828,-82.03312683105469,-221.8048858642578,92.42163848876953,-210.09461975097656,5.484283514022827,5.438697814941406
176,55.492,200,6,98.72160339355469,-206.1117706298828,-82.03312683105469,-221.8048858642578,108.3493423461914,-216.19215393066406,5.493248586654663,5.46185302734375
177,55.807,200,6,98.72160339355469,-206.1117706298828,-82.00389862060547,-221.5643310546875,17.319021224975586,-210.3603973388672,5.491342725753785,5.476527214050293
178,56.113,200,6,98.72160339355469,-206.1117706298828,-82.00389862060547,-221.5643310546875,19.223459243774414,-209.4870147705078,5.5023783016204835,5.385133266448975
179,56.44,200,6,98.72160339355469,-206.1117706298828,-84.60881042480469,-221.3306121826172,-69.79637145996094,-205.03392028808594,5.478027601242065,5.491097450256348
180,56.746,200,6,98.72160339355469,-206.1117706298828,-84.60881042480469,-221.3306121826172,94.86035919189453,-211.32357788085938,5.491286115646362,5.3945746421813965
181,57.061,200,6,98.72160339355469,-206.1117706298828,-85.88072204589844,-221.10462951660156,93.76020050048828,-210.23741149902344,5.50198600769043,5.530631065368652
182,57.369,200,6,98.72160339355469,-206.1117706298828,-85.88072204589844,-221.10462951660156,29.580106735229492,-210.4027557373047,5.499087448120117,5.523449897766113
183,57.692,200,6,98.72160339355469,-206.1117706298828,-84.94235229492188,-220.92677307128906,104.24283599853516,-216.61703491210938,5.484537096023559,5.370932579040527
184,57.998,200,6,98.72160339355469,-206.1117706298828,-84.94235229492188,-220.92677307128906,115.23246765136719,-216.7410430908203,5.490902757644653,5.515434265136719
185,58.313,200,6,98.72160339355469,-206.1117706298828,-84.05964660644531,-220.8387908935547,114.12435913085938,-211.2001953125,5.465977506637573,5.441779613494873
186,58.622,200,6,98.72160339355469,-206.1117706298828,-84.05964660644531,-220.8387908935547,-72.73804473876953,-204.72776794433594,5.487898845672607,5.582830905914307
187,58.954,200,6,98.72160339355469,-206.1117706298828,-82.15520477294922,-220.4813232421875,42.99319839477539,-209.4016876220703,5.492891788482666,5.589478969573975
188,59.262,200,6,98.72160339355469,-206.1117706298828,-82.15520477294922,-220.4813232421875,-61.52914810180664,-206.0503692626953,5.490129919052124,5.466405868530273
189,59.643,200,5,98.72160339355469,-206.1117706298828,-84.0865249633789,-220.025390625,-85.4073257446289,-203.50250244140625,5.4617901706695555,5.358457565307617
190,59.955,200,5,98.72160339355469,-206.1117706298828,-84.0865249633789,-220.025390625,100.56057739257812,-217.2253875732422,5.475459566116333,5.47615909576416
191,60.272,200,5,98.72160339355469,-206.1117706298828,-81.8226547241211,-219.90875244140625,132.9892120361328,-211.04177856445312,5.480180044174194,5.524356365203857
192,60.582,200,5,98.72160339355469,-206.1117706298828,-81.8226547241211,-219.90875244140625,-56.29263687133789,-204.7307586669922,5.472397203445435,5.4682183265686035
193,60.897,200,5,98.72160339355469,-206.1117706298828,-81.2073974609375,-219.83282470703125,112.03457641601562,-217.34481811523438,5.479502506256104,5.443418979644775
194,61.215,200,5,98.72160339355469,-206.1117706298828,-81.2073974609375,-219.83282470703125,103.99340057373047,-211.48251342773438,5.469678974151611,5.5298752784729
195,61.529,200,5,98.72160339355469,-206.1117706298828,-82.07996368408203,-219.7777862548828,88.79444885253906,-208.7124481201172,5.479071702957153,5.581882953643799
196,61.834,200,5,98.72160339355469,-206.1117706298828,-82.07996368408203,-219.7777862548828,-27.5153751373291,-208.26031494140625,5.455628786087036,5.342700958251953
197,62.148,200,5,98.72160339355469,-206.1117706298828,-82.7426528930664,-219.68896484375,108.52068328857422,-217.3861846923828,5.46088303565979,5.401839733123779
198,62.461,200,5,98.72160339355469,-206.1117706298828,-82.7426528930664,-219.68896484375,106.9759521484375,-209.21600341796875,5.487705163955688,5.503767967224121
199,62.778,200,5,98.72160339355469,-206.1117706298828,-83.53529357910156,-219.5701904296875,-16.970890045166016,-208.1646270751953,5.482848968505859,5.411421298980713
200,63.084,200,5,98.72160339355469,-206.1117706298828,-83.53529357910156,-219.5701904296875,114.46050262451172,-216.6940460205078,5.452396097183228,5.517937183380127
1,0.308,4,3,-31.876632690429688,-306.0784912109375,-53.90732192993164,-307.86029052734375,1.070033073425293,-16.317066192626953,6.563424491882325,6.5764617919921875
2,0.63,4,3,-31.876632690429688,-306.0784912109375,-53.90732192993164,-307.86029052734375,-7.433943748474121,-0.19239814579486847,6.5167612457275395,6.489020347595215
3,0.946,8,4,17.963821411132812,-223.9215545654297,-37.17341232299805,-267.1363525390625,-4.827914237976074,-6.235623359680176,6.069878253936768,5.962958812713623
4,1.244,8,4,17.963821411132812,-223.9215545654297,-37.17341232299805,-267.1363525390625,24.578889846801758,-228.11383056640625,6.042121515274048,6.090469837188721
5,1.547,12,4,17.963821411132812,-223.9215545654297,-57.22897720336914,-258.1578674316406,21.166839599609375,-228.08023071289062,5.968234996795655,5.957651138305664
6,1.844,12,4,17.963821411132812,-223.9215545654297,-57.22897720336914,-258.1578674316406,23.558774948120117,-228.091064453125,5.94575288772583,5.918234825134277
7,2.157,16,5,35.61983871459961,-223.9215545654297,-51.900978088378906,-252.77183532714844,-5.0472259521484375,-227.32699584960938,5.902962255477905,5.928100109100342
8,2.454,16,5,35.61983871459961,-223.9215545654297,-51.900978088378906,-252.77183532714844,-47.775115966796875,-222.94065856933594,5.879717531204224,5.842934608459473
9,2.758,20,6,73.75834655761719,-223.9215545654297,-51.94208908081055,-250.1439208984375,-30.348722457885742,-222.7542266845703,5.875589418411255,5.9159345626831055
10,3.056,20,6,73.75834655761719,-223.9215545654297,-51.94208908081055,-250.1439208984375,75.16012573242188,-239.3109588623047,5.866798658370971,5.96581506729126
11,3.361,24,6,73.75834655761719,-223.9215545654297,-46.16118240356445,-247.8170623779297,74.01859283447266,-239.1268768310547,5.832282037734985,5.764216423034668
12,3.665,24,6,73.75834655761719,-223.9215545654297,-46.16118240356445,-247.8170623779297,-40.662654876708984,-222.21034240722656,5.816655807495117,5.70512580871582
13,3.971,28,6,73.75834655761719,-223.9215545654297,-45.94638442993164,-246.968505859375,79.24948120117188,-239.76231384277344,5.81117600440979,5.805941581726074
14,4.27,28,6,73.75834655761719,-223.9215545654297,-45.94638442993164,-246.968505859375,-39.966522216796875,-221.44703674316406,5.806117086410523,5.788084983825684
15,4.586,32,6,73.75834655761719,-223.9215545654297,-51.84138870239258,-245.3412322998047,-38.79716873168945,-222.00418090820312,5.798608369827271,5.768335819244385
16,4.879,32,6,73.75834655761719,-223.9215545654297,-51.84138870239258,-245.3412322998047,55.1392822265625,-231.76461791992188,5.814374036788941,5.907010078430176
17,5.188,36,6,73.75834655761719,-223.9215545654297,-55.09415054321289,-244.75250244140625,82.17432403564453,-239.57827758789062,5.799568176269531,5.764911651611328
18,5.488,36,6,73.75834655761719,-223.9215545654297,-55.09415054321289,-244.75250244140625,69.11022186279297,-231.60780334472656,5.784067144393921,5.736761569976807
19,5.795,40,7,73.75834655761719,-223.9215545654297,-51.4263801574707,-243.7312774658203,24.21088409423828,-225.60887145996094,5.800979728698731,5.758954048156738
20,6.096,40,7,73.75834655761719,-223.9215545654297,-51.4263801574707,-243.7312774658203,-20.909366607666016,-224.40956115722656,5.782073650360108,5.759500026702881
21,6.405,44,7,73.75834655761719,-223.9215545654297,-53.78786849975586,-242.81396484375,91.80667877197266,-238.07469177246094,5.758743209838867,5.8418660163879395
22,6.708,44,7,73.75834655761719,-223.9215545654297,-53.78786849975586,-242.81396484375,-52.15296173095703,-221.84251403808594,5.775400466918946,5.809504508972168
23,7.044,48,7,73.75834655761719,-223.9215545654297,-60.94868087768555,-242.9927520751953,18.871511459350586,-227.09927368164062,5.7701740646362305,5.826801300048828
24,7.354,48,7,73.75834655761719,-223.9215545654297,-60.94868087768555,-242.9927520751953,60.8855094909668,-230.34896850585938,5.784358491897583,5.659666538238525
25,7.666,52,7,73.75834655761719,-223.9215545654297,-64.18310546875,-242.87725830078125,76.42271423339844,-238.04957580566406,5.789094295501709,5.790102958679199
26,7.973,52,7,73.75834655761719,-223.9215545654297,-64.18310546875,-242.87725830078125,8.7236909866333,-226.77252197265625,5.767009935379028,5.820743083953857
27,8.286,56,9,73.75834655761719,-223.9215545654297,-64.79637908935547,-241.79527282714844,-38.46475601196289,-223.59849548339844,5.775491256713867,5.8424482345581055
28,8.589,56,9,73.75834655761719,-223.9215545654297,-64.79637908935547,-241.79527282714844,-53.05949401855469,-221.4886474609375,5.7587683963775635,5.690356254577637
29,8.901,60,9,73.75834655761719,-223.9215545654297,-63.40800857543945,-241.32345581054688,-18.980741500854492,-226.02593994140625,5.730134887695312,5.712092876434326
30,9.203,60,9,73.75834655761719,-223.9215545654297,-63.40800857543945,-241.32345581054688,30.102087020874023,-227.8489227294922,5.754832229614258,5.786506652832031
31,9.519,64,9,73.75834655761719,-223.9215545654297,-67.66724395751953,-240.71945190429688,-31.215192794799805,-223.91595458984375,5.732329711914063,5.745221138000488
32,9.842,64,9,73.75834655761719,-223.9215545654297,-67.66724395751953,-240.71945190429688,21.827835083007812,-226.95367431640625,5.741069240570068,5.779669284820557
33,10.189,68,7,143.1173095703125,-223.9215545654297,-63.220726013183594,-240.20849609375,-47.069244384765625,-221.2637939453125,5.725903491973877,5.737104415893555
34,10.504,68,7,143.1173095703125,-223.9215545654297,-63.220726013183594,-240.20849609375,150.94439697265625,-230.0576171875,5.729861621856689,5.648714065551758
35,10.851,72,7,143.1173095703125,-223.9215545654297,-65.49191284179688,-240.36363220214844,21.27509880065918,-227.8787841796875,5.737324657440186,5.694118499755859
36,11.161,72,7,143.1173095703125,-223.9215545654297,-65.49191284179688,-240.36363220214844,-52.770843505859375,-223.61465454101562,5.745040826797485,5.714667320251465
37,11.471,76,7,143.1173095703125,-223.9215545654297,-62.95891189575195,-240.03662109375,-38.63169860839844,-223.831787109375,5.735993928909302,5.738656997680664
38,11.775,76,7,143.1173095703125,-223.9215545654297,-62.95891189575195,-240.03662109375,-48.19947052001953,-223.6148223876953,5.748842697143555,5.848932266235352
39,12.105,80,7,143.1173095703125,-223.9215545654297,-62.44812774658203,-239.82815551757812,-26.247114181518555,-226.90887451171875,5.7415745735168455,5.702254295349121
40,12.408,80,7,143.1173095703125,-223.9215545654297,-62.44812774658203,-239.82815551757812,-33.89518737792969,-222.59518432617188,5.73974196434021,5.862314701080322
41,12.721,84,7,143.1173095703125,-223.9215545654297,-61.36668014526367,-239.52587890625,172.75062561035156,-228.7149658203125,5.733647184371948,5.725468635559082
42,13.024,84,7,143.1173095703125,-223.9215545654297,-61.36668014526367,-239.52587890625,162.73118591308594,-229.88343811035156,5.739105186462402,5.685879707336426
43,13.334,88,7,143.1173095703125,-223.9215545654297,-59.46389389038086,-239.36431884765625,-2.455902099609375,-224.53775024414062,5.749052467346192,5.601978778839111
44,13.637,88,7,143.1173095703125,-223.9215545654297,-59.46389389038086,-239.36431884765625,-50.913299560546875,-223.7681884765625,5.725951118469238,5.653158187866211
45,13.947,92,7,143.1173095703125,-223.9215545654297,-62.27414321899414,-238.8751983642578,-24.2028751373291,-223.8997344970703,5.719816026687622,5.830013751983643
46,14.251,92,7,143.1173095703125,-223.9215545654297,-62.27414321899414,-238.8751983642578,-18.79461669921875,-227.29934692382812,5.7459401512146,5.812501907348633
47,14.561,96,7,143.1173095703125,-223.9215545654297,-60.97005081176758,-238.7190704345703,-49.257293701171875,-223.42364501953125,5.723124895095825,5.716281890869141
48,14.865,96,7,143.1173095703125,-223.9215545654297,-60.97005081176758,-238.7190704345703,159.64657592773438,-230.39981079101562,5.730177440643311,5.737955093383789
49,15.176,100,7,143.1173095703125,-223.9215545654297,-61.46488952636719,-238.40032958984375,-3.3404693603515625,-227.23031616210938,5.7312538433074955,5.80966854095459
50,15.479,100,7,143.1173095703125,-223.9215545654297,-61.46488952636719,-238.40032958984375,148.48013305664062,-230.23468017578125,5.72162202835083,5.685321807861328
51,15.792,104,4,143.1173095703125,-220.19642639160156,-61.206260681152344,-237.84878540039062,146.41854858398438,-229.9842071533203,5.721883354187011,5.759690761566162
52,16.095,104,4,143.1173095703125,-220.19642639160156,-61.206260681152344,-237.84878540039062,21.116418838500977,-226.73435974121094,5.696396512985229,5.601035118103027
53,16.412,108,4,143.1173095703125,-220.19642639160156,-62.27036666870117,-237.65447998046875,-17.229434967041016,-219.8473663330078,5.714725961685181,5.8459672927856445
54,16.716,108,4,143.1173095703125,-220.19642639160156,-62.27036666870117,-237.65447998046875,-17.371112823486328,-220.02243041992188,5.704291973114014,5.759085178375244
55,17.098,112,4,143.1173095703125,-220.19642639160156,-61.337501525878906,-237.4058837890625,-21.078781127929688,-219.23956298828125,5.721666603088379,5.674804210662842
56,17.41,112,4,143.1173095703125,-220.19642639160156,-61.337501525878906,-237.4058837890625,-11.120575904846191,-219.9626922607422,5.7070801639556885,5.615015029907227
57,17.73,116,4,143.1173095703125,-220.19642639160156,-62.199893951416016,-237.21994018554688,167.315673828125,-229.5001678466797,5.699020185470581,5.745377540588379
58,18.044,116,4,143.1173095703125,-220.19642639160156,-62.199893951416016,-237.21994018554688,-16.750947952270508,-218.171630859375,5.709446420669556,5.741446018218994
59,18.361,120,4,143.1173095703125,-220.19642639160156,-61.26294708251953,-237.15501403808594,22.155803680419922,-227.7638397216797,5.693771533966064,5.732410430908203
60,18.673,120,4,143.1173095703125,-220.19642639160156,-61.26294708251953,-237.15501403808594,-10.570565223693848,-219.21115112304688,5.706765384674072,5.693873405456543
61,18.988,124,4,143.1173095703125,-220.19642639160156,-63.35746383666992,-237.22378540039062,12.669726371765137,-226.88729858398438,5.708488721847534,5.711870193481445
62,19.3,124,4,143.1173095703125,-220.19642639160156,-63.35746383666992,-237.22378540039062,-1.6064954996109009,-218.7972412109375,5.68033504486084,5.71552848815918
63,19.618,128,4,143.1173095703125,-220.19642639160156,-62.829689025878906,-237.06356811523438,18.992856979370117,-226.5244140625,5.691716794967651,5.675286293029785
64,19.923,128,4,143.1173095703125,-220.19642639160156,-62.829689025878906,-237.06356811523438,144.7593536376953,-229.6290740966797,5.704029626846314,5.787425994873047
65,20.276,132,6,143.1173095703125,-218.1295166015625,-63.5989875793457,-236.6898651123047,-14.503228187561035,-218.4832763671875,5.704258823394776,5.772099494934082
66,20.629,132,6,143.1173095703125,-218.1295166015625,-63.5989875793457,-236.6898651123047,144.6165008544922,-229.30819702148438,5.700904779434204,5.670978546142578
67,20.978,136,5,143.1173095703125,-218.1295166015625,-62.38387680053711,-236.44345092773438,-74.18426513671875,-217.75933837890625,5.694493255615234,5.653810501098633
68,21.291,136,5,143.1173095703125,-218.1295166015625,-62.38387680053711,-236.44345092773438,-67.12255096435547,-217.8845672607422,5.677440195083618,5.767820835113525
69,21.609,140,5,143.1173095703125,-218.1295166015625,-61.840702056884766,-236.137939453125,146.7794647216797,-228.70103454589844,5.694870643615722,5.762563705444336
70,21.919,140,5,143.1173095703125,-218.1295166015625,-61.840702056884766,-236.137939453125,143.43785095214844,-229.21202087402344,5.6786893939971925,5.744194984436035
71,22.241,144,5,143.1173095703125,-218.1295166015625,-62.0751953125,-235.82676696777344,-1.0386625528335571,-221.54180908203125,5.703006181716919,5.821275234222412
72,22.547,144,5,143.1173095703125,-218.1295166015625,-62.0751953125,-235.82676696777344,-11.691003799438477,-222.42662048339844,5.678626136779785,5.718075752258301
73,22.865,148,5,143.1173095703125,-218.1295166015625,-59.94504928588867,-235.7685089111328,171.5225067138672,-229.4603729248047,5.684752702713013,5.681270599365234
74,23.174,148,5,143.1173095703125,-218.1295166015625,-59.94504928588867,-235.7685089111328,179.48141479492188,-229.76675415039062,5.686495409011841,5.6742448806762695
75,23.49,152,5,143.1173095703125,-218.1295166015625,-61.101741790771484,-235.73114013671875,158.841796875,-230.1294708251953,5.69494812965393,5.5481038093566895
76,23.8,152,5,143.1173095703125,-218.1295166015625,-61.101741790771484,-235.73114013671875,-68.79322814941406,-217.51280212402344,5.706973495483399,5.761537551879883
77,24.117,156,6,143.1173095703125,-218.1295166015625,-61.4208984375,-235.5096435546875,75.34380340576172,-226.45901489257812,5.688157119750977,5.818514823913574
78,24.427,156,6,143.1173095703125,-218.1295166015625,-61.4208984375,-235.5096435546875,-54.18839645385742,-217.64329528808594,5.662547388076782,5.699239730834961
79,24.743,160,6,143.1173095703125,-218.1295166015625,-60.6608772277832,-235.3928680419922,1.775369644165039,-221.45169067382812,5.697912483215332,5.749654769897461
80,25.057,160,6,143.1173095703125,-218.1295166015625,-60.6608772277832,-235.3928680419922,-79.39319610595703,-217.92898559570312,5.662174844741822,5.616840839385986
81,25.374,164,6,143.1173095703125,-218.1295166015625,-60.72420883178711,-235.2716064453125,18.2244930267334,-215.5888671875,5.6878814601898195,5.664273262023926
82,25.682,164,6,143.1173095703125,-218.1295166015625,-60.72420883178711,-235.2716064453125,156.77169799804688,-229.44696044921875,5.688366556167603,5.6956586837768555
83,25.998,168,6,143.1173095703125,-218.1295166015625,-61.5594482421875,-235.0464630126953,13.602862358093262,-224.61349487304688,5.705395050048828,5.782256603240967
84,26.335,168,6,143.1173095703125,-218.1295166015625,-61.5594482421875,-235.0464630126953,148.7064971923828,-229.47067260742188,5.677000122070313,5.689082622528076
85,26.792,172,5,143.1173095703125,-218.1295166015625,-61.47837448120117,-234.7953338623047,-69.6005859375,-216.68734741210938,5.661614608764649,5.5999436378479
86,27.135,172,5,143.1173095703125,-218.1295166015625,-61.47837448120117,-234.7953338623047,28.191486358642578,-221.65789794921875,5.667893228530883,5.65179443359375
87,27.467,176,5,143.1173095703125,-218.1295166015625,-62.939453125,-234.83895874023438,74.3294677734375,-225.32432556152344,5.690006408691406,5.637451171875
88,27.777,176,5,143.1173095703125,-218.1295166015625,-62.939453125,-234.83895874023438,-64.87847900390625,-216.8209991455078,5.651877946853638,5.708148002624512
89,28.098,180,5,143.1173095703125,-218.1295166015625,-60.86308670043945,-234.83006286621094,173.77999877929688,-228.6940155029297,5.6787466621398925,5.745537757873535
90,28.406,180,5,143.1173095703125,-218.1295166015625,-60.86308670043945,-234.83006286621094,154.7974853515625,-229.67138671875,5.6703940105438235,5.556571006774902
91,28.726,184,5,143.1173095703125,-218.1295166015625,-62.723304748535156,-234.6991729736328,15.665204048156738,-221.50662231445312,5.674635372161865,5.776037216186523
92,29.034,184,5,143.1173095703125,-218.1295166015625,-62.723304748535156,-234.6991729736328,-71.9599380493164,-216.06809997558594,5.673955984115601,5.634798526763916
93,29.363,188,5,143.1173095703125,-218.1295166015625,-63.736122131347656,-234.58888244628906,99.71955871582031,-225.50262451171875,5.687757425308227,5.607665538787842
94,29.669,188,5,143.1173095703125,-218.1295166015625,-63.736122131347656,-234.58888244628906,-15.437191009521484,-219.0716094970703,5.656587562561035,5.671992301940918
95,29.985,192,5,143.1173095703125,-218.1295166015625,-63.495365142822266,-234.455322265625,-18.272329330444336,-219.16700744628906,5.666455316543579,5.761665344238281
96,30.291,192,5,143.1173095703125,-218.1295166015625,-63.495365142822266,-234.455322265625,149.42990112304688,-229.6429901123047,5.688678884506226,5.763339042663574
97,30.605,196,5,143.1173095703125,-218.1295166015625,-63.989906311035156,-234.31130981445312,164.1696319580078,-230.21755981445312,5.6671858978271485,5.654331207275391
98,30.912,196,5,143.1173095703125,-218.1295166015625,-63.989906311035156,-234.31130981445312,180.28939819335938,-230.48960876464844,5.671888284683227,5.647724628448486
99,31.227,200,5,143.1173095703125,-218.1295166015625,-64.12238311767578,-234.0880126953125,-59.632991790771484,-217.88006591796875,5.66830732345581,5.665336608886719
100,31.533,200,5,143.1173095703125,-218.1295166015625,-64.12238311767578,-234.0880126953125,0.8229899406433105,-220.00624084472656,5.672523040771484,5.771126747131348
101,31.85,200,5,143.1173095703125,-218.1295166015625,-63.91401672363281,-232.44195556640625,-74.87309265136719,-216.3619384765625,5.633984861373901,5.581488609313965
102,32.16,200,5,143.1173095703125,-218.1295166015625,-63.91401672363281,-232.44195556640625,-3.561152696609497,-219.9503936767578,5.643565864562988,5.563534736633301
103,32.478,200,5,143.1173095703125,-218.1295166015625,-64.6808853149414,-232.3836669921875,-17.62765121459961,-219.99607849121094,5.668540420532227,5.687046051025391
104,32.784,200,5,143.1173095703125,-218.1295166015625,-64.6808853149414,-232.3836669921875,16.920238494873047,-219.4568634033203,5.647117347717285,5.67987585067749
105,33.1,200,6,143.1173095703125,-218.1295166015625,-63.80339813232422,-232.07769775390625,-66.26300048828125,-216.1788787841797,5.633306961059571,5.677265167236328
106,33.407,200,6,143.1173095703125,-218.1295166015625,-63.80339813232422,-232.07769775390625,-79.6136703491211,-217.97132873535156,5.649662933349609,5.578792572021484
107,33.72,200,6,143.1173095703125,-218.1295166015625,-64.2839584350586,-231.8662872314453,-84.07235717773438,-218.02407836914062,5.62378529548645,5.685459136962891
108,34.027,200,6,143.1173095703125,-218.1295166015625,-64.2839584350586,-231.8662872314453,144.6673126220703,-230.0477752685547,5.604667882919312,5.526632785797119
109,34.341,200,6,143.1173095703125,-218.1295166015625,-65.33444213867188,-231.55836486816406,144.39071655273438,-230.0186767578125,5.63274510383606,5.498671531677246
110,34.648,200,6,143.1173095703125,-218.1295166015625,-65.33444213867188,-231.55836486816406,156.90634155273438,-230.26492309570312,5.643133239746094,5.589046478271484
111,34.985,200,7,143.1173095703125,-216.42678833007812,-68.39275360107422,-231.25848388671875,29.615510940551758,-220.11782836914062,5.611616697311401,5.551495552062988
112,35.293,200,7,143.1173095703125,-216.42678833007812,-68.39275360107422,-231.25848388671875,63.62569808959961,-226.47525024414062,5.626463661193847,5.6309661865234375
113,35.626,200,7,143.1173095703125,-216.42678833007812,-68.8529281616211,-230.9512176513672,74.95954895019531,-224.445556640625,5.62048342704773,5.543743133544922
114,35.935,200,7,143.1173095703125,-216.42678833007812,-68.8529281616211,-230.9512176513672,154.53903198242188,-228.16439819335938,5.637931385040283,5.788109302520752
115,36.252,200,7,143.1173095703125,-216.42678833007812,-68.89266967773438,-230.79107666015625,91.86485290527344,-226.1444854736328,5.620230569839477,5.530350685119629
116,36.567,200,7,143.1173095703125,-216.42678833007812,-68.89266967773438,-230.79107666015625,-128.5998077392578,-214.89170837402344,5.605468873977661,5.563998699188232
117,36.948,200,8,143.1173095703125,-216.42678833007812,-70.1575698852539,-230.4237823486328,-120.97266387939453,-216.27330017089844,5.605629348754883,5.548288345336914
118,37.258,200,8,143.1173095703125,-216.42678833007812,-70.1575698852539,-230.4237823486328,-166.9104461669922,-215.1500701904297,5.602878227233886,5.638248443603516
119,37.575,200,8,143.1173095703125,-216.42678833007812,-70.2594223022461,-230.23597717285156,80.15805053710938,-223.73289489746094,5.602754812240601,5.703114986419678
120,37.884,200,8,143.1173095703125,-216.42678833007812,-70.2594223022461,-230.23597717285156,56.467586517333984,-223.1802215576172,5.620024242401123,5.682614326477051
121,38.204,200,8,143.1173095703125,-216.42678833007812,-70.99781799316406,-230.03956604003906,0.5939977765083313,-218.24160766601562,5.61281641960144,5.735790252685547
122,38.513,200,8,143.1173095703125,-216.42678833007812,-70.99781799316406,-230.03956604003906,146.5765380859375,-229.72409057617188,5.601066017150879,5.674283981323242
123,38.83,200,8,143.1173095703125,-216.42678833007812,-69.03691864013672,-229.64398193359375,182.55197143554688,-229.7153778076172,5.6039089107513425,5.533336162567139
124,39.195,200,8,143.1173095703125,-216.42678833007812,-69.03691864013672,-229.64398193359375,-99.93767547607422,-216.83953857421875,5.621030445098877,5.522458553314209
125,39.537,200,9,143.1173095703125,-216.42678833007812,-68.42375183105469,-229.2520294189453,87.62521362304688,-226.87545776367188,5.60732063293457,5.807450294494629
126,39.861,200,9,143.1173095703125,-216.42678833007812,-68.42375183105469,-229.2520294189453,34.76764678955078,-219.650390625,5.606044225692749,5.512594699859619
127,40.181,200,9,143.1173095703125,-216.42678833007812,-67.51286315917969,-229.17723083496094,-78.13800811767578,-218.96856689453125,5.607025947570801,5.579164028167725
128,40.491,200,9,143.1173095703125,-216.42678833007812,-67.51286315917969,-229.17723083496094,-150.3974609375,-216.08541870117188,5.602848110198974,5.693785667419434
129,40.807,200,9,143.1173095703125,-216.42678833007812,-69.57919311523438,-228.94386291503906,36.59857177734375,-222.44677734375,5.597711811065674,5.56356954574585
130,41.126,200,9,143.1173095703125,-216.42678833007812,-69.57919311523438,-228.94386291503906,143.75830078125,-227.3069305419922,5.59313928604126,5.5550031661987305
131,41.456,200,10,143.1173095703125,-216.42678833007812,-70.52310180664062,-228.69810485839844,-140.64341735839844,-216.39517211914062,5.612206649780274,5.698026657104492
132,41.855,200,10,143.1173095703125,-216.42678833007812,-70.52310180664062,-228.69810485839844,66.950439453125,-225.62252807617188,5.592102088928223,5.472072124481201
133,42.354,200,4,98.72160339355469,-211.11264038085938,-71.63805389404297,-228.3760986328125,-129.17477416992188,-214.81918334960938,5.580590724945068,5.588846683502197
134,42.688,200,4,98.72160339355469,-211.11264038085938,-71.63805389404297,-228.3760986328125,116.64395141601562,-217.71372985839844,5.588475971221924,5.570062637329102
135,43.019,200,4,98.72160339355469,-211.11264038085938,-71.73591613769531,-227.88499450683594,17.708894729614258,-217.61207580566406,5.59299859046936,5.499499797821045
136,43.376,200,4,98.72160339355469,-211.11264038085938,-71.73591613769531,-227.88499450683594,-105.08712005615234,-209.6803436279297,5.591076650619507,5.440271377563477
137,43.699,200,4,98.72160339355469,-211.11264038085938,-73.29119873046875,-227.58651733398438,-34.26087951660156,-215.09071350097656,5.607172164916992,5.686689853668213
138,44.01,200,4,98.72160339355469,-211.11264038085938,-73.29119873046875,-227.58651733398438,115.59494018554688,-217.57296752929688,5.5789003086090085,5.508332252502441
139,44.328,200,4,98.72160339355469,-211.11264038085938,-72.77144622802734,-227.34332275390625,126.6703872680664,-217.47787475585938,5.582060031890869,5.639233589172363
140,44.637,200,4,98.72160339355469,-211.11264038085938,-72.77144622802734,-227.34332275390625,127.79907989501953,-217.84182739257812,5.588478946685791,5.58683967590332
141,44.956,200,5,98.72160339355469,-211.11264038085938,-73.81254577636719,-227.03411865234375,9.662915229797363,-217.30783081054688,5.576169500350952,5.68107795715332
142,45.289,200,5,98.72160339355469,-211.11264038085938,-73.81254577636719,-227.03411865234375,109.38822174072266,-217.47930908203125,5.572380180358887,5.499189853668213
143,45.605,200,5,98.72160339355469,-211.11264038085938,-75.6905288696289,-226.70668029785156,104.40524291992188,-216.7329864501953,5.586062450408935,5.523848533630371
144,45.913,200,5,98.72160339355469,-211.11264038085938,-75.6905288696289,-226.70668029785156,-104.58625793457031,-212.94769287109375,5.5615948295593265,5.5064849853515625
145,46.229,200,3,98.72160339355469,-210.12171936035156,-74.1898422241211,-226.42747497558594,-0.0007081028888933361,-213.01473999023438,5.579468364715576,5.603760242462158
146,46.538,200,3,98.72160339355469,-210.12171936035156,-74.1898422241211,-226.42747497558594,9.416144371032715,-217.5138397216797,5.570233411788941,5.69965124130249
147,46.861,200,3,98.72160339355469,-210.12171936035156,-75.76763153076172,-226.01107788085938,-28.267459869384766,-209.69223022460938,5.550712051391602,5.589147567749023
148,47.216,200,3,98.72160339355469,-210.12171936035156,-75.76763153076172,-226.01107788085938,-8.931808471679688,-217.14341735839844,5.57972264289856,5.641444206237793
149,47.535,200,4,98.72160339355469,-206.1117706298828,-75.50424194335938,-225.61163330078125,-13.044902801513672,-209.12550354003906,5.537921323776245,5.552159786224365
150,47.839,200,4,98.72160339355469,-206.1117706298828,-75.50424194335938,-225.61163330078125,128.21763610839844,-217.5451202392578,5.563114271163941,5.64287805557251
151,48.159,200,4,98.72160339355469,-206.1117706298828,-76.1628189086914,-225.57371520996094,121.01441955566406,-217.09490966796875,5.562225284576416,5.460666656494141
152,48.465,200,4,98.72160339355469,-206.1117706298828,-76.1628189086914,-225.57371520996094,-69.23894500732422,-204.144287109375,5.557507476806641,5.617826461791992
153,48.781,200,4,98.72160339355469,-206.1117706298828,-76.0999755859375,-225.36505126953125,10.938129425048828,-210.2021026611328,5.551920175552368,5.509780406951904
154,49.086,200,4,98.72160339355469,-206.1117706298828,-76.0999755859375,-225.36505126953125,46.01129150390625,-210.3095703125,5.54714898109436,5.686439514160156
155,49.403,200,4,98.72160339355469,-206.1117706298828,-76.6756591796875,-224.96612548828125,-85.2861328125,-204.33851623535156,5.527286148071289,5.595041275024414
156,49.709,200,4,98.72160339355469,-206.1117706298828,-76.6756591796875,-224.96612548828125,111.15629577636719,-216.74578857421875,5.562945966720581,5.553876876831055
157,50.023,200,4,98.72160339355469,-206.1117706298828,-77.07575988769531,-224.6835479736328,-4.119632244110107,-209.29727172851562,5.524923791885376,5.597546577453613
158,50.323,200,4,98.72160339355469,-206.1117706298828,-77.07575988769531,-224.6835479736328,122.18692016601562,-217.0004119873047,5.537861089706421,5.790218830108643
159,50.64,200,4,98.72160339355469,-206.1117706298828,-78.6504898071289,-224.34799194335938,30.41087532043457,-209.98291015625,5.552356472015381,5.514301300048828
160,51.0,200,4,98.72160339355469,-206.1117706298828,-78.6504898071289,-224.34799194335938,-27.245899200439453,-209.8342742919922,5.537958240509033,5.692431926727295
161,51.32,200,5,98.72160339355469,-206.1117706298828,-76.0845947265625,-223.82029724121094,-74.59260559082031,-206.04176330566406,5.539388160705567,5.562076568603516
162,51.611,200,5,98.72160339355469,-206.1117706298828,-76.0845947265625,-223.82029724121094,106.78411102294922,-215.34532165527344,5.522956981658935,5.473057746887207
163,51.916,200,5,98.72160339355469,-206.1117706298828,-77.5208969116211,-223.53074645996094,100.17173767089844,-215.62997436523438,5.513067674636841,5.579250812530518
164,52.215,200,5,98.72160339355469,-206.1117706298828,-77.5208969116211,-223.53074645996094,-3.239607810974121,-209.7535858154297,5.545270881652832,5.426641464233398
165,52.521,200,5,98.72160339355469,-206.1117706298828,-78.52252197265625,-223.30288696289062,114.9294662475586,-217.4058074951172,5.526723642349243,5.630937576293945
166,52.816,200,5,98.72160339355469,-206.1117706298828,-78.52252197265625,-223.30288696289062,112.59417724609375,-217.33670043945312,5.526301040649414,5.499731063842773
167,53.115,200,6,98.72160339355469,-206.1117706298828,-79.04313659667969,-222.93589782714844,-81.24042510986328,-205.39158630371094,5.515660238265991,5.426212310791016
168,53.426,200,6,98.72160339355469,-206.1117706298828,-79.04313659667969,-222.93589782714844,110.9858169555664,-215.5264892578125,5.52823260307312,5.615890979766846
169,53.826,200,6,98.72160339355469,-206.1117706298828,-80.01258087158203,-222.65750122070312,-79.27098846435547,-204.9460906982422,5.504611644744873,5.400523662567139
170,54.176,200,6,98.72160339355469,-206.1117706298828,-80.01258087158203,-222.65750122070312,-88.40242004394531,-206.0834503173828,5.512323713302612,5.5622124671936035
171,54.496,200,6,98.72160339355469,-206.1117706298828,-80.5457534790039,-222.40086364746094,-79.19413757324219,-204.67999267578125,5.5091366195678715,5.4720025062561035
172,54.806,200,6,98.72160339355469,-206.1117706298828,-80.5457534790039,-222.40086364746094,105.36629486083984,-211.5325469970703,5.51476484298706,5.469173431396484
173,55.124,200,6,98.72160339355469,-206.1117706298828,-82.25959014892578,-222.1385498046875,110.65672302246094,-215.5850067138672,5.499004440307617,5.45024299621582
174,55.436,200,6,98.72160339355469,-206.1117706298828,-82.25959014892578,-222.1385498046875,92.4991683959961,-210.98760986328125,5.47903154373169,5.3733038902282715
175,55.76,200,6,98.72160339355469,-206.1117706298828,-82.03312683105469,-221.8048858642578,92.42163848876953,-210.09461975097656,5.484283514022827,5.438697814941406
176,56.072,200,6,98.72160339355469,-206.1117706298828,-82.03312683105469,-221.8048858642578,108.3493423461914,-216.19215393066406,5.493248586654663,5.46185302734375
177,56.392,200,6,98.72160339355469,-206.1117706298828,-82.00389862060547,-221.5643310546875,17.319021224975586,-210.3603973388672,5.491342725753785,5.476527214050293
178,56.727,200,6,98.72160339355469,-206.1117706298828,-82.00389862060547,-221.5643310546875,19.223459243774414,-209.4870147705078,5.5023783016204835,5.385133266448975
179,57.048,200,6,98.72160339355469,-206.1117706298828,-84.60881042480469,-221.3306121826172,-69.79637145996094,-205.03392028808594,5.478027601242065,5.491097450256348
180,57.361,200,6,98.72160339355469,-206.1117706298828,-84.60881042480469,-221.3306121826172,94.86035919189453,-211.32357788085938,5.491286115646362,5.3945746421813965
181,57.684,200,6,98.72160339355469,-206.1117706298828,-85.88072204589844,-221.10462951660156,93.76020050048828,-210.23741149902344,5.50198600769043,5.530631065368652
182,57.998,200,6,98.72160339355469,-206.1117706298828,-85.88072204589844,-221.10462951660156,29.580106735229492,-210.4027557373047,5.499087448120117,5.523449897766113
183,58.316,200,6,98.72160339355469,-206.1117706298828,-84.94235229492188,-220.92677307128906,104.24283599853516,-216.61703491210938,5.484537096023559,5.370932579040527
184,58.626,200,6,98.72160339355469,-206.1117706298828,-84.94235229492188,-220.92677307128906,115.23246765136719,-216.7410430908203,5.490902757644653,5.515434265136719
185,58.941,200,6,98.72160339355469,-206.1117706298828,-84.05964660644531,-220.8387908935547,114.12435913085938,-211.2001953125,5.465977506637573,5.441779613494873
186,59.251,200,6,98.72160339355469,-206.1117706298828,-84.05964660644531,-220.8387908935547,-72.73804473876953,-204.72776794433594,5.487898845672607,5.582830905914307
187,59.571,200,6,98.72160339355469,-206.1117706298828,-82.15520477294922,-220.4813232421875,42.99319839477539,-209.4016876220703,5.492891788482666,5.589478969573975
188,59.879,200,6,98.72160339355469,-206.1117706298828,-82.15520477294922,-220.4813232421875,-61.52914810180664,-206.0503692626953,5.490129919052124,5.466405868530273
189,60.266,200,5,98.72160339355469,-206.1117706298828,-84.0865249633789,-220.025390625,-85.4073257446289,-203.50250244140625,5.4617901706695555,5.358457565307617
190,60.604,200,5,98.72160339355469,-206.1117706298828,-84.0865249633789,-220.025390625,100.56057739257812,-217.2253875732422,5.475459566116333,5.47615909576416
191,60.999,200,5,98.72160339355469,-206.1117706298828,-81.8226547241211,-219.90875244140625,132.9892120361328,-211.04177856445312,5.480180044174194,5.524356365203857
192,61.336,200,5,98.72160339355469,-206.1117706298828,-81.8226547241211,-219.90875244140625,-56.29263687133789,-204.7307586669922,5.472397203445435,5.4682183265686035
193,61.661,200,5,98.72160339355469,-206.1117706298828,-81.2073974609375,-219.83282470703125,112.03457641601562,-217.34481811523438,5.479502506256104,5.443418979644775
194,61.98,200,5,98.72160339355469,-206.1117706298828,-81.2073974609375,-219.83282470703125,103.99340057373047,-211.48251342773438,5.469678974151611,5.5298752784729
195,62.301,200,5,98.72160339355469,-206.1117706298828,-82.07996368408203,-219.7777862548828,88.79444885253906,-208.7124481201172,5.479071702957153,5.581882953643799
196,62.61,200,5,98.72160339355469,-206.1117706298828,-82.07996368408203,-219.7777862548828,-27.5153751373291,-208.26031494140625,5.455628786087036,5.342700958251953
197,62.927,200,5,98.72160339355469,-206.1117706298828,-82.7426528930664,-219.68896484375,108.52068328857422,-217.3861846923828,5.46088303565979,5.401839733123779
198,63.245,200,5,98.72160339355469,-206.1117706298828,-82.7426528930664,-219.68896484375,106.9759521484375,-209.21600341796875,5.487705163955688,5.503767967224121
199,63.588,200,5,98.72160339355469,-206.1117706298828,-83.53529357910156,-219.5701904296875,-16.970890045166016,-208.1646270751953,5.482848968505859,5.411421298980713
200,63.927,200,5,98.72160339355469,-206.1117706298828,-83.53529357910156,-219.5701904296875,114.46050262451172,-216.6940460205078,5.452396097183228,5.517937183380127
1,0.306,4,3,-31.876632690429688,-306.0784912109375,-53.90732192993164,-307.86029052734375,1.070033073425293,-16.317066192626953,6.563424491882325,6.5764617919921875
2,0.649,4,3,-31.876632690429688,-306.0784912109375,-53.90732192993164,-307.86029052734375,-7.433943748474121,-0.19239814579486847,6.5167612457275395,6.489020347595215
3,0.962,8,4,17.963821411132812,-223.9215545654297,-37.17341232299805,-267.1363525390625,-4.827914237976074,-6.235623359680176,6.069878253936768,5.962958812713623
4,1.259,8,4,17.963821411132812,-223.9215545654297,-37.17341232299805,-267.1363525390625,24.578889846801758,-228.11383056640625,6.042121515274048,6.090469837188721
5,1.56,12,4,17.963821411132812,-223.9215545654297,-57.22897720336914,-258.1578674316406,21.166839599609375,-228.08023071289062,5.968234996795655,5.957651138305664
6,1.854,12,4,17.963821411132812,-223.9215545654297,-57.22897720336914,-258.1578674316406,23.558774948120117,-228.091064453125,5.94575288772583,5.918234825134277
7,2.157,16,5,35.61983871459961,-223.9215545654297,-51.900978088378906,-252.77183532714844,-5.0472259521484375,-227.32699584960938,5.902962255477905,5.928100109100342
8,2.452,16,5,35.61983871459961,-223.9215545654297,-51.900978088378906,-252.77183532714844,-47.775115966796875,-222.94065856933594,5.879717531204224,5.842934608459473
9,2.757,20,6,73.75834655761719,-223.9215545654297,-51.94208908081055,-250.1439208984375,-30.348722457885742,-222.7542266845703,5.875589418411255,5.9159345626831055
10,3.058,20,6,73.75834655761719,-223.9215545654297,-51.94208908081055,-250.1439208984375,75.16012573242188,-239.3109588623047,5.866798658370971,5.96581506729126
11,3.397,24,6,73.75834655761719,-223.9215545654297,-46.16118240356445,-247.8170623779297,74.01859283447266,-239.1268768310547,5.832282037734985,5.764216423034668
12,3.73,24,6,73.75834655761719,-223.9215545654297,-46.16118240356445,-247.8170623779297,-40.662654876708984,-222.21034240722656,5.816655807495117,5.70512580871582
13,4.045,28,6,73.75834655761719,-223.9215545654297,-45.94638442993164,-246.968505859375,79.24948120117188,-239.76231384277344,5.81117600440979,5.805941581726074
14,4.343,28,6,73.75834655761719,-223.9215545654297,-45.94638442993164,-246.968505859375,-39.966522216796875,-221.44703674316406,5.806117086410523,5.788084983825684
15,4.648,32,6,73.75834655761719,-223.9215545654297,-51.84138870239258,-245.3412322998047,-38.79716873168945,-222.00418090820312,5.798608369827271,5.768335819244385
16,4.946,32,6,73.75834655761719,-223.9215545654297,-51.84138870239258,-245.3412322998047,55.1392822265625,-231.76461791992188,5.814374036788941,5.907010078430176
17,5.253,36,6,73.75834655761719,-223.9215545654297,-55.09415054321289,-244.75250244140625,82.17432403564453,-239.57827758789062,5.799568176269531,5.764911651611328
18,5.552,36,6,73.75834655761719,-223.9215545654297,-55.09415054321289,-244.75250244140625,69.11022186279297,-231.60780334472656,5.784067144393921,5.736761569976807
19,5.856,40,7,73.75834655761719,-223.9215545654297,-51.4263801574707,-243.7312774658203,24.21088409423828,-225.60887145996094,5.800979728698731,5.758954048156738
20,6.155,40,7,73.75834655761719,-223.9215545654297,-51.4263801574707,-243.7312774658203,-20.909366607666016,-224.40956115722656,5.782073650360108,5.759500026702881
21,6.462,44,7,73.75834655761719,-223.9215545654297,-53.78786849975586,-242.81396484375,91.80667877197266,-238.07469177246094,5.758743209838867,5.8418660163879395
22,6.764,44,7,73.75834655761719,-223.9215545654297,-53.78786849975586,-242.81396484375,-52.15296173095703,-221.84251403808594,5.775400466918946,5.809504508972168
23,7.07,48,7,73.75834655761719,-223.9215545654297,-60.94868087768555,-242.9927520751953,18.871511459350586,-227.09927368164062,5.7701740646362305,5.826801300048828
24,7.369,48,7,73.75834655761719,-223.9215545654297,-60.94868087768555,-242.9927520751953,60.8855094909668,-230.34896850585938,5.784358491897583,5.659666538238525
25,7.676,52,7,73.75834655761719,-223.9215545654297,-64.18310546875,-242.87725830078125,76.42271423339844,-238.04957580566406,5.789094295501709,5.790102958679199
26,7.98,52,7,73.75834655761719,-223.9215545654297,-64.18310546875,-242.87725830078125,8.7236909866333,-226.77252197265625,5.767009935379028,5.820743083953857
27,8.29,56,9,73.75834655761719,-223.9215545654297,-64.79637908935547,-241.79527282714844,-38.46475601196289,-223.59849548339844,5.775491256713867,5.8424482345581055
28,8.589,56,9,73.75834655761719,-223.9215545654297,-64.79637908935547,-241.79527282714844,-53.05949401855469,-221.4886474609375,5.7587683963775635,5.690356254577637
29,8.896,60,9,73.75834655761719,-223.9215545654297,-63.40800857543945,-241.32345581054688,-18.980741500854492,-226.02593994140625,5.730134887695312,5.712092876434326
30,9.196,60,9,73.75834655761719,-223.9215545654297,-63.40800857543945,-241.32345581054688,30.102087020874023,-227.8489227294922,5.754832229614258,5.786506652832031
31,9.506,64,9,73.75834655761719,-223.9215545654297,-67.66724395751953,-240.71945190429688,-31.215192794799805,-223.91595458984375,5.732329711914063,5.745221138000488
32,9.808,64,9,73.75834655761719,-223.9215545654297,-67.66724395751953,-240.71945190429688,21.827835083007812,-226.95367431640625,5.741069240570068,5.779669284820557
33,10.117,68,7,143.1173095703125,-223.9215545654297,-63.220726013183594,-240.20849609375,-47.069244384765625,-221.2637939453125,5.725903491973877,5.737104415893555
34,10.419,68,7,143.1173095703125,-223.9215545654297,-63.220726013183594,-240.20849609375,150.94439697265625,-230.0576171875,5.729861621856689,5.648714065551758
35,10.727,72,7,143.1173095703125,-223.9215545654297,-65.49191284179688,-240.36363220214844,21.27509880065918,-227.8787841796875,5.737324657440186,5.694118499755859
36,11.027,72,7,143.1173095703125,-223.9215545654297,-65.49191284179688,-240.36363220214844,-52.770843505859375,-223.61465454101562,5.745040826797485,5.714667320251465
37,11.337,76,7,143.1173095703125,-223.9215545654297,-62.95891189575195,-240.03662109375,-38.63169860839844,-223.831787109375,5.735993928909302,5.738656997680664
38,11.638,76,7,143.1173095703125,-223.9215545654297,-62.95891189575195,-240.03662109375,-48.19947052001953,-223.6148223876953,5.748842697143555,5.848932266235352
39,11.947,80,7,143.1173095703125,-223.9215545654297,-62.44812774658203,-239.82815551757812,-26.247114181518555,-226.90887451171875,5.7415745735168455,5.702254295349121
40,12.248,80,7,143.1173095703125,-223.9215545654297,-62.44812774658203,-239.82815551757812,-33.89518737792969,-222.59518432617188,5.73974196434021,5.862314701080322
41,12.559,84,7,143.1173095703125,-223.9215545654297,-61.36668014526367,-239.52587890625,172.75062561035156,-228.7149658203125,5.733647184371948,5.725468635559082
42,12.861,84,7,143.1173095703125,-223.9215545654297,-61.36668014526367,-239.52587890625,162.73118591308594,-229.88343811035156,5.739105186462402,5.685879707336426
43,13.171,88,7,143.1173095703125,-223.9215545654297,-59.46389389038086,-239.36431884765625,-2.455902099609375,-224.53775024414062,5.749052467346192,5.601978778839111
44,13.472,88,7,143.1173095703125,-223.9215545654297,-59.46389389038086,-239.36431884765625,-50.913299560546875,-223.7681884765625,5.725951118469238,5.653158187866211
45,13.804,92,7,143.1173095703125,-223.9215545654297,-62.27414321899414,-238.8751983642578,-24.2028751373291,-223.8997344970703,5.719816026687622,5.830013751983643
46,14.103,92,7,143.1173095703125,-223.9215545654297,-62.27414321899414,-238.8751983642578,-18.79461669921875,-227.29934692382812,5.7459401512146,5.812501907348633
47,14.413,96,7,143.1173095703125,-223.9215545654297,-60.97005081176758,-238.7190704345703,-49.257293701171875,-223.42364501953125,5.723124895095825,5.716281890869141
48,14.713,96,7,143.1173095703125,-223.9215545654297,-60.97005081176758,-238.7190704345703,159.64657592773438,-230.39981079101562,5.730177440643311,5.737955093383789
49,15.021,100,7,143.1173095703125,-223.9215545654297,-61.46488952636719,-238.40032958984375,-3.3404693603515625,-227.23031616210938,5.7312538433074955,5.80966854095459
50,15.322,100,7,143.1173095703125,-223.9215545654297,-61.46488952636719,-238.40032958984375,148.48013305664062,-230.23468017578125,5.72162202835083,5.685321807861328
51,15.634,104,4,143.1173095703125,-220.19642639160156,-61.206260681152344,-237.84878540039062,146.41854858398438,-229.9842071533203,5.721883354187011,5.759690761566162
52,15.94,104,4,143.1173095703125,-220.19642639160156,-61.206260681152344,-237.84878540039062,21.116418838500977,-226.73435974121094,5.696396512985229,5.601035118103027
53,16.25,108,4,143.1173095703125,-220.19642639160156,-62.27036666870117,-237.65447998046875,-17.229434967041016,-219.8473663330078,5.714725961685181,5.8459672927856445
54,16.553,108,4,143.1173095703125,-220.19642639160156,-62.27036666870117,-237.65447998046875,-17.371112823486328,-220.02243041992188,5.704291973114014,5.759085178375244
55,16.924,112,4,143.1173095703125,-220.19642639160156,-61.337501525878906,-237.4058837890625,-21.078781127929688,-219.23956298828125,5.721666603088379,5.674804210662842
56,17.226,112,4,143.1173095703125,-220.19642639160156,-61.337501525878906,-237.4058837890625,-11.120575904846191,-219.9626922607422,5.7070801639556885,5.615015029907227
57,17.535,116,4,143.1173095703125,-220.19642639160156,-62.199893951416016,-237.21994018554688,167.315673828125,-229.5001678466797,5.699020185470581,5.745377540588379
58,17.837,116,4,143.1173095703125,-220.19642639160156,-62.199893951416016,-237.21994018554688,-16.750947952270508,-218.171630859375,5.709446420669556,5.741446018218994
59,18.151,120,4,143.1173095703125,-220.19642639160156,-61.26294708251953,-237.15501403808594,22.155803680419922,-227.7638397216797,5.693771533966064,5.732410430908203
60,18.47,120,4,143.1173095703125,-220.19642639160156,-61.26294708251953,-237.15501403808594,-10.570565223693848,-219.21115112304688,5.706765384674072,5.693873405456543
61,18.792,124,4,143.1173095703125,-220.19642639160156,-63.35746383666992,-237.22378540039062,12.669726371765137,-226.88729858398438,5.708488721847534,5.711870193481445
62,19.095,124,4,143.1173095703125,-220.19642639160156,-63.35746383666992,-237.22378540039062,-1.6064954996109009,-218.7972412109375,5.68033504486084,5.71552848815918
63,19.409,128,4,143.1173095703125,-220.19642639160156,-62.829689025878906,-237.06356811523438,18.992856979370117,-226.5244140625,5.691716794967651,5.675286293029785
64,19.712,128,4,143.1173095703125,-220.19642639160156,-62.829689025878906,-237.06356811523438,144.7593536376953,-229.6290740966797,5.704029626846314,5.787425994873047
65,20.027,132,6,143.1173095703125,-218.1295166015625,-63.5989875793457,-236.6898651123047,-14.503228187561035,-218.4832763671875,5.704258823394776,5.772099494934082
66,20.333,132,6,143.1173095703125,-218.1295166015625,-63.5989875793457,-236.6898651123047,144.6165008544922,-229.30819702148438,5.700904779434204,5.670978546142578
67,20.648,136,5,143.1173095703125,-218.1295166015625,-62.38387680053711,-236.44345092773438,-74.18426513671875,-217.75933837890625,5.694493255615234,5.653810501098633
68,20.952,136,5,143.1173095703125,-218.1295166015625,-62.38387680053711,-236.44345092773438,-67.12255096435547,-217.8845672607422,5.677440195083618,5.767820835113525
69,21.265,140,5,143.1173095703125,-218.1295166015625,-61.840702056884766,-236.137939453125,146.7794647216797,-228.70103454589844,5.694870643615722,5.762563705444336
70,21.566,140,5,143.1173095703125,-218.1295166015625,-61.840702056884766,-236.137939453125,143.43785095214844,-229.21202087402344,5.6786893939971925,5.744194984436035
71,21.881,144,5,143.1173095703125,-218.1295166015625,-62.0751953125,-235.82676696777344,-1.0386625528335571,-221.54180908203125,5.703006181716919,5.821275234222412
72,22.186,144,5,143.1173095703125,-218.1295166015625,-62.0751953125,-235.82676696777344,-11.691003799438477,-222.42662048339844,5.678626136779785,5.718075752258301
73,22.497,148,5,143.1173095703125,-218.1295166015625,-59.94504928588867,-235.7685089111328,171.5225067138672,-229.4603729248047,5.684752702713013,5.681270599365234
74,22.801,148,5,143.1173095703125,-218.1295166015625,-59.94504928588867,-235.7685089111328,179.48141479492188,-229.76675415039062,5.686495409011841,5.6742448806762695
75,23.112,152,5,143.1173095703125,-218.1295166015625,-61.101741790771484,-235.73114013671875,158.841796875,-230.1294708251953,5.69494812965393,5.5481038093566895
76,23.416,152,5,143.1173095703125,-218.1295166015625,-61.101741790771484,-235.73114013671875,-68.79322814941406,-217.51280212402344,5.706973495483399,5.761537551879883
77,23.727,156,6,143.1173095703125,-218.1295166015625,-61.4208984375,-235.5096435546875,75.34380340576172,-226.45901489257812,5.688157119750977,5.818514823913574
78,24.032,156,6,143.1173095703125,-218.1295166015625,-61.4208984375,-235.5096435546875,-54.18839645385742,-217.64329528808594,5.662547388076782,5.699239730834961
79,24.333,160,6,143.1173095703125,-218.1295166015625,-60.6608772277832,-235.3928680419922,1.775369644165039,-221.45169067382812,5.697912483215332,5.749654769897461
80,24.634,160,6,143.1173095703125,-218.1295166015625,-60.6608772277832,-235.3928680419922,-79.39319610595703,-217.92898559570312,5.662174844741822,5.616840839385986
81,24.93,164,6,143.1173095703125,-218.1295166015625,-60.72420883178711,-235.2716064453125,18.2244930267334,-215.5888671875,5.6878814601898195,5.664273262023926
82,25.231,164,6,143.1173095703125,-218.1295166015625,-60.72420883178711,-235.2716064453125,156.77169799804688,-229.44696044921875,5.688366556167603,5.6956586837768555
83,25.544,168,6,143.1173095703125,-218.1295166015625,-61.5594482421875,-235.0464630126953,13.602862358093262,-224.61349487304688,5.705395050048828,5.782256603240967
84,25.849,168,6,143.1173095703125,-218.1295166015625,-61.5594482421875,-235.0464630126953,148.7064971923828,-229.47067260742188,5.677000122070313,5.689082622528076
85,26.159,172,5,143.1173095703125,-218.1295166015625,-61.47837448120117,-234.7953338623047,-69.6005859375,-216.68734741210938,5.661614608764649,5.5999436378479
86,26.464,172,5,143.1173095703125,-218.1295166015625,-61.47837448120117,-234.7953338623047,28.191486358642578,-221.65789794921875,5.667893228530883,5.65179443359375
87,26.778,176,5,143.1173095703125,-218.1295166015625,-62.939453125,-234.83895874023438,74.3294677734375,-225.32432556152344,5.690006408691406,5.637451171875
88,27.082,176,5,143.1173095703125,-218.1295166015625,-62.939453125,-234.83895874023438,-64.87847900390625,-216.8209991455078,5.651877946853638,5.708148002624512
89,27.395,180,5,143.1173095703125,-218.1295166015625,-60.86308670043945,-234.83006286621094,173.77999877929688,-228.6940155029297,5.6787466621398925,5.745537757873535
90,27.7,180,5,143.1173095703125,-218.1295166015625,-60.86308670043945,-234.83006286621094,154.7974853515625,-229.67138671875,5.6703940105438235,5.556571006774902
91,28.02,184,5,143.1173095703125,-218.1295166015625,-62.723304748535156,-234.6991729736328,15.665204048156738,-221.50662231445312,5.674635372161865,5.776037216186523
92,28.328,184,5,143.1173095703125,-218.1295166015625,-62.723304748535156,-234.6991729736328,-71.9599380493164,-216.06809997558594,5.673955984115601,5.634798526763916
93,28.641,188,5,143.1173095703125,-218.1295166015625,-63.736122131347656,-234.58888244628906,99.71955871582031,-225.50262451171875,5.687757425308227,5.607665538787842
94,28.965,188,5,143.1173095703125,-218.1295166015625,-63.736122131347656,-234.58888244628906,-15.437191009521484,-219.0716094970703,5.656587562561035,5.671992301940918
95,29.278,192,5,143.1173095703125,-218.1295166015625,-63.495365142822266,-234.455322265625,-18.272329330444336,-219.16700744628906,5.666455316543579,5.761665344238281
96,29.582,192,5,143.1173095703125,-218.1295166015625,-63.495365142822266,-234.455322265625,149.42990112304688,-229.6429901123047,5.688678884506226,5.763339042663574
97,29.894,196,5,143.1173095703125,-218.1295166015625,-63.989906311035156,-234.31130981445312,164.1696319580078,-230.21755981445312,5.6671858978271485,5.654331207275391
98,30.199,196,5,143.1173095703125,-218.1295166015625,-63.989906311035156,-234.31130981445312,180.28939819335938,-230.48960876464844,5.671888284683227,5.647724628448486
99,30.512,200,5,143.1173095703125,-218.1295166015625,-64.12238311767578,-234.0880126953125,-59.632991790771484,-217.88006591796875,5.66830732345581,5.665336608886719
100,30.817,200,5,143.1173095703125,-218.1295166015625,-64.12238311767578,-234.0880126953125,0.8229899406433105,-220.00624084472656,5.672523040771484,5.771126747131348
101,31.132,200,5,143.1173095703125,-218.1295166015625,-63.91401672363281,-232.44195556640625,-74.87309265136719,-216.3619384765625,5.633984861373901,5.581488609313965
102,31.447,200,5,143.1173095703125,-218.1295166015625,-63.91401672363281,-232.44195556640625,-3.561152696609497,-219.9503936767578,5.643565864562988,5.563534736633301
103,31.803,200,5,143.1173095703125,-218.1295166015625,-64.6808853149414,-232.3836669921875,-17.62765121459961,-219.99607849121094,5.668540420532227,5.687046051025391
104,32.109,200,5,143.1173095703125,-218.1295166015625,-64.6808853149414,-232.3836669921875,16.920238494873047,-219.4568634033203,5.647117347717285,5.67987585067749
105,32.424,200,6,143.1173095703125,-218.1295166015625,-63.80339813232422,-232.07769775390625,-66.26300048828125,-216.1788787841797,5.633306961059571,5.677265167236328
106,32.729,200,6,143.1173095703125,-218.1295166015625,-63.80339813232422,-232.07769775390625,-79.6136703491211,-217.97132873535156,5.649662933349609,5.578792572021484
107,33.051,200,6,143.1173095703125,-218.1295166015625,-64.2839584350586,-231.8662872314453,-84.07235717773438,-218.02407836914062,5.62378529548645,5.685459136962891
108,33.356,200,6,143.1173095703125,-218.1295166015625,-64.2839584350586,-231.8662872314453,144.6673126220703,-230.0477752685547,5.604667882919312,5.526632785797119
109,33.669,200,6,143.1173095703125,-218.1295166015625,-65.33444213867188,-231.55836486816406,144.39071655273438,-230.0186767578125,5.63274510383606,5.498671531677246
110,33.975,200,6,143.1173095703125,-218.1295166015625,-65.33444213867188,-231.55836486816406,156.90634155273438,-230.26492309570312,5.643133239746094,5.589046478271484
111,34.291,200,7,143.1173095703125,-216.42678833007812,-68.39275360107422,-231.25848388671875,29.615510940551758,-220.11782836914062,5.611616697311401,5.551495552062988
112,34.599,200,7,143.1173095703125,-216.42678833007812,-68.39275360107422,-231.25848388671875,63.62569808959961,-226.47525024414062,5.626463661193847,5.6309661865234375
113,34.913,200,7,143.1173095703125,-216.42678833007812,-68.8529281616211,-230.9512176513672,74.95954895019531,-224.445556640625,5.62048342704773,5.543743133544922
114,35.218,200,7,143.1173095703125,-216.42678833007812,-68.8529281616211,-230.9512176513672,154.53903198242188,-228.16439819335938,5.637931385040283,5.788109302520752
115,35.532,200,7,143.1173095703125,-216.42678833007812,-68.89266967773438,-230.79107666015625,91.86485290527344,-226.1444854736328,5.620230569839477,5.530350685119629
116,35.837,200,7,143.1173095703125,-216.42678833007812,-68.89266967773438,-230.79107666015625,-128.5998077392578,-214.89170837402344,5.605468873977661,5.563998699188232
117,36.214,200,8,143.1173095703125,-216.42678833007812,-70.1575698852539,-230.4237823486328,-120.97266387939453,-216.27330017089844,5.605629348754883,5.548288345336914
118,36.518,200,8,143.1173095703125,-216.42678833007812,-70.1575698852539,-230.4237823486328,-166.9104461669922,-215.1500701904297,5.602878227233886,5.638248443603516
119,36.831,200,8,143.1173095703125,-216.42678833007812,-70.2594223022461,-230.23597717285156,80.15805053710938,-223.73289489746094,5.602754812240601,5.703114986419678
120,37.136,200,8,143.1173095703125,-216.42678833007812,-70.2594223022461,-230.23597717285156,56.467586517333984,-223.1802215576172,5.620024242401123,5.682614326477051
121,37.45,200,8,143.1173095703125,-216.42678833007812,-70.99781799316406,-230.03956604003906,0.5939977765083313,-218.24160766601562,5.61281641960144,5.735790252685547
122,37.784,200,8,143.1173095703125,-216.42678833007812,-70.99781799316406,-230.03956604003906,146.5765380859375,-229.72409057617188,5.601066017150879,5.674283981323242
123,38.098,200,8,143.1173095703125,-216.42678833007812,-69.03691864013672,-229.64398193359375,182.55197143554688,-229.7153778076172,5.6039089107513425,5.533336162567139
124,38.404,200,8,143.1173095703125,-216.42678833007812,-69.03691864013672,-229.64398193359375,-99.93767547607422,-216.83953857421875,5.621030445098877,5.522458553314209
125,38.718,200,9,143.1173095703125,-216.42678833007812,-68.42375183105469,-229.2520294189453,87.62521362304688,-226.87545776367188,5.60732063293457,5.807450294494629
126,39.029,200,9,143.1173095703125,-216.42678833007812,-68.42375183105469,-229.2520294189453,34.76764678955078,-219.650390625,5.606044225692749,5.512594699859619
127,39.343,200,9,143.1173095703125,-216.42678833007812,-67.51286315917969,-229.17723083496094,-78.13800811767578,-218.96856689453125,5.607025947570801,5.579164028167725
128,39.648,200,9,143.1173095703125,-216.42678833007812,-67.51286315917969,-229.17723083496094,-150.3974609375,-216.08541870117188,5.602848110198974,5.693785667419434
129,39.962,200,9,143.1173095703125,-216.42678833007812,-69.57919311523438,-228.94386291503906,36.59857177734375,-222.44677734375,5.597711811065674,5.56356954574585
130,40.27,200,9,143.1173095703125,-216.42678833007812,-69.57919311523438,-228.94386291503906,143.75830078125,-227.3069305419922,5.59313928604126,5.5550031661987305
131,40.586,200,10,143.1173095703125,-216.42678833007812,-70.52310180664062,-228.69810485839844,-140.64341735839844,-216.39517211914062,5.612206649780274,5.698026657104492
132,40.895,200,10,143.1173095703125,-216.42678833007812,-70.52310180664062,-228.69810485839844,66.950439453125,-225.62252807617188,5.592102088928223,5.472072124481201
133,41.208,200,4,98.72160339355469,-211.11264038085938,-71.63805389404297,-228.3760986328125,-129.17477416992188,-214.81918334960938,5.580590724945068,5.588846683502197
134,41.513,200,4,98.72160339355469,-211.11264038085938,-71.63805389404297,-228.3760986328125,116.64395141601562,-217.71372985839844,5.588475971221924,5.570062637329102
135,41.828,200,4,98.72160339355469,-211.11264038085938,-71.73591613769531,-227.88499450683594,17.708894729614258,-217.61207580566406,5.59299859046936,5.499499797821045
136,42.132,200,4,98.72160339355469,-211.11264038085938,-71.73591613769531,-227.88499450683594,-105.08712005615234,-209.6803436279297,5.591076650619507,5.440271377563477
137,42.446,200,4,98.72160339355469,-211.11264038085938,-73.29119873046875,-227.58651733398438,-34.26087951660156,-215.09071350097656,5.607172164916992,5.686689853668213
138,42.753,200,4,98.72160339355469,-211.11264038085938,-73.29119873046875,-227.58651733398438,115.59494018554688,-217.57296752929688,5.5789003086090085,5.508332252502441
139,43.071,200,4,98.72160339355469,-211.11264038085938,-72.77144622802734,-227.34332275390625,126.6703872680664,-217.47787475585938,5.582060031890869,5.639233589172363
140,43.376,200,4,98.72160339355469,-211.11264038085938,-72.77144622802734,-227.34332275390625,127.79907989501953,-217.84182739257812,5.588478946685791,5.58683967590332
141,43.69,200,5,98.72160339355469,-211.11264038085938,-73.81254577636719,-227.03411865234375,9.662915229797363,-217.30783081054688,5.576169500350952,5.68107795715332
142,43.995,200,5,98.72160339355469,-211.11264038085938,-73.81254577636719,-227.03411865234375,109.38822174072266,-217.47930908203125,5.572380180358887,5.499189853668213
143,44.308,200,5,98.72160339355469,-211.11264038085938,-75.6905288696289,-226.70668029785156,104.40524291992188,-216.7329864501953,5.586062450408935,5.523848533630371
144,44.613,200,5,98.72160339355469,-211.11264038085938,-75.6905288696289,-226.70668029785156,-104.58625793457031,-212.94769287109375,5.5615948295593265,5.5064849853515625
145,44.927,200,3,98.72160339355469,-210.12171936035156,-74.1898422241211,-226.42747497558594,-0.0007081028888933361,-213.01473999023438,5.579468364715576,5.603760242462158
146,45.232,200,3,98.72160339355469,-210.12171936035156,-74.1898422241211,-226.42747497558594,9.416144371032715,-217.5138397216797,5.570233411788941,5.69965124130249
147,45.546,200,3,98.72160339355469,-210.12171936035156,-75.76763153076172,-226.01107788085938,-28.267459869384766,-209.69223022460938,5.550712051391602,5.589147567749023
148,45.851,200,3,98.72160339355469,-210.12171936035156,-75.76763153076172,-226.01107788085938,-8.931808471679688,-217.14341735839844,5.57972264289856,5.641444206237793
149,46.163,200,4,98.72160339355469,-206.1117706298828,-75.50424194335938,-225.61163330078125,-13.044902801513672,-209.12550354003906,5.537921323776245,5.552159786224365
150,46.468,200,4,98.72160339355469,-206.1117706298828,-75.50424194335938,-225.61163330078125,128.21763610839844,-217.5451202392578,5.563114271163941,5.64287805557251
151,46.784,200,4,98.72160339355469,-206.1117706298828,-76.1628189086914,-225.57371520996094,121.01441955566406,-217.09490966796875,5.562225284576416,5.460666656494141
152,47.095,200,4,98.72160339355469,-206.1117706298828,-76.1628189086914,-225.57371520996094,-69.23894500732422,-204.144287109375,5.557507476806641,5.617826461791992
153,47.411,200,4,98.72160339355469,-206.1117706298828,-76.0999755859375,-225.36505126953125,10.938129425048828,-210.2021026611328,5.551920175552368,5.509780406951904
154,47.715,200,4,98.72160339355469,-206.1117706298828,-76.0999755859375,-225.36505126953125,46.01129150390625,-210.3095703125,5.54714898109436,5.686439514160156
155,48.037,200,4,98.72160339355469,-206.1117706298828,-76.6756591796875,-224.96612548828125,-85.2861328125,-204.33851623535156,5.527286148071289,5.595041275024414
156,48.342,200,4,98.72160339355469,-206.1117706298828,-76.6756591796875,-224.96612548828125,111.15629577636719,-216.74578857421875,5.562945966720581,5.553876876831055
157,48.655,200,4,98.72160339355469,-206.1117706298828,-77.07575988769531,-224.6835479736328,-4.119632244110107,-209.29727172851562,5.524923791885376,5.597546577453613
158,48.961,200,4,98.72160339355469,-206.1117706298828,-77.07575988769531,-224.6835479736328,122.18692016601562,-217.0004119873047,5.537861089706421,5.790218830108643
159,49.275,200,4,98.72160339355469,-206.1117706298828,-78.6504898071289,-224.34799194335938,30.41087532043457,-209.98291015625,5.552356472015381,5.514301300048828
160,49.582,200,4,98.72160339355469,-206.1117706298828,-78.6504898071289,-224.34799194335938,-27.245899200439453,-209.8342742919922,5.537958240509033,5.692431926727295
161,49.9,200,5,98.72160339355469,-206.1117706298828,-76.0845947265625,-223.82029724121094,-74.59260559082031,-206.04176330566406,5.539388160705567,5.562076568603516
162,50.209,200,5,98.72160339355469,-206.1117706298828,-76.0845947265625,-223.82029724121094,106.78411102294922,-215.34532165527344,5.522956981658935,5.473057746887207
163,50.522,200,5,98.72160339355469,-206.1117706298828,-77.5208969116211,-223.53074645996094,100.17173767089844,-215.62997436523438,5.513067674636841,5.579250812530518
164,50.829,200,5,98.72160339355469,-206.1117706298828,-77.5208969116211,-223.53074645996094,-3.239607810974121,-209.7535858154297,5.545270881652832,5.426641464233398
165,51.143,200,5,98.72160339355469,-206.1117706298828,-78.52252197265625,-223.30288696289062,114.9294662475586,-217.4058074951172,5.526723642349243,5.630937576293945
166,51.45,200,5,98.72160339355469,-206.1117706298828,-78.52252197265625,-223.30288696289062,112.59417724609375,-217.33670043945312,5.526301040649414,5.499731063842773
167,51.794,200,6,98.72160339355469,-206.1117706298828,-79.04313659667969,-222.93589782714844,-81.24042510986328,-205.39158630371094,5.515660238265991,5.426212310791016
168,52.12,200,6,98.72160339355469,-206.1117706298828,-79.04313659667969,-222.93589782714844,110.9858169555664,-215.5264892578125,5.52823260307312,5.615890979766846
169,52.442,200,6,98.72160339355469,-206.1117706298828,-80.01258087158203,-222.65750122070312,-79.27098846435547,-204.9460906982422,5.504611644744873,5.400523662567139
170,52.777,200,6,98.72160339355469,-206.1117706298828,-80.01258087158203,-222.65750122070312,-88.40242004394531,-206.0834503173828,5.512323713302612,5.5622124671936035
171,53.103,200,6,98.72160339355469,-206.1117706298828,-80.5457534790039,-222.40086364746094,-79.19413757324219,-204.67999267578125,5.5091366195678715,5.4720025062561035
172,53.41,200,6,98.72160339355469,-206.1117706298828,-80.5457534790039,-222.40086364746094,105.36629486083984,-211.5325469970703,5.51476484298706,5.469173431396484
173,53.742,200,6,98.72160339355469,-206.1117706298828,-82.25959014892578,-222.1385498046875,110.65672302246094,-215.5850067138672,5.499004440307617,5.45024299621582
174,54.067,200,6,98.72160339355469,-206.1117706298828,-82.25959014892578,-222.1385498046875,92.4991683959961,-210.98760986328125,5.47903154373169,5.3733038902282715
175,54.426,200,6,98.72160339355469,-206.1117706298828,-82.03312683105469,-221.8048858642578,92.42163848876953,-210.09461975097656,5.484283514022827,5.438697814941406
176,54.786,200,6,98.72160339355469,-206.1117706298828,-82.03312683105469,-221.8048858642578,108.3493423461914,-216.19215393066406,5.493248586654663,5.46185302734375
177,55.105,200,6,98.72160339355469,-206.1117706298828,-82.00389862060547,-221.5643310546875,17.319021224975586,-210.3603973388672,5.491342725753785,5.476527214050293
178,55.411,200,6,98.72160339355469,-206.1117706298828,-82.00389862060547,-221.5643310546875,19.223459243774414,-209.4870147705078,5.5023783016204835,5.385133266448975
179,55.728,200,6,98.72160339355469,-206.1117706298828,-84.60881042480469,-221.3306121826172,-69.79637145996094,-205.03392028808594,5.478027601242065,5.491097450256348
180,56.033,200,6,98.72160339355469,-206.1117706298828,-84.60881042480469,-221.3306121826172,94.86035919189453,-211.32357788085938,5.491286115646362,5.3945746421813965
181,56.35,200,6,98.72160339355469,-206.1117706298828,-85.88072204589844,-221.10462951660156,93.76020050048828,-210.23741149902344,5.50198600769043,5.530631065368652
182,56.673,200,6,98.72160339355469,-206.1117706298828,-85.88072204589844,-221.10462951660156,29.580106735229492,-210.4027557373047,5.499087448120117,5.523449897766113
183,57.007,200,6,98.72160339355469,-206.1117706298828,-84.94235229492188,-220.92677307128906,104.24283599853516,-216.61703491210938,5.484537096023559,5.370932579040527
184,57.335,200,6,98.72160339355469,-206.1117706298828,-84.94235229492188,-220.92677307128906,115.23246765136719,-216.7410430908203,5.490902757644653,5.515434265136719
185,57.672,200,6,98.72160339355469,-206.1117706298828,-84.05964660644531,-220.8387908935547,114.12435913085938,-211.2001953125,5.465977506637573,5.441779613494873
186,57.99,200,6,98.72160339355469,-206.1117706298828,-84.05964660644531,-220.8387908935547,-72.73804473876953,-204.72776794433594,5.487898845672607,5.582830905914307
187,58.4,200,6,98.72160339355469,-206.1117706298828,-82.15520477294922,-220.4813232421875,42.99319839477539,-209.4016876220703,5.492891788482666,5.589478969573975
188,58.83,200,6,98.72160339355469,-206.1117706298828,-82.15520477294922,-220.4813232421875,-61.52914810180664,-206.0503692626953,5.490129919052124,5.466405868530273
189,59.217,200,5,98.72160339355469,-206.1117706298828,-84.0865249633789,-220.025390625,-85.4073257446289,-203.50250244140625,5.4617901706695555,5.358457565307617
190,59.523,200,5,98.72160339355469,-206.1117706298828,-84.0865249633789,-220.025390625,100.56057739257812,-217.2253875732422,5.475459566116333,5.47615909576416
191,59.838,200,5,98.72160339355469,-206.1117706298828,-81.8226547241211,-219.90875244140625,132.9892120361328,-211.04177856445312,5.480180044174194,5.524356365203857
192,60.147,200,5,98.72160339355469,-206.1117706298828,-81.8226547241211,-219.90875244140625,-56.29263687133789,-204.7307586669922,5.472397203445435,5.4682183265686035
193,60.46,200,5,98.72160339355469,-206.1117706298828,-81.2073974609375,-219.83282470703125,112.03457641601562,-217.34481811523438,5.479502506256104,5.443418979644775
194,60.772,200,5,98.72160339355469,-206.1117706298828,-81.2073974609375,-219.83282470703125,103.99340057373047,-211.48251342773438,5.469678974151611,5.5298752784729
195,61.086,200,5,98.72160339355469,-206.1117706298828,-82.07996368408203,-219.7777862548828,88.79444885253906,-208.7124481201172,5.479071702957153,5.581882953643799
196,61.389,200,5,98.72160339355469,-206.1117706298828,-82.07996368408203,-219.7777862548828,-27.5153751373291,-208.26031494140625,5.455628786087036,5.342700958251953
197,61.702,200,5,98.72160339355469,-206.1117706298828,-82.7426528930664,-219.68896484375,108.52068328857422,-217.3861846923828,5.46088303565979,5.401839733123779
198,62.006,200,5,98.72160339355469,-206.1117706298828,-82.7426528930664,-219.68896484375,106.9759521484375,-209.21600341796875,5.487705163955688,5.503767967224121
199,62.32,200,5,98.72160339355469,-206.1117706298828,-83.53529357910156,-219.5701904296875,-16.970890045166016,-208.1646270751953,5.482848968505859,5.411421298980713
200,62.658,200,5,98.72160339355469,-206.1117706298828,-83.53529357910156,-219.5701904296875,114.46050262451172,-216.6940460205078,5.452396097183228,5.517937183380127
1,0.305,4,3,-31.876632690429688,-306.0784912109375,-53.90732192993164,-307.86029052734375,1.070033073425293,-16.317066192626953,6.563424491882325,6.5764617919921875
2,0.602,4,3,-31.876632690429688,-306.0784912109375,-53.90732192993164,-307.86029052734375,-7.433943748474121,-0.19239814579486847,6.5167612457275395,6.489020347595215
3,0.905,8,4,17.963821411132812,-223.9215545654297,-37.17341232299805,-267.1363525390625,-4.827914237976074,-6.235623359680176,6.069878253936768,5.962958812713623
4,1.199,8,4,17.963821411132812,-223.9215545654297,-37.17341232299805,-267.1363525390625,24.578889846801758,-228.11383056640625,6.042121515274048,6.090469837188721
5,1.502,12,4,17.963821411132812,-223.9215545654297,-57.22897720336914,-258.1578674316406,21.166839599609375,-228.08023071289062,5.968234996795655,5.957651138305664
6,1.797,12,4,17.963821411132812,-223.9215545654297,-57.22897720336914,-258.1578674316406,23.558774948120117,-228.091064453125,5.94575288772583,5.918234825134277
7,2.102,16,5,35.61983871459961,-223.9215545654297,-51.900978088378906,-252.77183532714844,-5.0472259521484375,-227.32699584960938,5.902962255477905,5.928100109100342
8,2.4,16,5,35.61983871459961,-223.9215545654297,-51.900978088378906,-252.77183532714844,-47.775115966796875,-222.94065856933594,5.879717531204224,5.842934608459473
9,2.705,20,6,73.75834655761719,-223.9215545654297,-51.94208908081055,-250.1439208984375,-30.348722457885742,-222.7542266845703,5.875589418411255,5.9159345626831055
10,3.003,20,6,73.75834655761719,-223.9215545654297,-51.94208908081055,-250.1439208984375,75.16012573242188,-239.3109588623047,5.866798658370971,5.96581506729126
11,3.312,24,6,73.75834655761719,-223.9215545654297,-46.16118240356445,-247.8170623779297,74.01859283447266,-239.1268768310547,5.832282037734985,5.764216423034668
12,3.613,24,6,73.75834655761719,-223.9215545654297,-46.16118240356445,-247.8170623779297,-40.662654876708984,-222.21034240722656,5.816655807495117,5.70512580871582
13,3.921,28,6,73.75834655761719,-223.9215545654297,-45.94638442993164,-246.968505859375,79.24948120117188,-239.76231384277344,5.81117600440979,5.805941581726074
14,4.22,28,6,73.75834655761719,-223.9215545654297,-45.94638442993164,-246.968505859375,-39.966522216796875,-221.44703674316406,5.806117086410523,5.788084983825684
15,4.527,32,6,73.75834655761719,-223.9215545654297,-51.84138870239258,-245.3412322998047,-38.79716873168945,-222.00418090820312,5.798608369827271,5.768335819244385
16,4.827,32,6,73.75834655761719,-223.9215545654297,-51.84138870239258,-245.3412322998047,55.1392822265625,-231.76461791992188,5.814374036788941,5.907010078430176
17,5.134,36,6,73.75834655761719,-223.9215545654297,-55.09415054321289,-244.75250244140625,82.17432403564453,-239.57827758789062,5.799568176269531,5.764911651611328
18,5.439,36,6,73.75834655761719,-223.9215545654297,-55.09415054321289,-244.75250244140625,69.11022186279297,-231.60780334472656,5.784067144393921,5.736761569976807
19,5.745,40,7,73.75834655761719,-223.9215545654297,-51.4263801574707,-243.7312774658203,24.21088409423828,-225.60887145996094,5.800979728698731,5.758954048156738
20,6.045,40,7,73.75834655761719,-223.9215545654297,-51.4263801574707,-243.7312774658203,-20.909366607666016,-224.40956115722656,5.782073650360108,5.759500026702881
21,6.356,44,7,73.75834655761719,-223.9215545654297,-53.78786849975586,-242.81396484375,91.80667877197266,-238.07469177246094,5.758743209838867,5.8418660163879395
22,6.659,44,7,73.75834655761719,-223.9215545654297,-53.78786849975586,-242.81396484375,-52.15296173095703,-221.84251403808594,5.775400466918946,5.809504508972168
23,6.968,48,7,73.75834655761719,-223.9215545654297,-60.94868087768555,-242.9927520751953,18.871511459350586,-227.09927368164062,5.7701740646362305,5.826801300048828
24,7.268,48,7,73.75834655761719,-223.9215545654297,-60.94868087768555,-242.9927520751953,60.8855094909668,-230.34896850585938,5.784358491897583,5.659666538238525
25,7.581,52,7,73.75834655761719,-223.9215545654297,-64.18310546875,-242.87725830078125,76.42271423339844,-238.04957580566406,5.789094295501709,5.790102958679199
26,7.885,52,7,73.75834655761719,-223.9215545654297,-64.18310546875,-242.87725830078125,8.7236909866333,-226.77252197265625,5.767009935379028,5.820743083953857
27,8.194,56,9,73.75834655761719,-223.9215545654297,-64.79637908935547,-241.79527282714844,-38.46475601196289,-223.59849548339844,5.775491256713867,5.8424482345581055
28,8.496,56,9,73.75834655761719,-223.9215545654297,-64.79637908935547,-241.79527282714844,-53.05949401855469,-221.4886474609375,5.7587683963775635,5.690356254577637
29,8.805,60,9,73.75834655761719,-223.9215545654297,-63.40800857543945,-241.32345581054688,-18.980741500854492,-226.02593994140625,5.730134887695312,5.712092876434326
30,9.107,60,9,73.75834655761719,-223.9215545654297,-63.40800857543945,-241.32345581054688,30.102087020874023,-227.8489227294922,5.754832229614258,5.786506652832031
31,9.418,64,9,73.75834655761719,-223.9215545654297,-67.66724395751953,-240.71945190429688,-31.215192794799805,-223.91595458984375,5.732329711914063,5.745221138000488
32,9.747,64,9,73.75834655761719,-223.9215545654297,-67.66724395751953,-240.71945190429688,21.827835083007812,-226.95367431640625,5.741069240570068,5.779669284820557
33,10.063,68,7,143.1173095703125,-223.9215545654297,-63.220726013183594,-240.20849609375,-47.069244384765625,-221.2637939453125,5.725903491973877,5.737104415893555
34,10.37,68,7,143.1173095703125,-223.9215545654297,-63.220726013183594,-240.20849609375,150.94439697265625,-230.0576171875,5.729861621856689,5.648714065551758
35,10.68,72,7,143.1173095703125,-223.9215545654297,-65.49191284179688,-240.36363220214844,21.27509880065918,-227.8787841796875,5.737324657440186,5.694118499755859
36,10.981,72,7,143.1173095703125,-223.9215545654297,-65.49191284179688,-240.36363220214844,-52.770843505859375,-223.61465454101562,5.745040826797485,5.714667320251465
37,11.292,76,7,143.1173095703125,-223.9215545654297,-62.95891189575195,-240.03662109375,-38.63169860839844,-223.831787109375,5.735993928909302,5.738656997680664
38,11.594,76,7,143.1173095703125,-223.9215545654297,-62.95891189575195,-240.03662109375,-48.19947052001953,-223.6148223876953,5.748842697143555,5.848932266235352
39,11.904,80,7,143.1173095703125,-223.9215545654297,-62.44812774658203,-239.82815551757812,-26.247114181518555,-226.90887451171875,5.7415745735168455,5.702254295349121
40,12.211,80,7,143.1173095703125,-223.9215545654297,-62.44812774658203,-239.82815551757812,-33.89518737792969,-222.59518432617188,5.73974196434021,5.862314701080322
41,12.523,84,7,143.1173095703125,-223.9215545654297,-61.36668014526367,-239.52587890625,172.75062561035156,-228.7149658203125,5.733647184371948,5.725468635559082
42,12.833,84,7,143.1173095703125,-223.9215545654297,-61.36668014526367,-239.52587890625,162.73118591308594,-229.88343811035156,5.739105186462402,5.685879707336426
43,13.142,88,7,143.1173095703125,-223.9215545654297,-59.46389389038086,-239.36431884765625,-2.455902099609375,-224.53775024414062,5.749052467346192,5.601978778839111
44,13.446,88,7,143.1173095703125,-223.9215545654297,-59.46389389038086,-239.36431884765625,-50.913299560546875,-223.7681884765625,5.725951118469238,5.653158187866211
45,13.757,92,7,143.1173095703125,-223.9215545654297,-62.27414321899414,-238.8751983642578,-24.2028751373291,-223.8997344970703,5.719816026687622,5.830013751983643
46,14.058,92,7,143.1173095703125,-223.9215545654297,-62.27414321899414,-238.8751983642578,-18.79461669921875,-227.29934692382812,5.7459401512146,5.812501907348633
47,14.37,96,7,143.1173095703125,-223.9215545654297,-60.97005081176758,-238.7190704345703,-49.257293701171875,-223.42364501953125,5.723124895095825,5.716281890869141
48,14.678,96,7,143.1173095703125,-223.9215545654297,-60.97005081176758,-238.7190704345703,159.64657592773438,-230.39981079101562,5.730177440643311,5.737955093383789
49,14.981,100,7,143.1173095703125,-223.9215545654297,-61.46488952636719,-238.40032958984375,-3.3404693603515625,-227.23031616210938,5.7312538433074955,5.80966854095459
50,15.286,100,7,143.1173095703125,-223.9215545654297,-61.46488952636719,-238.40032958984375,148.48013305664062,-230.23468017578125,5.72162202835083,5.685321807861328
51,15.599,104,4,143.1173095703125,-220.19642639160156,-61.206260681152344,-237.84878540039062,146.41854858398438,-229.9842071533203,5.721883354187011,5.759690761566162
52,15.905,104,4,143.1173095703125,-220.19642639160156,-61.206260681152344,-237.84878540039062,21.116418838500977,-226.73435974121094,5.696396512985229,5.601035118103027
53,16.215,108,4,143.1173095703125,-220.19642639160156,-62.27036666870117,-237.65447998046875,-17.229434967041016,-219.8473663330078,5.714725961685181,5.8459672927856445
54,16.521,108,4,143.1173095703125,-220.19642639160156,-62.27036666870117,-237.65447998046875,-17.371112823486328,-220.02243041992188,5.704291973114014,5.759085178375244
55,16.893,112,4,143.1173095703125,-220.19642639160156,-61.337501525878906,-237.4058837890625,-21.078781127929688,-219.23956298828125,5.721666603088379,5.674804210662842
56,17.196,112,4,143.1173095703125,-220.19642639160156,-61.337501525878906,-237.4058837890625,-11.120575904846191,-219.9626922607422,5.7070801639556885,5.615015029907227
57,17.507,116,4,143.1173095703125,-220.19642639160156,-62.199893951416016,-237.21994018554688,167.315673828125,-229.5001678466797,5.699020185470581,5.745377540588379
58,17.814,116,4,143.1173095703125,-220.19642639160156,-62.199893951416016,-237.21994018554688,-16.750947952270508,-218.171630859375,5.709446420669556,5.741446018218994
59,18.127,120,4,143.1173095703125,-220.19642639160156,-61.26294708251953,-237.15501403808594,22.155803680419922,-227.7638397216797,5.693771533966064,5.732410430908203
60,18.431,120,4,143.1173095703125,-220.19642639160156,-61.26294708251953,-237.15501403808594,-10.570565223693848,-219.21115112304688,5.706765384674072,5.693873405456543
61,18.745,124,4,143.1173095703125,-220.19642639160156,-63.35746383666992,-237.22378540039062,12.669726371765137,-226.88729858398438,5.708488721847534,5.711870193481445
62,19.053,124,4,143.1173095703125,-220.19642639160156,-63.35746383666992,-237.22378540039062,-1.6064954996109009,-218.7972412109375,5.68033504486084,5.71552848815918
63,19.365,128,4,143.1173095703125,-220.19642639160156,-62.829689025878906,-237.06356811523438,18.992856979370117,-226.5244140625,5.691716794967651,5.675286293029785
64,19.67,128,4,143.1173095703125,-220.19642639160156,-62.829689025878906,-237.06356811523438,144.7593536376953,-229.6290740966797,5.704029626846314,5.787425994873047
65,19.983,132,6,143.1173095703125,-218.1295166015625,-63.5989875793457,-236.6898651123047,-14.503228187561035,-218.4832763671875,5.704258823394776,5.772099494934082
66,20.287,132,6,143.1173095703125,-218.1295166015625,-63.5989875793457,-236.6898651123047,144.6165008544922,-229.30819702148438,5.700904779434204,5.670978546142578
67,20.6,136,5,143.1173095703125,-218.1295166015625,-62.38387680053711,-236.44345092773438,-74.18426513671875,-217.75933837890625,5.694493255615234,5.653810501098633
68,20.904,136,5,143.1173095703125,-218.1295166015625,-62.38387680053711,-236.44345092773438,-67.12255096435547,-217.8845672607422,5.677440195083618,5.767820835113525
69,21.215,140,5,143.1173095703125,-218.1295166015625,-61.840702056884766,-236.137939453125,146.7794647216797,-228.70103454589844,5.694870643615722,5.762563705444336
70,21.52,140,5,143.1173095703125,-218.1295166015625,-61.840702056884766,-236.137939453125,143.43785095214844,-229.21202087402344,5.6786893939971925,5.744194984436035
71,21.836,144,5,143.1173095703125,-218.1295166015625,-62.0751953125,-235.82676696777344,-1.0386625528335571,-221.54180908203125,5.703006181716919,5.821275234222412
72,22.15,144,5,143.1173095703125,-218.1295166015625,-62.0751953125,-235.82676696777344,-11.691003799438477,-222.42662048339844,5.678626136779785,5.718075752258301
73,22.47,148,5,143.1173095703125,-218.1295166015625,-59.94504928588867,-235.7685089111328,171.5225067138672,-229.4603729248047,5.684752702713013,5.681270599365234
74,22.785,148,5,143.1173095703125,-218.1295166015625,-59.94504928588867,-235.7685089111328,179.48141479492188,-229.76675415039062,5.686495409011841,5.6742448806762695
75,23.1,152,5,143.1173095703125,-218.1295166015625,-61.101741790771484,-235.73114013671875,158.841796875,-230.1294708251953,5.69494812965393,5.5481038093566895
76,23.406,152,5,143.1173095703125,-218.1295166015625,-61.101741790771484,-235.73114013671875,-68.79322814941406,-217.51280212402344,5.706973495483399,5.761537551879883
77,23.718,156,6,143.1173095703125,-218.1295166015625,-61.4208984375,-235.5096435546875,75.34380340576172,-226.45901489257812,5.688157119750977,5.818514823913574
78,24.024,156,6,143.1173095703125,-218.1295166015625,-61.4208984375,-235.5096435546875,-54.18839645385742,-217.64329528808594,5.662547388076782,5.699239730834961
79,24.338,160,6,143.1173095703125,-218.1295166015625,-60.6608772277832,-235.3928680419922,1.775369644165039,-221.45169067382812,5.697912483215332,5.749654769897461
80,24.645,160,6,143.1173095703125,-218.1295166015625,-60.6608772277832,-235.3928680419922,-79.39319610595703,-217.92898559570312,5.662174844741822,5.616840839385986
81,24.96,164,6,143.1173095703125,-218.1295166015625,-60.72420883178711,-235.2716064453125,18.2244930267334,-215.5888671875,5.6878814601898195,5.664273262023926
82,25.266,164,6,143.1173095703125,-218.1295166015625,-60.72420883178711,-235.2716064453125,156.77169799804688,-229.44696044921875,5.688366556167603,5.6956586837768555
83,25.581,168,6,143.1173095703125,-218.1295166015625,-61.5594482421875,-235.0464630126953,13.602862358093262,-224.61349487304688,5.705395050048828,5.782256603240967
84,25.887,168,6,143.1173095703125,-218.1295166015625,-61.5594482421875,-235.0464630126953,148.7064971923828,-229.47067260742188,5.677000122070313,5.689082622528076
85,26.201,172,5,143.1173095703125,-218.1295166015625,-61.47837448120117,-234.7953338623047,-69.6005859375,-216.68734741210938,5.661614608764649,5.5999436378479
86,26.508,172,5,143.1173095703125,-218.1295166015625,-61.47837448120117,-234.7953338623047,28.191486358642578,-221.65789794921875,5.667893228530883,5.65179443359375
87,26.824,176,5,143.1173095703125,-218.1295166015625,-62.939453125,-234.83895874023438,74.3294677734375,-225.32432556152344,5.690006408691406,5.637451171875
88,27.132,176,5,143.1173095703125,-218.1295166015625,-62.939453125,-234.83895874023438,-64.87847900390625,-216.8209991455078,5.651877946853638,5.708148002624512
89,27.447,180,5,143.1173095703125,-218.1295166015625,-60.86308670043945,-234.83006286621094,173.77999877929688,-228.6940155029297,5.6787466621398925,5.745537757873535
90,27.757,180,5,143.1173095703125,-218.1295166015625,-60.86308670043945,-234.83006286621094,154.7974853515625,-229.67138671875,5.6703940105438235,5.556571006774902
91,28.075,184,5,143.1173095703125,-218.1295166015625,-62.723304748535156,-234.6991729736328,15.665204048156738,-221.50662231445312,5.674635372161865,5.776037216186523
92,28.384,184,5,143.1173095703125,-218.1295166015625,-62.723304748535156,-234.6991729736328,-71.9599380493164,-216.06809997558594,5.673955984115601,5.634798526763916
93,28.698,188,5,143.1173095703125,-218.1295166015625,-63.736122131347656,-234.58888244628906,99.71955871582031,-225.50262451171875,5.687757425308227,5.607665538787842
94,29.006,188,5,143.1173095703125,-218.1295166015625,-63.736122131347656,-234.58888244628906,-15.437191009521484,-219.0716094970703,5.656587562561035,5.671992301940918
95,29.322,192,5,143.1173095703125,-218.1295166015625,-63.495365142822266,-234.455322265625,-18.272329330444336,-219.16700744628906,5.666455316543579,5.761665344238281
96,29.65,192,5,143.1173095703125,-218.1295166015625,-63.495365142822266,-234.455322265625,149.42990112304688,-229.6429901123047,5.688678884506226,5.763339042663574
97,29.973,196,5,143.1173095703125,-218.1295166015625,-63.989906311035156,-234.31130981445312,164.1696319580078,-230.21755981445312,5.6671858978271485,5.654331207275391
98,30.28,196,5,143.1173095703125,-218.1295166015625,-63.989906311035156,-234.31130981445312,180.28939819335938,-230.48960876464844,5.671888284683227,5.647724628448486
99,30.595,200,5,143.1173095703125,-218.1295166015625,-64.12238311767578,-234.0880126953125,-59.632991790771484,-217.88006591796875,5.66830732345581,5.665336608886719
100,30.902,200,5,143.1173095703125,-218.1295166015625,-64.12238311767578,-234.0880126953125,0.8229899406433105,-220.00624084472656,5.672523040771484,5.771126747131348
101,31.219,200,5,143.1173095703125,-218.1295166015625,-63.91401672363281,-232.44195556640625,-74.87309265136719,-216.3619384765625,5.633984861373901,5.581488609313965
102,31.527,200,5,143.1173095703125,-218.1295166015625,-63.91401672363281,-232.44195556640625,-3.561152696609497,-219.9503936767578,5.643565864562988,5.563534736633301
103,31.844,200,5,143.1173095703125,-218.1295166015625,-64.6808853149414,-232.3836669921875,-17.62765121459961,-219.99607849121094,5.668540420532227,5.687046051025391
104,32.151,200,5,143.1173095703125,-218.1295166015625,-64.6808853149414,-232.3836669921875,16.920238494873047,-219.4568634033203,5.647117347717285,5.67987585067749
105,32.466,200,6,143.1173095703125,-218.1295166015625,-63.80339813232422,-232.07769775390625,-66.26300048828125,-216.1788787841797,5.633306961059571,5.677265167236328
106,32.773,200,6,143.1173095703125,-218.1295166015625,-63.80339813232422,-232.07769775390625,-79.6136703491211,-217.97132873535156,5.649662933349609,5.578792572021484
107,33.088,200,6,143.1173095703125,-218.1295166015625,-64.2839584350586,-231.8662872314453,-84.07235717773438,-218.02407836914062,5.62378529548645,5.685459136962891
108,33.395,200,6,143.1173095703125,-218.1295166015625,-64.2839584350586,-231.8662872314453,144.6673126220703,-230.0477752685547,5.604667882919312,5.526632785797119
109,33.709,200,6,143.1173095703125,-218.1295166015625,-65.33444213867188,-231.55836486816406,144.39071655273438,-230.0186767578125,5.63274510383606,5.498671531677246
110,34.015,200,6,143.1173095703125,-218.1295166015625,-65.33444213867188,-231.55836486816406,156.90634155273438,-230.26492309570312,5.643133239746094,5.589046478271484
111,34.333,200,7,143.1173095703125,-216.42678833007812,-68.39275360107422,-231.25848388671875,29.615510940551758,-220.11782836914062,5.611616697311401,5.551495552062988
112,34.641,200,7,143.1173095703125,-216.42678833007812,-68.39275360107422,-231.25848388671875,63.62569808959961,-226.47525024414062,5.626463661193847,5.6309661865234375
113,34.957,200,7,143.1173095703125,-216.42678833007812,-68.8529281616211,-230.9512176513672,74.95954895019531,-224.445556640625,5.62048342704773,5.543743133544922
114,35.265,200,7,143.1173095703125,-216.42678833007812,-68.8529281616211,-230.9512176513672,154.53903198242188,-228.16439819335938,5.637931385040283,5.788109302520752
115,35.58,200,7,143.1173095703125,-216.42678833007812,-68.89266967773438,-230.79107666015625,91.86485290527344,-226.1444854736328,5.620230569839477,5.530350685119629
116,35.888,200,7,143.1173095703125,-216.42678833007812,-68.89266967773438,-230.79107666015625,-128.5998077392578,-214.89170837402344,5.605468873977661,5.563998699188232
117,36.267,200,8,143.1173095703125,-216.42678833007812,-70.1575698852539,-230.4237823486328,-120.97266387939453,-216.27330017089844,5.605629348754883,5.548288345336914
118,36.572,200,8,143.1173095703125,-216.42678833007812,-70.1575698852539,-230.4237823486328,-166.9104461669922,-215.1500701904297,5.602878227233886,5.638248443603516
119,36.888,200,8,143.1173095703125,-216.42678833007812,-70.2594223022461,-230.23597717285156,80.15805053710938,-223.73289489746094,5.602754812240601,5.703114986419678
120,37.207,200,8,143.1173095703125,-216.42678833007812,-70.2594223022461,-230.23597717285156,56.467586517333984,-223.1802215576172,5.620024242401123,5.682614326477051
121,37.554,200,8,143.1173095703125,-216.42678833007812,-70.99781799316406,-230.03956604003906,0.5939977765083313,-218.24160766601562,5.61281641960144,5.735790252685547
122,37.866,200,8,143.1173095703125,-216.42678833007812,-70.99781799316406,-230.03956604003906,146.5765380859375,-229.72409057617188,5.601066017150879,5.674283981323242
123,38.181,200,8,143.1173095703125,-216.42678833007812,-69.03691864013672,-229.64398193359375,182.55197143554688,-229.7153778076172,5.6039089107513425,5.533336162567139
124,38.488,200,8,143.1173095703125,-216.42678833007812,-69.03691864013672,-229.64398193359375,-99.93767547607422,-216.83953857421875,5.621030445098877,5.522458553314209
125,38.803,200,9,143.1173095703125,-216.42678833007812,-68.42375183105469,-229.2520294189453,87.62521362304688,-226.87545776367188,5.60732063293457,5.807450294494629
126,39.16,200,9,143.1173095703125,-216.42678833007812,-68.42375183105469,-229.2520294189453,34.76764678955078,-219.650390625,5.606044225692749,5.512594699859619
127,39.532,200,9,143.1173095703125,-216.42678833007812,-67.51286315917969,-229.17723083496094,-78.13800811767578,-218.96856689453125,5.607025947570801,5.579164028167725
128,39.841,200,9,143.1173095703125,-216.42678833007812,-67.51286315917969,-229.17723083496094,-150.3974609375,-216.08541870117188,5.602848110198974,5.693785667419434
129,40.159,200,9,143.1173095703125,-216.42678833007812,-69.57919311523438,-228.94386291503906,36.59857177734375,-222.44677734375,5.597711811065674,5.56356954574585
130,40.468,200,9,143.1173095703125,-216.42678833007812,-69.57919311523438,-228.94386291503906,143.75830078125,-227.3069305419922,5.59313928604126,5.5550031661987305
131,40.786,200,10,143.1173095703125,-216.42678833007812,-70.52310180664062,-228.69810485839844,-140.64341735839844,-216.39517211914062,5.612206649780274,5.698026657104492
132,41.095,200,10,143.1173095703125,-216.42678833007812,-70.52310180664062,-228.69810485839844,66.950439453125,-225.62252807617188,5.592102088928223,5.472072124481201
133,41.411,200,4,98.72160339355469,-211.11264038085938,-71.63805389404297,-228.3760986328125,-129.17477416992188,-214.81918334960938,5.580590724945068,5.588846683502197
134,41.719,200,4,98.72160339355469,-211.11264038085938,-71.63805389404297,-228.3760986328125,116.64395141601562,-217.71372985839844,5.588475971221924,5.570062637329102
135,42.092,200,4,98.72160339355469,-211.11264038085938,-71.73591613769531,-227.88499450683594,17.708894729614258,-217.61207580566406,5.59299859046936,5.499499797821045
136,42.408,200,4,98.72160339355469,-211.11264038085938,-71.73591613769531,-227.88499450683594,-105.08712005615234,-209.6803436279297,5.591076650619507,5.440271377563477
137,42.724,200,4,98.72160339355469,-211.11264038085938,-73.29119873046875,-227.58651733398438,-34.26087951660156,-215.09071350097656,5.607172164916992,5.686689853668213
138,43.032,200,4,98.72160339355469,-211.11264038085938,-73.29119873046875,-227.58651733398438,115.59494018554688,-217.57296752929688,5.5789003086090085,5.508332252502441
139,43.347,200,4,98.72160339355469,-211.11264038085938,-72.77144622802734,-227.34332275390625,126.6703872680664,-217.47787475585938,5.582060031890869,5.639233589172363
140,43.653,200,4,98.72160339355469,-211.11264038085938,-72.77144622802734,-227.34332275390625,127.79907989501953,-217.84182739257812,5.588478946685791,5.58683967590332
141,43.971,200,5,98.72160339355469,-211.11264038085938,-73.81254577636719,-227.03411865234375,9.662915229797363,-217.30783081054688,5.576169500350952,5.68107795715332
142,44.279,200,5,98.72160339355469,-211.11264038085938,-73.81254577636719,-227.03411865234375,109.38822174072266,-217.47930908203125,5.572380180358887,5.499189853668213
143,44.595,200,5,98.72160339355469,-211.11264038085938,-75.6905288696289,-226.70668029785156,104.40524291992188,-216.7329864501953,5.586062450408935,5.523848533630371
144,44.903,200,5,98.72160339355469,-211.11264038085938,-75.6905288696289,-226.70668029785156,-104.58625793457031,-212.94769287109375,5.5615948295593265,5.5064849853515625
145,45.217,200,3,98.72160339355469,-210.12171936035156,-74.1898422241211,-226.42747497558594,-0.0007081028888933361,-213.01473999023438,5.579468364715576,5.603760242462158
146,45.525,200,3,98.72160339355469,-210.12171936035156,-74.1898422241211,-226.42747497558594,9.416144371032715,-217.5138397216797,5.570233411788941,5.69965124130249
147,45.841,200,3,98.72160339355469,-210.12171936035156,-75.76763153076172,-226.01107788085938,-28.267459869384766,-209.69223022460938,5.550712051391602,5.589147567749023
148,46.148,200,3,98.72160339355469,-210.12171936035156,-75.76763153076172,-226.01107788085938,-8.931808471679688,-217.14341735839844,5.57972264289856,5.641444206237793
149,46.465,200,4,98.72160339355469,-206.1117706298828,-75.50424194335938,-225.61163330078125,-13.044902801513672,-209.12550354003906,5.537921323776245,5.552159786224365
150,46.771,200,4,98.72160339355469,-206.1117706298828,-75.50424194335938,-225.61163330078125,128.21763610839844,-217.5451202392578,5.563114271163941,5.64287805557251
151,47.09,200,4,98.72160339355469,-206.1117706298828,-76.1628189086914,-225.57371520996094,121.01441955566406,-217.09490966796875,5.562225284576416,5.460666656494141
152,47.398,200,4,98.72160339355469,-206.1117706298828,-76.1628189086914,-225.57371520996094,-69.23894500732422,-204.144287109375,5.557507476806641,5.617826461791992
153,47.72,200,4,98.72160339355469,-206.1117706298828,-76.0999755859375,-225.36505126953125,10.938129425048828,-210.2021026611328,5.551920175552368,5.509780406951904
154,48.057,200,4,98.72160339355469,-206.1117706298828,-76.0999755859375,-225.36505126953125,46.01129150390625,-210.3095703125,5.54714898109436,5.686439514160156
155,48.421,200,4,98.72160339355469,-206.1117706298828,-76.6756591796875,-224.96612548828125,-85.2861328125,-204.33851623535156,5.527286148071289,5.595041275024414
156,48.733,200,4,98.72160339355469,-206.1117706298828,-76.6756591796875,-224.96612548828125,111.15629577636719,-216.74578857421875,5.562945966720581,5.553876876831055
157,49.05,200,4,98.72160339355469,-206.1117706298828,-77.07575988769531,-224.6835479736328,-4.119632244110107,-209.29727172851562,5.524923791885376,5.597546577453613
158,49.359,200,4,98.72160339355469,-206.1117706298828,-77.07575988769531,-224.6835479736328,122.18692016601562,-217.0004119873047,5.537861089706421,5.790218830108643
159,49.695,200,4,98.72160339355469,-206.1117706298828,-78.6504898071289,-224.34799194335938,30.41087532043457,-209.98291015625,5.552356472015381,5.514301300048828
160,50.013,200,4,98.72160339355469,-206.1117706298828,-78.6504898071289,-224.34799194335938,-27.245899200439453,-209.8342742919922,5.537958240509033,5.692431926727295
161,50.337,200,5,98.72160339355469,-206.1117706298828,-76.0845947265625,-223.82029724121094,-74.59260559082031,-206.04176330566406,5.539388160705567,5.562076568603516
162,50.647,200,5,98.72160339355469,-206.1117706298828,-76.0845947265625,-223.82029724121094,106.78411102294922,-215.34532165527344,5.522956981658935,5.473057746887207
163,50.961,200,5,98.72160339355469,-206.1117706298828,-77.5208969116211,-223.53074645996094,100.17173767089844,-215.62997436523438,5.513067674636841,5.579250812530518
164,51.269,200,5,98.72160339355469,-206.1117706298828,-77.5208969116211,-223.53074645996094,-3.239607810974121,-209.7535858154297,5.545270881652832,5.426641464233398
165,51.585,200,5,98.72160339355469,-206.1117706298828,-78.52252197265625,-223.30288696289062,114.9294662475586,-217.4058074951172,5.526723642349243,5.630937576293945
166,51.891,200,5,98.72160339355469,-206.1117706298828,-78.52252197265625,-223.30288696289062,112.59417724609375,-217.33670043945312,5.526301040649414,5.499731063842773
167,52.206,200,6,98.72160339355469,-206.1117706298828,-79.04313659667969,-222.93589782714844,-81.24042510986328,-205.39158630371094,5.515660238265991,5.426212310791016
168,52.513,200,6,98.72160339355469,-206.1117706298828,-79.04313659667969,-222.93589782714844,110.9858169555664,-215.5264892578125,5.52823260307312,5.615890979766846
169,52.83,200,6,98.72160339355469,-206.1117706298828,-80.01258087158203,-222.65750122070312,-79.27098846435547,-204.9460906982422,5.504611644744873,5.400523662567139
170,53.138,200,6,98.72160339355469,-206.1117706298828,-80.01258087158203,-222.65750122070312,-88.40242004394531,-206.0834503173828,5.512323713302612,5.5622124671936035
171,53.457,200,6,98.72160339355469,-206.1117706298828,-80.5457534790039,-222.40086364746094,-79.19413757324219,-204.67999267578125,5.5091366195678715,5.4720025062561035
172,53.767,200,6,98.72160339355469,-206.1117706298828,-80.5457534790039,-222.40086364746094,105.36629486083984,-211.5325469970703,5.51476484298706,5.469173431396484
173,54.083,200,6,98.72160339355469,-206.1117706298828,-82.25959014892578,-222.1385498046875,110.65672302246094,-215.5850067138672,5.499004440307617,5.45024299621582
174,54.391,200,6,98.72160339355469,-206.1117706298828,-82.25959014892578,-222.1385498046875,92.4991683959961,-210.98760986328125,5.47903154373169,5.3733038902282715
175,54.706,200,6,98.72160339355469,-206.1117706298828,-82.03312683105469,-221.8048858642578,92.42163848876953,-210.09461975097656,5.484283514022827,5.438697814941406
176,55.014,200,6,98.72160339355469,-206.1117706298828,-82.03312683105469,-221.8048858642578,108.3493423461914,-216.19215393066406,5.493248586654663,5.46185302734375
177,55.33,200,6,98.72160339355469,-206.1117706298828,-82.00389862060547,-221.5643310546875,17.319021224975586,-210.3603973388672,5.491342725753785,5.476527214050293
178,55.638,200,6,98.72160339355469,-206.1117706298828,-82.00389862060547,-221.5643310546875,19.223459243774414,-209.4870147705078,5.5023783016204835,5.385133266448975
179,55.952,200,6,98.72160339355469,-206.1117706298828,-84.60881042480469,-221.3306121826172,-69.79637145996094,-205.03392028808594,5.478027601242065,5.491097450256348
180,56.26,200,6,98.72160339355469,-206.1117706298828,-84.60881042480469,-221.3306121826172,94.86035919189453,-211.32357788085938,5.491286115646362,5.3945746421813965
181,56.578,200,6,98.72160339355469,-206.1117706298828,-85.88072204589844,-221.10462951660156,93.76020050048828,-210.23741149902344,5.50198600769043,5.530631065368652
182,56.888,200,6,98.72160339355469,-206.1117706298828,-85.88072204589844,-221.10462951660156,29.580106735229492,-210.4027557373047,5.499087448120117,5.523449897766113
183,57.204,200,6,98.72160339355469,-206.1117706298828,-84.94235229492188,-220.92677307128906,104.24283599853516,-216.61703491210938,5.484537096023559,5.370932579040527
184,57.511,200,6,98.72160339355469,-206.1117706298828,-84.94235229492188,-220.92677307128906,115.23246765136719,-216.7410430908203,5.490902757644653,5.515434265136719
185,57.828,200,6,98.72160339355469,-206.1117706298828,-84.05964660644531,-220.8387908935547,114.12435913085938,-211.2001953125,5.465977506637573,5.441779613494873
186,58.132,200,6,98.72160339355469,-206.1117706298828,-84.05964660644531,-220.8387908935547,-72.73804473876953,-204.72776794433594,5.487898845672607,5.582830905914307
187,58.447,200,6,98.72160339355469,-206.1117706298828,-82.15520477294922,-220.4813232421875,42.99319839477539,-209.4016876220703,5.492891788482666,5.589478969573975
188,58.754,200,6,98.72160339355469,-206.1117706298828,-82.15520477294922,-220.4813232421875,-61.52914810180664,-206.0503692626953,5.490129919052124,5.466405868530273
189,59.135,200,5,98.72160339355469,-206.1117706298828,-84.0865249633789,-220.025390625,-85.4073257446289,-203.50250244140625,5.4617901706695555,5.358457565307617
190,59.44,200,5,98.72160339355469,-206.1117706298828,-84.0865249633789,-220.025390625,100.56057739257812,-217.2253875732422,5.475459566116333,5.47615909576416
191,59.758,200,5,98.72160339355469,-206.1117706298828,-81.8226547241211,-219.90875244140625,132.9892120361328,-211.04177856445312,5.480180044174194,5.524356365203857
192,60.066,200,5,98.72160339355469,-206.1117706298828,-81.8226547241211,-219.90875244140625,-56.29263687133789,-204.7307586669922,5.472397203445435,5.4682183265686035
193,60.38,200,5,98.72160339355469,-206.1117706298828,-81.2073974609375,-219.83282470703125,112.03457641601562,-217.34481811523438,5.479502506256104,5.443418979644775
194,60.687,200,5,98.72160339355469,-206.1117706298828,-81.2073974609375,-219.83282470703125,103.99340057373047,-211.48251342773438,5.469678974151611,5.5298752784729
195,61.003,200,5,98.72160339355469,-206.1117706298828,-82.07996368408203,-219.7777862548828,88.79444885253906,-208.7124481201172,5.479071702957153,5.581882953643799
196,61.309,200,5,98.72160339355469,-206.1117706298828,-82.07996368408203,-219.7777862548828,-27.5153751373291,-208.26031494140625,5.455628786087036,5.342700958251953
197,61.624,200,5,98.72160339355469,-206.1117706298828,-82.7426528930664,-219.68896484375,108.52068328857422,-217.3861846923828,5.46088303565979,5.401839733123779
198,61.931,200,5,98.72160339355469,-206.1117706298828,-82.7426528930664,-219.68896484375,106.9759521484375,-209.21600341796875,5.487705163955688,5.503767967224121
199,62.246,200,5,98.72160339355469,-206.1117706298828,-83.53529357910156,-219.5701904296875,-16.970890045166016,-208.1646270751953,5.482848968505859,5.411421298980713
200,62.553,200,5,98.72160339355469,-206.1117706298828,-83.53529357910156,-219.5701904296875,114.46050262451172,-216.6940460205078,5.452396097183228,5.517937183380127
1,0.308,4,3,-31.876632690429688,-306.0784912109375,-53.90732192993164,-307.86029052734375,1.070033073425293,-16.317066192626953,6.563424491882325,6.5764617919921875
2,0.614,4,3,-31.876632690429688,-306.0784912109375,-53.90732192993164,-307.86029052734375,-7.433943748474121,-0.19239814579486847,6.5167612457275395,6.489020347595215
3,0.921,8,4,17.963821411132812,-223.9215545654297,-37.17341232299805,-267.1363525390625,-4.827914237976074,-6.235623359680176,6.069878253936768,5.962958812713623
4,1.252,8,4,17.963821411132812,-223.9215545654297,-37.17341232299805,-267.1363525390625,24.578889846801758,-228.11383056640625,6.042121515274048,6.090469837188721
5,1.563,12,4,17.963821411132812,-223.9215545654297,-57.22897720336914,-258.1578674316406,21.166839599609375,-228.08023071289062,5.968234996795655,5.957651138305664
6,1.863,12,4,17.963821411132812,-223.9215545654297,-57.22897720336914,-258.1578674316406,23.558774948120117,-228.091064453125,5.94575288772583,5.918234825134277
7,2.174,16,5,35.61983871459961,-223.9215545654297,-51.900978088378906,-252.77183532714844,-5.0472259521484375,-227.32699584960938,5.902962255477905,5.928100109100342
8,2.478,16,5,35.61983871459961,-223.9215545654297,-51.900978088378906,-252.77183532714844,-47.775115966796875,-222.94065856933594,5.879717531204224,5.842934608459473
9,2.8,20,6,73.75834655761719,-223.9215545654297,-51.94208908081055,-250.1439208984375,-30.348722457885742,-222.7542266845703,5.875589418411255,5.9159345626831055
10,3.116,20,6,73.75834655761719,-223.9215545654297,-51.94208908081055,-250.1439208984375,75.16012573242188,-239.3109588623047,5.866798658370971,5.96581506729126
11,3.435,24,6,73.75834655761719,-223.9215545654297,-46.16118240356445,-247.8170623779297,74.01859283447266,-239.1268768310547,5.832282037734985,5.764216423034668
12,3.741,24,6,73.75834655761719,-223.9215545654297,-46.16118240356445,-247.8170623779297,-40.662654876708984,-222.21034240722656,5.816655807495117,5.70512580871582
13,4.055,28,6,73.75834655761719,-223.9215545654297,-45.94638442993164,-246.968505859375,79.24948120117188,-239.76231384277344,5.81117600440979,5.805941581726074
14,4.36,28,6,73.75834655761719,-223.9215545654297,-45.94638442993164,-246.968505859375,-39.966522216796875,-221.44703674316406,5.806117086410523,5.788084983825684
15,4.673,32,6,73.75834655761719,-223.9215545654297,-51.84138870239258,-245.3412322998047,-38.79716873168945,-222.00418090820312,5.798608369827271,5.768335819244385
16,4.986,32,6,73.75834655761719,-223.9215545654297,-51.84138870239258,-245.3412322998047,55.1392822265625,-231.76461791992188,5.814374036788941,5.907010078430176
17,5.307,36,6,73.75834655761719,-223.9215545654297,-55.09415054321289,-244.75250244140625,82.17432403564453,-239.57827758789062,5.799568176269531,5.764911651611328
18,5.614,36,6,73.75834655761719,-223.9215545654297,-55.09415054321289,-244.75250244140625,69.11022186279297,-231.60780334472656,5.784067144393921,5.736761569976807
19,5.928,40,7,73.75834655761719,-223.9215545654297,-51.4263801574707,-243.7312774658203,24.21088409423828,-225.60887145996094,5.800979728698731,5.758954048156738
20,6.235,40,7,73.75834655761719,-223.9215545654297,-51.4263801574707,-243.7312774658203,-20.909366607666016,-224.40956115722656,5.782073650360108,5.759500026702881
21,6.56,44,7,73.75834655761719,-223.9215545654297,-53.78786849975586,-242.81396484375,91.80667877197266,-238.07469177246094,5.758743209838867,5.8418660163879395
22,6.872,44,7,73.75834655761719,-223.9215545654297,-53.78786849975586,-242.81396484375,-52.15296173095703,-221.84251403808594,5.775400466918946,5.809504508972168
23,7.192,48,7,73.75834655761719,-223.9215545654297,-60.94868087768555,-242.9927520751953,18.871511459350586,-227.09927368164062,5.7701740646362305,5.826801300048828
24,7.524,48,7,73.75834655761719,-223.9215545654297,-60.94868087768555,-242.9927520751953,60.8855094909668,-230.34896850585938,5.784358491897583,5.659666538238525
25,7.849,52,7,73.75834655761719,-223.9215545654297,-64.18310546875,-242.87725830078125,76.42271423339844,-238.04957580566406,5.789094295501709,5.790102958679199
26,8.161,52,7,73.75834655761719,-223.9215545654297,-64.18310546875,-242.87725830078125,8.7236909866333,-226.77252197265625,5.767009935379028,5.820743083953857
27,8.477,56,9,73.75834655761719,-223.9215545654297,-64.79637908935547,-241.79527282714844,-38.46475601196289,-223.59849548339844,5.775491256713867,5.8424482345581055
28,8.784,56,9,73.75834655761719,-223.9215545654297,-64.79637908935547,-241.79527282714844,-53.05949401855469,-221.4886474609375,5.7587683963775635,5.690356254577637
29,9.1,60,9,73.75834655761719,-223.9215545654297,-63.40800857543945,-241.32345581054688,-18.980741500854492,-226.02593994140625,5.730134887695312,5.712092876434326
30,9.408,60,9,73.75834655761719,-223.9215545654297,-63.40800857543945,-241.32345581054688,30.102087020874023,-227.8489227294922,5.754832229614258,5.786506652832031
31,9.736,64,9,73.75834655761719,-223.9215545654297,-67.66724395751953,-240.71945190429688,-31.215192794799805,-223.91595458984375,5.732329711914063,5.745221138000488
32,10.112,64,9,73.75834655761719,-223.9215545654297,-67.66724395751953,-240.71945190429688,21.827835083007812,-226.95367431640625,5.741069240570068,5.779669284820557
33,10.477,68,7,143.1173095703125,-223.9215545654297,-63.220726013183594,-240.20849609375,-47.069244384765625,-221.2637939453125,5.725903491973877,5.737104415893555
34,10.871,68,7,143.1173095703125,-223.9215545654297,-63.220726013183594,-240.20849609375,150.94439697265625,-230.0576171875,5.729861621856689,5.648714065551758
35,11.251,72,7,143.1173095703125,-223.9215545654297,-65.49191284179688,-240.36363220214844,21.27509880065918,-227.8787841796875,5.737324657440186,5.694118499755859
36,11.603,72,7,143.1173095703125,-223.9215545654297,-65.49191284179688,-240.36363220214844,-52.770843505859375,-223.61465454101562,5.745040826797485,5.714667320251465
37,11.955,76,7,143.1173095703125,-223.9215545654297,-62.95891189575195,-240.03662109375,-38.63169860839844,-223.831787109375,5.735993928909302,5.738656997680664
38,12.31,76,7,143.1173095703125,-223.9215545654297,-62.95891189575195,-240.03662109375,-48.19947052001953,-223.6148223876953,5.748842697143555,5.848932266235352
39,12.67,80,7,143.1173095703125,-223.9215545654297,-62.44812774658203,-239.82815551757812,-26.247114181518555,-226.90887451171875,5.7415745735168455,5.702254295349121
40,13.017,80,7,143.1173095703125,-223.9215545654297,-62.44812774658203,-239.82815551757812,-33.89518737792969,-222.59518432617188,5.73974196434021,5.862314701080322
41,13.34,84,7,143.1173095703125,-223.9215545654297,-61.36668014526367,-239.52587890625,172.75062561035156,-228.7149658203125,5.733647184371948,5.725468635559082
42,13.649,84,7,143.1173095703125,-223.9215545654297,-61.36668014526367,-239.52587890625,162.73118591308594,-229.88343811035156,5.739105186462402,5.685879707336426
43,13.964,88,7,143.1173095703125,-223.9215545654297,-59.46389389038086,-239.36431884765625,-2.455902099609375,-224.53775024414062,5.749052467346192,5.601978778839111
44,14.272,88,7,143.1173095703125,-223.9215545654297,-59.46389389038086,-239.36431884765625,-50.913299560546875,-223.7681884765625,5.725951118469238,5.653158187866211
45,14.588,92,7,143.1173095703125,-223.9215545654297,-62.27414321899414,-238.8751983642578,-24.2028751373291,-223.8997344970703,5.719816026687622,5.830013751983643
46,14.899,92,7,143.1173095703125,-223.9215545654297,-62.27414321899414,-238.8751983642578,-18.79461669921875,-227.29934692382812,5.7459401512146,5.812501907348633
47,15.214,96,7,143.1173095703125,-223.9215545654297,-60.97005081176758,-238.7190704345703,-49.257293701171875,-223.42364501953125,5.723124895095825,5.716281890869141
48,15.528,96,7,143.1173095703125,-223.9215545654297,-60.97005081176758,-238.7190704345703,159.64657592773438,-230.39981079101562,5.730177440643311,5.737955093383789
49,15.846,100,7,143.1173095703125,-223.9215545654297,-61.46488952636719,-238.40032958984375,-3.3404693603515625,-227.23031616210938,5.7312538433074955,5.80966854095459
50,16.155,100,7,143.1173095703125,-223.9215545654297,-61.46488952636719,-238.40032958984375,148.48013305664062,-230.23468017578125,5.72162202835083,5.685321807861328
51,16.491,104,4,143.1173095703125,-220.19642639160156,-61.206260681152344,-237.84878540039062,146.41854858398438,-229.9842071533203,5.721883354187011,5.759690761566162
52,16.843,104,4,143.1173095703125,-220.19642639160156,-61.206260681152344,-237.84878540039062,21.116418838500977,-226.73435974121094,5.696396512985229,5.601035118103027
53,17.162,108,4,143.1173095703125,-220.19642639160156,-62.27036666870117,-237.65447998046875,-17.229434967041016,-219.8473663330078,5.714725961685181,5.8459672927856445
54,17.469,108,4,143.1173095703125,-220.19642639160156,-62.27036666870117,-237.65447998046875,-17.371112823486328,-220.02243041992188,5.704291973114014,5.759085178375244
55,17.855,112,4,143.1173095703125,-220.19642639160156,-61.337501525878906,-237.4058837890625,-21.078781127929688,-219.23956298828125,5.721666603088379,5.674804210662842
56,18.178,112,4,143.1173095703125,-220.19642639160156,-61.337501525878906,-237.4058837890625,-11.120575904846191,-219.9626922607422,5.7070801639556885,5.615015029907227
57,18.494,116,4,143.1173095703125,-220.19642639160156,-62.199893951416016,-237.21994018554688,167.315673828125,-229.5001678466797,5.699020185470581,5.745377540588379
58,18.801,116,4,143.1173095703125,-220.19642639160156,-62.199893951416016,-237.21994018554688,-16.750947952270508,-218.171630859375,5.709446420669556,5.741446018218994
59,19.19,120,4,143.1173095703125,-220.19642639160156,-61.26294708251953,-237.15501403808594,22.155803680419922,-227.7638397216797,5.693771533966064,5.732410430908203
60,19.552,120,4,143.1173095703125,-220.19642639160156,-61.26294708251953,-237.15501403808594,-10.570565223693848,-219.21115112304688,5.706765384674072,5.693873405456543
61,19.938,124,4,143.1173095703125,-220.19642639160156,-63.35746383666992,-237.22378540039062,12.669726371765137,-226.88729858398438,5.708488721847534,5.711870193481445
62,20.319,124,4,143.1173095703125,-220.19642639160156,-63.35746383666992,-237.22378540039062,-1.6064954996109009,-218.7972412109375,5.68033504486084,5.71552848815918
63,20.659,128,4,143.1173095703125,-220.19642639160156,-62.829689025878906,-237.06356811523438,18.992856979370117,-226.5244140625,5.691716794967651,5.675286293029785
64,20.968,128,4,143.1173095703125,-220.19642639160156,-62.829689025878906,-237.06356811523438,144.7593536376953,-229.6290740966797,5.704029626846314,5.787425994873047
65,21.285,132,6,143.1173095703125,-218.1295166015625,-63.5989875793457,-236.6898651123047,-14.503228187561035,-218.4832763671875,5.704258823394776,5.772099494934082
66,21.596,132,6,143.1173095703125,-218.1295166015625,-63.5989875793457,-236.6898651123047,144.6165008544922,-229.30819702148438,5.700904779434204,5.670978546142578
67,21.916,136,5,143.1173095703125,-218.1295166015625,-62.38387680053711,-236.44345092773438,-74.18426513671875,-217.75933837890625,5.694493255615234,5.653810501098633
68,22.241,136,5,143.1173095703125,-218.1295166015625,-62.38387680053711,-236.44345092773438,-67.12255096435547,-217.8845672607422,5.677440195083618,5.767820835113525
69,22.63,140,5,143.1173095703125,-218.1295166015625,-61.840702056884766,-236.137939453125,146.7794647216797,-228.70103454589844,5.694870643615722,5.762563705444336
70,22.974,140,5,143.1173095703125,-218.1295166015625,-61.840702056884766,-236.137939453125,143.43785095214844,-229.21202087402344,5.6786893939971925,5.744194984436035
71,23.373,144,5,143.1173095703125,-218.1295166015625,-62.0751953125,-235.82676696777344,-1.0386625528335571,-221.54180908203125,5.703006181716919,5.821275234222412
72,23.72,144,5,143.1173095703125,-218.1295166015625,-62.0751953125,-235.82676696777344,-11.691003799438477,-222.42662048339844,5.678626136779785,5.718075752258301
73,24.048,148,5,143.1173095703125,-218.1295166015625,-59.94504928588867,-235.7685089111328,171.5225067138672,-229.4603729248047,5.684752702713013,5.681270599365234
74,24.359,148,5,143.1173095703125,-218.1295166015625,-59.94504928588867,-235.7685089111328,179.48141479492188,-229.76675415039062,5.686495409011841,5.6742448806762695
75,24.676,152,5,143.1173095703125,-218.1295166015625,-61.101741790771484,-235.73114013671875,158.841796875,-230.1294708251953,5.69494812965393,5.5481038093566895
76,24.985,152,5,143.1173095703125,-218.1295166015625,-61.101741790771484,-235.73114013671875,-68.79322814941406,-217.51280212402344,5.706973495483399,5.761537551879883
77,25.304,156,6,143.1173095703125,-218.1295166015625,-61.4208984375,-235.5096435546875,75.34380340576172,-226.45901489257812,5.688157119750977,5.818514823913574
78,25.617,156,6,143.1173095703125,-218.1295166015625,-61.4208984375,-235.5096435546875,-54.18839645385742,-217.64329528808594,5.662547388076782,5.699239730834961
79,25.94,160,6,143.1173095703125,-218.1295166015625,-60.6608772277832,-235.3928680419922,1.775369644165039,-221.45169067382812,5.697912483215332,5.749654769897461
80,26.252,160,6,143.1173095703125,-218.1295166015625,-60.6608772277832,-235.3928680419922,-79.39319610595703,-217.92898559570312,5.662174844741822,5.616840839385986
81,26.572,164,6,143.1173095703125,-218.1295166015625,-60.72420883178711,-235.2716064453125,18.2244930267334,-215.5888671875,5.6878814601898195,5.664273262023926
82,26.885,164,6,143.1173095703125,-218.1295166015625,-60.72420883178711,-235.2716064453125,156.77169799804688,-229.44696044921875,5.688366556167603,5.6956586837768555
83,27.205,168,6,143.1173095703125,-218.1295166015625,-61.5594482421875,-235.0464630126953,13.602862358093262,-224.61349487304688,5.705395050048828,5.782256603240967
84,27.515,168,6,143.1173095703125,-218.1295166015625,-61.5594482421875,-235.0464630126953,148.7064971923828,-229.47067260742188,5.677000122070313,5.689082622528076
85,27.858,172,5,143.1173095703125,-218.1295166015625,-61.47837448120117,-234.7953338623047,-69.6005859375,-216.68734741210938,5.661614608764649,5.5999436378479
86,28.174,172,5,143.1173095703125,-218.1295166015625,-61.47837448120117,-234.7953338623047,28.191486358642578,-221.65789794921875,5.667893228530883,5.65179443359375
87,28.494,176,5,143.1173095703125,-218.1295166015625,-62.939453125,-234.83895874023438,74.3294677734375,-225.32432556152344,5.690006408691406,5.637451171875
88,28.804,176,5,143.1173095703125,-218.1295166015625,-62.939453125,-234.83895874023438,-64.87847900390625,-216.8209991455078,5.651877946853638,5.708148002624512
89,29.142,180,5,143.1173095703125,-218.1295166015625,-60.86308670043945,-234.83006286621094,173.77999877929688,-228.6940155029297,5.6787466621398925,5.745537757873535
90,29.455,180,5,143.1173095703125,-218.1295166015625,-60.86308670043945,-234.83006286621094,154.7974853515625,-229.67138671875,5.6703940105438235,5.556571006774902
91,29.777,184,5,143.1173095703125,-218.1295166015625,-62.723304748535156,-234.6991729736328,15.665204048156738,-221.50662231445312,5.674635372161865,5.776037216186523
92,30.091,184,5,143.1173095703125,-218.1295166015625,-62.723304748535156,-234.6991729736328,-71.9599380493164,-216.06809997558594,5.673955984115601,5.634798526763916
93,30.409,188,5,143.1173095703125,-218.1295166015625,-63.736122131347656,-234.58888244628906,99.71955871582031,-225.50262451171875,5.687757425308227,5.607665538787842
94,30.72,188,5,143.1173095703125,-218.1295166015625,-63.736122131347656,-234.58888244628906,-15.437191009521484,-219.0716094970703,5.656587562561035,5.671992301940918
95,31.039,192,5,143.1173095703125,-218.1295166015625,-63.495365142822266,-234.455322265625,-18.272329330444336,-219.16700744628906,5.666455316543579,5.761665344238281
96,31.351,192,5,143.1173095703125,-218.1295166015625,-63.495365142822266,-234.455322265625,149.42990112304688,-229.6429901123047,5.688678884506226,5.763339042663574
97,31.7,196,5,143.1173095703125,-218.1295166015625,-63.989906311035156,-234.31130981445312,164.1696319580078,-230.21755981445312,5.6671858978271485,5.654331207275391
98,32.01,196,5,143.1173095703125,-218.1295166015625,-63.989906311035156,-234.31130981445312,180.28939819335938,-230.48960876464844,5.671888284683227,5.647724628448486
99,32.329,200,5,143.1173095703125,-218.1295166015625,-64.12238311767578,-234.0880126953125,-59.632991790771484,-217.88006591796875,5.66830732345581,5.665336608886719
100,32.642,200,5,143.1173095703125,-218.1295166015625,-64.12238311767578,-234.0880126953125,0.8229899406433105,-220.00624084472656,5.672523040771484,5.771126747131348
101,32.969,200,5,143.1173095703125,-218.1295166015625,-63.91401672363281,-232.44195556640625,-74.87309265136719,-216.3619384765625,5.633984861373901,5.581488609313965
102,33.291,200,5,143.1173095703125,-218.1295166015625,-63.91401672363281,-232.44195556640625,-3.561152696609497,-219.9503936767578,5.643565864562988,5.563534736633301
103,33.627,200,5,143.1173095703125,-218.1295166015625,-64.6808853149414,-232.3836669921875,-17.62765121459961,-219.99607849121094,5.668540420532227,5.687046051025391
104,33.967,200,5,143.1173095703125,-218.1295166015625,-64.6808853149414,-232.3836669921875,16.920238494873047,-219.4568634033203,5.647117347717285,5.67987585067749
105,34.286,200,6,143.1173095703125,-218.1295166015625,-63.80339813232422,-232.07769775390625,-66.26300048828125,-216.1788787841797,5.633306961059571,5.677265167236328
106,34.605,200,6,143.1173095703125,-218.1295166015625,-63.80339813232422,-232.07769775390625,-79.6136703491211,-217.97132873535156,5.649662933349609,5.578792572021484
107,34.925,200,6,143.1173095703125,-218.1295166015625,-64.2839584350586,-231.8662872314453,-84.07235717773438,-218.02407836914062,5.62378529548645,5.685459136962891
108,35.236,200,6,143.1173095703125,-218.1295166015625,-64.2839584350586,-231.8662872314453,144.6673126220703,-230.0477752685547,5.604667882919312,5.526632785797119
109,35.575,200,6,143.1173095703125,-218.1295166015625,-65.33444213867188,-231.55836486816406,144.39071655273438,-230.0186767578125,5.63274510383606,5.498671531677246
110,35.887,200,6,143.1173095703125,-218.1295166015625,-65.33444213867188,-231.55836486816406,156.90634155273438,-230.26492309570312,5.643133239746094,5.589046478271484
111,36.211,200,7,143.1173095703125,-216.42678833007812,-68.39275360107422,-231.25848388671875,29.615510940551758,-220.11782836914062,5.611616697311401,5.551495552062988
112,36.638,200,7,143.1173095703125,-216.42678833007812,-68.39275360107422,-231.25848388671875,63.62569808959961,-226.47525024414062,5.626463661193847,5.6309661865234375
113,36.981,200,7,143.1173095703125,-216.42678833007812,-68.8529281616211,-230.9512176513672,74.95954895019531,-224.445556640625,5.62048342704773,5.543743133544922
114,37.296,200,7,143.1173095703125,-216.42678833007812,-68.8529281616211,-230.9512176513672,154.53903198242188,-228.16439819335938,5.637931385040283,5.788109302520752
115,37.62,200,7,143.1173095703125,-216.42678833007812,-68.89266967773438,-230.79107666015625,91.86485290527344,-226.1444854736328,5.620230569839477,5.530350685119629
116,37.951,200,7,143.1173095703125,-216.42678833007812,-68.89266967773438,-230.79107666015625,-128.5998077392578,-214.89170837402344,5.605468873977661,5.563998699188232
117,38.353,200,8,143.1173095703125,-216.42678833007812,-70.1575698852539,-230.4237823486328,-120.97266387939453,-216.27330017089844,5.605629348754883,5.548288345336914
118,38.669,200,8,143.1173095703125,-216.42678833007812,-70.1575698852539,-230.4237823486328,-166.9104461669922,-215.1500701904297,5.602878227233886,5.638248443603516
119,39.015,200,8,143.1173095703125,-216.42678833007812,-70.2594223022461,-230.23597717285156,80.15805053710938,-223.73289489746094,5.602754812240601,5.703114986419678
120,39.447,200,8,143.1173095703125,-216.42678833007812,-70.2594223022461,-230.23597717285156,56.467586517333984,-223.1802215576172,5.620024242401123,5.682614326477051
121,39.809,200,8,143.1173095703125,-216.42678833007812,-70.99781799316406,-230.03956604003906,0.5939977765083313,-218.24160766601562,5.61281641960144,5.735790252685547
122,40.13,200,8,143.1173095703125,-216.42678833007812,-70.99781799316406,-230.03956604003906,146.5765380859375,-229.72409057617188,5.601066017150879,5.674283981323242
123,40.452,200,8,143.1173095703125,-216.42678833007812,-69.03691864013672,-229.64398193359375,182.55197143554688,-229.7153778076172,5.6039089107513425,5.533336162567139
124,40.773,200,8,143.1173095703125,-216.42678833007812,-69.03691864013672,-229.64398193359375,-99.93767547607422,-216.83953857421875,5.621030445098877,5.522458553314209
125,41.097,200,9,143.1173095703125,-216.42678833007812,-68.42375183105469,-229.2520294189453,87.62521362304688,-226.87545776367188,5.60732063293457,5.807450294494629
126,41.409,200,9,143.1173095703125,-216.42678833007812,-68.42375183105469,-229.2520294189453,34.76764678955078,-219.650390625,5.606044225692749,5.512594699859619
127,41.732,200,9,143.1173095703125,-216.42678833007812,-67.51286315917969,-229.17723083496094,-78.13800811767578,-218.96856689453125,5.607025947570801,5.579164028167725
128,42.049,200,9,143.1173095703125,-216.42678833007812,-67.51286315917969,-229.17723083496094,-150.3974609375,-216.08541870117188,5.602848110198974,5.693785667419434
129,42.375,200,9,143.1173095703125,-216.42678833007812,-69.57919311523438,-228.94386291503906,36.59857177734375,-222.44677734375,5.597711811065674,5.56356954574585
130,42.691,200,9,143.1173095703125,-216.42678833007812,-69.57919311523438,-228.94386291503906,143.75830078125,-227.3069305419922,5.59313928604126,5.5550031661987305
131,43.014,200,10,143.1173095703125,-216.42678833007812,-70.52310180664062,-228.69810485839844,-140.64341735839844,-216.39517211914062,5.612206649780274,5.698026657104492
132,43.334,200,10,143.1173095703125,-216.42678833007812,-70.52310180664062,-228.69810485839844,66.950439453125,-225.62252807617188,5.592102088928223,5.472072124481201
133,43.655,200,4,98.72160339355469,-211.11264038085938,-71.63805389404297,-228.3760986328125,-129.17477416992188,-214.81918334960938,5.580590724945068,5.588846683502197
134,43.967,200,4,98.72160339355469,-211.11264038085938,-71.63805389404297,-228.3760986328125,116.64395141601562,-217.71372985839844,5.588475971221924,5.570062637329102
135,44.288,200,4,98.72160339355469,-211.11264038085938,-71.73591613769531,-227.88499450683594,17.708894729614258,-217.61207580566406,5.59299859046936,5.499499797821045
136,44.598,200,4,98.72160339355469,-211.11264038085938,-71.73591613769531,-227.88499450683594,-105.08712005615234,-209.6803436279297,5.591076650619507,5.440271377563477
137,44.916,200,4,98.72160339355469,-211.11264038085938,-73.29119873046875,-227.58651733398438,-34.26087951660156,-215.09071350097656,5.607172164916992,5.686689853668213
138,45.229,200,4,98.72160339355469,-211.11264038085938,-73.29119873046875,-227.58651733398438,115.59494018554688,-217.57296752929688,5.5789003086090085,5.508332252502441
139,45.549,200,4,98.72160339355469,-211.11264038085938,-72.77144622802734,-227.34332275390625,126.6703872680664,-217.47787475585938,5.582060031890869,5.639233589172363
140,45.862,200,4,98.72160339355469,-211.11264038085938,-72.77144622802734,-227.34332275390625,127.79907989501953,-217.84182739257812,5.588478946685791,5.58683967590332
141,46.185,200,5,98.72160339355469,-211.11264038085938,-73.81254577636719,-227.03411865234375,9.662915229797363,-217.30783081054688,5.576169500350952,5.68107795715332
142,46.587,200,5,98.72160339355469,-211.11264038085938,-73.81254577636719,-227.03411865234375,109.38822174072266,-217.47930908203125,5.572380180358887,5.499189853668213
143,46.991,200,5,98.72160339355469,-211.11264038085938,-75.6905288696289,-226.70668029785156,104.40524291992188,-216.7329864501953,5.586062450408935,5.523848533630371
144,47.304,200,5,98.72160339355469,-211.11264038085938,-75.6905288696289,-226.70668029785156,-104.58625793457031,-212.94769287109375,5.5615948295593265,5.5064849853515625
145,47.627,200,3,98.72160339355469,-210.12171936035156,-74.1898422241211,-226.42747497558594,-0.0007081028888933361,-213.01473999023438,5.579468364715576,5.603760242462158
146,47.944,200,3,98.72160339355469,-210.12171936035156,-74.1898422241211,-226.42747497558594,9.416144371032715,-217.5138397216797,5.570233411788941,5.69965124130249
147,48.269,200,3,98.72160339355469,-210.12171936035156,-75.76763153076172,-226.01107788085938,-28.267459869384766,-209.69223022460938,5.550712051391602,5.589147567749023
148,48.586,200,3,98.72160339355469,-210.12171936035156,-75.76763153076172,-226.01107788085938,-8.931808471679688,-217.14341735839844,5.57972264289856,5.641444206237793
149,48.929,200,4,98.72160339355469,-206.1117706298828,-75.50424194335938,-225.61163330078125,-13.044902801513672,-209.12550354003906,5.537921323776245,5.552159786224365
150,49.249,200,4,98.72160339355469,-206.1117706298828,-75.50424194335938,-225.61163330078125,128.21763610839844,-217.5451202392578,5.563114271163941,5.64287805557251
151,49.57,200,4,98.72160339355469,-206.1117706298828,-76.1628189086914,-225.57371520996094,121.01441955566406,-217.09490966796875,5.562225284576416,5.460666656494141
152,49.883,200,4,98.72160339355469,-206.1117706298828,-76.1628189086914,-225.57371520996094,-69.23894500732422,-204.144287109375,5.557507476806641,5.617826461791992
153,50.204,200,4,98.72160339355469,-206.1117706298828,-76.0999755859375,-225.36505126953125,10.938129425048828,-210.2021026611328,5.551920175552368,5.509780406951904
154,50.521,200,4,98.72160339355469,-206.1117706298828,-76.0999755859375,-225.36505126953125,46.01129150390625,-210.3095703125,5.54714898109436,5.686439514160156
155,50.84,200,4,98.72160339355469,-206.1117706298828,-76.6756591796875,-224.96612548828125,-85.2861328125,-204.33851623535156,5.527286148071289,5.595041275024414
156,51.15,200,4,98.72160339355469,-206.1117706298828,-76.6756591796875,-224.96612548828125,111.15629577636719,-216.74578857421875,5.562945966720581,5.553876876831055
157,51.469,200,4,98.72160339355469,-206.1117706298828,-77.07575988769531,-224.6835479736328,-4.119632244110107,-209.29727172851562,5.524923791885376,5.597546577453613
158,51.78,200,4,98.72160339355469,-206.1117706298828,-77.07575988769531,-224.6835479736328,122.18692016601562,-217.0004119873047,5.537861089706421,5.790218830108643
159,52.101,200,4,98.72160339355469,-206.1117706298828,-78.6504898071289,-224.34799194335938,30.41087532043457,-209.98291015625,5.552356472015381,5.514301300048828
160,52.414,200,4,98.72160339355469,-206.1117706298828,-78.6504898071289,-224.34799194335938,-27.245899200439453,-209.8342742919922,5.537958240509033,5.692431926727295
161,52.808,200,5,98.72160339355469,-206.1117706298828,-76.0845947265625,-223.82029724121094,-74.59260559082031,-206.04176330566406,5.539388160705567,5.562076568603516
162,53.125,200,5,98.72160339355469,-206.1117706298828,-76.0845947265625,-223.82029724121094,106.78411102294922,-215.34532165527344,5.522956981658935,5.473057746887207
163,53.446,200,5,98.72160339355469,-206.1117706298828,-77.5208969116211,-223.53074645996094,100.17173767089844,-215.62997436523438,5.513067674636841,5.579250812530518
164,53.757,200,5,98.72160339355469,-206.1117706298828,-77.5208969116211,-223.53074645996094,-3.239607810974121,-209.7535858154297,5.545270881652832,5.426641464233398
165,54.078,200,5,98.72160339355469,-206.1117706298828,-78.52252197265625,-223.30288696289062,114.9294662475586,-217.4058074951172,5.526723642349243,5.630937576293945
166,54.389,200,5,98.72160339355469,-206.1117706298828,-78.52252197265625,-223.30288696289062,112.59417724609375,-217.33670043945312,5.526301040649414,5.499731063842773
167,54.71,200,6,98.72160339355469,-206.1117706298828,-79.04313659667969,-222.93589782714844,-81.24042510986328,-205.39158630371094,5.515660238265991,5.426212310791016
168,55.022,200,6,98.72160339355469,-206.1117706298828,-79.04313659667969,-222.93589782714844,110.9858169555664,-215.5264892578125,5.52823260307312,5.615890979766846
169,55.345,200,6,98.72160339355469,-206.1117706298828,-80.01258087158203,-222.65750122070312,-79.27098846435547,-204.9460906982422,5.504611644744873,5.400523662567139
170,55.668,200,6,98.72160339355469,-206.1117706298828,-80.01258087158203,-222.65750122070312,-88.40242004394531,-206.0834503173828,5.512323713302612,5.5622124671936035
171,55.987,200,6,98.72160339355469,-206.1117706298828,-80.5457534790039,-222.40086364746094,-79.19413757324219,-204.67999267578125,5.5091366195678715,5.4720025062561035
172,56.301,200,6,98.72160339355469,-206.1117706298828,-80.5457534790039,-222.40086364746094,105.36629486083984,-211.5325469970703,5.51476484298706,5.469173431396484
173,56.618,200,6,98.72160339355469,-206.1117706298828,-82.25959014892578,-222.1385498046875,110.65672302246094,-215.5850067138672,5.499004440307617,5.45024299621582
174,56.926,200,6,98.72160339355469,-206.1117706298828,-82.25959014892578,-222.1385498046875,92.4991683959961,-210.98760986328125,5.47903154373169,5.3733038902282715
175,57.244,200,6,98.72160339355469,-206.1117706298828,-82.03312683105469,-221.8048858642578,92.42163848876953,-210.09461975097656,5.484283514022827,5.438697814941406
176,57.555,200,6,98.72160339355469,-206.1117706298828,-82.03312683105469,-221.8048858642578,108.3493423461914,-216.19215393066406,5.493248586654663,5.46185302734375
177,57.92,200,6,98.72160339355469,-206.1117706298828,-82.00389862060547,-221.5643310546875,17.319021224975586,-210.3603973388672,5.491342725753785,5.476527214050293
178,58.289,200,6,98.72160339355469,-206.1117706298828,-82.00389862060547,-221.5643310546875,19.223459243774414,-209.4870147705078,5.5023783016204835,5.385133266448975
179,58.624,200,6,98.72160339355469,-206.1117706298828,-84.60881042480469,-221.3306121826172,-69.79637145996094,-205.03392028808594,5.478027601242065,5.491097450256348
180,58.938,200,6,98.72160339355469,-206.1117706298828,-84.60881042480469,-221.3306121826172,94.86035919189453,-211.32357788085938,5.491286115646362,5.3945746421813965
181,59.26,200,6,98.72160339355469,-206.1117706298828,-85.88072204589844,-221.10462951660156,93.76020050048828,-210.23741149902344,5.50198600769043,5.530631065368652
182,59.574,200,6,98.72160339355469,-206.1117706298828,-85.88072204589844,-221.10462951660156,29.580106735229492,-210.4027557373047,5.499087448120117,5.523449897766113
183,59.896,200,6,98.72160339355469,-206.1117706298828,-84.94235229492188,-220.92677307128906,104.24283599853516,-216.61703491210938,5.484537096023559,5.370932579040527
184,60.215,200,6,98.72160339355469,-206.1117706298828,-84.94235229492188,-220.92677307128906,115.23246765136719,-216.7410430908203,5.490902757644653,5.515434265136719
185,60.534,200,6,98.72160339355469,-206.1117706298828,-84.05964660644531,-220.8387908935547,114.12435913085938,-211.2001953125,5.465977506637573,5.441779613494873
186,60.852,200,6,98.72160339355469,-206.1117706298828,-84.05964660644531,-220.8387908935547,-72.73804473876953,-204.72776794433594,5.487898845672607,5.582830905914307
187,61.22,200,6,98.72160339355469,-206.1117706298828,-82.15520477294922,-220.4813232421875,42.99319839477539,-209.4016876220703,5.492891788482666,5.589478969573975
188,61.582,200,6,98.72160339355469,-206.1117706298828,-82.15520477294922,-220.4813232421875,-61.52914810180664,-206.0503692626953,5.490129919052124,5.466405868530273
189,62.047,200,5,98.72160339355469,-206.1117706298828,-84.0865249633789,-220.025390625,-85.4073257446289,-203.50250244140625,5.4617901706695555,5.358457565307617
190,62.372,200,5,98.72160339355469,-206.1117706298828,-84.0865249633789,-220.025390625,100.56057739257812,-217.2253875732422,5.475459566116333,5.47615909576416
191,62.703,200,5,98.72160339355469,-206.1117706298828,-81.8226547241211,-219.90875244140625,132.9892120361328,-211.04177856445312,5.480180044174194,5.524356365203857
192,63.018,200,5,98.72160339355469,-206.1117706298828,-81.8226547241211,-219.90875244140625,-56.29263687133789,-204.7307586669922,5.472397203445435,5.4682183265686035
193,63.344,200,5,98.72160339355469,-206.1117706298828,-81.2073974609375,-219.83282470703125,112.03457641601562,-217.34481811523438,5.479502506256104,5.443418979644775
194,63.657,200,5,98.72160339355469,-206.1117706298828,-81.2073974609375,-219.83282470703125,103.99340057373047,-211.48251342773438,5.469678974151611,5.5298752784729
195,63.978,200,5,98.72160339355469,-206.1117706298828,-82.07996368408203,-219.7777862548828,88.79444885253906,-208.7124481201172,5.479071702957153,5.581882953643799
196,64.29,200,5,98.72160339355469,-206.1117706298828,-82.07996368408203,-219.7777862548828,-27.5153751373291,-208.26031494140625,5.455628786087036,5.342700958251953
197,64.612,200,5,98.72160339355469,-206.1117706298828,-82.7426528930664,-219.68896484375,108.52068328857422,-217.3861846923828,5.46088303565979,5.401839733123779
198,64.928,200,5,98.72160339355469,-206.1117706298828,-82.7426528930664,-219.68896484375,106.9759521484375,-209.21600341796875,5.487705163955688,5.503767967224121
199,65.249,200,5,98.72160339355469,-206.1117706298828,-83.53529357910156,-219.5701904296875,-16.970890045166016,-208.1646270751953,5.482848968505859,5.411421298980713
200,65.575,200,5,98.72160339355469,-206.1117706298828,-83.53529357910156,-219.5701904296875,114.46050262451172,-216.6940460205078,5.452396097183228,5.517937183380127
