iteration,wall_time_s,n_trajectories,pareto_front_size,best_obj0,best_obj1,mean_episode_return_obj0,mean_episode_return_obj1,target_obj0,target_obj1,bc_loss_mean,bc_loss_last
1,0.301,4,2,13.181353569030762,-307.5164794921875,-45.125404357910156,-311.88153076171875,-10.217323303222656,-1.2056376934051514,6.591766443252563,6.507654190063477
2,0.594,4,2,13.181353569030762,-307.5164794921875,-45.125404357910156,-311.88153076171875,5.562215805053711,1.8096094131469727,6.540315103530884,6.516869068145752
3,0.895,8,2,42.587669372558594,-219.9661865234375,-44.28357696533203,-267.53363037109375,-1.667126178741455,-1.2244985103607178,6.055269203186035,6.1089372634887695
4,1.198,8,2,42.587669372558594,-219.9661865234375,-44.28357696533203,-267.53363037109375,1.201278567314148,-219.7650146484375,6.0379243850708,6.12278413772583
5,1.499,12,2,42.587669372558594,-219.9661865234375,-68.87854766845703,-258.169677734375,45.99161148071289,-222.1582794189453,5.941627559661865,5.95830774307251
6,1.808,12,2,42.587669372558594,-219.9661865234375,-68.87854766845703,-258.169677734375,-1.883641242980957,-219.8495330810547,5.948636121749878,6.00584077835083
7,2.11,16,2,42.587669372558594,-219.9661865234375,-77.50578308105469,-255.87896728515625,5.343411445617676,-219.77500915527344,5.925557708740234,5.857375144958496
8,2.404,16,2,42.587669372558594,-219.9661865234375,-77.50578308105469,-255.87896728515625,-3.079575538635254,-219.37979125976562,5.906652345657348,5.910743713378906
9,2.716,20,3,99.71553039550781,-219.9661865234375,-63.068939208984375,-254.93136596679688,44.885616302490234,-222.07240295410156,5.9093603420257566,5.9645586013793945
10,3.013,20,3,99.71553039550781,-219.9661865234375,-63.068939208984375,-254.93136596679688,1.3048183917999268,-217.45822143554688,5.907283639907837,5.919071197509766
11,3.335,24,3,99.71553039550781,-219.9661865234375,-69.93352508544922,-252.82737731933594,21.397676467895508,-218.39833068847656,5.8895854568481445,5.925177574157715
12,3.64,24,3,99.71553039550781,-219.9661865234375,-69.93352508544922,-252.82737731933594,43.99679946899414,-216.35577392578125,5.8823050594329835,5.938218116760254
13,3.952,28,3,99.71553039550781,-219.9661865234375,-69.46854400634766,-251.1269989013672,-1.5039628744125366,-218.11962890625,5.848671922683716,5.794609546661377
14,4.25,28,3,99.71553039550781,-219.9661865234375,-69.46854400634766,-251.1269989013672,105.42449951171875,-253.13583374023438,5.850402069091797,5.849786758422852
15,4.554,32,4,99.71553039550781,-219.9661865234375,-63.92475128173828,-251.3965301513672,101.23303985595703,-251.2831573486328,5.868373613357544,5.774528980255127
16,4.852,32,4,99.71553039550781,-219.9661865234375,-63.92475128173828,-251.3965301513672,54.651466369628906,-218.0126495361328,5.879589595794678,5.7965850830078125
17,5.164,36,4,99.71553039550781,-219.9661865234375,-63.60378646850586,-251.00624084472656,-1.873179316520691,-217.92410278320312,5.8505960464477536,5.864871978759766
18,5.464,36,4,99.71553039550781,-219.9661865234375,-63.60378646850586,-251.00624084472656,105.09851837158203,-249.19967651367188,5.857374858856201,6.013099193572998
19,5.77,40,4,99.71553039550781,-219.9661865234375,-61.239280700683594,-250.24887084960938,50.903995513916016,-217.12063598632812,5.849469690322876,5.921321868896484
20,6.07,40,4,99.71553039550781,-219.9661865234375,-61.239280700683594,-250.24887084960938,75.85997772216797,-250.7131805419922,5.845937671661377,5.855667591094971
21,6.385,44,5,99.71553039550781,-219.9661865234375,-63.849361419677734,-249.6973114013672,53.424434661865234,-216.9593048095703,5.85702883720398,5.830215930938721
22,6.685,44,5,99.71553039550781,-219.9661865234375,-63.849361419677734,-249.6973114013672,71.9618148803711,-243.79464721679688,5.845528898239135,5.808529376983643
23,6.991,48,5,99.71553039550781,-219.9661865234375,-63.8953857421875,-248.7933807373047,-5.0574212074279785,-216.22018432617188,5.820032548904419,5.892359733581543
24,7.303,48,5,99.71553039550781,-219.9661865234375,-63.8953857421875,-248.7933807373047,74.19514465332031,-246.09605407714844,5.828825254440307,5.83176326751709
25,7.699,52,5,99.71553039550781,-219.9661865234375,-64.51107788085938,-248.79991149902344,78.86463928222656,-245.37716674804688,5.844653835296631,5.844496726989746
26,8.006,52,5,99.71553039550781,-219.9661865234375,-64.51107788085938,-248.79991149902344,-4.706256866455078,-218.57965087890625,5.820245084762573,5.858121395111084
27,8.314,56,5,99.71553039550781,-219.9661865234375,-64.93745422363281,-248.69778442382812,72.99149322509766,-241.70835876464844,5.829833354949951,5.9134321212768555
28,8.623,56,5,99.71553039550781,-219.9661865234375,-64.93745422363281,-248.69778442382812,-1.9042305946350098,-218.95193481445312,5.8467417907714845,5.958864212036133
29,8.94,60,5,99.71553039550781,-219.9661865234375,-62.18053436279297,-248.8989715576172,79.05491638183594,-250.02752685546875,5.846900730133057,5.759958267211914
30,9.24,60,5,99.71553039550781,-219.9661865234375,-62.18053436279297,-248.8989715576172,75.8402328491211,-247.36410522460938,5.832037553787232,5.802353382110596
31,9.549,64,5,99.71553039550781,-219.9661865234375,-58.53407287597656,-248.04989624023438,2.5673739910125732,-218.35398864746094,5.815324544906616,5.801590442657471
32,9.851,64,5,99.71553039550781,-219.9661865234375,-58.53407287597656,-248.04989624023438,74.72559356689453,-231.16094970703125,5.837162446975708,5.747972011566162
33,10.164,68,5,99.71553039550781,-219.9661865234375,-60.71187973022461,-247.56410217285156,63.2138557434082,-235.5041961669922,5.81074387550354,5.915449142456055
34,10.467,68,5,99.71553039550781,-219.9661865234375,-60.71187973022461,-247.56410217285156,56.25084686279297,-220.18589782714844,5.828691902160645,5.864426612854004
35,10.776,72,5,99.71553039550781,-219.9661865234375,-63.76095962524414,-246.9622344970703,-4.44430685043335,-218.2924346923828,5.807243280410766,5.760536193847656
36,11.077,72,5,99.71553039550781,-219.9661865234375,-63.76095962524414,-246.9622344970703,0.6680646538734436,-217.23147583007812,5.8040904712677,5.658413410186768
37,11.385,76,5,99.71553039550781,-219.9661865234375,-61.626041412353516,-247.26197814941406,103.6087646484375,-244.04856872558594,5.798464679718018,5.762495994567871
38,11.694,76,5,99.71553039550781,-219.9661865234375,-61.626041412353516,-247.26197814941406,-0.6679816842079163,-217.28135681152344,5.820543298721313,5.737051963806152
39,12.004,80,6,99.71553039550781,-219.9661865234375,-61.219818115234375,-247.0880889892578,82.46036529541016,-248.84352111816406,5.820793657302857,5.833132266998291
40,12.306,80,6,99.71553039550781,-219.9661865234375,-61.219818115234375,-247.0880889892578,47.461605072021484,-221.811767578125,5.812415323257446,5.872045516967773
41,12.616,84,6,99.71553039550781,-219.9661865234375,-60.53311538696289,-246.86358642578125,102.11566925048828,-248.72314453125,5.809844951629639,5.979703903198242
42,12.926,84,6,99.71553039550781,-219.9661865234375,-60.53311538696289,-246.86358642578125,-5.6909565925598145,-219.65432739257812,5.78611343383789,5.856204986572266
43,13.258,88,6,99.71553039550781,-219.9661865234375,-61.63336181640625,-246.5155792236328,4.115978717803955,-217.533935546875,5.7969608402252195,5.748762130737305
44,13.558,88,6,99.71553039550781,-219.9661865234375,-61.63336181640625,-246.5155792236328,71.73179626464844,-231.82107543945312,5.797387266159058,5.745630264282227
45,13.866,92,6,99.71553039550781,-219.9661865234375,-62.935298919677734,-246.95057678222656,115.6280746459961,-248.1484375,5.815637197494507,5.878974437713623
46,14.171,92,6,99.71553039550781,-219.9661865234375,-62.935298919677734,-246.95057678222656,59.799354553222656,-227.14004516601562,5.775612192153931,5.897635459899902
47,14.481,96,6,99.71553039550781,-219.9661865234375,-63.302398681640625,-246.94482421875,101.76164245605469,-251.78025817871094,5.81969799041748,5.779800891876221
48,14.783,96,6,99.71553039550781,-219.9661865234375,-63.302398681640625,-246.94482421875,3.9472529888153076,-217.67071533203125,5.785720329284668,5.951706886291504
49,15.094,100,6,99.71553039550781,-219.9661865234375,-64.06442260742188,-247.2720947265625,100.50101470947266,-250.9969940185547,5.795732269287109,5.906489372253418
50,15.397,100,6,99.71553039550781,-219.9661865234375,-64.06442260742188,-247.2720947265625,75.0986099243164,-234.63748168945312,5.823331565856933,5.937348365783691
51,15.708,104,6,99.71553039550781,-219.9661865234375,-63.416297912597656,-246.75997924804688,52.126190185546875,-217.6044158935547,5.807644672393799,5.705445289611816
52,16.011,104,6,99.71553039550781,-219.9661865234375,-63.416297912597656,-246.75997924804688,106.98255157470703,-245.58250427246094,5.78744270324707,5.9122467041015625
53,16.327,108,6,99.71553039550781,-219.9661865234375,-62.278934478759766,-246.6224822998047,90.79830932617188,-246.03346252441406,5.811619148254395,5.864279270172119
54,16.628,108,6,99.71553039550781,-219.9661865234375,-62.278934478759766,-246.6224822998047,1.5460577011108398,-218.20867919921875,5.798924179077148,5.701706886291504
55,16.956,112,6,99.71553039550781,-219.9661865234375,-61.13607406616211,-246.5545654296875,76.56275177001953,-248.49681091308594,5.810524549484253,5.787193298339844
56,17.258,112,6,99.71553039550781,-219.9661865234375,-61.13607406616211,-246.5545654296875,2.4370570182800293,-215.07801818847656,5.792639255523682,5.940252780914307
57,17.569,116,6,99.71553039550781,-219.9661865234375,-61.42534637451172,-246.45486450195312,116.17272186279297,-253.16014099121094,5.802349309921265,5.858909606933594
58,17.875,116,6,99.71553039550781,-219.9661865234375,-61.42534637451172,-246.45486450195312,77.7695083618164,-246.2925567626953,5.8036817359924315,5.837407112121582
59,18.246,120,6,99.71553039550781,-219.9661865234375,-61.08584976196289,-246.236572265625,47.90628433227539,-221.260498046875,5.79460657119751,5.769430637359619
60,18.549,120,6,99.71553039550781,-219.9661865234375,-61.08584976196289,-246.236572265625,64.95954895019531,-221.17990112304688,5.790567302703858,5.747975826263428
61,18.867,124,6,99.71553039550781,-219.9661865234375,-62.94734573364258,-246.00689697265625,100.29656219482422,-253.5082244873047,5.792545366287231,5.782939434051514
62,19.169,124,6,99.71553039550781,-219.9661865234375,-62.94734573364258,-246.00689697265625,68.4404067993164,-230.97584533691406,5.781286954879761,5.762087821960449
63,19.48,128,6,99.71553039550781,-219.9661865234375,-62.60258865356445,-246.05789184570312,101.42097473144531,-252.94927978515625,5.785425510406494,5.716864585876465
64,19.822,128,6,99.71553039550781,-219.9661865234375,-62.60258865356445,-246.05789184570312,101.1092300415039,-253.70529174804688,5.7809995174407955,5.686161994934082
65,20.139,132,6,99.71553039550781,-219.9661865234375,-62.851837158203125,-245.88319396972656,113.9161148071289,-251.5974884033203,5.790408496856689,5.764969825744629
66,20.443,132,6,99.71553039550781,-219.9661865234375,-62.851837158203125,-245.88319396972656,102.31527709960938,-246.18299865722656,5.789182481765747,5.740631580352783
67,20.754,136,5,99.71553039550781,-219.9661865234375,-63.185279846191406,-245.30072021484375,0.7593525052070618,-217.54234313964844,5.767990627288818,5.810378074645996
68,21.059,136,5,99.71553039550781,-219.9661865234375,-63.185279846191406,-245.30072021484375,109.15691375732422,-253.31773376464844,5.776369915008545,5.771178722381592
69,21.502,140,5,99.71553039550781,-219.9661865234375,-63.1458625793457,-245.1560821533203,69.5204086303711,-223.23385620117188,5.7796571254730225,5.586224555969238
70,21.829,140,5,99.71553039550781,-219.9661865234375,-63.1458625793457,-245.1560821533203,-1.311244249343872,-219.71124267578125,5.808044271469116,5.850543975830078
71,22.14,144,5,99.71553039550781,-219.9661865234375,-62.89830017089844,-245.23123168945312,107.92646789550781,-246.18374633789062,5.787610111236572,5.877498626708984
72,22.444,144,5,99.71553039550781,-219.9661865234375,-62.89830017089844,-245.23123168945312,-3.256162643432617,-215.1098175048828,5.781317710876465,5.698082447052002
73,22.761,148,5,99.71553039550781,-219.9661865234375,-64.32029724121094,-245.2545623779297,101.71214294433594,-253.34152221679688,5.778175306320191,5.7754340171813965
74,23.066,148,5,99.71553039550781,-219.9661865234375,-64.32029724121094,-245.2545623779297,7.4191694259643555,-216.87020874023438,5.791384220123291,5.870659828186035
75,23.378,152,5,99.71553039550781,-219.9661865234375,-64.73497772216797,-244.9771728515625,3.575641393661499,-218.46327209472656,5.7765514087677,5.722177505493164
76,23.689,152,5,99.71553039550781,-219.9661865234375,-64.73497772216797,-244.9771728515625,-1.9881025552749634,-214.71730041503906,5.769245128631592,5.782692909240723
77,24.0,156,5,99.71553039550781,-219.9661865234375,-63.85123825073242,-244.8421173095703,104.09010314941406,-252.1811981201172,5.785144367218018,5.748801231384277
78,24.304,156,5,99.71553039550781,-219.9661865234375,-63.85123825073242,-244.8421173095703,50.75693130493164,-222.0120849609375,5.774072694778442,5.712803840637207
79,24.616,160,5,99.71553039550781,-219.9661865234375,-63.8769416809082,-244.5221710205078,1.7087159156799316,-211.70401000976562,5.771319913864136,5.737063407897949
80,24.924,160,5,99.71553039550781,-219.9661865234375,-63.8769416809082,-244.5221710205078,14.425185203552246,-216.1991729736328,5.782627477645874,5.863560676574707
81,25.24,164,5,99.71553039550781,-219.9661865234375,-63.90201187133789,-244.35337829589844,78.9975814819336,-249.6618194580078,5.818074798583984,5.74423885345459
82,25.545,164,5,99.71553039550781,-219.9661865234375,-63.90201187133789,-244.35337829589844,58.15388488769531,-215.23602294921875,5.787982606887818,5.818513870239258
83,25.856,168,5,99.71553039550781,-219.9661865234375,-62.79545593261719,-244.2587890625,102.96981811523438,-253.20751953125,5.783882637023925,5.721625804901123
84,26.161,168,5,99.71553039550781,-219.9661865234375,-62.79545593261719,-244.2587890625,-0.42228376865386963,-219.90374755859375,5.777182149887085,5.699752330780029
85,26.473,172,5,99.71553039550781,-219.9661865234375,-62.277923583984375,-244.08152770996094,78.29483032226562,-244.201416015625,5.784966773986817,5.98123836517334
86,26.777,172,5,99.71553039550781,-219.9661865234375,-62.277923583984375,-244.08152770996094,79.86994934082031,-246.88198852539062,5.786449823379517,5.738901138305664
87,27.09,176,5,99.71553039550781,-219.9661865234375,-63.9020881652832,-243.70933532714844,-1.0222430229187012,-218.31640625,5.774163236618042,5.81414794921875
88,27.397,176,5,99.71553039550781,-219.9661865234375,-63.9020881652832,-243.70933532714844,8.78618049621582,-217.29202270507812,5.766227369308472,5.727970123291016
89,27.713,180,5,99.71553039550781,-219.9661865234375,-63.62375259399414,-243.61740112304688,116.91419219970703,-251.56825256347656,5.7544526195526124,5.739078998565674
90,28.019,180,5,99.71553039550781,-219.9661865234375,-63.62375259399414,-243.61740112304688,6.8871026039123535,-217.87786865234375,5.765832881927491,5.8230133056640625
91,28.356,184,5,99.71553039550781,-219.9661865234375,-63.3916130065918,-243.57723999023438,83.11035919189453,-247.4040069580078,5.757908782958984,5.91282844543457
92,28.665,184,5,99.71553039550781,-219.9661865234375,-63.3916130065918,-243.57723999023438,118.701904296875,-250.85989379882812,5.772330293655395,5.7701826095581055
93,28.98,188,5,99.71553039550781,-219.9661865234375,-64.05664825439453,-243.52310180664062,101.34172821044922,-253.0253143310547,5.763938417434693,5.8365631103515625
94,29.27,188,5,99.71553039550781,-219.9661865234375,-64.05664825439453,-243.52310180664062,66.69573211669922,-223.48777770996094,5.774370565414428,5.840741157531738
95,29.572,192,5,99.71553039550781,-219.9661865234375,-62.69327926635742,-243.2454833984375,5.035882949829102,-218.53343200683594,5.778631525039673,5.714879989624023
96,29.867,192,5,99.71553039550781,-219.9661865234375,-62.69327926635742,-243.2454833984375,88.45366668701172,-249.56222534179688,5.759128322601319,5.824704170227051
97,30.17,196,5,99.71553039550781,-219.9661865234375,-63.96910858154297,-243.31625366210938,100.00187683105469,-249.73370361328125,5.7622833156585695,5.791306018829346
98,30.475,196,5,99.71553039550781,-219.9661865234375,-63.96910858154297,-243.31625366210938,102.22864532470703,-247.9473419189453,5.76123272895813,5.676111221313477
99,30.789,200,5,99.71553039550781,-219.9661865234375,-63.42438507080078,-243.34222412109375,105.86974334716797,-250.81243896484375,5.765081758499146,5.805589199066162
100,31.095,200,5,99.71553039550781,-219.9661865234375,-63.42438507080078,-243.34222412109375,0.8497297763824463,-217.90589904785156,5.764084148406982,5.911352634429932
101,31.411,200,5,99.71553039550781,-219.9661865234375,-64.2750015258789,-241.99957275390625,128.2760772705078,-249.702880859375,5.746461668014526,5.763640880584717
102,31.716,200,5,99.71553039550781,-219.9661865234375,-64.2750015258789,-241.99957275390625,3.540372133255005,-219.80096435546875,5.7467057991027835,5.750651836395264
103,32.033,200,4,99.71553039550781,-222.202880859375,-65.64990997314453,-242.4210968017578,121.7042236328125,-251.3162384033203,5.726182289123535,5.702401638031006
104,32.337,200,4,99.71553039550781,-222.202880859375,-65.64990997314453,-242.4210968017578,-140.177734375,-220.43545532226562,5.75255672454834,5.740253448486328
105,32.65,200,4,99.71553039550781,-222.202880859375,-65.31165313720703,-242.30519104003906,116.56182861328125,-245.53683471679688,5.741374702453613,5.646823883056641
106,32.954,200,4,99.71553039550781,-222.202880859375,-65.31165313720703,-242.30519104003906,-189.364013671875,-221.7520294189453,5.7463753795623775,5.862995147705078
107,33.267,200,4,99.71553039550781,-222.202880859375,-63.85287094116211,-241.90972900390625,99.60731506347656,-221.90200805664062,5.752298965454101,5.607017517089844
108,33.572,200,4,99.71553039550781,-222.202880859375,-63.85287094116211,-241.90972900390625,-165.26382446289062,-217.6942901611328,5.750647134780884,5.764753341674805
109,33.885,200,3,75.60651397705078,-222.202880859375,-65.40031433105469,-241.4708251953125,-200.6082305908203,-218.96234130859375,5.741603317260743,5.566343784332275
110,34.189,200,3,75.60651397705078,-222.202880859375,-65.40031433105469,-241.4708251953125,83.60665893554688,-249.711669921875,5.724964647293091,5.640636444091797
111,34.504,200,3,75.60651397705078,-222.202880859375,-65.81529998779297,-241.3119659423828,98.54471588134766,-250.0980682373047,5.71910080909729,5.738574504852295
112,34.809,200,3,75.60651397705078,-222.202880859375,-65.81529998779297,-241.3119659423828,92.56560516357422,-247.96365356445312,5.74254487991333,5.691287040710449
113,35.122,200,3,75.60651397705078,-222.202880859375,-66.29686737060547,-241.3355255126953,119.75313568115234,-246.29884338378906,5.748833637237549,5.688201904296875
114,35.426,200,3,75.60651397705078,-222.202880859375,-66.29686737060547,-241.3355255126953,-169.14894104003906,-217.58653259277344,5.7362627506256105,5.836032867431641
115,35.739,200,3,75.60651397705078,-222.202880859375,-68.46539306640625,-241.0820770263672,84.7732925415039,-249.4319305419922,5.7404689025878906,5.628258228302002
116,36.045,200,3,75.60651397705078,-222.202880859375,-68.46539306640625,-241.0820770263672,94.85490417480469,-222.105712890625,5.717078638076782,5.723735332489014
117,36.358,200,3,75.60651397705078,-222.202880859375,-68.67304229736328,-240.7068328857422,95.04403686523438,-249.43899536132812,5.717361907958985,5.599222183227539
118,36.68,200,3,75.60651397705078,-222.202880859375,-68.67304229736328,-240.7068328857422,83.3922348022461,-222.18655395507812,5.733516588211059,5.766119003295898
119,36.993,200,3,75.60651397705078,-222.202880859375,-68.64868927001953,-240.38304138183594,74.34103393554688,-220.292724609375,5.728604860305786,5.797215461730957
120,37.298,200,3,75.60651397705078,-222.202880859375,-68.64868927001953,-240.38304138183594,-168.01004028320312,-221.90232849121094,5.713641786575318,5.67485237121582
121,37.612,200,3,75.60651397705078,-222.202880859375,-69.42127990722656,-240.0504150390625,89.51752471923828,-249.9947509765625,5.715602149963379,5.622613906860352
122,37.917,200,3,75.60651397705078,-222.202880859375,-69.42127990722656,-240.0504150390625,-175.3213653564453,-218.82875061035156,5.7105120658874515,5.669626712799072
123,38.314,200,4,75.60651397705078,-219.79507446289062,-69.44519805908203,-239.7507781982422,-203.64398193359375,-220.09860229492188,5.724424467086792,5.73155403137207
124,38.623,200,4,75.60651397705078,-219.79507446289062,-69.44519805908203,-239.7507781982422,113.90218353271484,-246.04637145996094,5.703347778320312,5.783512115478516
125,38.938,200,4,75.60651397705078,-219.79507446289062,-69.38604736328125,-239.4756317138672,76.03059387207031,-246.30502319335938,5.692219791412353,5.754656791687012
126,39.242,200,4,75.60651397705078,-219.79507446289062,-69.38604736328125,-239.4756317138672,79.69319915771484,-248.70562744140625,5.7248333549499515,5.845978736877441
127,39.555,200,6,75.60651397705078,-216.950439453125,-69.8590316772461,-238.90151977539062,-30.423828125,-219.39317321777344,5.6975007915496825,5.5987629890441895
128,39.861,200,6,75.60651397705078,-216.950439453125,-69.8590316772461,-238.90151977539062,-4.272543907165527,-215.61598205566406,5.721512937545777,5.656034469604492
129,40.174,200,6,75.60651397705078,-216.950439453125,-72.89297485351562,-238.5625762939453,80.61140441894531,-247.46807861328125,5.712640705108643,5.826022624969482
130,40.479,200,6,75.60651397705078,-216.950439453125,-72.89297485351562,-238.5625762939453,84.04661560058594,-250.08026123046875,5.687183046340943,5.6563591957092285
131,40.793,200,6,75.60651397705078,-216.950439453125,-74.02185821533203,-238.46554565429688,84.2618637084961,-247.3417205810547,5.693566751480103,5.678526878356934
132,41.097,200,6,75.60651397705078,-216.950439453125,-74.02185821533203,-238.46554565429688,-25.324260711669922,-212.52713012695312,5.697524356842041,5.806751251220703
133,41.41,200,6,75.60651397705078,-216.950439453125,-73.43594360351562,-238.2263641357422,75.9878921508789,-243.3529510498047,5.68529257774353,5.702864646911621
134,41.715,200,6,75.60651397705078,-216.950439453125,-73.43594360351562,-238.2263641357422,67.94507598876953,-221.08143615722656,5.7087569999694825,5.732562065124512
135,42.029,200,6,75.60651397705078,-216.950439453125,-72.15668487548828,-238.11294555664062,83.57128143310547,-248.56759643554688,5.700086221694947,5.711402416229248
136,42.335,200,6,75.60651397705078,-216.950439453125,-72.15668487548828,-238.11294555664062,83.08436584472656,-249.74598693847656,5.705803098678589,5.788811683654785
137,42.648,200,4,66.28141784667969,-216.64707946777344,-73.36724090576172,-237.41397094726562,-42.88426208496094,-214.710693359375,5.693554401397705,5.624162197113037
138,42.954,200,4,66.28141784667969,-216.64707946777344,-73.36724090576172,-237.41397094726562,88.04114532470703,-223.93704223632812,5.676859865188598,5.575600624084473
139,43.267,200,5,66.28141784667969,-216.64707946777344,-73.67510986328125,-236.9608154296875,30.28638458251953,-217.6265411376953,5.680146474838256,5.683468341827393
140,43.571,200,5,66.28141784667969,-216.64707946777344,-73.67510986328125,-236.9608154296875,25.763774871826172,-218.07176208496094,5.660292930603028,5.618663311004639
141,43.887,200,5,66.28141784667969,-216.64707946777344,-75.19664764404297,-236.58709716796875,-29.195396423339844,-216.12269592285156,5.653761625289917,5.678576469421387
142,44.193,200,5,66.28141784667969,-216.64707946777344,-75.19664764404297,-236.58709716796875,-103.09803009033203,-215.5996856689453,5.667834825515747,5.757875442504883
143,44.507,200,5,66.28141784667969,-216.64707946777344,-75.78277587890625,-236.3768310546875,1.646261215209961,-216.54905700683594,5.683627414703369,5.693988800048828
144,44.813,200,5,66.28141784667969,-216.64707946777344,-75.78277587890625,-236.3768310546875,-31.881681442260742,-215.91043090820312,5.670770044326782,5.837460517883301
145,45.128,200,5,66.28141784667969,-216.64707946777344,-75.49345397949219,-235.82119750976562,79.06784057617188,-223.35989379882812,5.654758825302124,5.6685967445373535
146,45.433,200,5,66.28141784667969,-216.64707946777344,-75.49345397949219,-235.82119750976562,89.1307601928711,-223.84312438964844,5.669272336959839,5.643864154815674
147,45.747,200,5,66.28141784667969,-216.64707946777344,-76.03441619873047,-235.41566467285156,11.685510635375977,-218.13475036621094,5.678274908065796,5.648597240447998
148,46.102,200,5,66.28141784667969,-216.64707946777344,-76.03441619873047,-235.41566467285156,-109.00162506103516,-216.04750061035156,5.652536001205444,5.525294780731201
149,46.418,200,6,66.28141784667969,-216.64707946777344,-76.04634094238281,-234.79559326171875,73.6189193725586,-222.55918884277344,5.646625089645386,5.757407188415527
150,46.723,200,6,66.28141784667969,-216.64707946777344,-76.04634094238281,-234.79559326171875,-43.32539367675781,-216.33563232421875,5.6470225811004635,5.734601020812988
151,47.037,200,6,66.28141784667969,-216.64707946777344,-76.26495361328125,-234.57992553710938,19.66385269165039,-217.69515991210938,5.639317464828491,5.567341327667236
152,47.343,200,6,66.28141784667969,-216.64707946777344,-76.26495361328125,-234.57992553710938,-91.85842895507812,-215.83921813964844,5.657786178588867,5.650909423828125
153,47.661,200,7,93.1907730102539,-216.64707946777344,-76.04116821289062,-234.3194580078125,66.57764434814453,-223.58262634277344,5.633293523788452,5.651142120361328
154,47.966,200,7,93.1907730102539,-216.64707946777344,-76.04116821289062,-234.3194580078125,135.04917907714844,-230.63926696777344,5.6374935531616215,5.628863334655762
155,48.278,200,7,93.1907730102539,-216.64707946777344,-77.08042907714844,-233.91586303710938,77.38578033447266,-219.4934844970703,5.653140439987182,5.5450849533081055
156,48.583,200,7,93.1907730102539,-216.64707946777344,-77.08042907714844,-233.91586303710938,15.623434066772461,-216.89276123046875,5.6515624046325685,5.555726051330566
157,48.898,200,9,93.1907730102539,-216.64707946777344,-76.38130950927734,-233.41526794433594,-10.556591987609863,-214.84046936035156,5.650103034973145,5.675378799438477
158,49.204,200,9,93.1907730102539,-216.64707946777344,-76.38130950927734,-233.41526794433594,28.77427101135254,-218.7290802001953,5.640754098892212,5.59808349609375
159,49.52,200,9,93.1907730102539,-216.64707946777344,-78.2629623413086,-233.03578186035156,-117.88164520263672,-216.2738494873047,5.632631797790527,5.664999485015869
160,49.825,200,9,93.1907730102539,-216.64707946777344,-78.2629623413086,-233.03578186035156,15.241799354553223,-217.8069610595703,5.628554906845093,5.686973571777344
161,50.14,200,9,93.1907730102539,-216.64707946777344,-76.21977996826172,-232.81390380859375,114.23005676269531,-229.0867156982422,5.603457002639771,5.609025955200195
162,50.446,200,9,93.1907730102539,-216.64707946777344,-76.21977996826172,-232.81390380859375,86.29325866699219,-220.03533935546875,5.621914176940918,5.635176658630371
163,50.757,200,9,93.1907730102539,-213.62570190429688,-77.09410095214844,-232.30819702148438,-108.55864715576172,-215.78038024902344,5.6171985912323,5.690532684326172
164,51.062,200,9,93.1907730102539,-213.62570190429688,-77.09410095214844,-232.30819702148438,73.0477066040039,-220.96961975097656,5.612597990036011,5.609284400939941
165,51.376,200,10,93.1907730102539,-213.10498046875,-78.11319732666016,-231.84503173828125,18.844694137573242,-217.21339416503906,5.600903015136719,5.59244441986084
166,51.68,200,10,93.1907730102539,-213.10498046875,-78.11319732666016,-231.84503173828125,108.25455474853516,-230.1603240966797,5.622838869094848,5.644899845123291
167,51.993,200,10,93.1907730102539,-213.10498046875,-77.99824523925781,-231.74607849121094,70.22273254394531,-222.97219848632812,5.604381818771362,5.582187175750732
168,52.298,200,10,93.1907730102539,-213.10498046875,-77.99824523925781,-231.74607849121094,36.82880401611328,-218.15609741210938,5.600761623382568,5.6448187828063965
169,52.611,200,7,93.1907730102539,-213.10498046875,-77.70814514160156,-231.29144287109375,-36.30617141723633,-211.35769653320312,5.611374502182007,5.519514560699463
170,52.916,200,7,93.1907730102539,-213.10498046875,-77.70814514160156,-231.29144287109375,113.13213348388672,-229.6796417236328,5.600277481079101,5.47518253326416
171,53.23,200,7,93.1907730102539,-213.10498046875,-78.08727264404297,-230.90074157714844,115.41332244873047,-229.20846557617188,5.60679500579834,5.676790237426758
172,53.535,200,7,93.1907730102539,-213.10498046875,-78.08727264404297,-230.90074157714844,99.3169937133789,-230.55258178710938,5.587807064056396,5.53744649887085
173,53.85,200,7,93.1907730102539,-213.10498046875,-75.90950012207031,-230.4618682861328,-28.540096282958984,-215.7079315185547,5.581807365417481,5.596252918243408
174,54.176,200,7,93.1907730102539,-213.10498046875,-75.90950012207031,-230.4618682861328,55.250091552734375,-214.21041870117188,5.58139633178711,5.67985725402832
175,54.489,200,7,93.1907730102539,-213.10498046875,-76.0048599243164,-230.32347106933594,100.88053894042969,-228.09170532226562,5.5809776401519775,5.480660438537598
176,54.813,200,7,93.1907730102539,-213.10498046875,-76.0048599243164,-230.32347106933594,-45.53458023071289,-211.55064392089844,5.570931091308593,5.748482704162598
177,55.126,200,7,93.1907730102539,-213.10498046875,-77.04737091064453,-230.1028289794922,61.839717864990234,-221.34547424316406,5.5700244140625,5.474433898925781
178,55.429,200,7,93.1907730102539,-213.10498046875,-77.04737091064453,-230.1028289794922,-69.88961029052734,-212.45193481445312,5.5885581779479985,5.494772434234619
179,55.741,200,7,93.1907730102539,-213.10498046875,-78.35310363769531,-230.03125,74.27083587646484,-221.66348266601562,5.569084224700927,5.68822717666626
180,56.046,200,7,93.1907730102539,-213.10498046875,-78.35310363769531,-230.03125,54.60931396484375,-221.95346069335938,5.563148756027221,5.607602596282959
181,56.361,200,7,93.1907730102539,-213.10498046875,-79.64826202392578,-229.67105102539062,35.47906494140625,-220.90292358398438,5.560647220611572,5.565888404846191
182,56.666,200,7,93.1907730102539,-213.10498046875,-79.64826202392578,-229.67105102539062,-62.96170425415039,-212.65487670898438,5.566317358016968,5.522003173828125
183,56.979,200,7,93.1907730102539,-213.10498046875,-80.91158294677734,-229.4770050048828,93.5558853149414,-231.0839080810547,5.577472743988037,5.497830390930176
184,57.285,200,7,93.1907730102539,-213.10498046875,-80.91158294677734,-229.4770050048828,35.055599212646484,-214.56973266601562,5.56735011100769,5.475923538208008
185,57.597,200,7,93.1907730102539,-213.10498046875,-81.8175277709961,-229.32350158691406,61.149940490722656,-221.41464233398438,5.562625970840454,5.56705904006958
186,57.902,200,7,93.1907730102539,-213.10498046875,-81.8175277709961,-229.32350158691406,67.23701477050781,-219.42324829101562,5.562568445205688,5.57621955871582
187,58.216,200,7,93.1907730102539,-213.10498046875,-82.36460876464844,-229.18177795410156,-24.095558166503906,-215.97052001953125,5.567729463577271,5.547876834869385
188,58.536,200,7,93.1907730102539,-213.10498046875,-82.36460876464844,-229.18177795410156,-50.87894821166992,-213.0954132080078,5.553260059356689,5.591111183166504
189,58.851,200,7,93.1907730102539,-213.10498046875,-83.47478485107422,-228.8482666015625,-65.71754455566406,-212.7091064453125,5.558602743148803,5.596559524536133
190,59.155,200,7,93.1907730102539,-213.10498046875,-83.47478485107422,-228.8482666015625,45.97412109375,-213.85951232910156,5.566254911422729,5.52192497253418
191,59.468,200,7,93.1907730102539,-213.10498046875,-84.44267272949219,-228.39117431640625,31.080041885375977,-214.87953186035156,5.567967357635498,5.458675861358643
192,59.772,200,7,93.1907730102539,-213.10498046875,-84.44267272949219,-228.39117431640625,56.6463623046875,-220.93898010253906,5.549675531387329,5.504220962524414
193,60.084,200,7,93.1907730102539,-213.10498046875,-84.5999984741211,-227.94747924804688,-53.18309783935547,-211.9306182861328,5.551094818115234,5.580550670623779
194,60.39,200,7,93.1907730102539,-213.10498046875,-84.5999984741211,-227.94747924804688,126.99397277832031,-230.85523986816406,5.526160020828247,5.36110782623291
195,60.767,200,7,93.1907730102539,-213.10498046875,-85.96627807617188,-227.69850158691406,-45.47878646850586,-213.36404418945312,5.546468276977539,5.554295539855957
196,61.072,200,7,93.1907730102539,-213.10498046875,-85.96627807617188,-227.69850158691406,49.86016845703125,-213.43954467773438,5.523589820861816,5.51541805267334
197,61.384,200,8,93.1907730102539,-213.10498046875,-83.21111297607422,-227.29769897460938,55.108421325683594,-220.8362274169922,5.558253707885743,5.582766056060791
198,61.693,200,8,93.1907730102539,-213.10498046875,-83.21111297607422,-227.29769897460938,133.17803955078125,-222.4993133544922,5.542953252792358,5.674320697784424
199,62.007,200,8,93.1907730102539,-213.10498046875,-83.30402374267578,-226.9833526611328,105.66838836669922,-223.49147033691406,5.516420011520386,5.5148749351501465
200,62.312,200,8,93.1907730102539,-213.10498046875,-83.30402374267578,-226.9833526611328,37.856441497802734,-214.83511352539062,5.551796855926514,5.518146514892578
1,0.312,4,3,-41.692684173583984,-307.51568603515625,-126.2529296875,-311.8852844238281,-10.217323303222656,-1.2056376934051514,6.591048221588135,6.509558200836182
2,0.609,4,3,-41.692684173583984,-307.51568603515625,-126.2529296875,-311.8852844238281,5.562215805053711,1.8096094131469727,6.539843921661377,6.507384300231934
3,0.921,8,2,-16.568613052368164,-218.47377014160156,-91.44132995605469,-266.80169677734375,-1.667126178741455,-1.2244985103607178,6.046744356155395,6.105614185333252
4,1.229,8,2,-16.568613052368164,-218.47377014160156,-91.44132995605469,-266.80169677734375,-24.240678787231445,-218.2770538330078,6.0322197151184085,6.114274978637695
5,1.544,12,3,115.71221160888672,-218.47377014160156,-64.49903869628906,-258.84619140625,-15.937602043151855,-220.61732482910156,5.949285011291504,5.976813793182373
6,1.843,12,3,115.71221160888672,-218.47377014160156,-64.49903869628906,-258.84619140625,126.986083984375,-239.60903930664062,5.953947677612304,6.001221656799316
7,2.153,16,4,115.71221160888672,-218.47377014160156,-57.67988204956055,-253.13433837890625,127.53995513916016,-238.00823974609375,5.890841360092163,5.8445725440979
8,2.456,16,4,115.71221160888672,-218.47377014160156,-57.67988204956055,-253.13433837890625,99.9251480102539,-235.68504333496094,5.869617357254028,5.870664596557617
9,2.77,20,4,115.71221160888672,-218.47377014160156,-50.48612594604492,-251.0545654296875,120.81790161132812,-239.49818420410156,5.857880868911743,5.92842960357666
10,3.078,20,4,115.71221160888672,-218.47377014160156,-50.48612594604492,-251.0545654296875,134.31036376953125,-239.71359252929688,5.860036420822143,5.8894195556640625
11,3.396,24,5,115.71221160888672,-218.47377014160156,-47.31283187866211,-248.3639678955078,146.62127685546875,-237.23521423339844,5.837059898376465,5.862882137298584
12,3.698,24,5,115.71221160888672,-218.47377014160156,-47.31283187866211,-248.3639678955078,124.17878723144531,-235.80455017089844,5.8360682964324955,5.869710445404053
13,4.011,28,6,115.71221160888672,-218.47377014160156,-44.381370544433594,-246.65809631347656,123.40904235839844,-240.69979858398438,5.795928726196289,5.75847053527832
14,4.32,28,6,115.71221160888672,-218.47377014160156,-44.381370544433594,-246.65809631347656,3.9697017669677734,-218.97959899902344,5.79979305267334,5.750382900238037
15,4.64,32,6,115.71221160888672,-218.47377014160156,-39.179988861083984,-247.31143188476562,-13.384373664855957,-215.55213928222656,5.817426166534424,5.71864128112793
16,4.949,32,6,115.71221160888672,-218.47377014160156,-39.179988861083984,-247.31143188476562,138.52413940429688,-240.37306213378906,5.833760995864868,5.725287437438965
17,5.262,36,6,115.71221160888672,-218.47377014160156,-48.00675582885742,-247.62600708007812,32.42411422729492,-233.46766662597656,5.8107570552825925,5.867176532745361
18,5.567,36,6,115.71221160888672,-218.47377014160156,-48.00675582885742,-247.62600708007812,-13.260503768920898,-217.6378173828125,5.817461442947388,5.998430252075195
19,5.881,40,6,119.2938461303711,-218.47377014160156,-43.53456497192383,-247.01010131835938,123.13265991210938,-237.8339080810547,5.808349151611328,5.879310607910156
20,6.195,40,6,119.2938461303711,-218.47377014160156,-43.53456497192383,-247.01010131835938,-19.95847511291504,-217.21315002441406,5.809694738388061,5.840174674987793
21,6.515,44,6,119.2938461303711,-218.47377014160156,-43.95487594604492,-247.1183624267578,-24.560754776000977,-218.23060607910156,5.828336410522461,5.760759353637695
22,6.821,44,6,119.2938461303711,-218.47377014160156,-43.95487594604492,-247.1183624267578,77.52119445800781,-236.7592315673828,5.814443464279175,5.749669551849365
23,7.133,48,7,119.2938461303711,-218.47377014160156,-45.171085357666016,-246.306640625,135.3241729736328,-238.3032989501953,5.7957825756073,5.86258602142334
24,7.56,48,7,119.2938461303711,-218.47377014160156,-45.171085357666016,-246.306640625,141.05715942382812,-235.3512420654297,5.799602613449097,5.821368217468262
25,7.927,52,7,119.2938461303711,-218.47377014160156,-51.544822692871094,-246.09519958496094,-0.688048243522644,-216.40882873535156,5.809247837066651,5.76900577545166
26,8.285,52,7,119.2938461303711,-218.47377014160156,-51.544822692871094,-246.09519958496094,-19.594261169433594,-215.6499481201172,5.792215480804443,5.786495685577393
27,8.603,56,7,119.2938461303711,-218.47377014160156,-52.04887008666992,-246.2464141845703,-12.417695045471191,-218.09719848632812,5.795505657196045,5.840466499328613
28,8.91,56,7,119.2938461303711,-218.47377014160156,-52.04887008666992,-246.2464141845703,-21.187347412109375,-217.0147705078125,5.8169437026977535,5.9538445472717285
29,9.226,60,7,119.2938461303711,-218.47377014160156,-45.94391632080078,-246.08534240722656,-11.629340171813965,-220.68609619140625,5.810262002944946,5.73408842086792
30,9.544,60,7,119.2938461303711,-218.47377014160156,-45.94391632080078,-246.08534240722656,-0.23168809711933136,-219.6666717529297,5.798956718444824,5.7762861251831055
31,9.859,64,7,119.2938461303711,-218.47377014160156,-44.91535186767578,-245.68606567382812,126.19295501708984,-238.0222625732422,5.7829123306274415,5.750497817993164
32,10.173,64,7,119.2938461303711,-218.47377014160156,-44.91535186767578,-245.68606567382812,140.21823120117188,-236.57077026367188,5.807857837677002,5.7368364334106445
33,10.491,68,7,119.2938461303711,-218.47377014160156,-45.091190338134766,-245.5245361328125,-14.2304105758667,-219.87364196777344,5.786469554901123,5.871099472045898
34,10.794,68,7,119.2938461303711,-218.47377014160156,-45.091190338134766,-245.5245361328125,128.12286376953125,-237.2776641845703,5.796971054077148,5.85569953918457
35,11.112,72,7,119.2938461303711,-218.47377014160156,-47.34871292114258,-245.50054931640625,-18.365144729614258,-217.1748046875,5.785615234375,5.715097427368164
36,11.431,72,7,119.2938461303711,-218.47377014160156,-47.34871292114258,-245.50054931640625,130.99656677246094,-233.36280822753906,5.778932104110718,5.641445159912109
37,11.747,76,7,119.2938461303711,-218.47377014160156,-46.58212661743164,-245.4613800048828,161.0592041015625,-235.151123046875,5.77177622795105,5.72076940536499
38,12.054,76,7,119.2938461303711,-218.47377014160156,-46.58212661743164,-245.4613800048828,9.120311737060547,-232.72357177734375,5.7940157032012936,5.760627269744873
39,12.367,80,7,119.2938461303711,-218.47377014160156,-49.210384368896484,-245.2353515625,125.03726959228516,-237.34275817871094,5.797485637664795,5.838778495788574
40,12.682,80,7,119.2938461303711,-218.47377014160156,-49.210384368896484,-245.2353515625,-23.65627098083496,-217.74270629882812,5.784821262359619,5.8223557472229
41,13.003,84,7,119.2938461303711,-218.47377014160156,-48.41098403930664,-245.2188720703125,19.39242935180664,-233.6024627685547,5.779544897079468,5.957873344421387
42,13.313,84,7,119.2938461303711,-218.47377014160156,-48.41098403930664,-245.2188720703125,120.62841796875,-235.90882873535156,5.760729112625122,5.832233428955078
43,13.631,88,7,119.2938461303711,-218.47377014160156,-47.45046615600586,-245.26327514648438,8.039446830749512,-230.65841674804688,5.776122550964356,5.712165832519531
44,13.94,88,7,119.2938461303711,-218.47377014160156,-47.45046615600586,-245.26327514648438,137.39334106445312,-235.55491638183594,5.773784379959107,5.779179573059082
45,14.256,92,7,119.2938461303711,-218.47377014160156,-50.965187072753906,-245.46409606933594,87.86647033691406,-232.89828491210938,5.791739797592163,5.836750507354736
46,14.566,92,7,119.2938461303711,-218.47377014160156,-50.965187072753906,-245.46409606933594,157.4249267578125,-237.53639221191406,5.748275279998779,5.857530117034912
47,14.888,96,7,119.2938461303711,-218.47377014160156,-55.78212356567383,-245.5654296875,6.310048580169678,-234.6840362548828,5.796093759536743,5.776474952697754
48,15.198,96,7,119.2938461303711,-218.47377014160156,-55.78212356567383,-245.5654296875,82.47187805175781,-234.05567932128906,5.762503547668457,5.904267311096191
49,15.518,100,7,119.2938461303711,-218.47377014160156,-55.06142044067383,-245.6326141357422,131.3246612548828,-235.3562774658203,5.766255464553833,5.884321212768555
50,15.825,100,7,119.2938461303711,-218.47377014160156,-55.06142044067383,-245.6326141357422,71.43196868896484,-234.81448364257812,5.791181592941284,5.915552139282227
51,16.288,104,7,119.2938461303711,-218.47377014160156,-54.010719299316406,-245.52989196777344,85.26082611083984,-234.86083984375,5.783113842010498,5.6627655029296875
52,16.658,104,7,119.2938461303711,-218.47377014160156,-54.010719299316406,-245.52989196777344,154.4949493408203,-236.34286499023438,5.761381502151489,5.874617576599121
53,17.034,108,7,119.2938461303711,-218.47377014160156,-56.98252868652344,-245.38229370117188,83.15336608886719,-236.53504943847656,5.789255437850952,5.8700761795043945
54,17.386,108,7,119.2938461303711,-218.47377014160156,-56.98252868652344,-245.38229370117188,5.151998519897461,-234.7605743408203,5.774641599655151,5.696390151977539
55,17.713,112,7,119.2938461303711,-218.47377014160156,-57.5329704284668,-245.2431640625,126.52095031738281,-238.2529754638672,5.783652811050415,5.718082904815674
56,18.027,112,7,119.2938461303711,-218.47377014160156,-57.5329704284668,-245.2431640625,0.7134898900985718,-220.38214111328125,5.766954078674316,5.947782516479492
57,18.341,116,7,119.2938461303711,-218.47377014160156,-58.8240852355957,-245.0289764404297,121.85646057128906,-237.4479522705078,5.77535267829895,5.80446720123291
58,18.652,116,7,119.2938461303711,-218.47377014160156,-58.8240852355957,-245.0289764404297,22.931917190551758,-235.15972900390625,5.775267925262451,5.813405990600586
59,18.971,120,7,119.2938461303711,-218.47377014160156,-60.43901062011719,-245.00779724121094,-25.491714477539062,-216.56455993652344,5.765878715515137,5.798973083496094
60,19.29,120,7,119.2938461303711,-218.47377014160156,-60.43901062011719,-245.00779724121094,69.44390106201172,-236.04197692871094,5.7578950881958,5.718543529510498
61,19.611,124,6,119.2938461303711,-218.47377014160156,-62.45882034301758,-244.5513916015625,-13.085580825805664,-217.8511199951172,5.760899496078491,5.741225242614746
62,19.92,124,6,119.2938461303711,-218.47377014160156,-62.45882034301758,-244.5513916015625,73.90037536621094,-226.01470947265625,5.747583951950073,5.69890022277832
63,20.266,128,6,119.2938461303711,-218.47377014160156,-64.56361389160156,-244.60305786132812,-4.620059013366699,-217.53976440429688,5.750321559906006,5.700251579284668
64,20.601,128,6,119.2938461303711,-218.47377014160156,-64.56361389160156,-244.60305786132812,10.908400535583496,-218.14146423339844,5.7535992622375485,5.682004928588867
65,20.917,132,6,119.2938461303711,-218.47377014160156,-65.44085693359375,-244.4851837158203,0.4290676712989807,-218.082763671875,5.757352542877197,5.740466594696045
66,21.228,132,6,119.2938461303711,-218.47377014160156,-65.44085693359375,-244.4851837158203,57.94855880737305,-222.6813201904297,5.754303016662598,5.666359901428223
67,21.609,136,6,119.2938461303711,-218.47377014160156,-67.17626190185547,-244.30934143066406,132.10704040527344,-237.31097412109375,5.7393756771087645,5.788558483123779
68,21.935,136,6,119.2938461303711,-218.47377014160156,-67.17626190185547,-244.30934143066406,124.83695220947266,-236.0380096435547,5.743604021072388,5.723455429077148
69,22.268,140,6,119.2938461303711,-218.47377014160156,-67.13395690917969,-244.3939666748047,129.3785858154297,-237.77198791503906,5.750775747299194,5.532530784606934
70,22.598,140,6,119.2938461303711,-218.47377014160156,-67.13395690917969,-244.3939666748047,-2.5151805877685547,-217.67868041992188,5.780862665176391,5.789837837219238
71,22.954,144,6,119.2938461303711,-218.47377014160156,-67.51460266113281,-244.23211669921875,-11.94878101348877,-218.2765350341797,5.755608701705933,5.818367004394531
72,23.305,144,6,119.2938461303711,-218.47377014160156,-67.51460266113281,-244.23211669921875,142.87159729003906,-237.05291748046875,5.748230104446411,5.708896636962891
73,23.642,148,6,119.2938461303711,-218.47377014160156,-66.69312286376953,-244.3564453125,119.81585693359375,-235.16763305664062,5.741187744140625,5.738387584686279
74,23.962,148,6,119.2938461303711,-218.47377014160156,-66.69312286376953,-244.3564453125,65.1072769165039,-224.6907196044922,5.755221929550171,5.8209075927734375
75,24.292,152,6,119.2938461303711,-218.47377014160156,-66.5865249633789,-244.35629272460938,72.06414794921875,-224.10797119140625,5.743898601531982,5.730949401855469
76,24.712,152,6,119.2938461303711,-218.47377014160156,-66.5865249633789,-244.35629272460938,-13.74886703491211,-216.93942260742188,5.738441457748413,5.765725135803223
77,25.108,156,6,119.2938461303711,-218.47377014160156,-67.2794189453125,-244.19140625,-18.198118209838867,-216.291259765625,5.755661249160767,5.766341686248779
78,25.426,156,6,119.2938461303711,-218.47377014160156,-67.2794189453125,-244.19140625,68.25789642333984,-226.48663330078125,5.738792009353638,5.696531772613525
79,25.766,160,7,140.0422821044922,-218.47377014160156,-66.38660430908203,-244.1343994140625,-9.003427505493164,-216.70030212402344,5.746915130615235,5.720571041107178
80,26.091,160,7,140.0422821044922,-218.47377014160156,-66.38660430908203,-244.1343994140625,158.9790802001953,-238.95774841308594,5.7500673770904545,5.814384460449219
81,26.428,164,7,140.0422821044922,-218.47377014160156,-65.08735656738281,-243.9872283935547,145.36634826660156,-241.16665649414062,5.779229469299317,5.690341472625732
82,26.812,164,7,140.0422821044922,-218.47377014160156,-65.08735656738281,-243.9872283935547,7.870750904083252,-215.92958068847656,5.754352045059204,5.778755187988281
83,27.274,168,7,140.0422821044922,-218.47377014160156,-64.83189392089844,-243.9967498779297,62.46697998046875,-226.32247924804688,5.744769563674927,5.691341400146484
84,27.668,168,7,140.0422821044922,-218.47377014160156,-64.83189392089844,-243.9967498779297,-17.17668342590332,-218.43124389648438,5.742047891616822,5.638296127319336
85,28.01,172,7,140.0422821044922,-218.47377014160156,-64.62230682373047,-243.85565185546875,144.2630157470703,-237.44761657714844,5.747205686569214,5.938342094421387
86,28.315,172,7,140.0422821044922,-218.47377014160156,-64.62230682373047,-243.85565185546875,146.73599243164062,-239.27333068847656,5.751177701950073,5.710057258605957
87,28.635,176,7,140.0422821044922,-218.47377014160156,-65.16899108886719,-243.67758178710938,-18.118635177612305,-217.35011291503906,5.739376516342163,5.781428337097168
88,28.959,176,7,140.0422821044922,-218.47377014160156,-65.16899108886719,-243.67758178710938,-2.719155788421631,-216.6524200439453,5.7366557312011714,5.726642608642578
89,29.28,180,7,140.0422821044922,-218.47377014160156,-65.49056243896484,-243.6329803466797,90.64808654785156,-234.6565399169922,5.718316574096679,5.689084053039551
90,29.603,180,7,140.0422821044922,-218.47377014160156,-65.49056243896484,-243.6329803466797,-5.700757026672363,-217.0514373779297,5.723624858856201,5.817086696624756
91,29.966,184,7,140.0422821044922,-218.47377014160156,-66.71495056152344,-243.6067657470703,151.82350158691406,-239.62887573242188,5.716976337432861,5.84711217880249
92,30.296,184,7,140.0422821044922,-218.47377014160156,-66.71495056152344,-243.6067657470703,87.16676330566406,-224.72352600097656,5.736614227294922,5.752542972564697
93,30.636,188,6,140.0422821044922,-218.47377014160156,-66.06948852539062,-243.5101776123047,121.8470230102539,-237.85369873046875,5.722349720001221,5.781252861022949
94,30.964,188,6,140.0422821044922,-218.47377014160156,-66.06948852539062,-243.5101776123047,140.69276428222656,-241.198486328125,5.73774787902832,5.815944671630859
95,31.315,192,6,140.0422821044922,-218.47377014160156,-65.8806381225586,-243.4532470703125,-8.607220649719238,-217.49794006347656,5.738455057144165,5.686150550842285
96,31.726,192,6,140.0422821044922,-218.47377014160156,-65.8806381225586,-243.4532470703125,160.212646484375,-241.0988311767578,5.721635036468506,5.797912120819092
97,32.049,196,6,140.0422821044922,-218.47377014160156,-67.16246795654297,-243.33290100097656,57.80723190307617,-223.9564971923828,5.721351156234741,5.751823425292969
98,32.364,196,6,140.0422821044922,-218.47377014160156,-67.16246795654297,-243.33290100097656,61.303321838378906,-222.73980712890625,5.721421890258789,5.636753082275391
99,32.724,200,6,140.0422821044922,-218.47377014160156,-67.83024597167969,-243.19467163085938,67.01993560791016,-224.6912078857422,5.723440427780151,5.745104789733887
100,33.105,200,6,140.0422821044922,-218.47377014160156,-67.83024597167969,-243.19467163085938,-15.17958927154541,-217.07052612304688,5.720168590545654,5.835198402404785
101,33.44,200,6,140.0422821044922,-218.47377014160156,-66.97669219970703,-241.73631286621094,164.13465881347656,-235.5908203125,5.701467361450195,5.722072601318359
102,33.757,200,6,140.0422821044922,-218.47377014160156,-66.97669219970703,-241.73631286621094,-10.95521068572998,-218.36123657226562,5.699493541717529,5.733303546905518
103,34.093,200,4,140.0422821044922,-226.73171997070312,-68.3769302368164,-242.15512084960938,174.56509399414062,-239.82606506347656,5.678099966049194,5.708446502685547
104,34.422,200,4,140.0422821044922,-226.73171997070312,-68.3769302368164,-242.15512084960938,159.74685668945312,-240.69627380371094,5.7014555072784425,5.69340705871582
105,34.749,200,4,140.0422821044922,-226.73171997070312,-69.13775634765625,-242.0790252685547,61.7803840637207,-222.8605499267578,5.687460527420044,5.574777603149414
106,35.081,200,4,140.0422821044922,-226.73171997070312,-69.13775634765625,-242.0790252685547,78.94092559814453,-234.7909393310547,5.697347860336304,5.798533916473389
107,35.419,200,4,140.0422821044922,-226.73171997070312,-68.27706146240234,-242.14642333984375,148.79144287109375,-240.55799865722656,5.701523685455323,5.52980375289917
108,35.746,200,4,140.0422821044922,-226.73171997070312,-68.27706146240234,-242.14642333984375,85.26803588867188,-232.8918914794922,5.694675788879395,5.713586807250977
109,36.075,200,4,140.0422821044922,-226.73171997070312,-70.56040954589844,-242.17481994628906,143.88182067871094,-240.0068359375,5.688418083190918,5.52516508102417
110,36.388,200,4,140.0422821044922,-226.73171997070312,-70.56040954589844,-242.17481994628906,121.5682601928711,-238.13648986816406,5.680799903869629,5.591994762420654
111,36.719,200,4,140.0422821044922,-226.73171997070312,-71.12268829345703,-242.25238037109375,63.87890625,-226.6854248046875,5.673205146789551,5.6795244216918945
112,37.044,200,4,140.0422821044922,-226.73171997070312,-71.12268829345703,-242.25238037109375,124.11524963378906,-237.21249389648438,5.6986838054656985,5.682068347930908
113,37.364,200,4,140.0422821044922,-226.73171997070312,-72.84943389892578,-242.27850341796875,69.90837860107422,-224.67713928222656,5.695686445236206,5.602610111236572
114,37.675,200,4,140.0422821044922,-226.73171997070312,-72.84943389892578,-242.27850341796875,153.1438446044922,-239.08322143554688,5.684981765747071,5.786398887634277
115,37.998,200,4,140.0422821044922,-226.73171997070312,-75.10871124267578,-242.04434204101562,59.963741302490234,-226.3332977294922,5.694327249526977,5.616660118103027
116,38.308,200,4,140.0422821044922,-226.73171997070312,-75.10871124267578,-242.04434204101562,65.48099517822266,-225.74896240234375,5.665910005569458,5.645780563354492
117,38.644,200,4,140.0422821044922,-226.73171997070312,-74.54814147949219,-241.70452880859375,62.88367462158203,-226.3370361328125,5.6643417453765865,5.54910945892334
118,38.954,200,4,140.0422821044922,-226.73171997070312,-74.54814147949219,-241.70452880859375,144.90682983398438,-240.5834197998047,5.678235015869141,5.711790084838867
119,39.276,200,4,140.0422821044922,-226.73171997070312,-75.49105834960938,-241.75570678710938,142.33360290527344,-239.58233642578125,5.679660215377807,5.698090076446533
120,39.588,200,4,140.0422821044922,-226.73171997070312,-75.49105834960938,-241.75570678710938,90.7991943359375,-241.04986572265625,5.661677207946777,5.629179000854492
121,40.017,200,4,140.0422821044922,-226.73171997070312,-77.07489013671875,-241.45590209960938,61.31250762939453,-226.63079833984375,5.6571055603027345,5.5557050704956055
122,40.33,200,4,140.0422821044922,-226.73171997070312,-77.07489013671875,-241.45590209960938,83.49617767333984,-233.2183837890625,5.65287302017212,5.619646072387695
123,40.651,200,4,140.0422821044922,-226.73171997070312,-78.74134826660156,-241.58460998535156,80.6686019897461,-240.09642028808594,5.674875230789184,5.710996150970459
124,40.978,200,4,140.0422821044922,-226.73171997070312,-78.74134826660156,-241.58460998535156,85.81828308105469,-224.717041015625,5.65195969581604,5.731072425842285
125,41.363,200,4,140.0422821044922,-226.73171997070312,-77.6685562133789,-241.4630126953125,57.67283248901367,-224.8429412841797,5.640705709457397,5.684397220611572
126,41.678,200,4,140.0422821044922,-226.73171997070312,-77.6685562133789,-241.4630126953125,60.39480972290039,-226.0113525390625,5.6781939601898195,5.7652587890625
127,41.999,200,3,140.0422821044922,-226.73171997070312,-78.34147644042969,-241.1925811767578,76.0342788696289,-234.80633544921875,5.641154327392578,5.5538129806518555
128,42.317,200,3,140.0422821044922,-226.73171997070312,-78.34147644042969,-241.1925811767578,145.76783752441406,-238.53208923339844,5.670759410858154,5.614259719848633
129,42.723,200,3,140.0422821044922,-226.73171997070312,-81.4356918334961,-241.08230590820312,60.8281364440918,-225.52223205566406,5.663157739639282,5.775397777557373
130,43.035,200,3,140.0422821044922,-226.73171997070312,-81.4356918334961,-241.08230590820312,63.210174560546875,-226.684814453125,5.630581159591674,5.586794853210449
131,43.357,200,3,140.0422821044922,-226.73171997070312,-82.1917953491211,-240.99453735351562,63.35942459106445,-225.46600341796875,5.638957052230835,5.607942581176758
132,43.679,200,3,140.0422821044922,-226.73171997070312,-82.1917953491211,-240.99453735351562,152.7397918701172,-239.55479431152344,5.6377467441558835,5.744229316711426
133,43.998,200,3,140.0422821044922,-226.73171997070312,-83.794677734375,-240.79776000976562,57.62211608886719,-223.6907501220703,5.630303707122803,5.677128791809082
134,44.31,200,3,140.0422821044922,-226.73171997070312,-83.794677734375,-240.79776000976562,58.51127243041992,-225.4484100341797,5.648416624069214,5.671683311462402
135,44.628,200,3,140.0422821044922,-226.73171997070312,-83.19575500488281,-240.65029907226562,62.88056564331055,-226.01158142089844,5.634124031066895,5.673758506774902
136,44.939,200,3,140.0422821044922,-226.73171997070312,-83.19575500488281,-240.65029907226562,62.54293441772461,-226.53604125976562,5.6470444393157955,5.751736164093018
137,45.276,200,3,140.0422821044922,-226.73171997070312,-83.89529418945312,-240.56419372558594,86.21035766601562,-230.5880126953125,5.636415100097656,5.543945789337158
138,45.593,200,3,140.0422821044922,-226.73171997070312,-83.89529418945312,-240.56419372558594,66.93516540527344,-226.67547607421875,5.620559587478637,5.51934814453125
139,45.912,200,3,140.0422821044922,-226.73171997070312,-83.04791259765625,-240.580078125,149.06423950195312,-240.4230499267578,5.627585458755493,5.652406692504883
140,46.236,200,3,140.0422821044922,-226.73171997070312,-83.04791259765625,-240.580078125,147.07362365722656,-241.322998046875,5.606640043258667,5.557453155517578
141,46.557,200,3,140.0422821044922,-226.73171997070312,-84.72203063964844,-240.39398193359375,63.71356201171875,-225.05856323242188,5.594528131484985,5.644252300262451
142,46.869,200,3,140.0422821044922,-226.73171997070312,-84.72203063964844,-240.39398193359375,148.1748504638672,-239.40628051757812,5.609410991668701,5.712245941162109
143,47.188,200,3,140.0422821044922,-226.73171997070312,-86.66382598876953,-240.34243774414062,77.28845977783203,-225.92037963867188,5.624480962753296,5.6321001052856445
144,47.506,200,3,140.0422821044922,-226.73171997070312,-86.66382598876953,-240.34243774414062,62.53119659423828,-224.6295166015625,5.605371866226196,5.771839618682861
145,47.827,200,3,140.0422821044922,-226.73171997070312,-85.58190155029297,-240.2270965576172,62.98558044433594,-225.50885009765625,5.593074951171875,5.6440534591674805
146,48.138,200,3,140.0422821044922,-226.73171997070312,-85.58190155029297,-240.2270965576172,67.41475677490234,-226.48562622070312,5.613395624160766,5.601057052612305
147,48.542,200,3,140.0422821044922,-226.73171997070312,-84.12957000732422,-240.22039794921875,140.87710571289062,-241.45030212402344,5.624838695526123,5.632226467132568
148,48.867,200,3,140.0422821044922,-226.73171997070312,-84.12957000732422,-240.22039794921875,145.57640075683594,-240.31150817871094,5.586844606399536,5.480548858642578
149,49.186,200,3,140.0422821044922,-226.73171997070312,-84.85324096679688,-240.03363037109375,60.587249755859375,-223.89036560058594,5.586675796508789,5.701229095458984
150,49.522,200,3,140.0422821044922,-226.73171997070312,-84.85324096679688,-240.03363037109375,57.49427032470703,-225.48898315429688,5.5839017963409425,5.662113666534424
151,49.892,200,3,140.0422821044922,-226.73171997070312,-85.38260650634766,-240.18417358398438,144.38876342773438,-240.56173706054688,5.583077363967895,5.481341361999512
152,50.217,200,3,140.0422821044922,-226.73171997070312,-85.38260650634766,-240.18417358398438,153.1219482421875,-239.89048767089844,5.599606771469116,5.5640764236450195
153,50.538,200,3,140.0422821044922,-226.73171997070312,-84.01537322998047,-240.1677703857422,57.4880485534668,-225.95907592773438,5.567999267578125,5.5953192710876465
154,50.849,200,3,140.0422821044922,-226.73171997070312,-84.01537322998047,-240.1677703857422,101.80470275878906,-230.74183654785156,5.575091190338135,5.556562900543213
155,51.169,200,3,140.0422821044922,-226.73171997070312,-84.54053497314453,-240.2177276611328,158.69224548339844,-239.50927734375,5.597057657241821,5.519001483917236
156,51.497,200,3,140.0422821044922,-226.73171997070312,-84.54053497314453,-240.2177276611328,80.17240142822266,-226.67422485351562,5.59299789428711,5.502399921417236
157,51.819,200,3,140.0422821044922,-226.73171997070312,-84.65849304199219,-240.08180236816406,70.0931167602539,-224.62831115722656,5.590101308822632,5.6364216804504395
158,52.13,200,3,140.0422821044922,-226.73171997070312,-84.65849304199219,-240.08180236816406,91.62157440185547,-231.48483276367188,5.585409889221191,5.504408836364746
159,52.456,200,3,140.0422821044922,-226.73171997070312,-84.8465347290039,-239.93003845214844,58.77957534790039,-226.35964965820312,5.570673151016235,5.626833915710449
160,52.776,200,3,140.0422821044922,-226.73171997070312,-84.8465347290039,-239.93003845214844,59.457054138183594,-226.36888122558594,5.565891819000244,5.583616733551025
161,53.099,200,4,140.0422821044922,-229.41871643066406,-83.51293182373047,-240.2090606689453,148.14239501953125,-239.13270568847656,5.544422693252564,5.5105695724487305
162,53.408,200,4,140.0422821044922,-229.41871643066406,-83.51293182373047,-240.2090606689453,-33.96826934814453,-227.11390686035156,5.57008924484253,5.57882833480835
163,53.726,200,4,140.0422821044922,-229.41871643066406,-81.80382537841797,-240.02691650390625,-58.91654586791992,-228.71165466308594,5.562771682739258,5.655077934265137
164,54.041,200,4,140.0422821044922,-229.41871643066406,-81.80382537841797,-240.02691650390625,149.4046630859375,-239.49330139160156,5.558978643417358,5.545743942260742
165,54.365,200,4,140.0422821044922,-229.41871643066406,-82.63768768310547,-239.9685516357422,93.27056884765625,-230.48953247070312,5.534582357406617,5.49409294128418
166,54.682,200,4,140.0422821044922,-229.41871643066406,-82.63768768310547,-239.9685516357422,-52.55584716796875,-228.54637145996094,5.557370138168335,5.566672325134277
167,55.008,200,4,140.0422821044922,-229.41871643066406,-80.72652435302734,-240.0355224609375,145.06500244140625,-240.8696746826172,5.54009934425354,5.544068336486816
168,55.32,200,4,140.0422821044922,-229.41871643066406,-80.72652435302734,-240.0355224609375,174.5014190673828,-241.513671875,5.540010967254639,5.604706287384033
169,55.642,200,4,140.0422821044922,-229.41871643066406,-80.09532928466797,-239.83103942871094,132.45632934570312,-230.43409729003906,5.546501340866089,5.470065593719482
170,55.962,200,4,140.0422821044922,-229.41871643066406,-80.09532928466797,-239.83103942871094,165.45510864257812,-240.3345184326172,5.543945903778076,5.400826454162598
171,56.378,200,4,140.0422821044922,-229.41871643066406,-81.57913208007812,-239.91098022460938,168.36219787597656,-240.0242156982422,5.549668016433716,5.630962371826172
172,56.691,200,4,140.0422821044922,-229.41871643066406,-81.57913208007812,-239.91098022460938,147.84939575195312,-240.909423828125,5.526682567596436,5.465505599975586
173,57.021,200,5,140.0422821044922,-229.41871643066406,-82.57855224609375,-239.64234924316406,16.166908264160156,-229.19630432128906,5.527690401077271,5.54421329498291
174,57.353,200,5,140.0422821044922,-229.41871643066406,-82.57855224609375,-239.64234924316406,26.68328094482422,-228.09323120117188,5.520662870407104,5.583806037902832
175,57.741,200,5,140.0422821044922,-229.41871643066406,-84.17913055419922,-239.58531188964844,149.84194946289062,-239.2887420654297,5.513858709335327,5.454142093658447
176,58.052,200,5,140.0422821044922,-229.41871643066406,-84.17913055419922,-239.58531188964844,120.69584655761719,-230.56117248535156,5.508413200378418,5.671382904052734
177,58.38,200,5,140.0422821044922,-229.41871643066406,-83.16290283203125,-239.78085327148438,157.70635986328125,-240.525634765625,5.5071056365966795,5.394351959228516
178,58.698,200,5,140.0422821044922,-229.41871643066406,-83.16290283203125,-239.78085327148438,-67.78369903564453,-228.98863220214844,5.530180130004883,5.403113842010498
179,59.019,200,4,85.68925476074219,-229.41871643066406,-84.06653594970703,-239.81800842285156,173.5482940673828,-240.7350616455078,5.501398334503174,5.638820648193359
180,59.33,200,4,85.68925476074219,-229.41871643066406,-84.06653594970703,-239.81800842285156,-65.47145080566406,-229.3118133544922,5.491709041595459,5.550280570983887
181,59.649,200,5,88.0391616821289,-229.41871643066406,-85.60842895507812,-239.72727966308594,-65.56211853027344,-229.34671020507812,5.492638130187988,5.484434127807617
182,59.973,200,5,88.0391616821289,-229.41871643066406,-85.60842895507812,-239.72727966308594,11.316129684448242,-230.5094451904297,5.505524024963379,5.511651992797852
183,60.298,200,5,88.0391616821289,-229.41871643066406,-85.92083740234375,-239.68051147460938,86.04029846191406,-231.51669311523438,5.498798503875732,5.483892440795898
184,60.612,200,5,88.0391616821289,-229.41871643066406,-85.92083740234375,-239.68051147460938,97.92546081542969,-232.23944091796875,5.486010866165161,5.374638080596924
185,60.938,200,5,88.0391616821289,-229.41871643066406,-86.6344985961914,-239.68734741210938,-59.08906555175781,-229.17298889160156,5.4873858833312985,5.451030731201172
186,61.26,200,5,88.0391616821289,-229.41871643066406,-86.6344985961914,-239.68734741210938,-53.23650360107422,-228.8345489501953,5.480601806640625,5.504927158355713
187,61.58,200,5,88.0391616821289,-229.41871643066406,-87.27813720703125,-239.74160766601562,113.68099212646484,-232.5076446533203,5.475639591217041,5.451754570007324
188,61.893,200,5,88.0391616821289,-229.41871643066406,-87.27813720703125,-239.74160766601562,22.933374404907227,-230.5843048095703,5.474876985549927,5.546084880828857
189,62.223,200,5,88.0391616821289,-229.41871643066406,-88.26397705078125,-239.7654266357422,8.666465759277344,-230.51866149902344,5.474645509719848,5.492103099822998
190,62.541,200,5,88.0391616821289,-229.41871643066406,-88.26397705078125,-239.7654266357422,108.42333221435547,-232.1187286376953,5.481367683410644,5.468080520629883
191,62.867,200,5,88.0391616821289,-229.41871643066406,-88.83970642089844,-239.56719970703125,94.10307312011719,-232.29208374023438,5.48301329612732,5.372552871704102
192,63.18,200,5,88.0391616821289,-229.41871643066406,-88.83970642089844,-239.56719970703125,-63.41913604736328,-229.09214782714844,5.460746231079102,5.372751712799072
193,63.502,200,5,88.0391616821289,-229.41871643066406,-89.9873046875,-239.48512268066406,6.901555061340332,-229.30433654785156,5.461801748275757,5.482596397399902
194,63.82,200,5,88.0391616821289,-229.41871643066406,-89.9873046875,-239.48512268066406,-39.251922607421875,-229.31170654296875,5.433848390579223,5.275753021240234
195,64.163,200,5,88.0391616821289,-229.41871643066406,-90.08963012695312,-239.5541229248047,99.53143310546875,-231.54037475585938,5.45376443862915,5.4612016677856445
196,64.471,200,5,88.0391616821289,-229.41871643066406,-90.08963012695312,-239.5541229248047,112.15965270996094,-232.04736328125,5.433033275604248,5.4601149559021
197,64.877,200,5,88.0391616821289,-229.41871643066406,-89.03968048095703,-239.5052490234375,-64.8978271484375,-229.07467651367188,5.478754329681396,5.497223854064941
198,65.21,200,5,88.0391616821289,-229.41871643066406,-89.03968048095703,-239.5052490234375,131.76502990722656,-232.32264709472656,5.448579111099243,5.610508918762207
199,65.612,200,5,88.0391616821289,-229.41871643066406,-89.73186492919922,-239.5029754638672,105.31523895263672,-232.4912567138672,5.42157301902771,5.379469394683838
200,65.962,200,5,88.0391616821289,-229.41871643066406,-89.73186492919922,-239.5029754638672,14.239828109741211,-230.32806396484375,5.452735233306885,5.406665802001953
1,0.306,4,3,-41.692684173583984,-307.51568603515625,-126.2529296875,-311.8852844238281,-10.217323303222656,-1.2056376934051514,6.591048221588135,6.509558200836182
2,0.603,4,3,-41.692684173583984,-307.51568603515625,-126.2529296875,-311.8852844238281,5.562215805053711,1.8096094131469727,6.539843921661377,6.507384300231934
3,0.911,8,2,-16.568613052368164,-218.47377014160156,-91.44132995605469,-266.80169677734375,-1.667126178741455,-1.2244985103607178,6.046744356155395,6.105614185333252
4,1.22,8,2,-16.568613052368164,-218.47377014160156,-91.44132995605469,-266.80169677734375,-24.240678787231445,-218.2770538330078,6.0322197151184085,6.114274978637695
5,1.667,12,3,115.71221160888672,-218.47377014160156,-64.49903869628906,-258.84619140625,-15.937602043151855,-220.61732482910156,5.949285011291504,5.976813793182373
6,2.031,12,3,115.71221160888672,-218.47377014160156,-64.49903869628906,-258.84619140625,126.986083984375,-239.60903930664062,5.953947677612304,6.001221656799316
7,2.357,16,4,115.71221160888672,-218.47377014160156,-57.67988204956055,-253.13433837890625,127.53995513916016,-238.00823974609375,5.890841360092163,5.8445725440979
8,2.694,16,4,115.71221160888672,-218.47377014160156,-57.67988204956055,-253.13433837890625,99.9251480102539,-235.68504333496094,5.869617357254028,5.870664596557617
9,3.107,20,4,115.71221160888672,-218.47377014160156,-50.48612594604492,-251.0545654296875,120.81790161132812,-239.49818420410156,5.857880868911743,5.92842960357666
10,3.462,20,4,115.71221160888672,-218.47377014160156,-50.48612594604492,-251.0545654296875,134.31036376953125,-239.71359252929688,5.860036420822143,5.8894195556640625
11,3.774,24,5,115.71221160888672,-218.47377014160156,-47.31283187866211,-248.3639678955078,146.62127685546875,-237.23521423339844,5.837059898376465,5.862882137298584
12,4.074,24,5,115.71221160888672,-218.47377014160156,-47.31283187866211,-248.3639678955078,124.17878723144531,-235.80455017089844,5.8360682964324955,5.869710445404053
13,4.382,28,6,115.71221160888672,-218.47377014160156,-44.381370544433594,-246.65809631347656,123.40904235839844,-240.69979858398438,5.795928726196289,5.75847053527832
14,4.681,28,6,115.71221160888672,-218.47377014160156,-44.381370544433594,-246.65809631347656,3.9697017669677734,-218.97959899902344,5.79979305267334,5.750382900238037
15,4.994,32,6,115.71221160888672,-218.47377014160156,-39.179988861083984,-247.31143188476562,-13.384373664855957,-215.55213928222656,5.817426166534424,5.71864128112793
16,5.297,32,6,115.71221160888672,-218.47377014160156,-39.179988861083984,-247.31143188476562,138.52413940429688,-240.37306213378906,5.833760995864868,5.725287437438965
17,5.613,36,6,115.71221160888672,-218.47377014160156,-48.00675582885742,-247.62600708007812,32.42411422729492,-233.46766662597656,5.8107570552825925,5.867176532745361
18,5.914,36,6,115.71221160888672,-218.47377014160156,-48.00675582885742,-247.62600708007812,-13.260503768920898,-217.6378173828125,5.817461442947388,5.998430252075195
19,6.224,40,6,119.2938461303711,-218.47377014160156,-43.53456497192383,-247.01010131835938,123.13265991210938,-237.8339080810547,5.808349151611328,5.879310607910156
20,6.524,40,6,119.2938461303711,-218.47377014160156,-43.53456497192383,-247.01010131835938,-19.95847511291504,-217.21315002441406,5.809694738388061,5.840174674987793
21,6.837,44,6,119.2938461303711,-218.47377014160156,-43.95487594604492,-247.1183624267578,-24.560754776000977,-218.23060607910156,5.828336410522461,5.760759353637695
22,7.143,44,6,119.2938461303711,-218.47377014160156,-43.95487594604492,-247.1183624267578,77.52119445800781,-236.7592315673828,5.814443464279175,5.749669551849365
23,7.453,48,7,119.2938461303711,-218.47377014160156,-45.171085357666016,-246.306640625,135.3241729736328,-238.3032989501953,5.7957825756073,5.86258602142334
24,7.757,48,7,119.2938461303711,-218.47377014160156,-45.171085357666016,-246.306640625,141.05715942382812,-235.3512420654297,5.799602613449097,5.821368217468262
25,8.066,52,7,119.2938461303711,-218.47377014160156,-51.544822692871094,-246.09519958496094,-0.688048243522644,-216.40882873535156,5.809247837066651,5.76900577545166
26,8.37,52,7,119.2938461303711,-218.47377014160156,-51.544822692871094,-246.09519958496094,-19.594261169433594,-215.6499481201172,5.792215480804443,5.786495685577393
27,8.686,56,7,119.2938461303711,-218.47377014160156,-52.04887008666992,-246.2464141845703,-12.417695045471191,-218.09719848632812,5.795505657196045,5.840466499328613
28,8.99,56,7,119.2938461303711,-218.47377014160156,-52.04887008666992,-246.2464141845703,-21.187347412109375,-217.0147705078125,5.8169437026977535,5.9538445472717285
29,9.301,60,7,119.2938461303711,-218.47377014160156,-45.94391632080078,-246.08534240722656,-11.629340171813965,-220.68609619140625,5.810262002944946,5.73408842086792
30,9.605,60,7,119.2938461303711,-218.47377014160156,-45.94391632080078,-246.08534240722656,-0.23168809711933136,-219.6666717529297,5.798956718444824,5.7762861251831055
31,9.939,64,7,119.2938461303711,-218.47377014160156,-44.91535186767578,-245.68606567382812,126.19295501708984,-238.0222625732422,5.7829123306274415,5.750497817993164
32,10.248,64,7,119.2938461303711,-218.47377014160156,-44.91535186767578,-245.68606567382812,140.21823120117188,-236.57077026367188,5.807857837677002,5.7368364334106445
33,10.558,68,7,119.2938461303711,-218.47377014160156,-45.091190338134766,-245.5245361328125,-14.2304105758667,-219.87364196777344,5.786469554901123,5.871099472045898
34,10.861,68,7,119.2938461303711,-218.47377014160156,-45.091190338134766,-245.5245361328125,128.12286376953125,-237.2776641845703,5.796971054077148,5.85569953918457
35,11.175,72,7,119.2938461303711,-218.47377014160156,-47.34871292114258,-245.50054931640625,-18.365144729614258,-217.1748046875,5.785615234375,5.715097427368164
36,11.603,72,7,119.2938461303711,-218.47377014160156,-47.34871292114258,-245.50054931640625,130.99656677246094,-233.36280822753906,5.778932104110718,5.641445159912109
37,11.913,76,7,119.2938461303711,-218.47377014160156,-46.58212661743164,-245.4613800048828,161.0592041015625,-235.151123046875,5.77177622795105,5.72076940536499
38,12.216,76,7,119.2938461303711,-218.47377014160156,-46.58212661743164,-245.4613800048828,9.120311737060547,-232.72357177734375,5.7940157032012936,5.760627269744873
39,12.533,80,7,119.2938461303711,-218.47377014160156,-49.210384368896484,-245.2353515625,125.03726959228516,-237.34275817871094,5.797485637664795,5.838778495788574
40,12.845,80,7,119.2938461303711,-218.47377014160156,-49.210384368896484,-245.2353515625,-23.65627098083496,-217.74270629882812,5.784821262359619,5.8223557472229
41,13.161,84,7,119.2938461303711,-218.47377014160156,-48.41098403930664,-245.2188720703125,19.39242935180664,-233.6024627685547,5.779544897079468,5.957873344421387
42,13.464,84,7,119.2938461303711,-218.47377014160156,-48.41098403930664,-245.2188720703125,120.62841796875,-235.90882873535156,5.760729112625122,5.832233428955078
43,13.787,88,7,119.2938461303711,-218.47377014160156,-47.45046615600586,-245.26327514648438,8.039446830749512,-230.65841674804688,5.776122550964356,5.712165832519531
44,14.098,88,7,119.2938461303711,-218.47377014160156,-47.45046615600586,-245.26327514648438,137.39334106445312,-235.55491638183594,5.773784379959107,5.779179573059082
45,14.412,92,7,119.2938461303711,-218.47377014160156,-50.965187072753906,-245.46409606933594,87.86647033691406,-232.89828491210938,5.791739797592163,5.836750507354736
46,14.719,92,7,119.2938461303711,-218.47377014160156,-50.965187072753906,-245.46409606933594,157.4249267578125,-237.53639221191406,5.748275279998779,5.857530117034912
47,15.033,96,7,119.2938461303711,-218.47377014160156,-55.78212356567383,-245.5654296875,6.310048580169678,-234.6840362548828,5.796093759536743,5.776474952697754
48,15.341,96,7,119.2938461303711,-218.47377014160156,-55.78212356567383,-245.5654296875,82.47187805175781,-234.05567932128906,5.762503547668457,5.904267311096191
49,15.661,100,7,119.2938461303711,-218.47377014160156,-55.06142044067383,-245.6326141357422,131.3246612548828,-235.3562774658203,5.766255464553833,5.884321212768555
50,15.965,100,7,119.2938461303711,-218.47377014160156,-55.06142044067383,-245.6326141357422,71.43196868896484,-234.81448364257812,5.791181592941284,5.915552139282227
51,16.302,104,7,119.2938461303711,-218.47377014160156,-54.010719299316406,-245.52989196777344,85.26082611083984,-234.86083984375,5.783113842010498,5.6627655029296875
52,16.617,104,7,119.2938461303711,-218.47377014160156,-54.010719299316406,-245.52989196777344,154.4949493408203,-236.34286499023438,5.761381502151489,5.874617576599121
53,16.953,108,7,119.2938461303711,-218.47377014160156,-56.98252868652344,-245.38229370117188,83.15336608886719,-236.53504943847656,5.789255437850952,5.8700761795043945
54,17.258,108,7,119.2938461303711,-218.47377014160156,-56.98252868652344,-245.38229370117188,5.151998519897461,-234.7605743408203,5.774641599655151,5.696390151977539
55,17.571,112,7,119.2938461303711,-218.47377014160156,-57.5329704284668,-245.2431640625,126.52095031738281,-238.2529754638672,5.783652811050415,5.718082904815674
56,17.876,112,7,119.2938461303711,-218.47377014160156,-57.5329704284668,-245.2431640625,0.7134898900985718,-220.38214111328125,5.766954078674316,5.947782516479492
57,18.197,116,7,119.2938461303711,-218.47377014160156,-58.8240852355957,-245.0289764404297,121.85646057128906,-237.4479522705078,5.77535267829895,5.80446720123291
58,18.506,116,7,119.2938461303711,-218.47377014160156,-58.8240852355957,-245.0289764404297,22.931917190551758,-235.15972900390625,5.775267925262451,5.813405990600586
59,18.821,120,7,119.2938461303711,-218.47377014160156,-60.43901062011719,-245.00779724121094,-25.491714477539062,-216.56455993652344,5.765878715515137,5.798973083496094
60,19.125,120,7,119.2938461303711,-218.47377014160156,-60.43901062011719,-245.00779724121094,69.44390106201172,-236.04197692871094,5.7578950881958,5.718543529510498
61,19.448,124,6,119.2938461303711,-218.47377014160156,-62.45882034301758,-244.5513916015625,-13.085580825805664,-217.8511199951172,5.760899496078491,5.741225242614746
62,19.756,124,6,119.2938461303711,-218.47377014160156,-62.45882034301758,-244.5513916015625,73.90037536621094,-226.01470947265625,5.747583951950073,5.69890022277832
63,20.067,128,6,119.2938461303711,-218.47377014160156,-64.56361389160156,-244.60305786132812,-4.620059013366699,-217.53976440429688,5.750321559906006,5.700251579284668
64,20.373,128,6,119.2938461303711,-218.47377014160156,-64.56361389160156,-244.60305786132812,10.908400535583496,-218.14146423339844,5.7535992622375485,5.682004928588867
65,20.694,132,6,119.2938461303711,-218.47377014160156,-65.44085693359375,-244.4851837158203,0.4290676712989807,-218.082763671875,5.757352542877197,5.740466594696045
66,21.001,132,6,119.2938461303711,-218.47377014160156,-65.44085693359375,-244.4851837158203,57.94855880737305,-222.6813201904297,5.754303016662598,5.666359901428223
67,21.378,136,6,119.2938461303711,-218.47377014160156,-67.17626190185547,-244.30934143066406,132.10704040527344,-237.31097412109375,5.7393756771087645,5.788558483123779
68,21.688,136,6,119.2938461303711,-218.47377014160156,-67.17626190185547,-244.30934143066406,124.83695220947266,-236.0380096435547,5.743604021072388,5.723455429077148
69,22.009,140,6,119.2938461303711,-218.47377014160156,-67.13395690917969,-244.3939666748047,129.3785858154297,-237.77198791503906,5.750775747299194,5.532530784606934
70,22.315,140,6,119.2938461303711,-218.47377014160156,-67.13395690917969,-244.3939666748047,-2.5151805877685547,-217.67868041992188,5.780862665176391,5.789837837219238
71,22.629,144,6,119.2938461303711,-218.47377014160156,-67.51460266113281,-244.23211669921875,-11.94878101348877,-218.2765350341797,5.755608701705933,5.818367004394531
72,22.941,144,6,119.2938461303711,-218.47377014160156,-67.51460266113281,-244.23211669921875,142.87159729003906,-237.05291748046875,5.748230104446411,5.708896636962891
73,23.258,148,6,119.2938461303711,-218.47377014160156,-66.69312286376953,-244.3564453125,119.81585693359375,-235.16763305664062,5.741187744140625,5.738387584686279
74,23.571,148,6,119.2938461303711,-218.47377014160156,-66.69312286376953,-244.3564453125,65.1072769165039,-224.6907196044922,5.755221929550171,5.8209075927734375
75,23.886,152,6,119.2938461303711,-218.47377014160156,-66.5865249633789,-244.35629272460938,72.06414794921875,-224.10797119140625,5.743898601531982,5.730949401855469
76,24.197,152,6,119.2938461303711,-218.47377014160156,-66.5865249633789,-244.35629272460938,-13.74886703491211,-216.93942260742188,5.738441457748413,5.765725135803223
77,24.516,156,6,119.2938461303711,-218.47377014160156,-67.2794189453125,-244.19140625,-18.198118209838867,-216.291259765625,5.755661249160767,5.766341686248779
78,24.823,156,6,119.2938461303711,-218.47377014160156,-67.2794189453125,-244.19140625,68.25789642333984,-226.48663330078125,5.738792009353638,5.696531772613525
79,25.139,160,7,140.0422821044922,-218.47377014160156,-66.38660430908203,-244.1343994140625,-9.003427505493164,-216.70030212402344,5.746915130615235,5.720571041107178
80,25.461,160,7,140.0422821044922,-218.47377014160156,-66.38660430908203,-244.1343994140625,158.9790802001953,-238.95774841308594,5.7500673770904545,5.814384460449219
81,25.917,164,7,140.0422821044922,-218.47377014160156,-65.08735656738281,-243.9872283935547,145.36634826660156,-241.16665649414062,5.779229469299317,5.690341472625732
82,26.273,164,7,140.0422821044922,-218.47377014160156,-65.08735656738281,-243.9872283935547,7.870750904083252,-215.92958068847656,5.754352045059204,5.778755187988281
83,26.595,168,7,140.0422821044922,-218.47377014160156,-64.83189392089844,-243.9967498779297,62.46697998046875,-226.32247924804688,5.744769563674927,5.691341400146484
84,26.902,168,7,140.0422821044922,-218.47377014160156,-64.83189392089844,-243.9967498779297,-17.17668342590332,-218.43124389648438,5.742047891616822,5.638296127319336
85,27.225,172,7,140.0422821044922,-218.47377014160156,-64.62230682373047,-243.85565185546875,144.2630157470703,-237.44761657714844,5.747205686569214,5.938342094421387
86,27.532,172,7,140.0422821044922,-218.47377014160156,-64.62230682373047,-243.85565185546875,146.73599243164062,-239.27333068847656,5.751177701950073,5.710057258605957
87,27.846,176,7,140.0422821044922,-218.47377014160156,-65.16899108886719,-243.67758178710938,-18.118635177612305,-217.35011291503906,5.739376516342163,5.781428337097168
88,28.161,176,7,140.0422821044922,-218.47377014160156,-65.16899108886719,-243.67758178710938,-2.719155788421631,-216.6524200439453,5.7366557312011714,5.726642608642578
89,28.482,180,7,140.0422821044922,-218.47377014160156,-65.49056243896484,-243.6329803466797,90.64808654785156,-234.6565399169922,5.718316574096679,5.689084053039551
90,28.79,180,7,140.0422821044922,-218.47377014160156,-65.49056243896484,-243.6329803466797,-5.700757026672363,-217.0514373779297,5.723624858856201,5.817086696624756
91,29.105,184,7,140.0422821044922,-218.47377014160156,-66.71495056152344,-243.6067657470703,151.82350158691406,-239.62887573242188,5.716976337432861,5.84711217880249
92,29.413,184,7,140.0422821044922,-218.47377014160156,-66.71495056152344,-243.6067657470703,87.16676330566406,-224.72352600097656,5.736614227294922,5.752542972564697
93,29.734,188,6,140.0422821044922,-218.47377014160156,-66.06948852539062,-243.5101776123047,121.8470230102539,-237.85369873046875,5.722349720001221,5.781252861022949
94,30.046,188,6,140.0422821044922,-218.47377014160156,-66.06948852539062,-243.5101776123047,140.69276428222656,-241.198486328125,5.73774787902832,5.815944671630859
95,30.361,192,6,140.0422821044922,-218.47377014160156,-65.8806381225586,-243.4532470703125,-8.607220649719238,-217.49794006347656,5.738455057144165,5.686150550842285
96,30.669,192,6,140.0422821044922,-218.47377014160156,-65.8806381225586,-243.4532470703125,160.212646484375,-241.0988311767578,5.721635036468506,5.797912120819092
97,30.984,196,6,140.0422821044922,-218.47377014160156,-67.16246795654297,-243.33290100097656,57.80723190307617,-223.9564971923828,5.721351156234741,5.751823425292969
98,31.299,196,6,140.0422821044922,-218.47377014160156,-67.16246795654297,-243.33290100097656,61.303321838378906,-222.73980712890625,5.721421890258789,5.636753082275391
99,31.617,200,6,140.0422821044922,-218.47377014160156,-67.83024597167969,-243.19467163085938,67.01993560791016,-224.6912078857422,5.723440427780151,5.745104789733887
100,31.923,200,6,140.0422821044922,-218.47377014160156,-67.83024597167969,-243.19467163085938,-15.17958927154541,-217.07052612304688,5.720168590545654,5.835198402404785
101,32.258,200,6,140.0422821044922,-218.47377014160156,-66.97669219970703,-241.73631286621094,164.13465881347656,-235.5908203125,5.701467361450195,5.722072601318359
102,32.572,200,6,140.0422821044922,-218.47377014160156,-66.97669219970703,-241.73631286621094,-10.95521068572998,-218.36123657226562,5.699493541717529,5.733303546905518
103,32.887,200,4,140.0422821044922,-226.73171997070312,-68.3769302368164,-242.15512084960938,174.56509399414062,-239.82606506347656,5.678099966049194,5.708446502685547
104,33.194,200,4,140.0422821044922,-226.73171997070312,-68.3769302368164,-242.15512084960938,159.74685668945312,-240.69627380371094,5.7014555072784425,5.69340705871582
105,33.513,200,4,140.0422821044922,-226.73171997070312,-69.13775634765625,-242.0790252685547,61.7803840637207,-222.8605499267578,5.687460527420044,5.574777603149414
106,33.834,200,4,140.0422821044922,-226.73171997070312,-69.13775634765625,-242.0790252685547,78.94092559814453,-234.7909393310547,5.697347860336304,5.798533916473389
107,34.15,200,4,140.0422821044922,-226.73171997070312,-68.27706146240234,-242.14642333984375,148.79144287109375,-240.55799865722656,5.701523685455323,5.52980375289917
108,34.457,200,4,140.0422821044922,-226.73171997070312,-68.27706146240234,-242.14642333984375,85.26803588867188,-232.8918914794922,5.694675788879395,5.713586807250977
109,34.785,200,4,140.0422821044922,-226.73171997070312,-70.56040954589844,-242.17481994628906,143.88182067871094,-240.0068359375,5.688418083190918,5.52516508102417
110,35.187,200,4,140.0422821044922,-226.73171997070312,-70.56040954589844,-242.17481994628906,121.5682601928711,-238.13648986816406,5.680799903869629,5.591994762420654
111,35.504,200,4,140.0422821044922,-226.73171997070312,-71.12268829345703,-242.25238037109375,63.87890625,-226.6854248046875,5.673205146789551,5.6795244216918945
112,35.81,200,4,140.0422821044922,-226.73171997070312,-71.12268829345703,-242.25238037109375,124.11524963378906,-237.21249389648438,5.6986838054656985,5.682068347930908
113,36.132,200,4,140.0422821044922,-226.73171997070312,-72.84943389892578,-242.27850341796875,69.90837860107422,-224.67713928222656,5.695686445236206,5.602610111236572
114,36.439,200,4,140.0422821044922,-226.73171997070312,-72.84943389892578,-242.27850341796875,153.1438446044922,-239.08322143554688,5.684981765747071,5.786398887634277
115,36.756,200,4,140.0422821044922,-226.73171997070312,-75.10871124267578,-242.04434204101562,59.963741302490234,-226.3332977294922,5.694327249526977,5.616660118103027
116,37.063,200,4,140.0422821044922,-226.73171997070312,-75.10871124267578,-242.04434204101562,65.48099517822266,-225.74896240234375,5.665910005569458,5.645780563354492
117,37.388,200,4,140.0422821044922,-226.73171997070312,-74.54814147949219,-241.70452880859375,62.88367462158203,-226.3370361328125,5.6643417453765865,5.54910945892334
118,37.697,200,4,140.0422821044922,-226.73171997070312,-74.54814147949219,-241.70452880859375,144.90682983398438,-240.5834197998047,5.678235015869141,5.711790084838867
119,38.014,200,4,140.0422821044922,-226.73171997070312,-75.49105834960938,-241.75570678710938,142.33360290527344,-239.58233642578125,5.679660215377807,5.698090076446533
120,38.321,200,4,140.0422821044922,-226.73171997070312,-75.49105834960938,-241.75570678710938,90.7991943359375,-241.04986572265625,5.661677207946777,5.629179000854492
121,38.651,200,4,140.0422821044922,-226.73171997070312,-77.07489013671875,-241.45590209960938,61.31250762939453,-226.63079833984375,5.6571055603027345,5.5557050704956055
122,38.961,200,4,140.0422821044922,-226.73171997070312,-77.07489013671875,-241.45590209960938,83.49617767333984,-233.2183837890625,5.65287302017212,5.619646072387695
123,39.277,200,4,140.0422821044922,-226.73171997070312,-78.74134826660156,-241.58460998535156,80.6686019897461,-240.09642028808594,5.674875230789184,5.710996150970459
124,39.585,200,4,140.0422821044922,-226.73171997070312,-78.74134826660156,-241.58460998535156,85.81828308105469,-224.717041015625,5.65195969581604,5.731072425842285
125,39.909,200,4,140.0422821044922,-226.73171997070312,-77.6685562133789,-241.4630126953125,57.67283248901367,-224.8429412841797,5.640705709457397,5.684397220611572
126,40.219,200,4,140.0422821044922,-226.73171997070312,-77.6685562133789,-241.4630126953125,60.39480972290039,-226.0113525390625,5.6781939601898195,5.7652587890625
127,40.536,200,3,140.0422821044922,-226.73171997070312,-78.34147644042969,-241.1925811767578,76.0342788696289,-234.80633544921875,5.641154327392578,5.5538129806518555
128,40.844,200,3,140.0422821044922,-226.73171997070312,-78.34147644042969,-241.1925811767578,145.76783752441406,-238.53208923339844,5.670759410858154,5.614259719848633
129,41.23,200,3,140.0422821044922,-226.73171997070312,-81.4356918334961,-241.08230590820312,60.8281364440918,-225.52223205566406,5.663157739639282,5.775397777557373
130,41.545,200,3,140.0422821044922,-226.73171997070312,-81.4356918334961,-241.08230590820312,63.210174560546875,-226.684814453125,5.630581159591674,5.586794853210449
131,41.863,200,3,140.0422821044922,-226.73171997070312,-82.1917953491211,-240.99453735351562,63.35942459106445,-225.46600341796875,5.638957052230835,5.607942581176758
132,42.171,200,3,140.0422821044922,-226.73171997070312,-82.1917953491211,-240.99453735351562,152.7397918701172,-239.55479431152344,5.6377467441558835,5.744229316711426
133,42.488,200,3,140.0422821044922,-226.73171997070312,-83.794677734375,-240.79776000976562,57.62211608886719,-223.6907501220703,5.630303707122803,5.677128791809082
134,42.8,200,3,140.0422821044922,-226.73171997070312,-83.794677734375,-240.79776000976562,58.51127243041992,-225.4484100341797,5.648416624069214,5.671683311462402
135,43.252,200,3,140.0422821044922,-226.73171997070312,-83.19575500488281,-240.65029907226562,62.88056564331055,-226.01158142089844,5.634124031066895,5.673758506774902
136,43.566,200,3,140.0422821044922,-226.73171997070312,-83.19575500488281,-240.65029907226562,62.54293441772461,-226.53604125976562,5.6470444393157955,5.751736164093018
137,43.886,200,3,140.0422821044922,-226.73171997070312,-83.89529418945312,-240.56419372558594,86.21035766601562,-230.5880126953125,5.636415100097656,5.543945789337158
138,44.351,200,3,140.0422821044922,-226.73171997070312,-83.89529418945312,-240.56419372558594,66.93516540527344,-226.67547607421875,5.620559587478637,5.51934814453125
139,44.732,200,3,140.0422821044922,-226.73171997070312,-83.04791259765625,-240.580078125,149.06423950195312,-240.4230499267578,5.627585458755493,5.652406692504883
140,45.045,200,3,140.0422821044922,-226.73171997070312,-83.04791259765625,-240.580078125,147.07362365722656,-241.322998046875,5.606640043258667,5.557453155517578
141,45.366,200,3,140.0422821044922,-226.73171997070312,-84.72203063964844,-240.39398193359375,63.71356201171875,-225.05856323242188,5.594528131484985,5.644252300262451
142,45.682,200,3,140.0422821044922,-226.73171997070312,-84.72203063964844,-240.39398193359375,148.1748504638672,-239.40628051757812,5.609410991668701,5.712245941162109
143,45.999,200,3,140.0422821044922,-226.73171997070312,-86.66382598876953,-240.34243774414062,77.28845977783203,-225.92037963867188,5.624480962753296,5.6321001052856445
144,46.307,200,3,140.0422821044922,-226.73171997070312,-86.66382598876953,-240.34243774414062,62.53119659423828,-224.6295166015625,5.605371866226196,5.771839618682861
145,46.623,200,3,140.0422821044922,-226.73171997070312,-85.58190155029297,-240.2270965576172,62.98558044433594,-225.50885009765625,5.593074951171875,5.6440534591674805
146,46.939,200,3,140.0422821044922,-226.73171997070312,-85.58190155029297,-240.2270965576172,67.41475677490234,-226.48562622070312,5.613395624160766,5.601057052612305
147,47.257,200,3,140.0422821044922,-226.73171997070312,-84.12957000732422,-240.22039794921875,140.87710571289062,-241.45030212402344,5.624838695526123,5.632226467132568
148,47.567,200,3,140.0422821044922,-226.73171997070312,-84.12957000732422,-240.22039794921875,145.57640075683594,-240.31150817871094,5.586844606399536,5.480548858642578
149,47.888,200,3,140.0422821044922,-226.73171997070312,-84.85324096679688,-240.03363037109375,60.587249755859375,-223.89036560058594,5.586675796508789,5.701229095458984
150,48.202,200,3,140.0422821044922,-226.73171997070312,-84.85324096679688,-240.03363037109375,57.49427032470703,-225.48898315429688,5.5839017963409425,5.662113666534424
151,48.524,200,3,140.0422821044922,-226.73171997070312,-85.38260650634766,-240.18417358398438,144.38876342773438,-240.56173706054688,5.583077363967895,5.481341361999512
152,48.837,200,3,140.0422821044922,-226.73171997070312,-85.38260650634766,-240.18417358398438,153.1219482421875,-239.89048767089844,5.599606771469116,5.5640764236450195
153,49.163,200,3,140.0422821044922,-226.73171997070312,-84.01537322998047,-240.1677703857422,57.4880485534668,-225.95907592773438,5.567999267578125,5.5953192710876465
154,49.474,200,3,140.0422821044922,-226.73171997070312,-84.01537322998047,-240.1677703857422,101.80470275878906,-230.74183654785156,5.575091190338135,5.556562900543213
155,49.79,200,3,140.0422821044922,-226.73171997070312,-84.54053497314453,-240.2177276611328,158.69224548339844,-239.50927734375,5.597057657241821,5.519001483917236
156,50.098,200,3,140.0422821044922,-226.73171997070312,-84.54053497314453,-240.2177276611328,80.17240142822266,-226.67422485351562,5.59299789428711,5.502399921417236
157,50.424,200,3,140.0422821044922,-226.73171997070312,-84.65849304199219,-240.08180236816406,70.0931167602539,-224.62831115722656,5.590101308822632,5.6364216804504395
158,50.738,200,3,140.0422821044922,-226.73171997070312,-84.65849304199219,-240.08180236816406,91.62157440185547,-231.48483276367188,5.585409889221191,5.504408836364746
159,51.056,200,3,140.0422821044922,-226.73171997070312,-84.8465347290039,-239.93003845214844,58.77957534790039,-226.35964965820312,5.570673151016235,5.626833915710449
160,51.365,200,3,140.0422821044922,-226.73171997070312,-84.8465347290039,-239.93003845214844,59.457054138183594,-226.36888122558594,5.565891819000244,5.583616733551025
161,51.689,200,4,140.0422821044922,-229.41871643066406,-83.51293182373047,-240.2090606689453,148.14239501953125,-239.13270568847656,5.544422693252564,5.5105695724487305
162,52.002,200,4,140.0422821044922,-229.41871643066406,-83.51293182373047,-240.2090606689453,-33.96826934814453,-227.11390686035156,5.57008924484253,5.57882833480835
163,52.319,200,4,140.0422821044922,-229.41871643066406,-81.80382537841797,-240.02691650390625,-58.91654586791992,-228.71165466308594,5.562771682739258,5.655077934265137
164,52.715,200,4,140.0422821044922,-229.41871643066406,-81.80382537841797,-240.02691650390625,149.4046630859375,-239.49330139160156,5.558978643417358,5.545743942260742
165,53.038,200,4,140.0422821044922,-229.41871643066406,-82.63768768310547,-239.9685516357422,93.27056884765625,-230.48953247070312,5.534582357406617,5.49409294128418
166,53.347,200,4,140.0422821044922,-229.41871643066406,-82.63768768310547,-239.9685516357422,-52.55584716796875,-228.54637145996094,5.557370138168335,5.566672325134277
167,53.67,200,4,140.0422821044922,-229.41871643066406,-80.72652435302734,-240.0355224609375,145.06500244140625,-240.8696746826172,5.54009934425354,5.544068336486816
168,53.979,200,4,140.0422821044922,-229.41871643066406,-80.72652435302734,-240.0355224609375,174.5014190673828,-241.513671875,5.540010967254639,5.604706287384033
169,54.3,200,4,140.0422821044922,-229.41871643066406,-80.09532928466797,-239.83103942871094,132.45632934570312,-230.43409729003906,5.546501340866089,5.470065593719482
170,54.616,200,4,140.0422821044922,-229.41871643066406,-80.09532928466797,-239.83103942871094,165.45510864257812,-240.3345184326172,5.543945903778076,5.400826454162598
171,54.953,200,4,140.0422821044922,-229.41871643066406,-81.57913208007812,-239.91098022460938,168.36219787597656,-240.0242156982422,5.549668016433716,5.630962371826172
172,55.26,200,4,140.0422821044922,-229.41871643066406,-81.57913208007812,-239.91098022460938,147.84939575195312,-240.909423828125,5.526682567596436,5.465505599975586
173,55.576,200,5,140.0422821044922,-229.41871643066406,-82.57855224609375,-239.64234924316406,16.166908264160156,-229.19630432128906,5.527690401077271,5.54421329498291
174,55.895,200,5,140.0422821044922,-229.41871643066406,-82.57855224609375,-239.64234924316406,26.68328094482422,-228.09323120117188,5.520662870407104,5.583806037902832
175,56.213,200,5,140.0422821044922,-229.41871643066406,-84.17913055419922,-239.58531188964844,149.84194946289062,-239.2887420654297,5.513858709335327,5.454142093658447
176,56.526,200,5,140.0422821044922,-229.41871643066406,-84.17913055419922,-239.58531188964844,120.69584655761719,-230.56117248535156,5.508413200378418,5.671382904052734
177,56.856,200,5,140.0422821044922,-229.41871643066406,-83.16290283203125,-239.78085327148438,157.70635986328125,-240.525634765625,5.5071056365966795,5.394351959228516
178,57.176,200,5,140.0422821044922,-229.41871643066406,-83.16290283203125,-239.78085327148438,-67.78369903564453,-228.98863220214844,5.530180130004883,5.403113842010498
179,57.494,200,4,85.68925476074219,-229.41871643066406,-84.06653594970703,-239.81800842285156,173.5482940673828,-240.7350616455078,5.501398334503174,5.638820648193359
180,57.802,200,4,85.68925476074219,-229.41871643066406,-84.06653594970703,-239.81800842285156,-65.47145080566406,-229.3118133544922,5.491709041595459,5.550280570983887
181,58.127,200,5,88.0391616821289,-229.41871643066406,-85.60842895507812,-239.72727966308594,-65.56211853027344,-229.34671020507812,5.492638130187988,5.484434127807617
182,58.443,200,5,88.0391616821289,-229.41871643066406,-85.60842895507812,-239.72727966308594,11.316129684448242,-230.5094451904297,5.505524024963379,5.511651992797852
183,58.886,200,5,88.0391616821289,-229.41871643066406,-85.92083740234375,-239.68051147460938,86.04029846191406,-231.51669311523438,5.498798503875732,5.483892440795898
184,59.243,200,5,88.0391616821289,-229.41871643066406,-85.92083740234375,-239.68051147460938,97.92546081542969,-232.23944091796875,5.486010866165161,5.374638080596924
185,59.592,200,5,88.0391616821289,-229.41871643066406,-86.6344985961914,-239.68734741210938,-59.08906555175781,-229.17298889160156,5.4873858833312985,5.451030731201172
186,59.905,200,5,88.0391616821289,-229.41871643066406,-86.6344985961914,-239.68734741210938,-53.23650360107422,-228.8345489501953,5.480601806640625,5.504927158355713
187,60.222,200,5,88.0391616821289,-229.41871643066406,-87.27813720703125,-239.74160766601562,113.68099212646484,-232.5076446533203,5.475639591217041,5.451754570007324
188,60.531,200,5,88.0391616821289,-229.41871643066406,-87.27813720703125,-239.74160766601562,22.933374404907227,-230.5843048095703,5.474876985549927,5.546084880828857
189,60.854,200,5,88.0391616821289,-229.41871643066406,-88.26397705078125,-239.7654266357422,8.666465759277344,-230.51866149902344,5.474645509719848,5.492103099822998
190,61.169,200,5,88.0391616821289,-229.41871643066406,-88.26397705078125,-239.7654266357422,108.42333221435547,-232.1187286376953,5.481367683410644,5.468080520629883
191,61.488,200,5,88.0391616821289,-229.41871643066406,-88.83970642089844,-239.56719970703125,94.10307312011719,-232.29208374023438,5.48301329612732,5.372552871704102
192,61.797,200,5,88.0391616821289,-229.41871643066406,-88.83970642089844,-239.56719970703125,-63.41913604736328,-229.09214782714844,5.460746231079102,5.372751712799072
193,62.122,200,5,88.0391616821289,-229.41871643066406,-89.9873046875,-239.48512268066406,6.901555061340332,-229.30433654785156,5.461801748275757,5.482596397399902
194,62.436,200,5,88.0391616821289,-229.41871643066406,-89.9873046875,-239.48512268066406,-39.251922607421875,-229.31170654296875,5.433848390579223,5.275753021240234
195,62.755,200,5,88.0391616821289,-229.41871643066406,-90.08963012695312,-239.5541229248047,99.53143310546875,-231.54037475585938,5.45376443862915,5.4612016677856445
196,63.064,200,5,88.0391616821289,-229.41871643066406,-90.08963012695312,-239.5541229248047,112.15965270996094,-232.04736328125,5.433033275604248,5.4601149559021
197,63.38,200,5,88.0391616821289,-229.41871643066406,-89.03968048095703,-239.5052490234375,-64.8978271484375,-229.07467651367188,5.478754329681396,5.497223854064941
198,63.7,200,5,88.0391616821289,-229.41871643066406,-89.03968048095703,-239.5052490234375,131.76502990722656,-232.32264709472656,5.448579111099243,5.610508918762207
199,64.019,200,5,88.0391616821289,-229.41871643066406,-89.73186492919922,-239.5029754638672,105.31523895263672,-232.4912567138672,5.42157301902771,5.379469394683838
200,64.328,200,5,88.0391616821289,-229.41871643066406,-89.73186492919922,-239.5029754638672,14.239828109741211,-230.32806396484375,5.452735233306885,5.406665802001953
1,0.304,4,3,-41.692684173583984,-307.51568603515625,-126.2529296875,-311.8852844238281,-10.217323303222656,-1.2056376934051514,6.591048221588135,6.509558200836182
2,0.616,4,3,-41.692684173583984,-307.51568603515625,-126.2529296875,-311.8852844238281,5.562215805053711,1.8096094131469727,6.539843921661377,6.507384300231934
3,0.919,8,2,-16.568613052368164,-218.47377014160156,-91.44132995605469,-266.80169677734375,-1.667126178741455,-1.2244985103607178,6.046744356155395,6.105614185333252
4,1.213,8,2,-16.568613052368164,-218.47377014160156,-91.44132995605469,-266.80169677734375,-24.240678787231445,-218.2770538330078,6.0322197151184085,6.114274978637695
5,1.516,12,3,115.71221160888672,-218.47377014160156,-64.49903869628906,-258.84619140625,-15.937602043151855,-220.61732482910156,5.949285011291504,5.976813793182373
6,1.811,12,3,115.71221160888672,-218.47377014160156,-64.49903869628906,-258.84619140625,126.986083984375,-239.60903930664062,5.953947677612304,6.001221656799316
7,2.119,16,4,115.71221160888672,-218.47377014160156,-57.67988204956055,-253.13433837890625,127.53995513916016,-238.00823974609375,5.890841360092163,5.8445725440979
8,2.421,16,4,115.71221160888672,-218.47377014160156,-57.67988204956055,-253.13433837890625,99.9251480102539,-235.68504333496094,5.869617357254028,5.870664596557617
9,2.725,20,4,115.71221160888672,-218.47377014160156,-50.48612594604492,-251.0545654296875,120.81790161132812,-239.49818420410156,5.857880868911743,5.92842960357666
10,3.021,20,4,115.71221160888672,-218.47377014160156,-50.48612594604492,-251.0545654296875,134.31036376953125,-239.71359252929688,5.860036420822143,5.8894195556640625
11,3.327,24,5,115.71221160888672,-218.47377014160156,-47.31283187866211,-248.3639678955078,146.62127685546875,-237.23521423339844,5.837059898376465,5.862882137298584
12,3.628,24,5,115.71221160888672,-218.47377014160156,-47.31283187866211,-248.3639678955078,124.17878723144531,-235.80455017089844,5.8360682964324955,5.869710445404053
13,3.938,28,6,115.71221160888672,-218.47377014160156,-44.381370544433594,-246.65809631347656,123.40904235839844,-240.69979858398438,5.795928726196289,5.75847053527832
14,4.236,28,6,115.71221160888672,-218.47377014160156,-44.381370544433594,-246.65809631347656,3.9697017669677734,-218.97959899902344,5.79979305267334,5.750382900238037
15,4.542,32,6,115.71221160888672,-218.47377014160156,-39.179988861083984,-247.31143188476562,-13.384373664855957,-215.55213928222656,5.817426166534424,5.71864128112793
16,4.848,32,6,115.71221160888672,-218.47377014160156,-39.179988861083984,-247.31143188476562,138.52413940429688,-240.37306213378906,5.833760995864868,5.725287437438965
17,5.159,36,6,115.71221160888672,-218.47377014160156,-48.00675582885742,-247.62600708007812,32.42411422729492,-233.46766662597656,5.8107570552825925,5.867176532745361
18,5.477,36,6,115.71221160888672,-218.47377014160156,-48.00675582885742,-247.62600708007812,-13.260503768920898,-217.6378173828125,5.817461442947388,5.998430252075195
19,5.783,40,6,119.2938461303711,-218.47377014160156,-43.53456497192383,-247.01010131835938,123.13265991210938,-237.8339080810547,5.808349151611328,5.879310607910156
20,6.082,40,6,119.2938461303711,-218.47377014160156,-43.53456497192383,-247.01010131835938,-19.95847511291504,-217.21315002441406,5.809694738388061,5.840174674987793
21,6.398,44,6,119.2938461303711,-218.47377014160156,-43.95487594604492,-247.1183624267578,-24.560754776000977,-218.23060607910156,5.828336410522461,5.760759353637695
22,6.698,44,6,119.2938461303711,-218.47377014160156,-43.95487594604492,-247.1183624267578,77.52119445800781,-236.7592315673828,5.814443464279175,5.749669551849365
23,7.005,48,7,119.2938461303711,-218.47377014160156,-45.171085357666016,-246.306640625,135.3241729736328,-238.3032989501953,5.7957825756073,5.86258602142334
24,7.305,48,7,119.2938461303711,-218.47377014160156,-45.171085357666016,-246.306640625,141.05715942382812,-235.3512420654297,5.799602613449097,5.821368217468262
25,7.617,52,7,119.2938461303711,-218.47377014160156,-51.544822692871094,-246.09519958496094,-0.688048243522644,-216.40882873535156,5.809247837066651,5.76900577545166
26,7.922,52,7,119.2938461303711,-218.47377014160156,-51.544822692871094,-246.09519958496094,-19.594261169433594,-215.6499481201172,5.792215480804443,5.786495685577393
27,8.23,56,7,119.2938461303711,-218.47377014160156,-52.04887008666992,-246.2464141845703,-12.417695045471191,-218.09719848632812,5.795505657196045,5.840466499328613
28,8.531,56,7,119.2938461303711,-218.47377014160156,-52.04887008666992,-246.2464141845703,-21.187347412109375,-217.0147705078125,5.8169437026977535,5.9538445472717285
29,8.839,60,7,119.2938461303711,-218.47377014160156,-45.94391632080078,-246.08534240722656,-11.629340171813965,-220.68609619140625,5.810262002944946,5.73408842086792
30,9.147,60,7,119.2938461303711,-218.47377014160156,-45.94391632080078,-246.08534240722656,-0.23168809711933136,-219.6666717529297,5.798956718444824,5.7762861251831055
31,9.461,64,7,119.2938461303711,-218.47377014160156,-44.91535186767578,-245.68606567382812,126.19295501708984,-238.0222625732422,5.7829123306274415,5.750497817993164
32,9.762,64,7,119.2938461303711,-218.47377014160156,-44.91535186767578,-245.68606567382812,140.21823120117188,-236.57077026367188,5.807857837677002,5.7368364334106445
33,10.07,68,7,119.2938461303711,-218.47377014160156,-45.091190338134766,-245.5245361328125,-14.2304105758667,-219.87364196777344,5.786469554901123,5.871099472045898
34,10.374,68,7,119.2938461303711,-218.47377014160156,-45.091190338134766,-245.5245361328125,128.12286376953125,-237.2776641845703,5.796971054077148,5.85569953918457
35,10.691,72,7,119.2938461303711,-218.47377014160156,-47.34871292114258,-245.50054931640625,-18.365144729614258,-217.1748046875,5.785615234375,5.715097427368164
36,10.993,72,7,119.2938461303711,-218.47377014160156,-47.34871292114258,-245.50054931640625,130.99656677246094,-233.36280822753906,5.778932104110718,5.641445159912109
37,11.303,76,7,119.2938461303711,-218.47377014160156,-46.58212661743164,-245.4613800048828,161.0592041015625,-235.151123046875,5.77177622795105,5.72076940536499
38,11.61,76,7,119.2938461303711,-218.47377014160156,-46.58212661743164,-245.4613800048828,9.120311737060547,-232.72357177734375,5.7940157032012936,5.760627269744873
39,11.953,80,7,119.2938461303711,-218.47377014160156,-49.210384368896484,-245.2353515625,125.03726959228516,-237.34275817871094,5.797485637664795,5.838778495788574
40,12.356,80,7,119.2938461303711,-218.47377014160156,-49.210384368896484,-245.2353515625,-23.65627098083496,-217.74270629882812,5.784821262359619,5.8223557472229
41,12.667,84,7,119.2938461303711,-218.47377014160156,-48.41098403930664,-245.2188720703125,19.39242935180664,-233.6024627685547,5.779544897079468,5.957873344421387
42,12.968,84,7,119.2938461303711,-218.47377014160156,-48.41098403930664,-245.2188720703125,120.62841796875,-235.90882873535156,5.760729112625122,5.832233428955078
43,13.283,88,7,119.2938461303711,-218.47377014160156,-47.45046615600586,-245.26327514648438,8.039446830749512,-230.65841674804688,5.776122550964356,5.712165832519531
44,13.591,88,7,119.2938461303711,-218.47377014160156,-47.45046615600586,-245.26327514648438,137.39334106445312,-235.55491638183594,5.773784379959107,5.779179573059082
45,13.901,92,7,119.2938461303711,-218.47377014160156,-50.965187072753906,-245.46409606933594,87.86647033691406,-232.89828491210938,5.791739797592163,5.836750507354736
46,14.202,92,7,119.2938461303711,-218.47377014160156,-50.965187072753906,-245.46409606933594,157.4249267578125,-237.53639221191406,5.748275279998779,5.857530117034912
47,14.515,96,7,119.2938461303711,-218.47377014160156,-55.78212356567383,-245.5654296875,6.310048580169678,-234.6840362548828,5.796093759536743,5.776474952697754
48,14.822,96,7,119.2938461303711,-218.47377014160156,-55.78212356567383,-245.5654296875,82.47187805175781,-234.05567932128906,5.762503547668457,5.904267311096191
49,15.132,100,7,119.2938461303711,-218.47377014160156,-55.06142044067383,-245.6326141357422,131.3246612548828,-235.3562774658203,5.766255464553833,5.884321212768555
50,15.441,100,7,119.2938461303711,-218.47377014160156,-55.06142044067383,-245.6326141357422,71.43196868896484,-234.81448364257812,5.791181592941284,5.915552139282227
51,15.763,104,7,119.2938461303711,-218.47377014160156,-54.010719299316406,-245.52989196777344,85.26082611083984,-234.86083984375,5.783113842010498,5.6627655029296875
52,16.072,104,7,119.2938461303711,-218.47377014160156,-54.010719299316406,-245.52989196777344,154.4949493408203,-236.34286499023438,5.761381502151489,5.874617576599121
53,16.385,108,7,119.2938461303711,-218.47377014160156,-56.98252868652344,-245.38229370117188,83.15336608886719,-236.53504943847656,5.789255437850952,5.8700761795043945
54,16.688,108,7,119.2938461303711,-218.47377014160156,-56.98252868652344,-245.38229370117188,5.151998519897461,-234.7605743408203,5.774641599655151,5.696390151977539
55,16.999,112,7,119.2938461303711,-218.47377014160156,-57.5329704284668,-245.2431640625,126.52095031738281,-238.2529754638672,5.783652811050415,5.718082904815674
56,17.312,112,7,119.2938461303711,-218.47377014160156,-57.5329704284668,-245.2431640625,0.7134898900985718,-220.38214111328125,5.766954078674316,5.947782516479492
57,17.623,116,7,119.2938461303711,-218.47377014160156,-58.8240852355957,-245.0289764404297,121.85646057128906,-237.4479522705078,5.77535267829895,5.80446720123291
58,17.927,116,7,119.2938461303711,-218.47377014160156,-58.8240852355957,-245.0289764404297,22.931917190551758,-235.15972900390625,5.775267925262451,5.813405990600586
59,18.237,120,7,119.2938461303711,-218.47377014160156,-60.43901062011719,-245.00779724121094,-25.491714477539062,-216.56455993652344,5.765878715515137,5.798973083496094
60,18.548,120,7,119.2938461303711,-218.47377014160156,-60.43901062011719,-245.00779724121094,69.44390106201172,-236.04197692871094,5.7578950881958,5.718543529510498
61,18.861,124,6,119.2938461303711,-218.47377014160156,-62.45882034301758,-244.5513916015625,-13.085580825805664,-217.8511199951172,5.760899496078491,5.741225242614746
62,19.164,124,6,119.2938461303711,-218.47377014160156,-62.45882034301758,-244.5513916015625,73.90037536621094,-226.01470947265625,5.747583951950073,5.69890022277832
63,19.474,128,6,119.2938461303711,-218.47377014160156,-64.56361389160156,-244.60305786132812,-4.620059013366699,-217.53976440429688,5.750321559906006,5.700251579284668
64,19.803,128,6,119.2938461303711,-218.47377014160156,-64.56361389160156,-244.60305786132812,10.908400535583496,-218.14146423339844,5.7535992622375485,5.682004928588867
65,20.114,132,6,119.2938461303711,-218.47377014160156,-65.44085693359375,-244.4851837158203,0.4290676712989807,-218.082763671875,5.757352542877197,5.740466594696045
66,20.418,132,6,119.2938461303711,-218.47377014160156,-65.44085693359375,-244.4851837158203,57.94855880737305,-222.6813201904297,5.754303016662598,5.666359901428223
67,20.793,136,6,119.2938461303711,-218.47377014160156,-67.17626190185547,-244.30934143066406,132.10704040527344,-237.31097412109375,5.7393756771087645,5.788558483123779
68,21.107,136,6,119.2938461303711,-218.47377014160156,-67.17626190185547,-244.30934143066406,124.83695220947266,-236.0380096435547,5.743604021072388,5.723455429077148
69,21.42,140,6,119.2938461303711,-218.47377014160156,-67.13395690917969,-244.3939666748047,129.3785858154297,-237.77198791503906,5.750775747299194,5.532530784606934
70,21.723,140,6,119.2938461303711,-218.47377014160156,-67.13395690917969,-244.3939666748047,-2.5151805877685547,-217.67868041992188,5.780862665176391,5.789837837219238
71,22.035,144,6,119.2938461303711,-218.47377014160156,-67.51460266113281,-244.23211669921875,-11.94878101348877,-218.2765350341797,5.755608701705933,5.818367004394531
72,22.345,144,6,119.2938461303711,-218.47377014160156,-67.51460266113281,-244.23211669921875,142.87159729003906,-237.05291748046875,5.748230104446411,5.708896636962891
73,22.658,148,6,119.2938461303711,-218.47377014160156,-66.69312286376953,-244.3564453125,119.81585693359375,-235.16763305664062,5.741187744140625,5.738387584686279
74,22.961,148,6,119.2938461303711,-218.47377014160156,-66.69312286376953,-244.3564453125,65.1072769165039,-224.6907196044922,5.755221929550171,5.8209075927734375
75,23.272,152,6,119.2938461303711,-218.47377014160156,-66.5865249633789,-244.35629272460938,72.06414794921875,-224.10797119140625,5.743898601531982,5.730949401855469
76,23.578,152,6,119.2938461303711,-218.47377014160156,-66.5865249633789,-244.35629272460938,-13.74886703491211,-216.93942260742188,5.738441457748413,5.765725135803223
77,23.893,156,6,119.2938461303711,-218.47377014160156,-67.2794189453125,-244.19140625,-18.198118209838867,-216.291259765625,5.755661249160767,5.766341686248779
78,24.197,156,6,119.2938461303711,-218.47377014160156,-67.2794189453125,-244.19140625,68.25789642333984,-226.48663330078125,5.738792009353638,5.696531772613525
79,24.509,160,7,140.0422821044922,-218.47377014160156,-66.38660430908203,-244.1343994140625,-9.003427505493164,-216.70030212402344,5.746915130615235,5.720571041107178
80,24.813,160,7,140.0422821044922,-218.47377014160156,-66.38660430908203,-244.1343994140625,158.9790802001953,-238.95774841308594,5.7500673770904545,5.814384460449219
81,25.133,164,7,140.0422821044922,-218.47377014160156,-65.08735656738281,-243.9872283935547,145.36634826660156,-241.16665649414062,5.779229469299317,5.690341472625732
82,25.438,164,7,140.0422821044922,-218.47377014160156,-65.08735656738281,-243.9872283935547,7.870750904083252,-215.92958068847656,5.754352045059204,5.778755187988281
83,25.756,168,7,140.0422821044922,-218.47377014160156,-64.83189392089844,-243.9967498779297,62.46697998046875,-226.32247924804688,5.744769563674927,5.691341400146484
84,26.066,168,7,140.0422821044922,-218.47377014160156,-64.83189392089844,-243.9967498779297,-17.17668342590332,-218.43124389648438,5.742047891616822,5.638296127319336
85,26.402,172,7,140.0422821044922,-218.47377014160156,-64.62230682373047,-243.85565185546875,144.2630157470703,-237.44761657714844,5.747205686569214,5.938342094421387
86,26.713,172,7,140.0422821044922,-218.47377014160156,-64.62230682373047,-243.85565185546875,146.73599243164062,-239.27333068847656,5.751177701950073,5.710057258605957
87,27.116,176,7,140.0422821044922,-218.47377014160156,-65.16899108886719,-243.67758178710938,-18.118635177612305,-217.35011291503906,5.739376516342163,5.781428337097168
88,27.428,176,7,140.0422821044922,-218.47377014160156,-65.16899108886719,-243.67758178710938,-2.719155788421631,-216.6524200439453,5.7366557312011714,5.726642608642578
89,27.741,180,7,140.0422821044922,-218.47377014160156,-65.49056243896484,-243.6329803466797,90.64808654785156,-234.6565399169922,5.718316574096679,5.689084053039551
90,28.044,180,7,140.0422821044922,-218.47377014160156,-65.49056243896484,-243.6329803466797,-5.700757026672363,-217.0514373779297,5.723624858856201,5.817086696624756
91,28.358,184,7,140.0422821044922,-218.47377014160156,-66.71495056152344,-243.6067657470703,151.82350158691406,-239.62887573242188,5.716976337432861,5.84711217880249
92,28.67,184,7,140.0422821044922,-218.47377014160156,-66.71495056152344,-243.6067657470703,87.16676330566406,-224.72352600097656,5.736614227294922,5.752542972564697
93,28.984,188,6,140.0422821044922,-218.47377014160156,-66.06948852539062,-243.5101776123047,121.8470230102539,-237.85369873046875,5.722349720001221,5.781252861022949
94,29.289,188,6,140.0422821044922,-218.47377014160156,-66.06948852539062,-243.5101776123047,140.69276428222656,-241.198486328125,5.73774787902832,5.815944671630859
95,29.601,192,6,140.0422821044922,-218.47377014160156,-65.8806381225586,-243.4532470703125,-8.607220649719238,-217.49794006347656,5.738455057144165,5.686150550842285
96,29.936,192,6,140.0422821044922,-218.47377014160156,-65.8806381225586,-243.4532470703125,160.212646484375,-241.0988311767578,5.721635036468506,5.797912120819092
97,30.25,196,6,140.0422821044922,-218.47377014160156,-67.16246795654297,-243.33290100097656,57.80723190307617,-223.9564971923828,5.721351156234741,5.751823425292969
98,30.555,196,6,140.0422821044922,-218.47377014160156,-67.16246795654297,-243.33290100097656,61.303321838378906,-222.73980712890625,5.721421890258789,5.636753082275391
99,30.869,200,6,140.0422821044922,-218.47377014160156,-67.83024597167969,-243.19467163085938,67.01993560791016,-224.6912078857422,5.723440427780151,5.745104789733887
100,31.178,200,6,140.0422821044922,-218.47377014160156,-67.83024597167969,-243.19467163085938,-15.17958927154541,-217.07052612304688,5.720168590545654,5.835198402404785
101,31.496,200,6,140.0422821044922,-218.47377014160156,-66.97669219970703,-241.73631286621094,164.13465881347656,-235.5908203125,5.701467361450195,5.722072601318359
102,31.801,200,6,140.0422821044922,-218.47377014160156,-66.97669219970703,-241.73631286621094,-10.95521068572998,-218.36123657226562,5.699493541717529,5.733303546905518
103,32.114,200,4,140.0422821044922,-226.73171997070312,-68.3769302368164,-242.15512084960938,174.56509399414062,-239.82606506347656,5.678099966049194,5.708446502685547
104,32.424,200,4,140.0422821044922,-226.73171997070312,-68.3769302368164,-242.15512084960938,159.74685668945312,-240.69627380371094,5.7014555072784425,5.69340705871582
105,32.742,200,4,140.0422821044922,-226.73171997070312,-69.13775634765625,-242.0790252685547,61.7803840637207,-222.8605499267578,5.687460527420044,5.574777603149414
106,33.047,200,4,140.0422821044922,-226.73171997070312,-69.13775634765625,-242.0790252685547,78.94092559814453,-234.7909393310547,5.697347860336304,5.798533916473389
107,33.36,200,4,140.0422821044922,-226.73171997070312,-68.27706146240234,-242.14642333984375,148.79144287109375,-240.55799865722656,5.701523685455323,5.52980375289917
108,33.743,200,4,140.0422821044922,-226.73171997070312,-68.27706146240234,-242.14642333984375,85.26803588867188,-232.8918914794922,5.694675788879395,5.713586807250977
109,34.07,200,4,140.0422821044922,-226.73171997070312,-70.56040954589844,-242.17481994628906,143.88182067871094,-240.0068359375,5.688418083190918,5.52516508102417
110,34.375,200,4,140.0422821044922,-226.73171997070312,-70.56040954589844,-242.17481994628906,121.5682601928711,-238.13648986816406,5.680799903869629,5.591994762420654
111,34.689,200,4,140.0422821044922,-226.73171997070312,-71.12268829345703,-242.25238037109375,63.87890625,-226.6854248046875,5.673205146789551,5.6795244216918945
112,35.004,200,4,140.0422821044922,-226.73171997070312,-71.12268829345703,-242.25238037109375,124.11524963378906,-237.21249389648438,5.6986838054656985,5.682068347930908
113,35.327,200,4,140.0422821044922,-226.73171997070312,-72.84943389892578,-242.27850341796875,69.90837860107422,-224.67713928222656,5.695686445236206,5.602610111236572
114,35.645,200,4,140.0422821044922,-226.73171997070312,-72.84943389892578,-242.27850341796875,153.1438446044922,-239.08322143554688,5.684981765747071,5.786398887634277
115,35.965,200,4,140.0422821044922,-226.73171997070312,-75.10871124267578,-242.04434204101562,59.963741302490234,-226.3332977294922,5.694327249526977,5.616660118103027
116,36.277,200,4,140.0422821044922,-226.73171997070312,-75.10871124267578,-242.04434204101562,65.48099517822266,-225.74896240234375,5.665910005569458,5.645780563354492
117,36.639,200,4,140.0422821044922,-226.73171997070312,-74.54814147949219,-241.70452880859375,62.88367462158203,-226.3370361328125,5.6643417453765865,5.54910945892334
118,36.948,200,4,140.0422821044922,-226.73171997070312,-74.54814147949219,-241.70452880859375,144.90682983398438,-240.5834197998047,5.678235015869141,5.711790084838867
119,37.27,200,4,140.0422821044922,-226.73171997070312,-75.49105834960938,-241.75570678710938,142.33360290527344,-239.58233642578125,5.679660215377807,5.698090076446533
120,37.577,200,4,140.0422821044922,-226.73171997070312,-75.49105834960938,-241.75570678710938,90.7991943359375,-241.04986572265625,5.661677207946777,5.629179000854492
121,37.895,200,4,140.0422821044922,-226.73171997070312,-77.07489013671875,-241.45590209960938,61.31250762939453,-226.63079833984375,5.6571055603027345,5.5557050704956055
122,38.2,200,4,140.0422821044922,-226.73171997070312,-77.07489013671875,-241.45590209960938,83.49617767333984,-233.2183837890625,5.65287302017212,5.619646072387695
123,38.526,200,4,140.0422821044922,-226.73171997070312,-78.74134826660156,-241.58460998535156,80.6686019897461,-240.09642028808594,5.674875230789184,5.710996150970459
124,38.834,200,4,140.0422821044922,-226.73171997070312,-78.74134826660156,-241.58460998535156,85.81828308105469,-224.717041015625,5.65195969581604,5.731072425842285
125,39.149,200,4,140.0422821044922,-226.73171997070312,-77.6685562133789,-241.4630126953125,57.67283248901367,-224.8429412841797,5.640705709457397,5.684397220611572
126,39.455,200,4,140.0422821044922,-226.73171997070312,-77.6685562133789,-241.4630126953125,60.39480972290039,-226.0113525390625,5.6781939601898195,5.7652587890625
127,39.769,200,3,140.0422821044922,-226.73171997070312,-78.34147644042969,-241.1925811767578,76.0342788696289,-234.80633544921875,5.641154327392578,5.5538129806518555
128,40.079,200,3,140.0422821044922,-226.73171997070312,-78.34147644042969,-241.1925811767578,145.76783752441406,-238.53208923339844,5.670759410858154,5.614259719848633
129,40.463,200,3,140.0422821044922,-226.73171997070312,-81.4356918334961,-241.08230590820312,60.8281364440918,-225.52223205566406,5.663157739639282,5.775397777557373
130,40.771,200,3,140.0422821044922,-226.73171997070312,-81.4356918334961,-241.08230590820312,63.210174560546875,-226.684814453125,5.630581159591674,5.586794853210449
131,41.088,200,3,140.0422821044922,-226.73171997070312,-82.1917953491211,-240.99453735351562,63.35942459106445,-225.46600341796875,5.638957052230835,5.607942581176758
132,41.402,200,3,140.0422821044922,-226.73171997070312,-82.1917953491211,-240.99453735351562,152.7397918701172,-239.55479431152344,5.6377467441558835,5.744229316711426
133,41.75,200,3,140.0422821044922,-226.73171997070312,-83.794677734375,-240.79776000976562,57.62211608886719,-223.6907501220703,5.630303707122803,5.677128791809082
134,42.138,200,3,140.0422821044922,-226.73171997070312,-83.794677734375,-240.79776000976562,58.51127243041992,-225.4484100341797,5.648416624069214,5.671683311462402
135,42.465,200,3,140.0422821044922,-226.73171997070312,-83.19575500488281,-240.65029907226562,62.88056564331055,-226.01158142089844,5.634124031066895,5.673758506774902
136,42.779,200,3,140.0422821044922,-226.73171997070312,-83.19575500488281,-240.65029907226562,62.54293441772461,-226.53604125976562,5.6470444393157955,5.751736164093018
137,43.093,200,3,140.0422821044922,-226.73171997070312,-83.89529418945312,-240.56419372558594,86.21035766601562,-230.5880126953125,5.636415100097656,5.543945789337158
138,43.458,200,3,140.0422821044922,-226.73171997070312,-83.89529418945312,-240.56419372558594,66.93516540527344,-226.67547607421875,5.620559587478637,5.51934814453125
139,43.782,200,3,140.0422821044922,-226.73171997070312,-83.04791259765625,-240.580078125,149.06423950195312,-240.4230499267578,5.627585458755493,5.652406692504883
140,44.094,200,3,140.0422821044922,-226.73171997070312,-83.04791259765625,-240.580078125,147.07362365722656,-241.322998046875,5.606640043258667,5.557453155517578
141,44.413,200,3,140.0422821044922,-226.73171997070312,-84.72203063964844,-240.39398193359375,63.71356201171875,-225.05856323242188,5.594528131484985,5.644252300262451
142,44.722,200,3,140.0422821044922,-226.73171997070312,-84.72203063964844,-240.39398193359375,148.1748504638672,-239.40628051757812,5.609410991668701,5.712245941162109
143,45.037,200,3,140.0422821044922,-226.73171997070312,-86.66382598876953,-240.34243774414062,77.28845977783203,-225.92037963867188,5.624480962753296,5.6321001052856445
144,45.342,200,3,140.0422821044922,-226.73171997070312,-86.66382598876953,-240.34243774414062,62.53119659423828,-224.6295166015625,5.605371866226196,5.771839618682861
145,45.663,200,3,140.0422821044922,-226.73171997070312,-85.58190155029297,-240.2270965576172,62.98558044433594,-225.50885009765625,5.593074951171875,5.6440534591674805
146,45.977,200,3,140.0422821044922,-226.73171997070312,-85.58190155029297,-240.2270965576172,67.41475677490234,-226.48562622070312,5.613395624160766,5.601057052612305
147,46.291,200,3,140.0422821044922,-226.73171997070312,-84.12957000732422,-240.22039794921875,140.87710571289062,-241.45030212402344,5.624838695526123,5.632226467132568
148,46.597,200,3,140.0422821044922,-226.73171997070312,-84.12957000732422,-240.22039794921875,145.57640075683594,-240.31150817871094,5.586844606399536,5.480548858642578
149,46.913,200,3,140.0422821044922,-226.73171997070312,-84.85324096679688,-240.03363037109375,60.587249755859375,-223.89036560058594,5.586675796508789,5.701229095458984
150,47.223,200,3,140.0422821044922,-226.73171997070312,-84.85324096679688,-240.03363037109375,57.49427032470703,-225.48898315429688,5.5839017963409425,5.662113666534424
151,47.54,200,3,140.0422821044922,-226.73171997070312,-85.38260650634766,-240.18417358398438,144.38876342773438,-240.56173706054688,5.583077363967895,5.481341361999512
152,47.845,200,3,140.0422821044922,-226.73171997070312,-85.38260650634766,-240.18417358398438,153.1219482421875,-239.89048767089844,5.599606771469116,5.5640764236450195
153,48.162,200,3,140.0422821044922,-226.73171997070312,-84.01537322998047,-240.1677703857422,57.4880485534668,-225.95907592773438,5.567999267578125,5.5953192710876465
154,48.477,200,3,140.0422821044922,-226.73171997070312,-84.01537322998047,-240.1677703857422,101.80470275878906,-230.74183654785156,5.575091190338135,5.556562900543213
155,48.792,200,3,140.0422821044922,-226.73171997070312,-84.54053497314453,-240.2177276611328,158.69224548339844,-239.50927734375,5.597057657241821,5.519001483917236
156,49.097,200,3,140.0422821044922,-226.73171997070312,-84.54053497314453,-240.2177276611328,80.17240142822266,-226.67422485351562,5.59299789428711,5.502399921417236
157,49.417,200,3,140.0422821044922,-226.73171997070312,-84.65849304199219,-240.08180236816406,70.0931167602539,-224.62831115722656,5.590101308822632,5.6364216804504395
158,49.73,200,3,140.0422821044922,-226.73171997070312,-84.65849304199219,-240.08180236816406,91.62157440185547,-231.48483276367188,5.585409889221191,5.504408836364746
159,50.045,200,3,140.0422821044922,-226.73171997070312,-84.8465347290039,-239.93003845214844,58.77957534790039,-226.35964965820312,5.570673151016235,5.626833915710449
160,50.352,200,3,140.0422821044922,-226.73171997070312,-84.8465347290039,-239.93003845214844,59.457054138183594,-226.36888122558594,5.565891819000244,5.583616733551025
161,50.683,200,4,140.0422821044922,-229.41871643066406,-83.51293182373047,-240.2090606689453,148.14239501953125,-239.13270568847656,5.544422693252564,5.5105695724487305
162,50.99,200,4,140.0422821044922,-229.41871643066406,-83.51293182373047,-240.2090606689453,-33.96826934814453,-227.11390686035156,5.57008924484253,5.57882833480835
163,51.305,200,4,140.0422821044922,-229.41871643066406,-81.80382537841797,-240.02691650390625,-58.91654586791992,-228.71165466308594,5.562771682739258,5.655077934265137
164,51.61,200,4,140.0422821044922,-229.41871643066406,-81.80382537841797,-240.02691650390625,149.4046630859375,-239.49330139160156,5.558978643417358,5.545743942260742
165,51.933,200,4,140.0422821044922,-229.41871643066406,-82.63768768310547,-239.9685516357422,93.27056884765625,-230.48953247070312,5.534582357406617,5.49409294128418
166,52.242,200,4,140.0422821044922,-229.41871643066406,-82.63768768310547,-239.9685516357422,-52.55584716796875,-228.54637145996094,5.557370138168335,5.566672325134277
167,52.575,200,4,140.0422821044922,-229.41871643066406,-80.72652435302734,-240.0355224609375,145.06500244140625,-240.8696746826172,5.54009934425354,5.544068336486816
168,52.884,200,4,140.0422821044922,-229.41871643066406,-80.72652435302734,-240.0355224609375,174.5014190673828,-241.513671875,5.540010967254639,5.604706287384033
169,53.202,200,4,140.0422821044922,-229.41871643066406,-80.09532928466797,-239.83103942871094,132.45632934570312,-230.43409729003906,5.546501340866089,5.470065593719482
170,53.508,200,4,140.0422821044922,-229.41871643066406,-80.09532928466797,-239.83103942871094,165.45510864257812,-240.3345184326172,5.543945903778076,5.400826454162598
171,53.823,200,4,140.0422821044922,-229.41871643066406,-81.57913208007812,-239.91098022460938,168.36219787597656,-240.0242156982422,5.549668016433716,5.630962371826172
172,54.126,200,4,140.0422821044922,-229.41871643066406,-81.57913208007812,-239.91098022460938,147.84939575195312,-240.909423828125,5.526682567596436,5.465505599975586
173,54.46,200,5,140.0422821044922,-229.41871643066406,-82.57855224609375,-239.64234924316406,16.166908264160156,-229.19630432128906,5.527690401077271,5.54421329498291
174,54.786,200,5,140.0422821044922,-229.41871643066406,-82.57855224609375,-239.64234924316406,26.68328094482422,-228.09323120117188,5.520662870407104,5.583806037902832
175,55.099,200,5,140.0422821044922,-229.41871643066406,-84.17913055419922,-239.58531188964844,149.84194946289062,-239.2887420654297,5.513858709335327,5.454142093658447
176,55.411,200,5,140.0422821044922,-229.41871643066406,-84.17913055419922,-239.58531188964844,120.69584655761719,-230.56117248535156,5.508413200378418,5.671382904052734
177,55.839,200,5,140.0422821044922,-229.41871643066406,-83.16290283203125,-239.78085327148438,157.70635986328125,-240.525634765625,5.5071056365966795,5.394351959228516
178,56.149,200,5,140.0422821044922,-229.41871643066406,-83.16290283203125,-239.78085327148438,-67.78369903564453,-228.98863220214844,5.530180130004883,5.403113842010498
179,56.463,200,4,85.68925476074219,-229.41871643066406,-84.06653594970703,-239.81800842285156,173.5482940673828,-240.7350616455078,5.501398334503174,5.638820648193359
180,56.769,200,4,85.68925476074219,-229.41871643066406,-84.06653594970703,-239.81800842285156,-65.47145080566406,-229.3118133544922,5.491709041595459,5.550280570983887
181,57.085,200,5,88.0391616821289,-229.41871643066406,-85.60842895507812,-239.72727966308594,-65.56211853027344,-229.34671020507812,5.492638130187988,5.484434127807617
182,57.395,200,5,88.0391616821289,-229.41871643066406,-85.60842895507812,-239.72727966308594,11.316129684448242,-230.5094451904297,5.505524024963379,5.511651992797852
183,57.716,200,5,88.0391616821289,-229.41871643066406,-85.92083740234375,-239.68051147460938,86.04029846191406,-231.51669311523438,5.498798503875732,5.483892440795898
184,58.024,200,5,88.0391616821289,-229.41871643066406,-85.92083740234375,-239.68051147460938,97.92546081542969,-232.23944091796875,5.486010866165161,5.374638080596924
185,58.339,200,5,88.0391616821289,-229.41871643066406,-86.6344985961914,-239.68734741210938,-59.08906555175781,-229.17298889160156,5.4873858833312985,5.451030731201172
186,58.647,200,5,88.0391616821289,-229.41871643066406,-86.6344985961914,-239.68734741210938,-53.23650360107422,-228.8345489501953,5.480601806640625,5.504927158355713
187,58.97,200,5,88.0391616821289,-229.41871643066406,-87.27813720703125,-239.74160766601562,113.68099212646484,-232.5076446533203,5.475639591217041,5.451754570007324
188,59.277,200,5,88.0391616821289,-229.41871643066406,-87.27813720703125,-239.74160766601562,22.933374404907227,-230.5843048095703,5.474876985549927,5.546084880828857
189,59.592,200,5,88.0391616821289,-229.41871643066406,-88.26397705078125,-239.7654266357422,8.666465759277344,-230.51866149902344,5.474645509719848,5.492103099822998
190,59.898,200,5,88.0391616821289,-229.41871643066406,-88.26397705078125,-239.7654266357422,108.42333221435547,-232.1187286376953,5.481367683410644,5.468080520629883
191,60.222,200,5,88.0391616821289,-229.41871643066406,-88.83970642089844,-239.56719970703125,94.10307312011719,-232.29208374023438,5.48301329612732,5.372552871704102
192,60.532,200,5,88.0391616821289,-229.41871643066406,-88.83970642089844,-239.56719970703125,-63.41913604736328,-229.09214782714844,5.460746231079102,5.372751712799072
193,60.849,200,5,88.0391616821289,-229.41871643066406,-89.9873046875,-239.48512268066406,6.901555061340332,-229.30433654785156,5.461801748275757,5.482596397399902
194,61.156,200,5,88.0391616821289,-229.41871643066406,-89.9873046875,-239.48512268066406,-39.251922607421875,-229.31170654296875,5.433848390579223,5.275753021240234
195,61.47,200,5,88.0391616821289,-229.41871643066406,-90.08963012695312,-239.5541229248047,99.53143310546875,-231.54037475585938,5.45376443862915,5.4612016677856445
196,61.787,200,5,88.0391616821289,-229.41871643066406,-90.08963012695312,-239.5541229248047,112.15965270996094,-232.04736328125,5.433033275604248,5.4601149559021
197,62.103,200,5,88.0391616821289,-229.41871643066406,-89.03968048095703,-239.5052490234375,-64.8978271484375,-229.07467651367188,5.478754329681396,5.497223854064941
198,62.411,200,5,88.0391616821289,-229.41871643066406,-89.03968048095703,-239.5052490234375,131.76502990722656,-232.32264709472656,5.448579111099243,5.610508918762207
199,62.727,200,5,88.0391616821289,-229.41871643066406,-89.73186492919922,-239.5029754638672,105.31523895263672,-232.4912567138672,5.42157301902771,5.379469394683838
200,63.034,200,5,88.0391616821289,-229.41871643066406,-89.73186492919922,-239.5029754638672,14.239828109741211,-230.32806396484375,5.452735233306885,5.406665802001953
1,0.315,4,3,-41.692684173583984,-307.51568603515625,-126.2529296875,-311.8852844238281,-10.217323303222656,-1.2056376934051514,6.591048221588135,6.509558200836182
2,0.615,4,3,-41.692684173583984,-307.51568603515625,-126.2529296875,-311.8852844238281,5.562215805053711,1.8096094131469727,6.539843921661377,6.507384300231934
3,0.918,8,2,-16.568613052368164,-218.47377014160156,-91.44132995605469,-266.80169677734375,-1.667126178741455,-1.2244985103607178,6.046744356155395,6.105614185333252
4,1.213,8,2,-16.568613052368164,-218.47377014160156,-91.44132995605469,-266.80169677734375,-24.240678787231445,-218.2770538330078,6.0322197151184085,6.114274978637695
5,1.661,12,3,115.71221160888672,-218.47377014160156,-64.49903869628906,-258.84619140625,-15.937602043151855,-220.61732482910156,5.949285011291504,5.976813793182373
6,1.963,12,3,115.71221160888672,-218.47377014160156,-64.49903869628906,-258.84619140625,126.986083984375,-239.60903930664062,5.953947677612304,6.001221656799316
7,2.267,16,4,115.71221160888672,-218.47377014160156,-57.67988204956055,-253.13433837890625,127.53995513916016,-238.00823974609375,5.890841360092163,5.8445725440979
8,2.566,16,4,115.71221160888672,-218.47377014160156,-57.67988204956055,-253.13433837890625,99.9251480102539,-235.68504333496094,5.869617357254028,5.870664596557617
9,2.878,20,4,115.71221160888672,-218.47377014160156,-50.48612594604492,-251.0545654296875,120.81790161132812,-239.49818420410156,5.857880868911743,5.92842960357666
10,3.177,20,4,115.71221160888672,-218.47377014160156,-50.48612594604492,-251.0545654296875,134.31036376953125,-239.71359252929688,5.860036420822143,5.8894195556640625
11,3.483,24,5,115.71221160888672,-218.47377014160156,-47.31283187866211,-248.3639678955078,146.62127685546875,-237.23521423339844,5.837059898376465,5.862882137298584
12,3.789,24,5,115.71221160888672,-218.47377014160156,-47.31283187866211,-248.3639678955078,124.17878723144531,-235.80455017089844,5.8360682964324955,5.869710445404053
13,4.11,28,6,115.71221160888672,-218.47377014160156,-44.381370544433594,-246.65809631347656,123.40904235839844,-240.69979858398438,5.795928726196289,5.75847053527832
14,4.426,28,6,115.71221160888672,-218.47377014160156,-44.381370544433594,-246.65809631347656,3.9697017669677734,-218.97959899902344,5.79979305267334,5.750382900238037
15,4.737,32,6,115.71221160888672,-218.47377014160156,-39.179988861083984,-247.31143188476562,-13.384373664855957,-215.55213928222656,5.817426166534424,5.71864128112793
16,5.033,32,6,115.71221160888672,-218.47377014160156,-39.179988861083984,-247.31143188476562,138.52413940429688,-240.37306213378906,5.833760995864868,5.725287437438965
17,5.346,36,6,115.71221160888672,-218.47377014160156,-48.00675582885742,-247.62600708007812,32.42411422729492,-233.46766662597656,5.8107570552825925,5.867176532745361
18,5.645,36,6,115.71221160888672,-218.47377014160156,-48.00675582885742,-247.62600708007812,-13.260503768920898,-217.6378173828125,5.817461442947388,5.998430252075195
19,5.953,40,6,119.2938461303711,-218.47377014160156,-43.53456497192383,-247.01010131835938,123.13265991210938,-237.8339080810547,5.808349151611328,5.879310607910156
20,6.251,40,6,119.2938461303711,-218.47377014160156,-43.53456497192383,-247.01010131835938,-19.95847511291504,-217.21315002441406,5.809694738388061,5.840174674987793
21,6.565,44,6,119.2938461303711,-218.47377014160156,-43.95487594604492,-247.1183624267578,-24.560754776000977,-218.23060607910156,5.828336410522461,5.760759353637695
22,6.882,44,6,119.2938461303711,-218.47377014160156,-43.95487594604492,-247.1183624267578,77.52119445800781,-236.7592315673828,5.814443464279175,5.749669551849365
23,7.188,48,7,119.2938461303711,-218.47377014160156,-45.171085357666016,-246.306640625,135.3241729736328,-238.3032989501953,5.7957825756073,5.86258602142334
24,7.489,48,7,119.2938461303711,-218.47377014160156,-45.171085357666016,-246.306640625,141.05715942382812,-235.3512420654297,5.799602613449097,5.821368217468262
25,7.8,52,7,119.2938461303711,-218.47377014160156,-51.544822692871094,-246.09519958496094,-0.688048243522644,-216.40882873535156,5.809247837066651,5.76900577545166
26,8.12,52,7,119.2938461303711,-218.47377014160156,-51.544822692871094,-246.09519958496094,-19.594261169433594,-215.6499481201172,5.792215480804443,5.786495685577393
27,8.43,56,7,119.2938461303711,-218.47377014160156,-52.04887008666992,-246.2464141845703,-12.417695045471191,-218.09719848632812,5.795505657196045,5.840466499328613
28,8.731,56,7,119.2938461303711,-218.47377014160156,-52.04887008666992,-246.2464141845703,-21.187347412109375,-217.0147705078125,5.8169437026977535,5.9538445472717285
29,9.045,60,7,119.2938461303711,-218.47377014160156,-45.94391632080078,-246.08534240722656,-11.629340171813965,-220.68609619140625,5.810262002944946,5.73408842086792
30,9.347,60,7,119.2938461303711,-218.47377014160156,-45.94391632080078,-246.08534240722656,-0.23168809711933136,-219.6666717529297,5.798956718444824,5.7762861251831055
31,9.658,64,7,119.2938461303711,-218.47377014160156,-44.91535186767578,-245.68606567382812,126.19295501708984,-238.0222625732422,5.7829123306274415,5.750497817993164
32,9.963,64,7,119.2938461303711,-218.47377014160156,-44.91535186767578,-245.68606567382812,140.21823120117188,-236.57077026367188,5.807857837677002,5.7368364334106445
33,10.277,68,7,119.2938461303711,-218.47377014160156,-45.091190338134766,-245.5245361328125,-14.2304105758667,-219.87364196777344,5.786469554901123,5.871099472045898
34,10.586,68,7,119.2938461303711,-218.47377014160156,-45.091190338134766,-245.5245361328125,128.12286376953125,-237.2776641845703,5.796971054077148,5.85569953918457
35,10.894,72,7,119.2938461303711,-218.47377014160156,-47.34871292114258,-245.50054931640625,-18.365144729614258,-217.1748046875,5.785615234375,5.715097427368164
36,11.195,72,7,119.2938461303711,-218.47377014160156,-47.34871292114258,-245.50054931640625,130.99656677246094,-233.36280822753906,5.778932104110718,5.641445159912109
37,11.515,76,7,119.2938461303711,-218.47377014160156,-46.58212661743164,-245.4613800048828,161.0592041015625,-235.151123046875,5.77177622795105,5.72076940536499
38,11.817,76,7,119.2938461303711,-218.47377014160156,-46.58212661743164,-245.4613800048828,9.120311737060547,-232.72357177734375,5.7940157032012936,5.760627269744873
39,12.126,80,7,119.2938461303711,-218.47377014160156,-49.210384368896484,-245.2353515625,125.03726959228516,-237.34275817871094,5.797485637664795,5.838778495788574
40,12.43,80,7,119.2938461303711,-218.47377014160156,-49.210384368896484,-245.2353515625,-23.65627098083496,-217.74270629882812,5.784821262359619,5.8223557472229
41,12.748,84,7,119.2938461303711,-218.47377014160156,-48.41098403930664,-245.2188720703125,19.39242935180664,-233.6024627685547,5.779544897079468,5.957873344421387
42,13.061,84,7,119.2938461303711,-218.47377014160156,-48.41098403930664,-245.2188720703125,120.62841796875,-235.90882873535156,5.760729112625122,5.832233428955078
43,13.368,88,7,119.2938461303711,-218.47377014160156,-47.45046615600586,-245.26327514648438,8.039446830749512,-230.65841674804688,5.776122550964356,5.712165832519531
44,13.668,88,7,119.2938461303711,-218.47377014160156,-47.45046615600586,-245.26327514648438,137.39334106445312,-235.55491638183594,5.773784379959107,5.779179573059082
45,13.987,92,7,119.2938461303711,-218.47377014160156,-50.965187072753906,-245.46409606933594,87.86647033691406,-232.89828491210938,5.791739797592163,5.836750507354736
46,14.29,92,7,119.2938461303711,-218.47377014160156,-50.965187072753906,-245.46409606933594,157.4249267578125,-237.53639221191406,5.748275279998779,5.857530117034912
47,14.601,96,7,119.2938461303711,-218.47377014160156,-55.78212356567383,-245.5654296875,6.310048580169678,-234.6840362548828,5.796093759536743,5.776474952697754
48,14.902,96,7,119.2938461303711,-218.47377014160156,-55.78212356567383,-245.5654296875,82.47187805175781,-234.05567932128906,5.762503547668457,5.904267311096191
49,15.216,100,7,119.2938461303711,-218.47377014160156,-55.06142044067383,-245.6326141357422,131.3246612548828,-235.3562774658203,5.766255464553833,5.884321212768555
50,15.52,100,7,119.2938461303711,-218.47377014160156,-55.06142044067383,-245.6326141357422,71.43196868896484,-234.81448364257812,5.791181592941284,5.915552139282227
51,15.833,104,7,119.2938461303711,-218.47377014160156,-54.010719299316406,-245.52989196777344,85.26082611083984,-234.86083984375,5.783113842010498,5.6627655029296875
52,16.137,104,7,119.2938461303711,-218.47377014160156,-54.010719299316406,-245.52989196777344,154.4949493408203,-236.34286499023438,5.761381502151489,5.874617576599121
53,16.449,108,7,119.2938461303711,-218.47377014160156,-56.98252868652344,-245.38229370117188,83.15336608886719,-236.53504943847656,5.789255437850952,5.8700761795043945
54,16.754,108,7,119.2938461303711,-218.47377014160156,-56.98252868652344,-245.38229370117188,5.151998519897461,-234.7605743408203,5.774641599655151,5.696390151977539
55,17.068,112,7,119.2938461303711,-218.47377014160156,-57.5329704284668,-245.2431640625,126.52095031738281,-238.2529754638672,5.783652811050415,5.718082904815674
56,17.369,112,7,119.2938461303711,-218.47377014160156,-57.5329704284668,-245.2431640625,0.7134898900985718,-220.38214111328125,5.766954078674316,5.947782516479492
57,17.682,116,7,119.2938461303711,-218.47377014160156,-58.8240852355957,-245.0289764404297,121.85646057128906,-237.4479522705078,5.77535267829895,5.80446720123291
58,17.988,116,7,119.2938461303711,-218.47377014160156,-58.8240852355957,-245.0289764404297,22.931917190551758,-235.15972900390625,5.775267925262451,5.813405990600586
59,18.304,120,7,119.2938461303711,-218.47377014160156,-60.43901062011719,-245.00779724121094,-25.491714477539062,-216.56455993652344,5.765878715515137,5.798973083496094
60,18.609,120,7,119.2938461303711,-218.47377014160156,-60.43901062011719,-245.00779724121094,69.44390106201172,-236.04197692871094,5.7578950881958,5.718543529510498
61,18.921,124,6,119.2938461303711,-218.47377014160156,-62.45882034301758,-244.5513916015625,-13.085580825805664,-217.8511199951172,5.760899496078491,5.741225242614746
62,19.23,124,6,119.2938461303711,-218.47377014160156,-62.45882034301758,-244.5513916015625,73.90037536621094,-226.01470947265625,5.747583951950073,5.69890022277832
63,19.548,128,6,119.2938461303711,-218.47377014160156,-64.56361389160156,-244.60305786132812,-4.620059013366699,-217.53976440429688,5.750321559906006,5.700251579284668
64,19.852,128,6,119.2938461303711,-218.47377014160156,-64.56361389160156,-244.60305786132812,10.908400535583496,-218.14146423339844,5.7535992622375485,5.682004928588867
65,20.164,132,6,119.2938461303711,-218.47377014160156,-65.44085693359375,-244.4851837158203,0.4290676712989807,-218.082763671875,5.757352542877197,5.740466594696045
66,20.481,132,6,119.2938461303711,-218.47377014160156,-65.44085693359375,-244.4851837158203,57.94855880737305,-222.6813201904297,5.754303016662598,5.666359901428223
67,20.981,136,6,119.2938461303711,-218.47377014160156,-67.17626190185547,-244.30934143066406,132.10704040527344,-237.31097412109375,5.7393756771087645,5.788558483123779
68,21.299,136,6,119.2938461303711,-218.47377014160156,-67.17626190185547,-244.30934143066406,124.83695220947266,-236.0380096435547,5.743604021072388,5.723455429077148
69,21.633,140,6,119.2938461303711,-218.47377014160156,-67.13395690917969,-244.3939666748047,129.3785858154297,-237.77198791503906,5.750775747299194,5.532530784606934
70,21.936,140,6,119.2938461303711,-218.47377014160156,-67.13395690917969,-244.3939666748047,-2.5151805877685547,-217.67868041992188,5.780862665176391,5.789837837219238
71,22.255,144,6,119.2938461303711,-218.47377014160156,-67.51460266113281,-244.23211669921875,-11.94878101348877,-218.2765350341797,5.755608701705933,5.818367004394531
72,22.584,144,6,119.2938461303711,-218.47377014160156,-67.51460266113281,-244.23211669921875,142.87159729003906,-237.05291748046875,5.748230104446411,5.708896636962891
73,22.895,148,6,119.2938461303711,-218.47377014160156,-66.69312286376953,-244.3564453125,119.81585693359375,-235.16763305664062,5.741187744140625,5.738387584686279
74,23.198,148,6,119.2938461303711,-218.47377014160156,-66.69312286376953,-244.3564453125,65.1072769165039,-224.6907196044922,5.755221929550171,5.8209075927734375
75,23.508,152,6,119.2938461303711,-218.47377014160156,-66.5865249633789,-244.35629272460938,72.06414794921875,-224.10797119140625,5.743898601531982,5.730949401855469
76,23.816,152,6,119.2938461303711,-218.47377014160156,-66.5865249633789,-244.35629272460938,-13.74886703491211,-216.93942260742188,5.738441457748413,5.765725135803223
77,24.131,156,6,119.2938461303711,-218.47377014160156,-67.2794189453125,-244.19140625,-18.198118209838867,-216.291259765625,5.755661249160767,5.766341686248779
78,24.439,156,6,119.2938461303711,-218.47377014160156,-67.2794189453125,-244.19140625,68.25789642333984,-226.48663330078125,5.738792009353638,5.696531772613525
79,24.751,160,7,140.0422821044922,-218.47377014160156,-66.38660430908203,-244.1343994140625,-9.003427505493164,-216.70030212402344,5.746915130615235,5.720571041107178
80,25.063,160,7,140.0422821044922,-218.47377014160156,-66.38660430908203,-244.1343994140625,158.9790802001953,-238.95774841308594,5.7500673770904545,5.814384460449219
81,25.379,164,7,140.0422821044922,-218.47377014160156,-65.08735656738281,-243.9872283935547,145.36634826660156,-241.16665649414062,5.779229469299317,5.690341472625732
82,25.685,164,7,140.0422821044922,-218.47377014160156,-65.08735656738281,-243.9872283935547,7.870750904083252,-215.92958068847656,5.754352045059204,5.778755187988281
83,25.998,168,7,140.0422821044922,-218.47377014160156,-64.83189392089844,-243.9967498779297,62.46697998046875,-226.32247924804688,5.744769563674927,5.691341400146484
84,26.307,168,7,140.0422821044922,-218.47377014160156,-64.83189392089844,-243.9967498779297,-17.17668342590332,-218.43124389648438,5.742047891616822,5.638296127319336
85,26.627,172,7,140.0422821044922,-218.47377014160156,-64.62230682373047,-243.85565185546875,144.2630157470703,-237.44761657714844,5.747205686569214,5.938342094421387
86,26.933,172,7,140.0422821044922,-218.47377014160156,-64.62230682373047,-243.85565185546875,146.73599243164062,-239.27333068847656,5.751177701950073,5.710057258605957
87,27.246,176,7,140.0422821044922,-218.47377014160156,-65.16899108886719,-243.67758178710938,-18.118635177612305,-217.35011291503906,5.739376516342163,5.781428337097168
88,27.56,176,7,140.0422821044922,-218.47377014160156,-65.16899108886719,-243.67758178710938,-2.719155788421631,-216.6524200439453,5.7366557312011714,5.726642608642578
89,27.873,180,7,140.0422821044922,-218.47377014160156,-65.49056243896484,-243.6329803466797,90.64808654785156,-234.6565399169922,5.718316574096679,5.689084053039551
90,28.179,180,7,140.0422821044922,-218.47377014160156,-65.49056243896484,-243.6329803466797,-5.700757026672363,-217.0514373779297,5.723624858856201,5.817086696624756
91,28.493,184,7,140.0422821044922,-218.47377014160156,-66.71495056152344,-243.6067657470703,151.82350158691406,-239.62887573242188,5.716976337432861,5.84711217880249
92,28.808,184,7,140.0422821044922,-218.47377014160156,-66.71495056152344,-243.6067657470703,87.16676330566406,-224.72352600097656,5.736614227294922,5.752542972564697
93,29.123,188,6,140.0422821044922,-218.47377014160156,-66.06948852539062,-243.5101776123047,121.8470230102539,-237.85369873046875,5.722349720001221,5.781252861022949
94,29.43,188,6,140.0422821044922,-218.47377014160156,-66.06948852539062,-243.5101776123047,140.69276428222656,-241.198486328125,5.73774787902832,5.815944671630859
95,29.745,192,6,140.0422821044922,-218.47377014160156,-65.8806381225586,-243.4532470703125,-8.607220649719238,-217.49794006347656,5.738455057144165,5.686150550842285
96,30.051,192,6,140.0422821044922,-218.47377014160156,-65.8806381225586,-243.4532470703125,160.212646484375,-241.0988311767578,5.721635036468506,5.797912120819092
97,30.361,196,6,140.0422821044922,-218.47377014160156,-67.16246795654297,-243.33290100097656,57.80723190307617,-223.9564971923828,5.721351156234741,5.751823425292969
98,30.67,196,6,140.0422821044922,-218.47377014160156,-67.16246795654297,-243.33290100097656,61.303321838378906,-222.73980712890625,5.721421890258789,5.636753082275391
99,31.084,200,6,140.0422821044922,-218.47377014160156,-67.83024597167969,-243.19467163085938,67.01993560791016,-224.6912078857422,5.723440427780151,5.745104789733887
100,31.388,200,6,140.0422821044922,-218.47377014160156,-67.83024597167969,-243.19467163085938,-15.17958927154541,-217.07052612304688,5.720168590545654,5.835198402404785
101,31.702,200,6,140.0422821044922,-218.47377014160156,-66.97669219970703,-241.73631286621094,164.13465881347656,-235.5908203125,5.701467361450195,5.722072601318359
102,32.017,200,6,140.0422821044922,-218.47377014160156,-66.97669219970703,-241.73631286621094,-10.95521068572998,-218.36123657226562,5.699493541717529,5.733303546905518
103,32.334,200,4,140.0422821044922,-226.73171997070312,-68.3769302368164,-242.15512084960938,174.56509399414062,-239.82606506347656,5.678099966049194,5.708446502685547
104,32.641,200,4,140.0422821044922,-226.73171997070312,-68.3769302368164,-242.15512084960938,159.74685668945312,-240.69627380371094,5.7014555072784425,5.69340705871582
105,32.956,200,4,140.0422821044922,-226.73171997070312,-69.13775634765625,-242.0790252685547,61.7803840637207,-222.8605499267578,5.687460527420044,5.574777603149414
106,33.261,200,4,140.0422821044922,-226.73171997070312,-69.13775634765625,-242.0790252685547,78.94092559814453,-234.7909393310547,5.697347860336304,5.798533916473389
107,33.578,200,4,140.0422821044922,-226.73171997070312,-68.27706146240234,-242.14642333984375,148.79144287109375,-240.55799865722656,5.701523685455323,5.52980375289917
108,33.891,200,4,140.0422821044922,-226.73171997070312,-68.27706146240234,-242.14642333984375,85.26803588867188,-232.8918914794922,5.694675788879395,5.713586807250977
109,34.213,200,4,140.0422821044922,-226.73171997070312,-70.56040954589844,-242.17481994628906,143.88182067871094,-240.0068359375,5.688418083190918,5.52516508102417
110,34.521,200,4,140.0422821044922,-226.73171997070312,-70.56040954589844,-242.17481994628906,121.5682601928711,-238.13648986816406,5.680799903869629,5.591994762420654
111,34.836,200,4,140.0422821044922,-226.73171997070312,-71.12268829345703,-242.25238037109375,63.87890625,-226.6854248046875,5.673205146789551,5.6795244216918945
112,35.155,200,4,140.0422821044922,-226.73171997070312,-71.12268829345703,-242.25238037109375,124.11524963378906,-237.21249389648438,5.6986838054656985,5.682068347930908
113,35.475,200,4,140.0422821044922,-226.73171997070312,-72.84943389892578,-242.27850341796875,69.90837860107422,-224.67713928222656,5.695686445236206,5.602610111236572
114,35.781,200,4,140.0422821044922,-226.73171997070312,-72.84943389892578,-242.27850341796875,153.1438446044922,-239.08322143554688,5.684981765747071,5.786398887634277
115,36.096,200,4,140.0422821044922,-226.73171997070312,-75.10871124267578,-242.04434204101562,59.963741302490234,-226.3332977294922,5.694327249526977,5.616660118103027
116,36.401,200,4,140.0422821044922,-226.73171997070312,-75.10871124267578,-242.04434204101562,65.48099517822266,-225.74896240234375,5.665910005569458,5.645780563354492
117,36.722,200,4,140.0422821044922,-226.73171997070312,-74.54814147949219,-241.70452880859375,62.88367462158203,-226.3370361328125,5.6643417453765865,5.54910945892334
118,37.032,200,4,140.0422821044922,-226.73171997070312,-74.54814147949219,-241.70452880859375,144.90682983398438,-240.5834197998047,5.678235015869141,5.711790084838867
119,37.345,200,4,140.0422821044922,-226.73171997070312,-75.49105834960938,-241.75570678710938,142.33360290527344,-239.58233642578125,5.679660215377807,5.698090076446533
120,37.651,200,4,140.0422821044922,-226.73171997070312,-75.49105834960938,-241.75570678710938,90.7991943359375,-241.04986572265625,5.661677207946777,5.629179000854492
121,37.969,200,4,140.0422821044922,-226.73171997070312,-77.07489013671875,-241.45590209960938,61.31250762939453,-226.63079833984375,5.6571055603027345,5.5557050704956055
122,38.285,200,4,140.0422821044922,-226.73171997070312,-77.07489013671875,-241.45590209960938,83.49617767333984,-233.2183837890625,5.65287302017212,5.619646072387695
123,38.6,200,4,140.0422821044922,-226.73171997070312,-78.74134826660156,-241.58460998535156,80.6686019897461,-240.09642028808594,5.674875230789184,5.710996150970459
124,38.905,200,4,140.0422821044922,-226.73171997070312,-78.74134826660156,-241.58460998535156,85.81828308105469,-224.717041015625,5.65195969581604,5.731072425842285
125,39.225,200,4,140.0422821044922,-226.73171997070312,-77.6685562133789,-241.4630126953125,57.67283248901367,-224.8429412841797,5.640705709457397,5.684397220611572
126,39.536,200,4,140.0422821044922,-226.73171997070312,-77.6685562133789,-241.4630126953125,60.39480972290039,-226.0113525390625,5.6781939601898195,5.7652587890625
127,39.85,200,3,140.0422821044922,-226.73171997070312,-78.34147644042969,-241.1925811767578,76.0342788696289,-234.80633544921875,5.641154327392578,5.5538129806518555
128,40.156,200,3,140.0422821044922,-226.73171997070312,-78.34147644042969,-241.1925811767578,145.76783752441406,-238.53208923339844,5.670759410858154,5.614259719848633
129,40.542,200,3,140.0422821044922,-226.73171997070312,-81.4356918334961,-241.08230590820312,60.8281364440918,-225.52223205566406,5.663157739639282,5.775397777557373
130,40.846,200,3,140.0422821044922,-226.73171997070312,-81.4356918334961,-241.08230590820312,63.210174560546875,-226.684814453125,5.630581159591674,5.586794853210449
131,41.162,200,3,140.0422821044922,-226.73171997070312,-82.1917953491211,-240.99453735351562,63.35942459106445,-225.46600341796875,5.638957052230835,5.607942581176758
132,41.482,200,3,140.0422821044922,-226.73171997070312,-82.1917953491211,-240.99453735351562,152.7397918701172,-239.55479431152344,5.6377467441558835,5.744229316711426
133,41.798,200,3,140.0422821044922,-226.73171997070312,-83.794677734375,-240.79776000976562,57.62211608886719,-223.6907501220703,5.630303707122803,5.677128791809082
134,42.104,200,3,140.0422821044922,-226.73171997070312,-83.794677734375,-240.79776000976562,58.51127243041992,-225.4484100341797,5.648416624069214,5.671683311462402
135,42.437,200,3,140.0422821044922,-226.73171997070312,-83.19575500488281,-240.65029907226562,62.88056564331055,-226.01158142089844,5.634124031066895,5.673758506774902
136,42.766,200,3,140.0422821044922,-226.73171997070312,-83.19575500488281,-240.65029907226562,62.54293441772461,-226.53604125976562,5.6470444393157955,5.751736164093018
137,43.179,200,3,140.0422821044922,-226.73171997070312,-83.89529418945312,-240.56419372558594,86.21035766601562,-230.5880126953125,5.636415100097656,5.543945789337158
138,43.492,200,3,140.0422821044922,-226.73171997070312,-83.89529418945312,-240.56419372558594,66.93516540527344,-226.67547607421875,5.620559587478637,5.51934814453125
139,43.805,200,3,140.0422821044922,-226.73171997070312,-83.04791259765625,-240.580078125,149.06423950195312,-240.4230499267578,5.627585458755493,5.652406692504883
140,44.112,200,3,140.0422821044922,-226.73171997070312,-83.04791259765625,-240.580078125,147.07362365722656,-241.322998046875,5.606640043258667,5.557453155517578
141,44.435,200,3,140.0422821044922,-226.73171997070312,-84.72203063964844,-240.39398193359375,63.71356201171875,-225.05856323242188,5.594528131484985,5.644252300262451
142,44.751,200,3,140.0422821044922,-226.73171997070312,-84.72203063964844,-240.39398193359375,148.1748504638672,-239.40628051757812,5.609410991668701,5.712245941162109
143,45.065,200,3,140.0422821044922,-226.73171997070312,-86.66382598876953,-240.34243774414062,77.28845977783203,-225.92037963867188,5.624480962753296,5.6321001052856445
144,45.368,200,3,140.0422821044922,-226.73171997070312,-86.66382598876953,-240.34243774414062,62.53119659423828,-224.6295166015625,5.605371866226196,5.771839618682861
145,45.688,200,3,140.0422821044922,-226.73171997070312,-85.58190155029297,-240.2270965576172,62.98558044433594,-225.50885009765625,5.593074951171875,5.6440534591674805
146,46.0,200,3,140.0422821044922,-226.73171997070312,-85.58190155029297,-240.2270965576172,67.41475677490234,-226.48562622070312,5.613395624160766,5.601057052612305
147,46.314,200,3,140.0422821044922,-226.73171997070312,-84.12957000732422,-240.22039794921875,140.87710571289062,-241.45030212402344,5.624838695526123,5.632226467132568
148,46.62,200,3,140.0422821044922,-226.73171997070312,-84.12957000732422,-240.22039794921875,145.57640075683594,-240.31150817871094,5.586844606399536,5.480548858642578
149,46.941,200,3,140.0422821044922,-226.73171997070312,-84.85324096679688,-240.03363037109375,60.587249755859375,-223.89036560058594,5.586675796508789,5.701229095458984
150,47.251,200,3,140.0422821044922,-226.73171997070312,-84.85324096679688,-240.03363037109375,57.49427032470703,-225.48898315429688,5.5839017963409425,5.662113666534424
151,47.568,200,3,140.0422821044922,-226.73171997070312,-85.38260650634766,-240.18417358398438,144.38876342773438,-240.56173706054688,5.583077363967895,5.481341361999512
152,47.879,200,3,140.0422821044922,-226.73171997070312,-85.38260650634766,-240.18417358398438,153.1219482421875,-239.89048767089844,5.599606771469116,5.5640764236450195
153,48.197,200,3,140.0422821044922,-226.73171997070312,-84.01537322998047,-240.1677703857422,57.4880485534668,-225.95907592773438,5.567999267578125,5.5953192710876465
154,48.511,200,3,140.0422821044922,-226.73171997070312,-84.01537322998047,-240.1677703857422,101.80470275878906,-230.74183654785156,5.575091190338135,5.556562900543213
155,48.826,200,3,140.0422821044922,-226.73171997070312,-84.54053497314453,-240.2177276611328,158.69224548339844,-239.50927734375,5.597057657241821,5.519001483917236
156,49.133,200,3,140.0422821044922,-226.73171997070312,-84.54053497314453,-240.2177276611328,80.17240142822266,-226.67422485351562,5.59299789428711,5.502399921417236
157,49.452,200,3,140.0422821044922,-226.73171997070312,-84.65849304199219,-240.08180236816406,70.0931167602539,-224.62831115722656,5.590101308822632,5.6364216804504395
158,49.765,200,3,140.0422821044922,-226.73171997070312,-84.65849304199219,-240.08180236816406,91.62157440185547,-231.48483276367188,5.585409889221191,5.504408836364746
159,50.08,200,3,140.0422821044922,-226.73171997070312,-84.8465347290039,-239.93003845214844,58.77957534790039,-226.35964965820312,5.570673151016235,5.626833915710449
160,50.386,200,3,140.0422821044922,-226.73171997070312,-84.8465347290039,-239.93003845214844,59.457054138183594,-226.36888122558594,5.565891819000244,5.583616733551025
161,50.703,200,4,140.0422821044922,-229.41871643066406,-83.51293182373047,-240.2090606689453,148.14239501953125,-239.13270568847656,5.544422693252564,5.5105695724487305
162,51.017,200,4,140.0422821044922,-229.41871643066406,-83.51293182373047,-240.2090606689453,-33.96826934814453,-227.11390686035156,5.57008924484253,5.57882833480835
163,51.333,200,4,140.0422821044922,-229.41871643066406,-81.80382537841797,-240.02691650390625,-58.91654586791992,-228.71165466308594,5.562771682739258,5.655077934265137
164,51.641,200,4,140.0422821044922,-229.41871643066406,-81.80382537841797,-240.02691650390625,149.4046630859375,-239.49330139160156,5.558978643417358,5.545743942260742
165,51.958,200,4,140.0422821044922,-229.41871643066406,-82.63768768310547,-239.9685516357422,93.27056884765625,-230.48953247070312,5.534582357406617,5.49409294128418
166,52.263,200,4,140.0422821044922,-229.41871643066406,-82.63768768310547,-239.9685516357422,-52.55584716796875,-228.54637145996094,5.557370138168335,5.566672325134277
167,52.576,200,4,140.0422821044922,-229.41871643066406,-80.72652435302734,-240.0355224609375,145.06500244140625,-240.8696746826172,5.54009934425354,5.544068336486816
168,52.884,200,4,140.0422821044922,-229.41871643066406,-80.72652435302734,-240.0355224609375,174.5014190673828,-241.513671875,5.540010967254639,5.604706287384033
169,53.203,200,4,140.0422821044922,-229.41871643066406,-80.09532928466797,-239.83103942871094,132.45632934570312,-230.43409729003906,5.546501340866089,5.470065593719482
170,53.51,200,4,140.0422821044922,-229.41871643066406,-80.09532928466797,-239.83103942871094,165.45510864257812,-240.3345184326172,5.543945903778076,5.400826454162598
171,53.825,200,4,140.0422821044922,-229.41871643066406,-81.57913208007812,-239.91098022460938,168.36219787597656,-240.0242156982422,5.549668016433716,5.630962371826172
172,54.134,200,4,140.0422821044922,-229.41871643066406,-81.57913208007812,-239.91098022460938,147.84939575195312,-240.909423828125,5.526682567596436,5.465505599975586
173,54.459,200,5,140.0422821044922,-229.41871643066406,-82.57855224609375,-239.64234924316406,16.166908264160156,-229.19630432128906,5.527690401077271,5.54421329498291
174,54.767,200,5,140.0422821044922,-229.41871643066406,-82.57855224609375,-239.64234924316406,26.68328094482422,-228.09323120117188,5.520662870407104,5.583806037902832
175,55.082,200,5,140.0422821044922,-229.41871643066406,-84.17913055419922,-239.58531188964844,149.84194946289062,-239.2887420654297,5.513858709335327,5.454142093658447
176,55.388,200,5,140.0422821044922,-229.41871643066406,-84.17913055419922,-239.58531188964844,120.69584655761719,-230.56117248535156,5.508413200378418,5.671382904052734
177,55.703,200,5,140.0422821044922,-229.41871643066406,-83.16290283203125,-239.78085327148438,157.70635986328125,-240.525634765625,5.5071056365966795,5.394351959228516
178,56.013,200,5,140.0422821044922,-229.41871643066406,-83.16290283203125,-239.78085327148438,-67.78369903564453,-228.98863220214844,5.530180130004883,5.403113842010498
179,56.33,200,4,85.68925476074219,-229.41871643066406,-84.06653594970703,-239.81800842285156,173.5482940673828,-240.7350616455078,5.501398334503174,5.638820648193359
180,56.638,200,4,85.68925476074219,-229.41871643066406,-84.06653594970703,-239.81800842285156,-65.47145080566406,-229.3118133544922,5.491709041595459,5.550280570983887
181,56.958,200,5,88.0391616821289,-229.41871643066406,-85.60842895507812,-239.72727966308594,-65.56211853027344,-229.34671020507812,5.492638130187988,5.484434127807617
182,57.287,200,5,88.0391616821289,-229.41871643066406,-85.60842895507812,-239.72727966308594,11.316129684448242,-230.5094451904297,5.505524024963379,5.511651992797852
183,57.605,200,5,88.0391616821289,-229.41871643066406,-85.92083740234375,-239.68051147460938,86.04029846191406,-231.51669311523438,5.498798503875732,5.483892440795898
184,57.912,200,5,88.0391616821289,-229.41871643066406,-85.92083740234375,-239.68051147460938,97.92546081542969,-232.23944091796875,5.486010866165161,5.374638080596924
185,58.228,200,5,88.0391616821289,-229.41871643066406,-86.6344985961914,-239.68734741210938,-59.08906555175781,-229.17298889160156,5.4873858833312985,5.451030731201172
186,58.542,200,5,88.0391616821289,-229.41871643066406,-86.6344985961914,-239.68734741210938,-53.23650360107422,-228.8345489501953,5.480601806640625,5.504927158355713
187,58.857,200,5,88.0391616821289,-229.41871643066406,-87.27813720703125,-239.74160766601562,113.68099212646484,-232.5076446533203,5.475639591217041,5.451754570007324
188,59.168,200,5,88.0391616821289,-229.41871643066406,-87.27813720703125,-239.74160766601562,22.933374404907227,-230.5843048095703,5.474876985549927,5.546084880828857
189,59.484,200,5,88.0391616821289,-229.41871643066406,-88.26397705078125,-239.7654266357422,8.666465759277344,-230.51866149902344,5.474645509719848,5.492103099822998
190,59.798,200,5,88.0391616821289,-229.41871643066406,-88.26397705078125,-239.7654266357422,108.42333221435547,-232.1187286376953,5.481367683410644,5.468080520629883
191,60.114,200,5,88.0391616821289,-229.41871643066406,-88.83970642089844,-239.56719970703125,94.10307312011719,-232.29208374023438,5.48301329612732,5.372552871704102
192,60.432,200,5,88.0391616821289,-229.41871643066406,-88.83970642089844,-239.56719970703125,-63.41913604736328,-229.09214782714844,5.460746231079102,5.372751712799072
193,60.747,200,5,88.0391616821289,-229.41871643066406,-89.9873046875,-239.48512268066406,6.901555061340332,-229.30433654785156,5.461801748275757,5.482596397399902
194,61.063,200,5,88.0391616821289,-229.41871643066406,-89.9873046875,-239.48512268066406,-39.251922607421875,-229.31170654296875,5.433848390579223,5.275753021240234
195,61.377,200,5,88.0391616821289,-229.41871643066406,-90.08963012695312,-239.5541229248047,99.53143310546875,-231.54037475585938,5.45376443862915,5.4612016677856445
196,61.684,200,5,88.0391616821289,-229.41871643066406,-90.08963012695312,-239.5541229248047,112.15965270996094,-232.04736328125,5.433033275604248,5.4601149559021
197,62.02,200,5,88.0391616821289,-229.41871643066406,-89.03968048095703,-239.5052490234375,-64.8978271484375,-229.07467651367188,5.478754329681396,5.497223854064941
198,62.333,200,5,88.0391616821289,-229.41871643066406,-89.03968048095703,-239.5052490234375,131.76502990722656,-232.32264709472656,5.448579111099243,5.610508918762207
199,62.649,200,5,88.0391616821289,-229.41871643066406,-89.73186492919922,-239.5029754638672,105.31523895263672,-232.4912567138672,5.42157301902771,5.379469394683838
200,62.957,200,5,88.0391616821289,-229.41871643066406,-89.73186492919922,-239.5029754638672,14.239828109741211,-230.32806396484375,5.452735233306885,5.406665802001953
1,0.312,4,3,-41.692684173583984,-307.51568603515625,-126.2529296875,-311.8852844238281,-10.217323303222656,-1.2056376934051514,6.591048221588135,6.509558200836182
2,0.617,4,3,-41.692684173583984,-307.51568603515625,-126.2529296875,-311.8852844238281,5.562215805053711,1.8096094131469727,6.539843921661377,6.507384300231934
3,0.923,8,2,-16.568613052368164,-218.47377014160156,-91.44132995605469,-266.80169677734375,-1.667126178741455,-1.2244985103607178,6.046744356155395,6.105614185333252
4,1.219,8,2,-16.568613052368164,-218.47377014160156,-91.44132995605469,-266.80169677734375,-24.240678787231445,-218.2770538330078,6.0322197151184085,6.114274978637695
5,1.523,12,3,115.71221160888672,-218.47377014160156,-64.49903869628906,-258.84619140625,-15.937602043151855,-220.61732482910156,5.949285011291504,5.976813793182373
6,1.83,12,3,115.71221160888672,-218.47377014160156,-64.49903869628906,-258.84619140625,126.986083984375,-239.60903930664062,5.953947677612304,6.001221656799316
7,2.138,16,4,115.71221160888672,-218.47377014160156,-57.67988204956055,-253.13433837890625,127.53995513916016,-238.00823974609375,5.890841360092163,5.8445725440979
8,2.437,16,4,115.71221160888672,-218.47377014160156,-57.67988204956055,-253.13433837890625,99.9251480102539,-235.68504333496094,5.869617357254028,5.870664596557617
9,2.743,20,4,115.71221160888672,-218.47377014160156,-50.48612594604492,-251.0545654296875,120.81790161132812,-239.49818420410156,5.857880868911743,5.92842960357666
10,3.042,20,4,115.71221160888672,-218.47377014160156,-50.48612594604492,-251.0545654296875,134.31036376953125,-239.71359252929688,5.860036420822143,5.8894195556640625
11,3.349,24,5,115.71221160888672,-218.47377014160156,-47.31283187866211,-248.3639678955078,146.62127685546875,-237.23521423339844,5.837059898376465,5.862882137298584
12,3.657,24,5,115.71221160888672,-218.47377014160156,-47.31283187866211,-248.3639678955078,124.17878723144531,-235.80455017089844,5.8360682964324955,5.869710445404053
13,3.963,28,6,115.71221160888672,-218.47377014160156,-44.381370544433594,-246.65809631347656,123.40904235839844,-240.69979858398438,5.795928726196289,5.75847053527832
14,4.263,28,6,115.71221160888672,-218.47377014160156,-44.381370544433594,-246.65809631347656,3.9697017669677734,-218.97959899902344,5.79979305267334,5.750382900238037
15,4.569,32,6,115.71221160888672,-218.47377014160156,-39.179988861083984,-247.31143188476562,-13.384373664855957,-215.55213928222656,5.817426166534424,5.71864128112793
16,4.868,32,6,115.71221160888672,-218.47377014160156,-39.179988861083984,-247.31143188476562,138.52413940429688,-240.37306213378906,5.833760995864868,5.725287437438965
17,5.178,36,6,115.71221160888672,-218.47377014160156,-48.00675582885742,-247.62600708007812,32.42411422729492,-233.46766662597656,5.8107570552825925,5.867176532745361
18,5.475,36,6,115.71221160888672,-218.47377014160156,-48.00675582885742,-247.62600708007812,-13.260503768920898,-217.6378173828125,5.817461442947388,5.998430252075195
19,5.783,40,6,119.2938461303711,-218.47377014160156,-43.53456497192383,-247.01010131835938,123.13265991210938,-237.8339080810547,5.808349151611328,5.879310607910156
20,6.084,40,6,119.2938461303711,-218.47377014160156,-43.53456497192383,-247.01010131835938,-19.95847511291504,-217.21315002441406,5.809694738388061,5.840174674987793
21,6.394,44,6,119.2938461303711,-218.47377014160156,-43.95487594604492,-247.1183624267578,-24.560754776000977,-218.23060607910156,5.828336410522461,5.760759353637695
22,6.702,44,6,119.2938461303711,-218.47377014160156,-43.95487594604492,-247.1183624267578,77.52119445800781,-236.7592315673828,5.814443464279175,5.749669551849365
23,7.011,48,7,119.2938461303711,-218.47377014160156,-45.171085357666016,-246.306640625,135.3241729736328,-238.3032989501953,5.7957825756073,5.86258602142334
24,7.312,48,7,119.2938461303711,-218.47377014160156,-45.171085357666016,-246.306640625,141.05715942382812,-235.3512420654297,5.799602613449097,5.821368217468262
25,7.622,52,7,119.2938461303711,-218.47377014160156,-51.544822692871094,-246.09519958496094,-0.688048243522644,-216.40882873535156,5.809247837066651,5.76900577545166
26,7.924,52,7,119.2938461303711,-218.47377014160156,-51.544822692871094,-246.09519958496094,-19.594261169433594,-215.6499481201172,5.792215480804443,5.786495685577393
27,8.235,56,7,119.2938461303711,-218.47377014160156,-52.04887008666992,-246.2464141845703,-12.417695045471191,-218.09719848632812,5.795505657196045,5.840466499328613
28,8.537,56,7,119.2938461303711,-218.47377014160156,-52.04887008666992,-246.2464141845703,-21.187347412109375,-217.0147705078125,5.8169437026977535,5.9538445472717285
29,8.876,60,7,119.2938461303711,-218.47377014160156,-45.94391632080078,-246.08534240722656,-11.629340171813965,-220.68609619140625,5.810262002944946,5.73408842086792
30,9.178,60,7,119.2938461303711,-218.47377014160156,-45.94391632080078,-246.08534240722656,-0.23168809711933136,-219.6666717529297,5.798956718444824,5.7762861251831055
31,9.49,64,7,119.2938461303711,-218.47377014160156,-44.91535186767578,-245.68606567382812,126.19295501708984,-238.0222625732422,5.7829123306274415,5.750497817993164
32,9.802,64,7,119.2938461303711,-218.47377014160156,-44.91535186767578,-245.68606567382812,140.21823120117188,-236.57077026367188,5.807857837677002,5.7368364334106445
33,10.113,68,7,119.2938461303711,-218.47377014160156,-45.091190338134766,-245.5245361328125,-14.2304105758667,-219.87364196777344,5.786469554901123,5.871099472045898
34,10.416,68,7,119.2938461303711,-218.47377014160156,-45.091190338134766,-245.5245361328125,128.12286376953125,-237.2776641845703,5.796971054077148,5.85569953918457
35,10.728,72,7,119.2938461303711,-218.47377014160156,-47.34871292114258,-245.50054931640625,-18.365144729614258,-217.1748046875,5.785615234375,5.715097427368164
36,11.03,72,7,119.2938461303711,-218.47377014160156,-47.34871292114258,-245.50054931640625,130.99656677246094,-233.36280822753906,5.778932104110718,5.641445159912109
37,11.341,76,7,119.2938461303711,-218.47377014160156,-46.58212661743164,-245.4613800048828,161.0592041015625,-235.151123046875,5.77177622795105,5.72076940536499
38,11.644,76,7,119.2938461303711,-218.47377014160156,-46.58212661743164,-245.4613800048828,9.120311737060547,-232.72357177734375,5.7940157032012936,5.760627269744873
39,11.957,80,7,119.2938461303711,-218.47377014160156,-49.210384368896484,-245.2353515625,125.03726959228516,-237.34275817871094,5.797485637664795,5.838778495788574
40,12.269,80,7,119.2938461303711,-218.47377014160156,-49.210384368896484,-245.2353515625,-23.65627098083496,-217.74270629882812,5.784821262359619,5.8223557472229
41,12.582,84,7,119.2938461303711,-218.47377014160156,-48.41098403930664,-245.2188720703125,19.39242935180664,-233.6024627685547,5.779544897079468,5.957873344421387
42,12.914,84,7,119.2938461303711,-218.47377014160156,-48.41098403930664,-245.2188720703125,120.62841796875,-235.90882873535156,5.760729112625122,5.832233428955078
43,13.225,88,7,119.2938461303711,-218.47377014160156,-47.45046615600586,-245.26327514648438,8.039446830749512,-230.65841674804688,5.776122550964356,5.712165832519531
44,13.527,88,7,119.2938461303711,-218.47377014160156,-47.45046615600586,-245.26327514648438,137.39334106445312,-235.55491638183594,5.773784379959107,5.779179573059082
45,13.838,92,7,119.2938461303711,-218.47377014160156,-50.965187072753906,-245.46409606933594,87.86647033691406,-232.89828491210938,5.791739797592163,5.836750507354736
46,14.141,92,7,119.2938461303711,-218.47377014160156,-50.965187072753906,-245.46409606933594,157.4249267578125,-237.53639221191406,5.748275279998779,5.857530117034912
47,14.452,96,7,119.2938461303711,-218.47377014160156,-55.78212356567383,-245.5654296875,6.310048580169678,-234.6840362548828,5.796093759536743,5.776474952697754
48,14.756,96,7,119.2938461303711,-218.47377014160156,-55.78212356567383,-245.5654296875,82.47187805175781,-234.05567932128906,5.762503547668457,5.904267311096191
49,15.077,100,7,119.2938461303711,-218.47377014160156,-55.06142044067383,-245.6326141357422,131.3246612548828,-235.3562774658203,5.766255464553833,5.884321212768555
50,15.384,100,7,119.2938461303711,-218.47377014160156,-55.06142044067383,-245.6326141357422,71.43196868896484,-234.81448364257812,5.791181592941284,5.915552139282227
51,15.703,104,7,119.2938461303711,-218.47377014160156,-54.010719299316406,-245.52989196777344,85.26082611083984,-234.86083984375,5.783113842010498,5.6627655029296875
52,16.017,104,7,119.2938461303711,-218.47377014160156,-54.010719299316406,-245.52989196777344,154.4949493408203,-236.34286499023438,5.761381502151489,5.874617576599121
53,16.332,108,7,119.2938461303711,-218.47377014160156,-56.98252868652344,-245.38229370117188,83.15336608886719,-236.53504943847656,5.789255437850952,5.8700761795043945
54,16.642,108,7,119.2938461303711,-218.47377014160156,-56.98252868652344,-245.38229370117188,5.151998519897461,-234.7605743408203,5.774641599655151,5.696390151977539
55,16.959,112,7,119.2938461303711,-218.47377014160156,-57.5329704284668,-245.2431640625,126.52095031738281,-238.2529754638672,5.783652811050415,5.718082904815674
56,17.265,112,7,119.2938461303711,-218.47377014160156,-57.5329704284668,-245.2431640625,0.7134898900985718,-220.38214111328125,5.766954078674316,5.947782516479492
57,17.602,116,7,119.2938461303711,-218.47377014160156,-58.8240852355957,-245.0289764404297,121.85646057128906,-237.4479522705078,5.77535267829895,5.80446720123291
58,17.911,116,7,119.2938461303711,-218.47377014160156,-58.8240852355957,-245.0289764404297,22.931917190551758,-235.15972900390625,5.775267925262451,5.813405990600586
59,18.224,120,7,119.2938461303711,-218.47377014160156,-60.43901062011719,-245.00779724121094,-25.491714477539062,-216.56455993652344,5.765878715515137,5.798973083496094
60,18.528,120,7,119.2938461303711,-218.47377014160156,-60.43901062011719,-245.00779724121094,69.44390106201172,-236.04197692871094,5.7578950881958,5.718543529510498
61,18.841,124,6,119.2938461303711,-218.47377014160156,-62.45882034301758,-244.5513916015625,-13.085580825805664,-217.8511199951172,5.760899496078491,5.741225242614746
62,19.146,124,6,119.2938461303711,-218.47377014160156,-62.45882034301758,-244.5513916015625,73.90037536621094,-226.01470947265625,5.747583951950073,5.69890022277832
63,19.458,128,6,119.2938461303711,-218.47377014160156,-64.56361389160156,-244.60305786132812,-4.620059013366699,-217.53976440429688,5.750321559906006,5.700251579284668
64,19.763,128,6,119.2938461303711,-218.47377014160156,-64.56361389160156,-244.60305786132812,10.908400535583496,-218.14146423339844,5.7535992622375485,5.682004928588867
65,20.076,132,6,119.2938461303711,-218.47377014160156,-65.44085693359375,-244.4851837158203,0.4290676712989807,-218.082763671875,5.757352542877197,5.740466594696045
66,20.381,132,6,119.2938461303711,-218.47377014160156,-65.44085693359375,-244.4851837158203,57.94855880737305,-222.6813201904297,5.754303016662598,5.666359901428223
67,20.757,136,6,119.2938461303711,-218.47377014160156,-67.17626190185547,-244.30934143066406,132.10704040527344,-237.31097412109375,5.7393756771087645,5.788558483123779
68,21.062,136,6,119.2938461303711,-218.47377014160156,-67.17626190185547,-244.30934143066406,124.83695220947266,-236.0380096435547,5.743604021072388,5.723455429077148
69,21.376,140,6,119.2938461303711,-218.47377014160156,-67.13395690917969,-244.3939666748047,129.3785858154297,-237.77198791503906,5.750775747299194,5.532530784606934
70,21.682,140,6,119.2938461303711,-218.47377014160156,-67.13395690917969,-244.3939666748047,-2.5151805877685547,-217.67868041992188,5.780862665176391,5.789837837219238
71,22.0,144,6,119.2938461303711,-218.47377014160156,-67.51460266113281,-244.23211669921875,-11.94878101348877,-218.2765350341797,5.755608701705933,5.818367004394531
72,22.308,144,6,119.2938461303711,-218.47377014160156,-67.51460266113281,-244.23211669921875,142.87159729003906,-237.05291748046875,5.748230104446411,5.708896636962891
73,22.622,148,6,119.2938461303711,-218.47377014160156,-66.69312286376953,-244.3564453125,119.81585693359375,-235.16763305664062,5.741187744140625,5.738387584686279
74,22.928,148,6,119.2938461303711,-218.47377014160156,-66.69312286376953,-244.3564453125,65.1072769165039,-224.6907196044922,5.755221929550171,5.8209075927734375
75,23.242,152,6,119.2938461303711,-218.47377014160156,-66.5865249633789,-244.35629272460938,72.06414794921875,-224.10797119140625,5.743898601531982,5.730949401855469
76,23.547,152,6,119.2938461303711,-218.47377014160156,-66.5865249633789,-244.35629272460938,-13.74886703491211,-216.93942260742188,5.738441457748413,5.765725135803223
77,23.861,156,6,119.2938461303711,-218.47377014160156,-67.2794189453125,-244.19140625,-18.198118209838867,-216.291259765625,5.755661249160767,5.766341686248779
78,24.168,156,6,119.2938461303711,-218.47377014160156,-67.2794189453125,-244.19140625,68.25789642333984,-226.48663330078125,5.738792009353638,5.696531772613525
79,24.483,160,7,140.0422821044922,-218.47377014160156,-66.38660430908203,-244.1343994140625,-9.003427505493164,-216.70030212402344,5.746915130615235,5.720571041107178
80,24.789,160,7,140.0422821044922,-218.47377014160156,-66.38660430908203,-244.1343994140625,158.9790802001953,-238.95774841308594,5.7500673770904545,5.814384460449219
81,25.104,164,7,140.0422821044922,-218.47377014160156,-65.08735656738281,-243.9872283935547,145.36634826660156,-241.16665649414062,5.779229469299317,5.690341472625732
82,25.414,164,7,140.0422821044922,-218.47377014160156,-65.08735656738281,-243.9872283935547,7.870750904083252,-215.92958068847656,5.754352045059204,5.778755187988281
83,25.73,168,7,140.0422821044922,-218.47377014160156,-64.83189392089844,-243.9967498779297,62.46697998046875,-226.32247924804688,5.744769563674927,5.691341400146484
84,26.036,168,7,140.0422821044922,-218.47377014160156,-64.83189392089844,-243.9967498779297,-17.17668342590332,-218.43124389648438,5.742047891616822,5.638296127319336
85,26.349,172,7,140.0422821044922,-218.47377014160156,-64.62230682373047,-243.85565185546875,144.2630157470703,-237.44761657714844,5.747205686569214,5.938342094421387
86,26.655,172,7,140.0422821044922,-218.47377014160156,-64.62230682373047,-243.85565185546875,146.73599243164062,-239.27333068847656,5.751177701950073,5.710057258605957
87,26.972,176,7,140.0422821044922,-218.47377014160156,-65.16899108886719,-243.67758178710938,-18.118635177612305,-217.35011291503906,5.739376516342163,5.781428337097168
88,27.279,176,7,140.0422821044922,-218.47377014160156,-65.16899108886719,-243.67758178710938,-2.719155788421631,-216.6524200439453,5.7366557312011714,5.726642608642578
89,27.594,180,7,140.0422821044922,-218.47377014160156,-65.49056243896484,-243.6329803466797,90.64808654785156,-234.6565399169922,5.718316574096679,5.689084053039551
90,27.901,180,7,140.0422821044922,-218.47377014160156,-65.49056243896484,-243.6329803466797,-5.700757026672363,-217.0514373779297,5.723624858856201,5.817086696624756
91,28.218,184,7,140.0422821044922,-218.47377014160156,-66.71495056152344,-243.6067657470703,151.82350158691406,-239.62887573242188,5.716976337432861,5.84711217880249
92,28.526,184,7,140.0422821044922,-218.47377014160156,-66.71495056152344,-243.6067657470703,87.16676330566406,-224.72352600097656,5.736614227294922,5.752542972564697
93,28.84,188,6,140.0422821044922,-218.47377014160156,-66.06948852539062,-243.5101776123047,121.8470230102539,-237.85369873046875,5.722349720001221,5.781252861022949
94,29.162,188,6,140.0422821044922,-218.47377014160156,-66.06948852539062,-243.5101776123047,140.69276428222656,-241.198486328125,5.73774787902832,5.815944671630859
95,29.477,192,6,140.0422821044922,-218.47377014160156,-65.8806381225586,-243.4532470703125,-8.607220649719238,-217.49794006347656,5.738455057144165,5.686150550842285
96,29.784,192,6,140.0422821044922,-218.47377014160156,-65.8806381225586,-243.4532470703125,160.212646484375,-241.0988311767578,5.721635036468506,5.797912120819092
97,30.095,196,6,140.0422821044922,-218.47377014160156,-67.16246795654297,-243.33290100097656,57.80723190307617,-223.9564971923828,5.721351156234741,5.751823425292969
98,30.403,196,6,140.0422821044922,-218.47377014160156,-67.16246795654297,-243.33290100097656,61.303321838378906,-222.73980712890625,5.721421890258789,5.636753082275391
99,30.719,200,6,140.0422821044922,-218.47377014160156,-67.83024597167969,-243.19467163085938,67.01993560791016,-224.6912078857422,5.723440427780151,5.745104789733887
100,31.028,200,6,140.0422821044922,-218.47377014160156,-67.83024597167969,-243.19467163085938,-15.17958927154541,-217.07052612304688,5.720168590545654,5.835198402404785
101,31.346,200,6,140.0422821044922,-218.47377014160156,-66.97669219970703,-241.73631286621094,164.13465881347656,-235.5908203125,5.701467361450195,5.722072601318359
102,31.654,200,6,140.0422821044922,-218.47377014160156,-66.97669219970703,-241.73631286621094,-10.95521068572998,-218.36123657226562,5.699493541717529,5.733303546905518
103,31.974,200,4,140.0422821044922,-226.73171997070312,-68.3769302368164,-242.15512084960938,174.56509399414062,-239.82606506347656,5.678099966049194,5.708446502685547
104,32.315,200,4,140.0422821044922,-226.73171997070312,-68.3769302368164,-242.15512084960938,159.74685668945312,-240.69627380371094,5.7014555072784425,5.69340705871582
105,32.631,200,4,140.0422821044922,-226.73171997070312,-69.13775634765625,-242.0790252685547,61.7803840637207,-222.8605499267578,5.687460527420044,5.574777603149414
106,32.937,200,4,140.0422821044922,-226.73171997070312,-69.13775634765625,-242.0790252685547,78.94092559814453,-234.7909393310547,5.697347860336304,5.798533916473389
107,33.253,200,4,140.0422821044922,-226.73171997070312,-68.27706146240234,-242.14642333984375,148.79144287109375,-240.55799865722656,5.701523685455323,5.52980375289917
108,33.562,200,4,140.0422821044922,-226.73171997070312,-68.27706146240234,-242.14642333984375,85.26803588867188,-232.8918914794922,5.694675788879395,5.713586807250977
109,33.88,200,4,140.0422821044922,-226.73171997070312,-70.56040954589844,-242.17481994628906,143.88182067871094,-240.0068359375,5.688418083190918,5.52516508102417
110,34.188,200,4,140.0422821044922,-226.73171997070312,-70.56040954589844,-242.17481994628906,121.5682601928711,-238.13648986816406,5.680799903869629,5.591994762420654
111,34.506,200,4,140.0422821044922,-226.73171997070312,-71.12268829345703,-242.25238037109375,63.87890625,-226.6854248046875,5.673205146789551,5.6795244216918945
112,34.842,200,4,140.0422821044922,-226.73171997070312,-71.12268829345703,-242.25238037109375,124.11524963378906,-237.21249389648438,5.6986838054656985,5.682068347930908
113,35.159,200,4,140.0422821044922,-226.73171997070312,-72.84943389892578,-242.27850341796875,69.90837860107422,-224.67713928222656,5.695686445236206,5.602610111236572
114,35.466,200,4,140.0422821044922,-226.73171997070312,-72.84943389892578,-242.27850341796875,153.1438446044922,-239.08322143554688,5.684981765747071,5.786398887634277
115,35.787,200,4,140.0422821044922,-226.73171997070312,-75.10871124267578,-242.04434204101562,59.963741302490234,-226.3332977294922,5.694327249526977,5.616660118103027
116,36.095,200,4,140.0422821044922,-226.73171997070312,-75.10871124267578,-242.04434204101562,65.48099517822266,-225.74896240234375,5.665910005569458,5.645780563354492
117,36.412,200,4,140.0422821044922,-226.73171997070312,-74.54814147949219,-241.70452880859375,62.88367462158203,-226.3370361328125,5.6643417453765865,5.54910945892334
118,36.752,200,4,140.0422821044922,-226.73171997070312,-74.54814147949219,-241.70452880859375,144.90682983398438,-240.5834197998047,5.678235015869141,5.711790084838867
119,37.067,200,4,140.0422821044922,-226.73171997070312,-75.49105834960938,-241.75570678710938,142.33360290527344,-239.58233642578125,5.679660215377807,5.698090076446533
120,37.373,200,4,140.0422821044922,-226.73171997070312,-75.49105834960938,-241.75570678710938,90.7991943359375,-241.04986572265625,5.661677207946777,5.629179000854492
121,37.69,200,4,140.0422821044922,-226.73171997070312,-77.07489013671875,-241.45590209960938,61.31250762939453,-226.63079833984375,5.6571055603027345,5.5557050704956055
122,38.001,200,4,140.0422821044922,-226.73171997070312,-77.07489013671875,-241.45590209960938,83.49617767333984,-233.2183837890625,5.65287302017212,5.619646072387695
123,38.315,200,4,140.0422821044922,-226.73171997070312,-78.74134826660156,-241.58460998535156,80.6686019897461,-240.09642028808594,5.674875230789184,5.710996150970459
124,38.622,200,4,140.0422821044922,-226.73171997070312,-78.74134826660156,-241.58460998535156,85.81828308105469,-224.717041015625,5.65195969581604,5.731072425842285
125,38.938,200,4,140.0422821044922,-226.73171997070312,-77.6685562133789,-241.4630126953125,57.67283248901367,-224.8429412841797,5.640705709457397,5.684397220611572
126,39.244,200,4,140.0422821044922,-226.73171997070312,-77.6685562133789,-241.4630126953125,60.39480972290039,-226.0113525390625,5.6781939601898195,5.7652587890625
127,39.56,200,3,140.0422821044922,-226.73171997070312,-78.34147644042969,-241.1925811767578,76.0342788696289,-234.80633544921875,5.641154327392578,5.5538129806518555
128,39.868,200,3,140.0422821044922,-226.73171997070312,-78.34147644042969,-241.1925811767578,145.76783752441406,-238.53208923339844,5.670759410858154,5.614259719848633
129,40.247,200,3,140.0422821044922,-226.73171997070312,-81.4356918334961,-241.08230590820312,60.8281364440918,-225.52223205566406,5.663157739639282,5.775397777557373
130,40.554,200,3,140.0422821044922,-226.73171997070312,-81.4356918334961,-241.08230590820312,63.210174560546875,-226.684814453125,5.630581159591674,5.586794853210449
131,40.869,200,3,140.0422821044922,-226.73171997070312,-82.1917953491211,-240.99453735351562,63.35942459106445,-225.46600341796875,5.638957052230835,5.607942581176758
132,41.184,200,3,140.0422821044922,-226.73171997070312,-82.1917953491211,-240.99453735351562,152.7397918701172,-239.55479431152344,5.6377467441558835,5.744229316711426
133,41.501,200,3,140.0422821044922,-226.73171997070312,-83.794677734375,-240.79776000976562,57.62211608886719,-223.6907501220703,5.630303707122803,5.677128791809082
134,41.815,200,3,140.0422821044922,-226.73171997070312,-83.794677734375,-240.79776000976562,58.51127243041992,-225.4484100341797,5.648416624069214,5.671683311462402
135,42.153,200,3,140.0422821044922,-226.73171997070312,-83.19575500488281,-240.65029907226562,62.88056564331055,-226.01158142089844,5.634124031066895,5.673758506774902
136,42.464,200,3,140.0422821044922,-226.73171997070312,-83.19575500488281,-240.65029907226562,62.54293441772461,-226.53604125976562,5.6470444393157955,5.751736164093018
137,42.781,200,3,140.0422821044922,-226.73171997070312,-83.89529418945312,-240.56419372558594,86.21035766601562,-230.5880126953125,5.636415100097656,5.543945789337158
138,43.088,200,3,140.0422821044922,-226.73171997070312,-83.89529418945312,-240.56419372558594,66.93516540527344,-226.67547607421875,5.620559587478637,5.51934814453125
139,43.405,200,3,140.0422821044922,-226.73171997070312,-83.04791259765625,-240.580078125,149.06423950195312,-240.4230499267578,5.627585458755493,5.652406692504883
140,43.713,200,3,140.0422821044922,-226.73171997070312,-83.04791259765625,-240.580078125,147.07362365722656,-241.322998046875,5.606640043258667,5.557453155517578
141,44.03,200,3,140.0422821044922,-226.73171997070312,-84.72203063964844,-240.39398193359375,63.71356201171875,-225.05856323242188,5.594528131484985,5.644252300262451
142,44.339,200,3,140.0422821044922,-226.73171997070312,-84.72203063964844,-240.39398193359375,148.1748504638672,-239.40628051757812,5.609410991668701,5.712245941162109
143,44.653,200,3,140.0422821044922,-226.73171997070312,-86.66382598876953,-240.34243774414062,77.28845977783203,-225.92037963867188,5.624480962753296,5.6321001052856445
144,44.96,200,3,140.0422821044922,-226.73171997070312,-86.66382598876953,-240.34243774414062,62.53119659423828,-224.6295166015625,5.605371866226196,5.771839618682861
145,45.276,200,3,140.0422821044922,-226.73171997070312,-85.58190155029297,-240.2270965576172,62.98558044433594,-225.50885009765625,5.593074951171875,5.6440534591674805
146,45.584,200,3,140.0422821044922,-226.73171997070312,-85.58190155029297,-240.2270965576172,67.41475677490234,-226.48562622070312,5.613395624160766,5.601057052612305
147,45.9,200,3,140.0422821044922,-226.73171997070312,-84.12957000732422,-240.22039794921875,140.87710571289062,-241.45030212402344,5.624838695526123,5.632226467132568
148,46.255,200,3,140.0422821044922,-226.73171997070312,-84.12957000732422,-240.22039794921875,145.57640075683594,-240.31150817871094,5.586844606399536,5.480548858642578
149,46.574,200,3,140.0422821044922,-226.73171997070312,-84.85324096679688,-240.03363037109375,60.587249755859375,-223.89036560058594,5.586675796508789,5.701229095458984
150,46.883,200,3,140.0422821044922,-226.73171997070312,-84.85324096679688,-240.03363037109375,57.49427032470703,-225.48898315429688,5.5839017963409425,5.662113666534424
151,47.202,200,3,140.0422821044922,-226.73171997070312,-85.38260650634766,-240.18417358398438,144.38876342773438,-240.56173706054688,5.583077363967895,5.481341361999512
152,47.511,200,3,140.0422821044922,-226.73171997070312,-85.38260650634766,-240.18417358398438,153.1219482421875,-239.89048767089844,5.599606771469116,5.5640764236450195
153,47.826,200,3,140.0422821044922,-226.73171997070312,-84.01537322998047,-240.1677703857422,57.4880485534668,-225.95907592773438,5.567999267578125,5.5953192710876465
154,48.135,200,3,140.0422821044922,-226.73171997070312,-84.01537322998047,-240.1677703857422,101.80470275878906,-230.74183654785156,5.575091190338135,5.556562900543213
155,48.452,200,3,140.0422821044922,-226.73171997070312,-84.54053497314453,-240.2177276611328,158.69224548339844,-239.50927734375,5.597057657241821,5.519001483917236
156,48.76,200,3,140.0422821044922,-226.73171997070312,-84.54053497314453,-240.2177276611328,80.17240142822266,-226.67422485351562,5.59299789428711,5.502399921417236
157,49.122,200,3,140.0422821044922,-226.73171997070312,-84.65849304199219,-240.08180236816406,70.0931167602539,-224.62831115722656,5.590101308822632,5.6364216804504395
158,49.438,200,3,140.0422821044922,-226.73171997070312,-84.65849304199219,-240.08180236816406,91.62157440185547,-231.48483276367188,5.585409889221191,5.504408836364746
159,49.847,200,3,140.0422821044922,-226.73171997070312,-84.8465347290039,-239.93003845214844,58.77957534790039,-226.35964965820312,5.570673151016235,5.626833915710449
160,50.169,200,3,140.0422821044922,-226.73171997070312,-84.8465347290039,-239.93003845214844,59.457054138183594,-226.36888122558594,5.565891819000244,5.583616733551025
161,50.519,200,4,140.0422821044922,-229.41871643066406,-83.51293182373047,-240.2090606689453,148.14239501953125,-239.13270568847656,5.544422693252564,5.5105695724487305
162,50.845,200,4,140.0422821044922,-229.41871643066406,-83.51293182373047,-240.2090606689453,-33.96826934814453,-227.11390686035156,5.57008924484253,5.57882833480835
163,51.179,200,4,140.0422821044922,-229.41871643066406,-81.80382537841797,-240.02691650390625,-58.91654586791992,-228.71165466308594,5.562771682739258,5.655077934265137
164,51.492,200,4,140.0422821044922,-229.41871643066406,-81.80382537841797,-240.02691650390625,149.4046630859375,-239.49330139160156,5.558978643417358,5.545743942260742
165,51.816,200,4,140.0422821044922,-229.41871643066406,-82.63768768310547,-239.9685516357422,93.27056884765625,-230.48953247070312,5.534582357406617,5.49409294128418
166,52.126,200,4,140.0422821044922,-229.41871643066406,-82.63768768310547,-239.9685516357422,-52.55584716796875,-228.54637145996094,5.557370138168335,5.566672325134277
167,52.445,200,4,140.0422821044922,-229.41871643066406,-80.72652435302734,-240.0355224609375,145.06500244140625,-240.8696746826172,5.54009934425354,5.544068336486816
168,52.758,200,4,140.0422821044922,-229.41871643066406,-80.72652435302734,-240.0355224609375,174.5014190673828,-241.513671875,5.540010967254639,5.604706287384033
169,53.078,200,4,140.0422821044922,-229.41871643066406,-80.09532928466797,-239.83103942871094,132.45632934570312,-230.43409729003906,5.546501340866089,5.470065593719482
170,53.386,200,4,140.0422821044922,-229.41871643066406,-80.09532928466797,-239.83103942871094,165.45510864257812,-240.3345184326172,5.543945903778076,5.400826454162598
171,53.706,200,4,140.0422821044922,-229.41871643066406,-81.57913208007812,-239.91098022460938,168.36219787597656,-240.0242156982422,5.549668016433716,5.630962371826172
172,54.036,200,4,140.0422821044922,-229.41871643066406,-81.57913208007812,-239.91098022460938,147.84939575195312,-240.909423828125,5.526682567596436,5.465505599975586
173,54.352,200,5,140.0422821044922,-229.41871643066406,-82.57855224609375,-239.64234924316406,16.166908264160156,-229.19630432128906,5.527690401077271,5.54421329498291
174,54.662,200,5,140.0422821044922,-229.41871643066406,-82.57855224609375,-239.64234924316406,26.68328094482422,-228.09323120117188,5.520662870407104,5.583806037902832
175,54.979,200,5,140.0422821044922,-229.41871643066406,-84.17913055419922,-239.58531188964844,149.84194946289062,-239.2887420654297,5.513858709335327,5.454142093658447
176,55.288,200,5,140.0422821044922,-229.41871643066406,-84.17913055419922,-239.58531188964844,120.69584655761719,-230.56117248535156,5.508413200378418,5.671382904052734
177,55.614,200,5,140.0422821044922,-229.41871643066406,-83.16290283203125,-239.78085327148438,157.70635986328125,-240.525634765625,5.5071056365966795,5.394351959228516
178,55.964,200,5,140.0422821044922,-229.41871643066406,-83.16290283203125,-239.78085327148438,-67.78369903564453,-228.98863220214844,5.530180130004883,5.403113842010498
179,56.301,200,4,85.68925476074219,-229.41871643066406,-84.06653594970703,-239.81800842285156,173.5482940673828,-240.7350616455078,5.501398334503174,5.638820648193359
180,56.61,200,4,85.68925476074219,-229.41871643066406,-84.06653594970703,-239.81800842285156,-65.47145080566406,-229.3118133544922,5.491709041595459,5.550280570983887
181,56.93,200,5,88.0391616821289,-229.41871643066406,-85.60842895507812,-239.72727966308594,-65.56211853027344,-229.34671020507812,5.492638130187988,5.484434127807617
182,57.239,200,5,88.0391616821289,-229.41871643066406,-85.60842895507812,-239.72727966308594,11.316129684448242,-230.5094451904297,5.505524024963379,5.511651992797852
183,57.554,200,5,88.0391616821289,-229.41871643066406,-85.92083740234375,-239.68051147460938,86.04029846191406,-231.51669311523438,5.498798503875732,5.483892440795898
184,57.86,200,5,88.0391616821289,-229.41871643066406,-85.92083740234375,-239.68051147460938,97.92546081542969,-232.23944091796875,5.486010866165161,5.374638080596924
185,58.177,200,5,88.0391616821289,-229.41871643066406,-86.6344985961914,-239.68734741210938,-59.08906555175781,-229.17298889160156,5.4873858833312985,5.451030731201172
186,58.483,200,5,88.0391616821289,-229.41871643066406,-86.6344985961914,-239.68734741210938,-53.23650360107422,-228.8345489501953,5.480601806640625,5.504927158355713
187,58.797,200,5,88.0391616821289,-229.41871643066406,-87.27813720703125,-239.74160766601562,113.68099212646484,-232.5076446533203,5.475639591217041,5.451754570007324
188,59.104,200,5,88.0391616821289,-229.41871643066406,-87.27813720703125,-239.74160766601562,22.933374404907227,-230.5843048095703,5.474876985549927,5.546084880828857
189,59.429,200,5,88.0391616821289,-229.41871643066406,-88.26397705078125,-239.7654266357422,8.666465759277344,-230.51866149902344,5.474645509719848,5.492103099822998
190,59.738,200,5,88.0391616821289,-229.41871643066406,-88.26397705078125,-239.7654266357422,108.42333221435547,-232.1187286376953,5.481367683410644,5.468080520629883
191,60.054,200,5,88.0391616821289,-229.41871643066406,-88.83970642089844,-239.56719970703125,94.10307312011719,-232.29208374023438,5.48301329612732,5.372552871704102
192,60.364,200,5,88.0391616821289,-229.41871643066406,-88.83970642089844,-239.56719970703125,-63.41913604736328,-229.09214782714844,5.460746231079102,5.372751712799072
193,60.684,200,5,88.0391616821289,-229.41871643066406,-89.9873046875,-239.48512268066406,6.901555061340332,-229.30433654785156,5.461801748275757,5.482596397399902
194,60.993,200,5,88.0391616821289,-229.41871643066406,-89.9873046875,-239.48512268066406,-39.251922607421875,-229.31170654296875,5.433848390579223,5.275753021240234
195,61.311,200,5,88.0391616821289,-229.41871643066406,-90.08963012695312,-239.5541229248047,99.53143310546875,-231.54037475585938,5.45376443862915,5.4612016677856445
196,61.619,200,5,88.0391616821289,-229.41871643066406,-90.08963012695312,-239.5541229248047,112.15965270996094,-232.04736328125,5.433033275604248,5.4601149559021
197,61.947,200,5,88.0391616821289,-229.41871643066406,-89.03968048095703,-239.5052490234375,-64.8978271484375,-229.07467651367188,5.478754329681396,5.497223854064941
198,62.248,200,5,88.0391616821289,-229.41871643066406,-89.03968048095703,-239.5052490234375,131.76502990722656,-232.32264709472656,5.448579111099243,5.610508918762207
199,62.566,200,5,88.0391616821289,-229.41871643066406,-89.73186492919922,-239.5029754638672,105.31523895263672,-232.4912567138672,5.42157301902771,5.379469394683838
200,62.876,200,5,88.0391616821289,-229.41871643066406,-89.73186492919922,-239.5029754638672,14.239828109741211,-230.32806396484375,5.452735233306885,5.406665802001953
1,0.302,4,3,-41.692684173583984,-307.51568603515625,-126.2529296875,-311.8852844238281,-10.217323303222656,-1.2056376934051514,6.591048221588135,6.509558200836182
2,0.597,4,3,-41.692684173583984,-307.51568603515625,-126.2529296875,-311.8852844238281,5.562215805053711,1.8096094131469727,6.539843921661377,6.507384300231934
3,0.898,8,2,-16.568613052368164,-218.47377014160156,-91.44132995605469,-266.80169677734375,-1.667126178741455,-1.2244985103607178,6.046744356155395,6.105614185333252
4,1.193,8,2,-16.568613052368164,-218.47377014160156,-91.44132995605469,-266.80169677734375,-24.240678787231445,-218.2770538330078,6.0322197151184085,6.114274978637695
5,1.496,12,3,115.71221160888672,-218.47377014160156,-64.49903869628906,-258.84619140625,-15.937602043151855,-220.61732482910156,5.949285011291504,5.976813793182373
6,1.791,12,3,115.71221160888672,-218.47377014160156,-64.49903869628906,-258.84619140625,126.986083984375,-239.60903930664062,5.953947677612304,6.001221656799316
7,2.097,16,4,115.71221160888672,-218.47377014160156,-57.67988204956055,-253.13433837890625,127.53995513916016,-238.00823974609375,5.890841360092163,5.8445725440979
8,2.393,16,4,115.71221160888672,-218.47377014160156,-57.67988204956055,-253.13433837890625,99.9251480102539,-235.68504333496094,5.869617357254028,5.870664596557617
9,2.699,20,4,115.71221160888672,-218.47377014160156,-50.48612594604492,-251.0545654296875,120.81790161132812,-239.49818420410156,5.857880868911743,5.92842960357666
10,2.996,20,4,115.71221160888672,-218.47377014160156,-50.48612594604492,-251.0545654296875,134.31036376953125,-239.71359252929688,5.860036420822143,5.8894195556640625
11,3.302,24,5,115.71221160888672,-218.47377014160156,-47.31283187866211,-248.3639678955078,146.62127685546875,-237.23521423339844,5.837059898376465,5.862882137298584
12,3.605,24,5,115.71221160888672,-218.47377014160156,-47.31283187866211,-248.3639678955078,124.17878723144531,-235.80455017089844,5.8360682964324955,5.869710445404053
13,3.912,28,6,115.71221160888672,-218.47377014160156,-44.381370544433594,-246.65809631347656,123.40904235839844,-240.69979858398438,5.795928726196289,5.75847053527832
14,4.209,28,6,115.71221160888672,-218.47377014160156,-44.381370544433594,-246.65809631347656,3.9697017669677734,-218.97959899902344,5.79979305267334,5.750382900238037
15,4.516,32,6,115.71221160888672,-218.47377014160156,-39.179988861083984,-247.31143188476562,-13.384373664855957,-215.55213928222656,5.817426166534424,5.71864128112793
16,4.815,32,6,115.71221160888672,-218.47377014160156,-39.179988861083984,-247.31143188476562,138.52413940429688,-240.37306213378906,5.833760995864868,5.725287437438965
17,5.122,36,6,115.71221160888672,-218.47377014160156,-48.00675582885742,-247.62600708007812,32.42411422729492,-233.46766662597656,5.8107570552825925,5.867176532745361
18,5.42,36,6,115.71221160888672,-218.47377014160156,-48.00675582885742,-247.62600708007812,-13.260503768920898,-217.6378173828125,5.817461442947388,5.998430252075195
19,5.727,40,6,119.2938461303711,-218.47377014160156,-43.53456497192383,-247.01010131835938,123.13265991210938,-237.8339080810547,5.808349151611328,5.879310607910156
20,6.025,40,6,119.2938461303711,-218.47377014160156,-43.53456497192383,-247.01010131835938,-19.95847511291504,-217.21315002441406,5.809694738388061,5.840174674987793
21,6.333,44,6,119.2938461303711,-218.47377014160156,-43.95487594604492,-247.1183624267578,-24.560754776000977,-218.23060607910156,5.828336410522461,5.760759353637695
22,6.636,44,6,119.2938461303711,-218.47377014160156,-43.95487594604492,-247.1183624267578,77.52119445800781,-236.7592315673828,5.814443464279175,5.749669551849365
23,6.934,48,7,119.2938461303711,-218.47377014160156,-45.171085357666016,-246.306640625,135.3241729736328,-238.3032989501953,5.7957825756073,5.86258602142334
24,7.233,48,7,119.2938461303711,-218.47377014160156,-45.171085357666016,-246.306640625,141.05715942382812,-235.3512420654297,5.799602613449097,5.821368217468262
25,7.541,52,7,119.2938461303711,-218.47377014160156,-51.544822692871094,-246.09519958496094,-0.688048243522644,-216.40882873535156,5.809247837066651,5.76900577545166
26,7.84,52,7,119.2938461303711,-218.47377014160156,-51.544822692871094,-246.09519958496094,-19.594261169433594,-215.6499481201172,5.792215480804443,5.786495685577393
27,8.147,56,7,119.2938461303711,-218.47377014160156,-52.04887008666992,-246.2464141845703,-12.417695045471191,-218.09719848632812,5.795505657196045,5.840466499328613
28,8.445,56,7,119.2938461303711,-218.47377014160156,-52.04887008666992,-246.2464141845703,-21.187347412109375,-217.0147705078125,5.8169437026977535,5.9538445472717285
29,8.782,60,7,119.2938461303711,-218.47377014160156,-45.94391632080078,-246.08534240722656,-11.629340171813965,-220.68609619140625,5.810262002944946,5.73408842086792
30,9.083,60,7,119.2938461303711,-218.47377014160156,-45.94391632080078,-246.08534240722656,-0.23168809711933136,-219.6666717529297,5.798956718444824,5.7762861251831055
31,9.391,64,7,119.2938461303711,-218.47377014160156,-44.91535186767578,-245.68606567382812,126.19295501708984,-238.0222625732422,5.7829123306274415,5.750497817993164
32,9.692,64,7,119.2938461303711,-218.47377014160156,-44.91535186767578,-245.68606567382812,140.21823120117188,-236.57077026367188,5.807857837677002,5.7368364334106445
33,10.0,68,7,119.2938461303711,-218.47377014160156,-45.091190338134766,-245.5245361328125,-14.2304105758667,-219.87364196777344,5.786469554901123,5.871099472045898
34,10.301,68,7,119.2938461303711,-218.47377014160156,-45.091190338134766,-245.5245361328125,128.12286376953125,-237.2776641845703,5.796971054077148,5.85569953918457
35,10.61,72,7,119.2938461303711,-218.47377014160156,-47.34871292114258,-245.50054931640625,-18.365144729614258,-217.1748046875,5.785615234375,5.715097427368164
36,10.908,72,7,119.2938461303711,-218.47377014160156,-47.34871292114258,-245.50054931640625,130.99656677246094,-233.36280822753906,5.778932104110718,5.641445159912109
37,11.216,76,7,119.2938461303711,-218.47377014160156,-46.58212661743164,-245.4613800048828,161.0592041015625,-235.151123046875,5.77177622795105,5.72076940536499
38,11.517,76,7,119.2938461303711,-218.47377014160156,-46.58212661743164,-245.4613800048828,9.120311737060547,-232.72357177734375,5.7940157032012936,5.760627269744873
39,11.826,80,7,119.2938461303711,-218.47377014160156,-49.210384368896484,-245.2353515625,125.03726959228516,-237.34275817871094,5.797485637664795,5.838778495788574
40,12.127,80,7,119.2938461303711,-218.47377014160156,-49.210384368896484,-245.2353515625,-23.65627098083496,-217.74270629882812,5.784821262359619,5.8223557472229
41,12.439,84,7,119.2938461303711,-218.47377014160156,-48.41098403930664,-245.2188720703125,19.39242935180664,-233.6024627685547,5.779544897079468,5.957873344421387
42,12.774,84,7,119.2938461303711,-218.47377014160156,-48.41098403930664,-245.2188720703125,120.62841796875,-235.90882873535156,5.760729112625122,5.832233428955078
43,13.084,88,7,119.2938461303711,-218.47377014160156,-47.45046615600586,-245.26327514648438,8.039446830749512,-230.65841674804688,5.776122550964356,5.712165832519531
44,13.386,88,7,119.2938461303711,-218.47377014160156,-47.45046615600586,-245.26327514648438,137.39334106445312,-235.55491638183594,5.773784379959107,5.779179573059082
45,13.694,92,7,119.2938461303711,-218.47377014160156,-50.965187072753906,-245.46409606933594,87.86647033691406,-232.89828491210938,5.791739797592163,5.836750507354736
46,13.998,92,7,119.2938461303711,-218.47377014160156,-50.965187072753906,-245.46409606933594,157.4249267578125,-237.53639221191406,5.748275279998779,5.857530117034912
47,14.305,96,7,119.2938461303711,-218.47377014160156,-55.78212356567383,-245.5654296875,6.310048580169678,-234.6840362548828,5.796093759536743,5.776474952697754
48,14.609,96,7,119.2938461303711,-218.47377014160156,-55.78212356567383,-245.5654296875,82.47187805175781,-234.05567932128906,5.762503547668457,5.904267311096191
49,14.924,100,7,119.2938461303711,-218.47377014160156,-55.06142044067383,-245.6326141357422,131.3246612548828,-235.3562774658203,5.766255464553833,5.884321212768555
50,15.23,100,7,119.2938461303711,-218.47377014160156,-55.06142044067383,-245.6326141357422,71.43196868896484,-234.81448364257812,5.791181592941284,5.915552139282227
51,15.543,104,7,119.2938461303711,-218.47377014160156,-54.010719299316406,-245.52989196777344,85.26082611083984,-234.86083984375,5.783113842010498,5.6627655029296875
52,15.856,104,7,119.2938461303711,-218.47377014160156,-54.010719299316406,-245.52989196777344,154.4949493408203,-236.34286499023438,5.761381502151489,5.874617576599121
53,16.168,108,7,119.2938461303711,-218.47377014160156,-56.98252868652344,-245.38229370117188,83.15336608886719,-236.53504943847656,5.789255437850952,5.8700761795043945
54,16.474,108,7,119.2938461303711,-218.47377014160156,-56.98252868652344,-245.38229370117188,5.151998519897461,-234.7605743408203,5.774641599655151,5.696390151977539
55,16.786,112,7,119.2938461303711,-218.47377014160156,-57.5329704284668,-245.2431640625,126.52095031738281,-238.2529754638672,5.783652811050415,5.718082904815674
56,17.089,112,7,119.2938461303711,-218.47377014160156,-57.5329704284668,-245.2431640625,0.7134898900985718,-220.38214111328125,5.766954078674316,5.947782516479492
57,17.4,116,7,119.2938461303711,-218.47377014160156,-58.8240852355957,-245.0289764404297,121.85646057128906,-237.4479522705078,5.77535267829895,5.80446720123291
58,17.722,116,7,119.2938461303711,-218.47377014160156,-58.8240852355957,-245.0289764404297,22.931917190551758,-235.15972900390625,5.775267925262451,5.813405990600586
59,18.067,120,7,119.2938461303711,-218.47377014160156,-60.43901062011719,-245.00779724121094,-25.491714477539062,-216.56455993652344,5.765878715515137,5.798973083496094
60,18.37,120,7,119.2938461303711,-218.47377014160156,-60.43901062011719,-245.00779724121094,69.44390106201172,-236.04197692871094,5.7578950881958,5.718543529510498
61,18.709,124,6,119.2938461303711,-218.47377014160156,-62.45882034301758,-244.5513916015625,-13.085580825805664,-217.8511199951172,5.760899496078491,5.741225242614746
62,19.02,124,6,119.2938461303711,-218.47377014160156,-62.45882034301758,-244.5513916015625,73.90037536621094,-226.01470947265625,5.747583951950073,5.69890022277832
63,19.329,128,6,119.2938461303711,-218.47377014160156,-64.56361389160156,-244.60305786132812,-4.620059013366699,-217.53976440429688,5.750321559906006,5.700251579284668
64,19.631,128,6,119.2938461303711,-218.47377014160156,-64.56361389160156,-244.60305786132812,10.908400535583496,-218.14146423339844,5.7535992622375485,5.682004928588867
65,19.941,132,6,119.2938461303711,-218.47377014160156,-65.44085693359375,-244.4851837158203,0.4290676712989807,-218.082763671875,5.757352542877197,5.740466594696045
66,20.244,132,6,119.2938461303711,-218.47377014160156,-65.44085693359375,-244.4851837158203,57.94855880737305,-222.6813201904297,5.754303016662598,5.666359901428223
67,20.695,136,6,119.2938461303711,-218.47377014160156,-67.17626190185547,-244.30934143066406,132.10704040527344,-237.31097412109375,5.7393756771087645,5.788558483123779
68,21.015,136,6,119.2938461303711,-218.47377014160156,-67.17626190185547,-244.30934143066406,124.83695220947266,-236.0380096435547,5.743604021072388,5.723455429077148
69,21.327,140,6,119.2938461303711,-218.47377014160156,-67.13395690917969,-244.3939666748047,129.3785858154297,-237.77198791503906,5.750775747299194,5.532530784606934
70,21.63,140,6,119.2938461303711,-218.47377014160156,-67.13395690917969,-244.3939666748047,-2.5151805877685547,-217.67868041992188,5.780862665176391,5.789837837219238
71,21.943,144,6,119.2938461303711,-218.47377014160156,-67.51460266113281,-244.23211669921875,-11.94878101348877,-218.2765350341797,5.755608701705933,5.818367004394531
72,22.247,144,6,119.2938461303711,-218.47377014160156,-67.51460266113281,-244.23211669921875,142.87159729003906,-237.05291748046875,5.748230104446411,5.708896636962891
73,22.559,148,6,119.2938461303711,-218.47377014160156,-66.69312286376953,-244.3564453125,119.81585693359375,-235.16763305664062,5.741187744140625,5.738387584686279
74,22.863,148,6,119.2938461303711,-218.47377014160156,-66.69312286376953,-244.3564453125,65.1072769165039,-224.6907196044922,5.755221929550171,5.8209075927734375
75,23.173,152,6,119.2938461303711,-218.47377014160156,-66.5865249633789,-244.35629272460938,72.06414794921875,-224.10797119140625,5.743898601531982,5.730949401855469
76,23.478,152,6,119.2938461303711,-218.47377014160156,-66.5865249633789,-244.35629272460938,-13.74886703491211,-216.93942260742188,5.738441457748413,5.765725135803223
77,23.789,156,6,119.2938461303711,-218.47377014160156,-67.2794189453125,-244.19140625,-18.198118209838867,-216.291259765625,5.755661249160767,5.766341686248779
78,24.094,156,6,119.2938461303711,-218.47377014160156,-67.2794189453125,-244.19140625,68.25789642333984,-226.48663330078125,5.738792009353638,5.696531772613525
79,24.406,160,7,140.0422821044922,-218.47377014160156,-66.38660430908203,-244.1343994140625,-9.003427505493164,-216.70030212402344,5.746915130615235,5.720571041107178
80,24.709,160,7,140.0422821044922,-218.47377014160156,-66.38660430908203,-244.1343994140625,158.9790802001953,-238.95774841308594,5.7500673770904545,5.814384460449219
81,25.024,164,7,140.0422821044922,-218.47377014160156,-65.08735656738281,-243.9872283935547,145.36634826660156,-241.16665649414062,5.779229469299317,5.690341472625732
82,25.351,164,7,140.0422821044922,-218.47377014160156,-65.08735656738281,-243.9872283935547,7.870750904083252,-215.92958068847656,5.754352045059204,5.778755187988281
83,25.662,168,7,140.0422821044922,-218.47377014160156,-64.83189392089844,-243.9967498779297,62.46697998046875,-226.32247924804688,5.744769563674927,5.691341400146484
84,25.967,168,7,140.0422821044922,-218.47377014160156,-64.83189392089844,-243.9967498779297,-17.17668342590332,-218.43124389648438,5.742047891616822,5.638296127319336
85,26.28,172,7,140.0422821044922,-218.47377014160156,-64.62230682373047,-243.85565185546875,144.2630157470703,-237.44761657714844,5.747205686569214,5.938342094421387
86,26.585,172,7,140.0422821044922,-218.47377014160156,-64.62230682373047,-243.85565185546875,146.73599243164062,-239.27333068847656,5.751177701950073,5.710057258605957
87,26.898,176,7,140.0422821044922,-218.47377014160156,-65.16899108886719,-243.67758178710938,-18.118635177612305,-217.35011291503906,5.739376516342163,5.781428337097168
88,27.203,176,7,140.0422821044922,-218.47377014160156,-65.16899108886719,-243.67758178710938,-2.719155788421631,-216.6524200439453,5.7366557312011714,5.726642608642578
89,27.518,180,7,140.0422821044922,-218.47377014160156,-65.49056243896484,-243.6329803466797,90.64808654785156,-234.6565399169922,5.718316574096679,5.689084053039551
90,27.896,180,7,140.0422821044922,-218.47377014160156,-65.49056243896484,-243.6329803466797,-5.700757026672363,-217.0514373779297,5.723624858856201,5.817086696624756
91,28.255,184,7,140.0422821044922,-218.47377014160156,-66.71495056152344,-243.6067657470703,151.82350158691406,-239.62887573242188,5.716976337432861,5.84711217880249
92,28.622,184,7,140.0422821044922,-218.47377014160156,-66.71495056152344,-243.6067657470703,87.16676330566406,-224.72352600097656,5.736614227294922,5.752542972564697
93,29.074,188,6,140.0422821044922,-218.47377014160156,-66.06948852539062,-243.5101776123047,121.8470230102539,-237.85369873046875,5.722349720001221,5.781252861022949
94,29.386,188,6,140.0422821044922,-218.47377014160156,-66.06948852539062,-243.5101776123047,140.69276428222656,-241.198486328125,5.73774787902832,5.815944671630859
95,29.701,192,6,140.0422821044922,-218.47377014160156,-65.8806381225586,-243.4532470703125,-8.607220649719238,-217.49794006347656,5.738455057144165,5.686150550842285
96,30.008,192,6,140.0422821044922,-218.47377014160156,-65.8806381225586,-243.4532470703125,160.212646484375,-241.0988311767578,5.721635036468506,5.797912120819092
97,30.326,196,6,140.0422821044922,-218.47377014160156,-67.16246795654297,-243.33290100097656,57.80723190307617,-223.9564971923828,5.721351156234741,5.751823425292969
98,30.633,196,6,140.0422821044922,-218.47377014160156,-67.16246795654297,-243.33290100097656,61.303321838378906,-222.73980712890625,5.721421890258789,5.636753082275391
99,30.952,200,6,140.0422821044922,-218.47377014160156,-67.83024597167969,-243.19467163085938,67.01993560791016,-224.6912078857422,5.723440427780151,5.745104789733887
100,31.261,200,6,140.0422821044922,-218.47377014160156,-67.83024597167969,-243.19467163085938,-15.17958927154541,-217.07052612304688,5.720168590545654,5.835198402404785
101,31.579,200,6,140.0422821044922,-218.47377014160156,-66.97669219970703,-241.73631286621094,164.13465881347656,-235.5908203125,5.701467361450195,5.722072601318359
102,31.889,200,6,140.0422821044922,-218.47377014160156,-66.97669219970703,-241.73631286621094,-10.95521068572998,-218.36123657226562,5.699493541717529,5.733303546905518
103,32.205,200,4,140.0422821044922,-226.73171997070312,-68.3769302368164,-242.15512084960938,174.56509399414062,-239.82606506347656,5.678099966049194,5.708446502685547
104,32.515,200,4,140.0422821044922,-226.73171997070312,-68.3769302368164,-242.15512084960938,159.74685668945312,-240.69627380371094,5.7014555072784425,5.69340705871582
105,32.831,200,4,140.0422821044922,-226.73171997070312,-69.13775634765625,-242.0790252685547,61.7803840637207,-222.8605499267578,5.687460527420044,5.574777603149414
106,33.138,200,4,140.0422821044922,-226.73171997070312,-69.13775634765625,-242.0790252685547,78.94092559814453,-234.7909393310547,5.697347860336304,5.798533916473389
107,33.453,200,4,140.0422821044922,-226.73171997070312,-68.27706146240234,-242.14642333984375,148.79144287109375,-240.55799865722656,5.701523685455323,5.52980375289917
108,33.76,200,4,140.0422821044922,-226.73171997070312,-68.27706146240234,-242.14642333984375,85.26803588867188,-232.8918914794922,5.694675788879395,5.713586807250977
109,34.089,200,4,140.0422821044922,-226.73171997070312,-70.56040954589844,-242.17481994628906,143.88182067871094,-240.0068359375,5.688418083190918,5.52516508102417
110,34.393,200,4,140.0422821044922,-226.73171997070312,-70.56040954589844,-242.17481994628906,121.5682601928711,-238.13648986816406,5.680799903869629,5.591994762420654
111,34.745,200,4,140.0422821044922,-226.73171997070312,-71.12268829345703,-242.25238037109375,63.87890625,-226.6854248046875,5.673205146789551,5.6795244216918945
112,35.079,200,4,140.0422821044922,-226.73171997070312,-71.12268829345703,-242.25238037109375,124.11524963378906,-237.21249389648438,5.6986838054656985,5.682068347930908
113,35.394,200,4,140.0422821044922,-226.73171997070312,-72.84943389892578,-242.27850341796875,69.90837860107422,-224.67713928222656,5.695686445236206,5.602610111236572
114,35.7,200,4,140.0422821044922,-226.73171997070312,-72.84943389892578,-242.27850341796875,153.1438446044922,-239.08322143554688,5.684981765747071,5.786398887634277
115,36.013,200,4,140.0422821044922,-226.73171997070312,-75.10871124267578,-242.04434204101562,59.963741302490234,-226.3332977294922,5.694327249526977,5.616660118103027
116,36.32,200,4,140.0422821044922,-226.73171997070312,-75.10871124267578,-242.04434204101562,65.48099517822266,-225.74896240234375,5.665910005569458,5.645780563354492
117,36.634,200,4,140.0422821044922,-226.73171997070312,-74.54814147949219,-241.70452880859375,62.88367462158203,-226.3370361328125,5.6643417453765865,5.54910945892334
118,36.939,200,4,140.0422821044922,-226.73171997070312,-74.54814147949219,-241.70452880859375,144.90682983398438,-240.5834197998047,5.678235015869141,5.711790084838867
119,37.254,200,4,140.0422821044922,-226.73171997070312,-75.49105834960938,-241.75570678710938,142.33360290527344,-239.58233642578125,5.679660215377807,5.698090076446533
120,37.559,200,4,140.0422821044922,-226.73171997070312,-75.49105834960938,-241.75570678710938,90.7991943359375,-241.04986572265625,5.661677207946777,5.629179000854492
121,37.877,200,4,140.0422821044922,-226.73171997070312,-77.07489013671875,-241.45590209960938,61.31250762939453,-226.63079833984375,5.6571055603027345,5.5557050704956055
122,38.185,200,4,140.0422821044922,-226.73171997070312,-77.07489013671875,-241.45590209960938,83.49617767333984,-233.2183837890625,5.65287302017212,5.619646072387695
123,38.509,200,4,140.0422821044922,-226.73171997070312,-78.74134826660156,-241.58460998535156,80.6686019897461,-240.09642028808594,5.674875230789184,5.710996150970459
124,38.841,200,4,140.0422821044922,-226.73171997070312,-78.74134826660156,-241.58460998535156,85.81828308105469,-224.717041015625,5.65195969581604,5.731072425842285
125,39.162,200,4,140.0422821044922,-226.73171997070312,-77.6685562133789,-241.4630126953125,57.67283248901367,-224.8429412841797,5.640705709457397,5.684397220611572
126,39.503,200,4,140.0422821044922,-226.73171997070312,-77.6685562133789,-241.4630126953125,60.39480972290039,-226.0113525390625,5.6781939601898195,5.7652587890625
127,39.827,200,3,140.0422821044922,-226.73171997070312,-78.34147644042969,-241.1925811767578,76.0342788696289,-234.80633544921875,5.641154327392578,5.5538129806518555
128,40.137,200,3,140.0422821044922,-226.73171997070312,-78.34147644042969,-241.1925811767578,145.76783752441406,-238.53208923339844,5.670759410858154,5.614259719848633
129,40.52,200,3,140.0422821044922,-226.73171997070312,-81.4356918334961,-241.08230590820312,60.8281364440918,-225.52223205566406,5.663157739639282,5.775397777557373
130,40.826,200,3,140.0422821044922,-226.73171997070312,-81.4356918334961,-241.08230590820312,63.210174560546875,-226.684814453125,5.630581159591674,5.586794853210449
131,41.141,200,3,140.0422821044922,-226.73171997070312,-82.1917953491211,-240.99453735351562,63.35942459106445,-225.46600341796875,5.638957052230835,5.607942581176758
132,41.446,200,3,140.0422821044922,-226.73171997070312,-82.1917953491211,-240.99453735351562,152.7397918701172,-239.55479431152344,5.6377467441558835,5.744229316711426
133,41.763,200,3,140.0422821044922,-226.73171997070312,-83.794677734375,-240.79776000976562,57.62211608886719,-223.6907501220703,5.630303707122803,5.677128791809082
134,42.07,200,3,140.0422821044922,-226.73171997070312,-83.794677734375,-240.79776000976562,58.51127243041992,-225.4484100341797,5.648416624069214,5.671683311462402
135,42.384,200,3,140.0422821044922,-226.73171997070312,-83.19575500488281,-240.65029907226562,62.88056564331055,-226.01158142089844,5.634124031066895,5.673758506774902
136,42.689,200,3,140.0422821044922,-226.73171997070312,-83.19575500488281,-240.65029907226562,62.54293441772461,-226.53604125976562,5.6470444393157955,5.751736164093018
137,43.003,200,3,140.0422821044922,-226.73171997070312,-83.89529418945312,-240.56419372558594,86.21035766601562,-230.5880126953125,5.636415100097656,5.543945789337158
138,43.308,200,3,140.0422821044922,-226.73171997070312,-83.89529418945312,-240.56419372558594,66.93516540527344,-226.67547607421875,5.620559587478637,5.51934814453125
139,43.623,200,3,140.0422821044922,-226.73171997070312,-83.04791259765625,-240.580078125,149.06423950195312,-240.4230499267578,5.627585458755493,5.652406692504883
140,43.929,200,3,140.0422821044922,-226.73171997070312,-83.04791259765625,-240.580078125,147.07362365722656,-241.322998046875,5.606640043258667,5.557453155517578
141,44.245,200,3,140.0422821044922,-226.73171997070312,-84.72203063964844,-240.39398193359375,63.71356201171875,-225.05856323242188,5.594528131484985,5.644252300262451
142,44.551,200,3,140.0422821044922,-226.73171997070312,-84.72203063964844,-240.39398193359375,148.1748504638672,-239.40628051757812,5.609410991668701,5.712245941162109
143,44.889,200,3,140.0422821044922,-226.73171997070312,-86.66382598876953,-240.34243774414062,77.28845977783203,-225.92037963867188,5.624480962753296,5.6321001052856445
144,45.193,200,3,140.0422821044922,-226.73171997070312,-86.66382598876953,-240.34243774414062,62.53119659423828,-224.6295166015625,5.605371866226196,5.771839618682861
145,45.528,200,3,140.0422821044922,-226.73171997070312,-85.58190155029297,-240.2270965576172,62.98558044433594,-225.50885009765625,5.593074951171875,5.6440534591674805
146,45.833,200,3,140.0422821044922,-226.73171997070312,-85.58190155029297,-240.2270965576172,67.41475677490234,-226.48562622070312,5.613395624160766,5.601057052612305
147,46.144,200,3,140.0422821044922,-226.73171997070312,-84.12957000732422,-240.22039794921875,140.87710571289062,-241.45030212402344,5.624838695526123,5.632226467132568
148,46.449,200,3,140.0422821044922,-226.73171997070312,-84.12957000732422,-240.22039794921875,145.57640075683594,-240.31150817871094,5.586844606399536,5.480548858642578
149,46.762,200,3,140.0422821044922,-226.73171997070312,-84.85324096679688,-240.03363037109375,60.587249755859375,-223.89036560058594,5.586675796508789,5.701229095458984
150,47.066,200,3,140.0422821044922,-226.73171997070312,-84.85324096679688,-240.03363037109375,57.49427032470703,-225.48898315429688,5.5839017963409425,5.662113666534424
151,47.38,200,3,140.0422821044922,-226.73171997070312,-85.38260650634766,-240.18417358398438,144.38876342773438,-240.56173706054688,5.583077363967895,5.481341361999512
152,47.684,200,3,140.0422821044922,-226.73171997070312,-85.38260650634766,-240.18417358398438,153.1219482421875,-239.89048767089844,5.599606771469116,5.5640764236450195
153,47.999,200,3,140.0422821044922,-226.73171997070312,-84.01537322998047,-240.1677703857422,57.4880485534668,-225.95907592773438,5.567999267578125,5.5953192710876465
154,48.305,200,3,140.0422821044922,-226.73171997070312,-84.01537322998047,-240.1677703857422,101.80470275878906,-230.74183654785156,5.575091190338135,5.556562900543213
155,48.619,200,3,140.0422821044922,-226.73171997070312,-84.54053497314453,-240.2177276611328,158.69224548339844,-239.50927734375,5.597057657241821,5.519001483917236
156,48.925,200,3,140.0422821044922,-226.73171997070312,-84.54053497314453,-240.2177276611328,80.17240142822266,-226.67422485351562,5.59299789428711,5.502399921417236
157,49.24,200,3,140.0422821044922,-226.73171997070312,-84.65849304199219,-240.08180236816406,70.0931167602539,-224.62831115722656,5.590101308822632,5.6364216804504395
158,49.545,200,3,140.0422821044922,-226.73171997070312,-84.65849304199219,-240.08180236816406,91.62157440185547,-231.48483276367188,5.585409889221191,5.504408836364746
159,49.859,200,3,140.0422821044922,-226.73171997070312,-84.8465347290039,-239.93003845214844,58.77957534790039,-226.35964965820312,5.570673151016235,5.626833915710449
160,50.164,200,3,140.0422821044922,-226.73171997070312,-84.8465347290039,-239.93003845214844,59.457054138183594,-226.36888122558594,5.565891819000244,5.583616733551025
161,50.48,200,4,140.0422821044922,-229.41871643066406,-83.51293182373047,-240.2090606689453,148.14239501953125,-239.13270568847656,5.544422693252564,5.5105695724487305
162,50.786,200,4,140.0422821044922,-229.41871643066406,-83.51293182373047,-240.2090606689453,-33.96826934814453,-227.11390686035156,5.57008924484253,5.57882833480835
163,51.196,200,4,140.0422821044922,-229.41871643066406,-81.80382537841797,-240.02691650390625,-58.91654586791992,-228.71165466308594,5.562771682739258,5.655077934265137
164,51.509,200,4,140.0422821044922,-229.41871643066406,-81.80382537841797,-240.02691650390625,149.4046630859375,-239.49330139160156,5.558978643417358,5.545743942260742
165,51.823,200,4,140.0422821044922,-229.41871643066406,-82.63768768310547,-239.9685516357422,93.27056884765625,-230.48953247070312,5.534582357406617,5.49409294128418
166,52.131,200,4,140.0422821044922,-229.41871643066406,-82.63768768310547,-239.9685516357422,-52.55584716796875,-228.54637145996094,5.557370138168335,5.566672325134277
167,52.433,200,4,140.0422821044922,-229.41871643066406,-80.72652435302734,-240.0355224609375,145.06500244140625,-240.8696746826172,5.54009934425354,5.544068336486816
168,52.724,200,4,140.0422821044922,-229.41871643066406,-80.72652435302734,-240.0355224609375,174.5014190673828,-241.513671875,5.540010967254639,5.604706287384033
169,53.027,200,4,140.0422821044922,-229.41871643066406,-80.09532928466797,-239.83103942871094,132.45632934570312,-230.43409729003906,5.546501340866089,5.470065593719482
170,53.323,200,4,140.0422821044922,-229.41871643066406,-80.09532928466797,-239.83103942871094,165.45510864257812,-240.3345184326172,5.543945903778076,5.400826454162598
171,53.629,200,4,140.0422821044922,-229.41871643066406,-81.57913208007812,-239.91098022460938,168.36219787597656,-240.0242156982422,5.549668016433716,5.630962371826172
172,53.928,200,4,140.0422821044922,-229.41871643066406,-81.57913208007812,-239.91098022460938,147.84939575195312,-240.909423828125,5.526682567596436,5.465505599975586
173,54.246,200,5,140.0422821044922,-229.41871643066406,-82.57855224609375,-239.64234924316406,16.166908264160156,-229.19630432128906,5.527690401077271,5.54421329498291
174,54.546,200,5,140.0422821044922,-229.41871643066406,-82.57855224609375,-239.64234924316406,26.68328094482422,-228.09323120117188,5.520662870407104,5.583806037902832
175,54.862,200,5,140.0422821044922,-229.41871643066406,-84.17913055419922,-239.58531188964844,149.84194946289062,-239.2887420654297,5.513858709335327,5.454142093658447
176,55.169,200,5,140.0422821044922,-229.41871643066406,-84.17913055419922,-239.58531188964844,120.69584655761719,-230.56117248535156,5.508413200378418,5.671382904052734
177,55.484,200,5,140.0422821044922,-229.41871643066406,-83.16290283203125,-239.78085327148438,157.70635986328125,-240.525634765625,5.5071056365966795,5.394351959228516
178,55.789,200,5,140.0422821044922,-229.41871643066406,-83.16290283203125,-239.78085327148438,-67.78369903564453,-228.98863220214844,5.530180130004883,5.403113842010498
179,56.105,200,4,85.68925476074219,-229.41871643066406,-84.06653594970703,-239.81800842285156,173.5482940673828,-240.7350616455078,5.501398334503174,5.638820648193359
180,56.421,200,4,85.68925476074219,-229.41871643066406,-84.06653594970703,-239.81800842285156,-65.47145080566406,-229.3118133544922,5.491709041595459,5.550280570983887
181,56.757,200,5,88.0391616821289,-229.41871643066406,-85.60842895507812,-239.72727966308594,-65.56211853027344,-229.34671020507812,5.492638130187988,5.484434127807617
182,57.063,200,5,88.0391616821289,-229.41871643066406,-85.60842895507812,-239.72727966308594,11.316129684448242,-230.5094451904297,5.505524024963379,5.511651992797852
183,57.377,200,5,88.0391616821289,-229.41871643066406,-85.92083740234375,-239.68051147460938,86.04029846191406,-231.51669311523438,5.498798503875732,5.483892440795898
184,57.695,200,5,88.0391616821289,-229.41871643066406,-85.92083740234375,-239.68051147460938,97.92546081542969,-232.23944091796875,5.486010866165161,5.374638080596924
185,58.003,200,5,88.0391616821289,-229.41871643066406,-86.6344985961914,-239.68734741210938,-59.08906555175781,-229.17298889160156,5.4873858833312985,5.451030731201172
186,58.311,200,5,88.0391616821289,-229.41871643066406,-86.6344985961914,-239.68734741210938,-53.23650360107422,-228.8345489501953,5.480601806640625,5.504927158355713
187,58.625,200,5,88.0391616821289,-229.41871643066406,-87.27813720703125,-239.74160766601562,113.68099212646484,-232.5076446533203,5.475639591217041,5.451754570007324
188,58.933,200,5,88.0391616821289,-229.41871643066406,-87.27813720703125,-239.74160766601562,22.933374404907227,-230.5843048095703,5.474876985549927,5.546084880828857
189,59.247,200,5,88.0391616821289,-229.41871643066406,-88.26397705078125,-239.7654266357422,8.666465759277344,-230.51866149902344,5.474645509719848,5.492103099822998
190,59.555,200,5,88.0391616821289,-229.41871643066406,-88.26397705078125,-239.7654266357422,108.42333221435547,-232.1187286376953,5.481367683410644,5.468080520629883
191,59.87,200,5,88.0391616821289,-229.41871643066406,-88.83970642089844,-239.56719970703125,94.10307312011719,-232.29208374023438,5.48301329612732,5.372552871704102
192,60.179,200,5,88.0391616821289,-229.41871643066406,-88.83970642089844,-239.56719970703125,-63.41913604736328,-229.09214782714844,5.460746231079102,5.372751712799072
193,60.497,200,5,88.0391616821289,-229.41871643066406,-89.9873046875,-239.48512268066406,6.901555061340332,-229.30433654785156,5.461801748275757,5.482596397399902
194,60.802,200,5,88.0391616821289,-229.41871643066406,-89.9873046875,-239.48512268066406,-39.251922607421875,-229.31170654296875,5.433848390579223,5.275753021240234
195,61.117,200,5,88.0391616821289,-229.41871643066406,-90.08963012695312,-239.5541229248047,99.53143310546875,-231.54037475585938,5.45376443862915,5.4612016677856445
196,61.421,200,5,88.0391616821289,-229.41871643066406,-90.08963012695312,-239.5541229248047,112.15965270996094,-232.04736328125,5.433033275604248,5.4601149559021
197,61.735,200,5,88.0391616821289,-229.41871643066406,-89.03968048095703,-239.5052490234375,-64.8978271484375,-229.07467651367188,5.478754329681396,5.497223854064941
198,62.041,200,5,88.0391616821289,-229.41871643066406,-89.03968048095703,-239.5052490234375,131.76502990722656,-232.32264709472656,5.448579111099243,5.610508918762207
199,62.354,200,5,88.0391616821289,-229.41871643066406,-89.73186492919922,-239.5029754638672,105.31523895263672,-232.4912567138672,5.42157301902771,5.379469394683838
200,62.659,200,5,88.0391616821289,-229.41871643066406,-89.73186492919922,-239.5029754638672,14.239828109741211,-230.32806396484375,5.452735233306885,5.406665802001953
1,0.305,4,3,-41.692684173583984,-307.51568603515625,-126.2529296875,-311.8852844238281,-10.217323303222656,-1.2056376934051514,6.591048221588135,6.509558200836182
2,0.604,4,3,-41.692684173583984,-307.51568603515625,-126.2529296875,-311.8852844238281,5.562215805053711,1.8096094131469727,6.539843921661377,6.507384300231934
3,0.906,8,2,-16.568613052368164,-218.47377014160156,-91.44132995605469,-266.80169677734375,-1.667126178741455,-1.2244985103607178,6.046744356155395,6.105614185333252
4,1.202,8,2,-16.568613052368164,-218.47377014160156,-91.44132995605469,-266.80169677734375,-24.240678787231445,-218.2770538330078,6.0322197151184085,6.114274978637695
5,1.504,12,3,115.71221160888672,-218.47377014160156,-64.49903869628906,-258.84619140625,-15.937602043151855,-220.61732482910156,5.949285011291504,5.976813793182373
6,1.801,12,3,115.71221160888672,-218.47377014160156,-64.49903869628906,-258.84619140625,126.986083984375,-239.60903930664062,5.953947677612304,6.001221656799316
7,2.105,16,4,115.71221160888672,-218.47377014160156,-57.67988204956055,-253.13433837890625,127.53995513916016,-238.00823974609375,5.890841360092163,5.8445725440979
8,2.402,16,4,115.71221160888672,-218.47377014160156,-57.67988204956055,-253.13433837890625,99.9251480102539,-235.68504333496094,5.869617357254028,5.870664596557617
9,2.707,20,4,115.71221160888672,-218.47377014160156,-50.48612594604492,-251.0545654296875,120.81790161132812,-239.49818420410156,5.857880868911743,5.92842960357666
10,3.003,20,4,115.71221160888672,-218.47377014160156,-50.48612594604492,-251.0545654296875,134.31036376953125,-239.71359252929688,5.860036420822143,5.8894195556640625
11,3.31,24,5,115.71221160888672,-218.47377014160156,-47.31283187866211,-248.3639678955078,146.62127685546875,-237.23521423339844,5.837059898376465,5.862882137298584
12,3.632,24,5,115.71221160888672,-218.47377014160156,-47.31283187866211,-248.3639678955078,124.17878723144531,-235.80455017089844,5.8360682964324955,5.869710445404053
13,3.938,28,6,115.71221160888672,-218.47377014160156,-44.381370544433594,-246.65809631347656,123.40904235839844,-240.69979858398438,5.795928726196289,5.75847053527832
14,4.237,28,6,115.71221160888672,-218.47377014160156,-44.381370544433594,-246.65809631347656,3.9697017669677734,-218.97959899902344,5.79979305267334,5.750382900238037
15,4.542,32,6,115.71221160888672,-218.47377014160156,-39.179988861083984,-247.31143188476562,-13.384373664855957,-215.55213928222656,5.817426166534424,5.71864128112793
16,4.84,32,6,115.71221160888672,-218.47377014160156,-39.179988861083984,-247.31143188476562,138.52413940429688,-240.37306213378906,5.833760995864868,5.725287437438965
17,5.146,36,6,115.71221160888672,-218.47377014160156,-48.00675582885742,-247.62600708007812,32.42411422729492,-233.46766662597656,5.8107570552825925,5.867176532745361
18,5.444,36,6,115.71221160888672,-218.47377014160156,-48.00675582885742,-247.62600708007812,-13.260503768920898,-217.6378173828125,5.817461442947388,5.998430252075195
19,5.751,40,6,119.2938461303711,-218.47377014160156,-43.53456497192383,-247.01010131835938,123.13265991210938,-237.8339080810547,5.808349151611328,5.879310607910156
20,6.072,40,6,119.2938461303711,-218.47377014160156,-43.53456497192383,-247.01010131835938,-19.95847511291504,-217.21315002441406,5.809694738388061,5.840174674987793
21,6.393,44,6,119.2938461303711,-218.47377014160156,-43.95487594604492,-247.1183624267578,-24.560754776000977,-218.23060607910156,5.828336410522461,5.760759353637695
22,6.701,44,6,119.2938461303711,-218.47377014160156,-43.95487594604492,-247.1183624267578,77.52119445800781,-236.7592315673828,5.814443464279175,5.749669551849365
23,7.015,48,7,119.2938461303711,-218.47377014160156,-45.171085357666016,-246.306640625,135.3241729736328,-238.3032989501953,5.7957825756073,5.86258602142334
24,7.316,48,7,119.2938461303711,-218.47377014160156,-45.171085357666016,-246.306640625,141.05715942382812,-235.3512420654297,5.799602613449097,5.821368217468262
25,7.624,52,7,119.2938461303711,-218.47377014160156,-51.544822692871094,-246.09519958496094,-0.688048243522644,-216.40882873535156,5.809247837066651,5.76900577545166
26,7.927,52,7,119.2938461303711,-218.47377014160156,-51.544822692871094,-246.09519958496094,-19.594261169433594,-215.6499481201172,5.792215480804443,5.786495685577393
27,8.229,56,7,119.2938461303711,-218.47377014160156,-52.04887008666992,-246.2464141845703,-12.417695045471191,-218.09719848632812,5.795505657196045,5.840466499328613
28,8.54,56,7,119.2938461303711,-218.47377014160156,-52.04887008666992,-246.2464141845703,-21.187347412109375,-217.0147705078125,5.8169437026977535,5.9538445472717285
29,8.842,60,7,119.2938461303711,-218.47377014160156,-45.94391632080078,-246.08534240722656,-11.629340171813965,-220.68609619140625,5.810262002944946,5.73408842086792
30,9.145,60,7,119.2938461303711,-218.47377014160156,-45.94391632080078,-246.08534240722656,-0.23168809711933136,-219.6666717529297,5.798956718444824,5.7762861251831055
31,9.457,64,7,119.2938461303711,-218.47377014160156,-44.91535186767578,-245.68606567382812,126.19295501708984,-238.0222625732422,5.7829123306274415,5.750497817993164
32,9.792,64,7,119.2938461303711,-218.47377014160156,-44.91535186767578,-245.68606567382812,140.21823120117188,-236.57077026367188,5.807857837677002,5.7368364334106445
33,10.11,68,7,119.2938461303711,-218.47377014160156,-45.091190338134766,-245.5245361328125,-14.2304105758667,-219.87364196777344,5.786469554901123,5.871099472045898
34,10.417,68,7,119.2938461303711,-218.47377014160156,-45.091190338134766,-245.5245361328125,128.12286376953125,-237.2776641845703,5.796971054077148,5.85569953918457
35,10.726,72,7,119.2938461303711,-218.47377014160156,-47.34871292114258,-245.50054931640625,-18.365144729614258,-217.1748046875,5.785615234375,5.715097427368164
36,11.027,72,7,119.2938461303711,-218.47377014160156,-47.34871292114258,-245.50054931640625,130.99656677246094,-233.36280822753906,5.778932104110718,5.641445159912109
37,11.336,76,7,119.2938461303711,-218.47377014160156,-46.58212661743164,-245.4613800048828,161.0592041015625,-235.151123046875,5.77177622795105,5.72076940536499
38,11.638,76,7,119.2938461303711,-218.47377014160156,-46.58212661743164,-245.4613800048828,9.120311737060547,-232.72357177734375,5.7940157032012936,5.760627269744873
39,11.947,80,7,119.2938461303711,-218.47377014160156,-49.210384368896484,-245.2353515625,125.03726959228516,-237.34275817871094,5.797485637664795,5.838778495788574
40,12.254,80,7,119.2938461303711,-218.47377014160156,-49.210384368896484,-245.2353515625,-23.65627098083496,-217.74270629882812,5.784821262359619,5.8223557472229
41,12.566,84,7,119.2938461303711,-218.47377014160156,-48.41098403930664,-245.2188720703125,19.39242935180664,-233.6024627685547,5.779544897079468,5.957873344421387
42,12.872,84,7,119.2938461303711,-218.47377014160156,-48.41098403930664,-245.2188720703125,120.62841796875,-235.90882873535156,5.760729112625122,5.832233428955078
43,13.183,88,7,119.2938461303711,-218.47377014160156,-47.45046615600586,-245.26327514648438,8.039446830749512,-230.65841674804688,5.776122550964356,5.712165832519531
44,13.492,88,7,119.2938461303711,-218.47377014160156,-47.45046615600586,-245.26327514648438,137.39334106445312,-235.55491638183594,5.773784379959107,5.779179573059082
45,13.809,92,7,119.2938461303711,-218.47377014160156,-50.965187072753906,-245.46409606933594,87.86647033691406,-232.89828491210938,5.791739797592163,5.836750507354736
46,14.111,92,7,119.2938461303711,-218.47377014160156,-50.965187072753906,-245.46409606933594,157.4249267578125,-237.53639221191406,5.748275279998779,5.857530117034912
47,14.425,96,7,119.2938461303711,-218.47377014160156,-55.78212356567383,-245.5654296875,6.310048580169678,-234.6840362548828,5.796093759536743,5.776474952697754
48,14.741,96,7,119.2938461303711,-218.47377014160156,-55.78212356567383,-245.5654296875,82.47187805175781,-234.05567932128906,5.762503547668457,5.904267311096191
49,15.057,100,7,119.2938461303711,-218.47377014160156,-55.06142044067383,-245.6326141357422,131.3246612548828,-235.3562774658203,5.766255464553833,5.884321212768555
50,15.36,100,7,119.2938461303711,-218.47377014160156,-55.06142044067383,-245.6326141357422,71.43196868896484,-234.81448364257812,5.791181592941284,5.915552139282227
51,15.691,104,7,119.2938461303711,-218.47377014160156,-54.010719299316406,-245.52989196777344,85.26082611083984,-234.86083984375,5.783113842010498,5.6627655029296875
52,16.155,104,7,119.2938461303711,-218.47377014160156,-54.010719299316406,-245.52989196777344,154.4949493408203,-236.34286499023438,5.761381502151489,5.874617576599121
53,16.533,108,7,119.2938461303711,-218.47377014160156,-56.98252868652344,-245.38229370117188,83.15336608886719,-236.53504943847656,5.789255437850952,5.8700761795043945
54,16.868,108,7,119.2938461303711,-218.47377014160156,-56.98252868652344,-245.38229370117188,5.151998519897461,-234.7605743408203,5.774641599655151,5.696390151977539
55,17.218,112,7,119.2938461303711,-218.47377014160156,-57.5329704284668,-245.2431640625,126.52095031738281,-238.2529754638672,5.783652811050415,5.718082904815674
56,17.565,112,7,119.2938461303711,-218.47377014160156,-57.5329704284668,-245.2431640625,0.7134898900985718,-220.38214111328125,5.766954078674316,5.947782516479492
57,17.887,116,7,119.2938461303711,-218.47377014160156,-58.8240852355957,-245.0289764404297,121.85646057128906,-237.4479522705078,5.77535267829895,5.80446720123291
58,18.195,116,7,119.2938461303711,-218.47377014160156,-58.8240852355957,-245.0289764404297,22.931917190551758,-235.15972900390625,5.775267925262451,5.813405990600586
59,18.511,120,7,119.2938461303711,-218.47377014160156,-60.43901062011719,-245.00779724121094,-25.491714477539062,-216.56455993652344,5.765878715515137,5.798973083496094
60,18.816,120,7,119.2938461303711,-218.47377014160156,-60.43901062011719,-245.00779724121094,69.44390106201172,-236.04197692871094,5.7578950881958,5.718543529510498
61,19.133,124,6,119.2938461303711,-218.47377014160156,-62.45882034301758,-244.5513916015625,-13.085580825805664,-217.8511199951172,5.760899496078491,5.741225242614746
62,19.439,124,6,119.2938461303711,-218.47377014160156,-62.45882034301758,-244.5513916015625,73.90037536621094,-226.01470947265625,5.747583951950073,5.69890022277832
63,19.754,128,6,119.2938461303711,-218.47377014160156,-64.56361389160156,-244.60305786132812,-4.620059013366699,-217.53976440429688,5.750321559906006,5.700251579284668
64,20.061,128,6,119.2938461303711,-218.47377014160156,-64.56361389160156,-244.60305786132812,10.908400535583496,-218.14146423339844,5.7535992622375485,5.682004928588867
65,20.376,132,6,119.2938461303711,-218.47377014160156,-65.44085693359375,-244.4851837158203,0.4290676712989807,-218.082763671875,5.757352542877197,5.740466594696045
66,20.68,132,6,119.2938461303711,-218.47377014160156,-65.44085693359375,-244.4851837158203,57.94855880737305,-222.6813201904297,5.754303016662598,5.666359901428223
67,21.061,136,6,119.2938461303711,-218.47377014160156,-67.17626190185547,-244.30934143066406,132.10704040527344,-237.31097412109375,5.7393756771087645,5.788558483123779
68,21.365,136,6,119.2938461303711,-218.47377014160156,-67.17626190185547,-244.30934143066406,124.83695220947266,-236.0380096435547,5.743604021072388,5.723455429077148
69,21.675,140,6,119.2938461303711,-218.47377014160156,-67.13395690917969,-244.3939666748047,129.3785858154297,-237.77198791503906,5.750775747299194,5.532530784606934
70,21.977,140,6,119.2938461303711,-218.47377014160156,-67.13395690917969,-244.3939666748047,-2.5151805877685547,-217.67868041992188,5.780862665176391,5.789837837219238
71,22.292,144,6,119.2938461303711,-218.47377014160156,-67.51460266113281,-244.23211669921875,-11.94878101348877,-218.2765350341797,5.755608701705933,5.818367004394531
72,22.599,144,6,119.2938461303711,-218.47377014160156,-67.51460266113281,-244.23211669921875,142.87159729003906,-237.05291748046875,5.748230104446411,5.708896636962891
73,22.912,148,6,119.2938461303711,-218.47377014160156,-66.69312286376953,-244.3564453125,119.81585693359375,-235.16763305664062,5.741187744140625,5.738387584686279
74,23.217,148,6,119.2938461303711,-218.47377014160156,-66.69312286376953,-244.3564453125,65.1072769165039,-224.6907196044922,5.755221929550171,5.8209075927734375
75,23.556,152,6,119.2938461303711,-218.47377014160156,-66.5865249633789,-244.35629272460938,72.06414794921875,-224.10797119140625,5.743898601531982,5.730949401855469
76,23.86,152,6,119.2938461303711,-218.47377014160156,-66.5865249633789,-244.35629272460938,-13.74886703491211,-216.93942260742188,5.738441457748413,5.765725135803223
77,24.172,156,6,119.2938461303711,-218.47377014160156,-67.2794189453125,-244.19140625,-18.198118209838867,-216.291259765625,5.755661249160767,5.766341686248779
78,24.476,156,6,119.2938461303711,-218.47377014160156,-67.2794189453125,-244.19140625,68.25789642333984,-226.48663330078125,5.738792009353638,5.696531772613525
79,24.789,160,7,140.0422821044922,-218.47377014160156,-66.38660430908203,-244.1343994140625,-9.003427505493164,-216.70030212402344,5.746915130615235,5.720571041107178
80,25.093,160,7,140.0422821044922,-218.47377014160156,-66.38660430908203,-244.1343994140625,158.9790802001953,-238.95774841308594,5.7500673770904545,5.814384460449219
81,25.41,164,7,140.0422821044922,-218.47377014160156,-65.08735656738281,-243.9872283935547,145.36634826660156,-241.16665649414062,5.779229469299317,5.690341472625732
82,25.719,164,7,140.0422821044922,-218.47377014160156,-65.08735656738281,-243.9872283935547,7.870750904083252,-215.92958068847656,5.754352045059204,5.778755187988281
83,26.039,168,7,140.0422821044922,-218.47377014160156,-64.83189392089844,-243.9967498779297,62.46697998046875,-226.32247924804688,5.744769563674927,5.691341400146484
84,26.354,168,7,140.0422821044922,-218.47377014160156,-64.83189392089844,-243.9967498779297,-17.17668342590332,-218.43124389648438,5.742047891616822,5.638296127319336
85,26.839,172,7,140.0422821044922,-218.47377014160156,-64.62230682373047,-243.85565185546875,144.2630157470703,-237.44761657714844,5.747205686569214,5.938342094421387
86,27.155,172,7,140.0422821044922,-218.47377014160156,-64.62230682373047,-243.85565185546875,146.73599243164062,-239.27333068847656,5.751177701950073,5.710057258605957
87,27.468,176,7,140.0422821044922,-218.47377014160156,-65.16899108886719,-243.67758178710938,-18.118635177612305,-217.35011291503906,5.739376516342163,5.781428337097168
88,27.773,176,7,140.0422821044922,-218.47377014160156,-65.16899108886719,-243.67758178710938,-2.719155788421631,-216.6524200439453,5.7366557312011714,5.726642608642578
89,28.086,180,7,140.0422821044922,-218.47377014160156,-65.49056243896484,-243.6329803466797,90.64808654785156,-234.6565399169922,5.718316574096679,5.689084053039551
90,28.392,180,7,140.0422821044922,-218.47377014160156,-65.49056243896484,-243.6329803466797,-5.700757026672363,-217.0514373779297,5.723624858856201,5.817086696624756
91,28.739,184,7,140.0422821044922,-218.47377014160156,-66.71495056152344,-243.6067657470703,151.82350158691406,-239.62887573242188,5.716976337432861,5.84711217880249
92,29.066,184,7,140.0422821044922,-218.47377014160156,-66.71495056152344,-243.6067657470703,87.16676330566406,-224.72352600097656,5.736614227294922,5.752542972564697
93,29.381,188,6,140.0422821044922,-218.47377014160156,-66.06948852539062,-243.5101776123047,121.8470230102539,-237.85369873046875,5.722349720001221,5.781252861022949
94,29.688,188,6,140.0422821044922,-218.47377014160156,-66.06948852539062,-243.5101776123047,140.69276428222656,-241.198486328125,5.73774787902832,5.815944671630859
95,30.002,192,6,140.0422821044922,-218.47377014160156,-65.8806381225586,-243.4532470703125,-8.607220649719238,-217.49794006347656,5.738455057144165,5.686150550842285
96,30.309,192,6,140.0422821044922,-218.47377014160156,-65.8806381225586,-243.4532470703125,160.212646484375,-241.0988311767578,5.721635036468506,5.797912120819092
97,30.624,196,6,140.0422821044922,-218.47377014160156,-67.16246795654297,-243.33290100097656,57.80723190307617,-223.9564971923828,5.721351156234741,5.751823425292969
98,30.931,196,6,140.0422821044922,-218.47377014160156,-67.16246795654297,-243.33290100097656,61.303321838378906,-222.73980712890625,5.721421890258789,5.636753082275391
99,31.244,200,6,140.0422821044922,-218.47377014160156,-67.83024597167969,-243.19467163085938,67.01993560791016,-224.6912078857422,5.723440427780151,5.745104789733887
100,31.55,200,6,140.0422821044922,-218.47377014160156,-67.83024597167969,-243.19467163085938,-15.17958927154541,-217.07052612304688,5.720168590545654,5.835198402404785
101,31.865,200,6,140.0422821044922,-218.47377014160156,-66.97669219970703,-241.73631286621094,164.13465881347656,-235.5908203125,5.701467361450195,5.722072601318359
102,32.172,200,6,140.0422821044922,-218.47377014160156,-66.97669219970703,-241.73631286621094,-10.95521068572998,-218.36123657226562,5.699493541717529,5.733303546905518
103,32.488,200,4,140.0422821044922,-226.73171997070312,-68.3769302368164,-242.15512084960938,174.56509399414062,-239.82606506347656,5.678099966049194,5.708446502685547
104,32.795,200,4,140.0422821044922,-226.73171997070312,-68.3769302368164,-242.15512084960938,159.74685668945312,-240.69627380371094,5.7014555072784425,5.69340705871582
105,33.109,200,4,140.0422821044922,-226.73171997070312,-69.13775634765625,-242.0790252685547,61.7803840637207,-222.8605499267578,5.687460527420044,5.574777603149414
106,33.415,200,4,140.0422821044922,-226.73171997070312,-69.13775634765625,-242.0790252685547,78.94092559814453,-234.7909393310547,5.697347860336304,5.798533916473389
107,33.732,200,4,140.0422821044922,-226.73171997070312,-68.27706146240234,-242.14642333984375,148.79144287109375,-240.55799865722656,5.701523685455323,5.52980375289917
108,34.038,200,4,140.0422821044922,-226.73171997070312,-68.27706146240234,-242.14642333984375,85.26803588867188,-232.8918914794922,5.694675788879395,5.713586807250977
109,34.354,200,4,140.0422821044922,-226.73171997070312,-70.56040954589844,-242.17481994628906,143.88182067871094,-240.0068359375,5.688418083190918,5.52516508102417
110,34.661,200,4,140.0422821044922,-226.73171997070312,-70.56040954589844,-242.17481994628906,121.5682601928711,-238.13648986816406,5.680799903869629,5.591994762420654
111,34.978,200,4,140.0422821044922,-226.73171997070312,-71.12268829345703,-242.25238037109375,63.87890625,-226.6854248046875,5.673205146789551,5.6795244216918945
112,35.286,200,4,140.0422821044922,-226.73171997070312,-71.12268829345703,-242.25238037109375,124.11524963378906,-237.21249389648438,5.6986838054656985,5.682068347930908
113,35.601,200,4,140.0422821044922,-226.73171997070312,-72.84943389892578,-242.27850341796875,69.90837860107422,-224.67713928222656,5.695686445236206,5.602610111236572
114,35.907,200,4,140.0422821044922,-226.73171997070312,-72.84943389892578,-242.27850341796875,153.1438446044922,-239.08322143554688,5.684981765747071,5.786398887634277
115,36.219,200,4,140.0422821044922,-226.73171997070312,-75.10871124267578,-242.04434204101562,59.963741302490234,-226.3332977294922,5.694327249526977,5.616660118103027
116,36.526,200,4,140.0422821044922,-226.73171997070312,-75.10871124267578,-242.04434204101562,65.48099517822266,-225.74896240234375,5.665910005569458,5.645780563354492
117,36.845,200,4,140.0422821044922,-226.73171997070312,-74.54814147949219,-241.70452880859375,62.88367462158203,-226.3370361328125,5.6643417453765865,5.54910945892334
118,37.155,200,4,140.0422821044922,-226.73171997070312,-74.54814147949219,-241.70452880859375,144.90682983398438,-240.5834197998047,5.678235015869141,5.711790084838867
119,37.471,200,4,140.0422821044922,-226.73171997070312,-75.49105834960938,-241.75570678710938,142.33360290527344,-239.58233642578125,5.679660215377807,5.698090076446533
120,37.779,200,4,140.0422821044922,-226.73171997070312,-75.49105834960938,-241.75570678710938,90.7991943359375,-241.04986572265625,5.661677207946777,5.629179000854492
121,38.096,200,4,140.0422821044922,-226.73171997070312,-77.07489013671875,-241.45590209960938,61.31250762939453,-226.63079833984375,5.6571055603027345,5.5557050704956055
122,38.405,200,4,140.0422821044922,-226.73171997070312,-77.07489013671875,-241.45590209960938,83.49617767333984,-233.2183837890625,5.65287302017212,5.619646072387695
123,38.724,200,4,140.0422821044922,-226.73171997070312,-78.74134826660156,-241.58460998535156,80.6686019897461,-240.09642028808594,5.674875230789184,5.710996150970459
124,39.032,200,4,140.0422821044922,-226.73171997070312,-78.74134826660156,-241.58460998535156,85.81828308105469,-224.717041015625,5.65195969581604,5.731072425842285
125,39.347,200,4,140.0422821044922,-226.73171997070312,-77.6685562133789,-241.4630126953125,57.67283248901367,-224.8429412841797,5.640705709457397,5.684397220611572
126,39.656,200,4,140.0422821044922,-226.73171997070312,-77.6685562133789,-241.4630126953125,60.39480972290039,-226.0113525390625,5.6781939601898195,5.7652587890625
127,39.971,200,3,140.0422821044922,-226.73171997070312,-78.34147644042969,-241.1925811767578,76.0342788696289,-234.80633544921875,5.641154327392578,5.5538129806518555
128,40.278,200,3,140.0422821044922,-226.73171997070312,-78.34147644042969,-241.1925811767578,145.76783752441406,-238.53208923339844,5.670759410858154,5.614259719848633
129,40.657,200,3,140.0422821044922,-226.73171997070312,-81.4356918334961,-241.08230590820312,60.8281364440918,-225.52223205566406,5.663157739639282,5.775397777557373
130,40.963,200,3,140.0422821044922,-226.73171997070312,-81.4356918334961,-241.08230590820312,63.210174560546875,-226.684814453125,5.630581159591674,5.586794853210449
131,41.282,200,3,140.0422821044922,-226.73171997070312,-82.1917953491211,-240.99453735351562,63.35942459106445,-225.46600341796875,5.638957052230835,5.607942581176758
132,41.601,200,3,140.0422821044922,-226.73171997070312,-82.1917953491211,-240.99453735351562,152.7397918701172,-239.55479431152344,5.6377467441558835,5.744229316711426
133,41.909,200,3,140.0422821044922,-226.73171997070312,-83.794677734375,-240.79776000976562,57.62211608886719,-223.6907501220703,5.630303707122803,5.677128791809082
134,42.216,200,3,140.0422821044922,-226.73171997070312,-83.794677734375,-240.79776000976562,58.51127243041992,-225.4484100341797,5.648416624069214,5.671683311462402
135,42.532,200,3,140.0422821044922,-226.73171997070312,-83.19575500488281,-240.65029907226562,62.88056564331055,-226.01158142089844,5.634124031066895,5.673758506774902
136,42.838,200,3,140.0422821044922,-226.73171997070312,-83.19575500488281,-240.65029907226562,62.54293441772461,-226.53604125976562,5.6470444393157955,5.751736164093018
137,43.153,200,3,140.0422821044922,-226.73171997070312,-83.89529418945312,-240.56419372558594,86.21035766601562,-230.5880126953125,5.636415100097656,5.543945789337158
138,43.461,200,3,140.0422821044922,-226.73171997070312,-83.89529418945312,-240.56419372558594,66.93516540527344,-226.67547607421875,5.620559587478637,5.51934814453125
139,43.779,200,3,140.0422821044922,-226.73171997070312,-83.04791259765625,-240.580078125,149.06423950195312,-240.4230499267578,5.627585458755493,5.652406692504883
140,44.085,200,3,140.0422821044922,-226.73171997070312,-83.04791259765625,-240.580078125,147.07362365722656,-241.322998046875,5.606640043258667,5.557453155517578
141,44.401,200,3,140.0422821044922,-226.73171997070312,-84.72203063964844,-240.39398193359375,63.71356201171875,-225.05856323242188,5.594528131484985,5.644252300262451
142,44.733,200,3,140.0422821044922,-226.73171997070312,-84.72203063964844,-240.39398193359375,148.1748504638672,-239.40628051757812,5.609410991668701,5.712245941162109
143,45.047,200,3,140.0422821044922,-226.73171997070312,-86.66382598876953,-240.34243774414062,77.28845977783203,-225.92037963867188,5.624480962753296,5.6321001052856445
144,45.353,200,3,140.0422821044922,-226.73171997070312,-86.66382598876953,-240.34243774414062,62.53119659423828,-224.6295166015625,5.605371866226196,5.771839618682861
145,45.669,200,3,140.0422821044922,-226.73171997070312,-85.58190155029297,-240.2270965576172,62.98558044433594,-225.50885009765625,5.593074951171875,5.6440534591674805
146,45.982,200,3,140.0422821044922,-226.73171997070312,-85.58190155029297,-240.2270965576172,67.41475677490234,-226.48562622070312,5.613395624160766,5.601057052612305
147,46.298,200,3,140.0422821044922,-226.73171997070312,-84.12957000732422,-240.22039794921875,140.87710571289062,-241.45030212402344,5.624838695526123,5.632226467132568
148,46.604,200,3,140.0422821044922,-226.73171997070312,-84.12957000732422,-240.22039794921875,145.57640075683594,-240.31150817871094,5.586844606399536,5.480548858642578
149,46.92,200,3,140.0422821044922,-226.73171997070312,-84.85324096679688,-240.03363037109375,60.587249755859375,-223.89036560058594,5.586675796508789,5.701229095458984
150,47.227,200,3,140.0422821044922,-226.73171997070312,-84.85324096679688,-240.03363037109375,57.49427032470703,-225.48898315429688,5.5839017963409425,5.662113666534424
151,47.543,200,3,140.0422821044922,-226.73171997070312,-85.38260650634766,-240.18417358398438,144.38876342773438,-240.56173706054688,5.583077363967895,5.481341361999512
152,47.851,200,3,140.0422821044922,-226.73171997070312,-85.38260650634766,-240.18417358398438,153.1219482421875,-239.89048767089844,5.599606771469116,5.5640764236450195
153,48.166,200,3,140.0422821044922,-226.73171997070312,-84.01537322998047,-240.1677703857422,57.4880485534668,-225.95907592773438,5.567999267578125,5.5953192710876465
154,48.477,200,3,140.0422821044922,-226.73171997070312,-84.01537322998047,-240.1677703857422,101.80470275878906,-230.74183654785156,5.575091190338135,5.556562900543213
155,48.792,200,3,140.0422821044922,-226.73171997070312,-84.54053497314453,-240.2177276611328,158.69224548339844,-239.50927734375,5.597057657241821,5.519001483917236
156,49.098,200,3,140.0422821044922,-226.73171997070312,-84.54053497314453,-240.2177276611328,80.17240142822266,-226.67422485351562,5.59299789428711,5.502399921417236
157,49.414,200,3,140.0422821044922,-226.73171997070312,-84.65849304199219,-240.08180236816406,70.0931167602539,-224.62831115722656,5.590101308822632,5.6364216804504395
158,49.722,200,3,140.0422821044922,-226.73171997070312,-84.65849304199219,-240.08180236816406,91.62157440185547,-231.48483276367188,5.585409889221191,5.504408836364746
159,50.038,200,3,140.0422821044922,-226.73171997070312,-84.8465347290039,-239.93003845214844,58.77957534790039,-226.35964965820312,5.570673151016235,5.626833915710449
160,50.346,200,3,140.0422821044922,-226.73171997070312,-84.8465347290039,-239.93003845214844,59.457054138183594,-226.36888122558594,5.565891819000244,5.583616733551025
161,50.662,200,4,140.0422821044922,-229.41871643066406,-83.51293182373047,-240.2090606689453,148.14239501953125,-239.13270568847656,5.544422693252564,5.5105695724487305
162,50.97,200,4,140.0422821044922,-229.41871643066406,-83.51293182373047,-240.2090606689453,-33.96826934814453,-227.11390686035156,5.57008924484253,5.57882833480835
163,51.287,200,4,140.0422821044922,-229.41871643066406,-81.80382537841797,-240.02691650390625,-58.91654586791992,-228.71165466308594,5.562771682739258,5.655077934265137
164,51.592,200,4,140.0422821044922,-229.41871643066406,-81.80382537841797,-240.02691650390625,149.4046630859375,-239.49330139160156,5.558978643417358,5.545743942260742
165,51.907,200,4,140.0422821044922,-229.41871643066406,-82.63768768310547,-239.9685516357422,93.27056884765625,-230.48953247070312,5.534582357406617,5.49409294128418
166,52.216,200,4,140.0422821044922,-229.41871643066406,-82.63768768310547,-239.9685516357422,-52.55584716796875,-228.54637145996094,5.557370138168335,5.566672325134277
167,52.532,200,4,140.0422821044922,-229.41871643066406,-80.72652435302734,-240.0355224609375,145.06500244140625,-240.8696746826172,5.54009934425354,5.544068336486816
168,52.839,200,4,140.0422821044922,-229.41871643066406,-80.72652435302734,-240.0355224609375,174.5014190673828,-241.513671875,5.540010967254639,5.604706287384033
169,53.154,200,4,140.0422821044922,-229.41871643066406,-80.09532928466797,-239.83103942871094,132.45632934570312,-230.43409729003906,5.546501340866089,5.470065593719482
170,53.463,200,4,140.0422821044922,-229.41871643066406,-80.09532928466797,-239.83103942871094,165.45510864257812,-240.3345184326172,5.543945903778076,5.400826454162598
171,53.782,200,4,140.0422821044922,-229.41871643066406,-81.57913208007812,-239.91098022460938,168.36219787597656,-240.0242156982422,5.549668016433716,5.630962371826172
172,54.098,200,4,140.0422821044922,-229.41871643066406,-81.57913208007812,-239.91098022460938,147.84939575195312,-240.909423828125,5.526682567596436,5.465505599975586
173,54.415,200,5,140.0422821044922,-229.41871643066406,-82.57855224609375,-239.64234924316406,16.166908264160156,-229.19630432128906,5.527690401077271,5.54421329498291
174,54.723,200,5,140.0422821044922,-229.41871643066406,-82.57855224609375,-239.64234924316406,26.68328094482422,-228.09323120117188,5.520662870407104,5.583806037902832
175,55.039,200,5,140.0422821044922,-229.41871643066406,-84.17913055419922,-239.58531188964844,149.84194946289062,-239.2887420654297,5.513858709335327,5.454142093658447
176,55.346,200,5,140.0422821044922,-229.41871643066406,-84.17913055419922,-239.58531188964844,120.69584655761719,-230.56117248535156,5.508413200378418,5.671382904052734
177,55.661,200,5,140.0422821044922,-229.41871643066406,-83.16290283203125,-239.78085327148438,157.70635986328125,-240.525634765625,5.5071056365966795,5.394351959228516
178,55.969,200,5,140.0422821044922,-229.41871643066406,-83.16290283203125,-239.78085327148438,-67.78369903564453,-228.98863220214844,5.530180130004883,5.403113842010498
179,56.284,200,4,85.68925476074219,-229.41871643066406,-84.06653594970703,-239.81800842285156,173.5482940673828,-240.7350616455078,5.501398334503174,5.638820648193359
180,56.591,200,4,85.68925476074219,-229.41871643066406,-84.06653594970703,-239.81800842285156,-65.47145080566406,-229.3118133544922,5.491709041595459,5.550280570983887
181,56.91,200,5,88.0391616821289,-229.41871643066406,-85.60842895507812,-239.72727966308594,-65.56211853027344,-229.34671020507812,5.492638130187988,5.484434127807617
182,57.218,200,5,88.0391616821289,-229.41871643066406,-85.60842895507812,-239.72727966308594,11.316129684448242,-230.5094451904297,5.505524024963379,5.511651992797852
183,57.533,200,5,88.0391616821289,-229.41871643066406,-85.92083740234375,-239.68051147460938,86.04029846191406,-231.51669311523438,5.498798503875732,5.483892440795898
184,57.84,200,5,88.0391616821289,-229.41871643066406,-85.92083740234375,-239.68051147460938,97.92546081542969,-232.23944091796875,5.486010866165161,5.374638080596924
185,58.155,200,5,88.0391616821289,-229.41871643066406,-86.6344985961914,-239.68734741210938,-59.08906555175781,-229.17298889160156,5.4873858833312985,5.451030731201172
186,58.462,200,5,88.0391616821289,-229.41871643066406,-86.6344985961914,-239.68734741210938,-53.23650360107422,-228.8345489501953,5.480601806640625,5.504927158355713
187,58.779,200,5,88.0391616821289,-229.41871643066406,-87.27813720703125,-239.74160766601562,113.68099212646484,-232.5076446533203,5.475639591217041,5.451754570007324
188,59.086,200,5,88.0391616821289,-229.41871643066406,-87.27813720703125,-239.74160766601562,22.933374404907227,-230.5843048095703,5.474876985549927,5.546084880828857
189,59.403,200,5,88.0391616821289,-229.41871643066406,-88.26397705078125,-239.7654266357422,8.666465759277344,-230.51866149902344,5.474645509719848,5.492103099822998
190,59.71,200,5,88.0391616821289,-229.41871643066406,-88.26397705078125,-239.7654266357422,108.42333221435547,-232.1187286376953,5.481367683410644,5.468080520629883
191,60.027,200,5,88.0391616821289,-229.41871643066406,-88.83970642089844,-239.56719970703125,94.10307312011719,-232.29208374023438,5.48301329612732,5.372552871704102
192,60.336,200,5,88.0391616821289,-229.41871643066406,-88.83970642089844,-239.56719970703125,-63.41913604736328,-229.09214782714844,5.460746231079102,5.372751712799072
193,60.651,200,5,88.0391616821289,-229.41871643066406,-89.9873046875,-239.48512268066406,6.901555061340332,-229.30433654785156,5.461801748275757,5.482596397399902
194,60.959,200,5,88.0391616821289,-229.41871643066406,-89.9873046875,-239.48512268066406,-39.251922607421875,-229.31170654296875,5.433848390579223,5.275753021240234
195,61.274,200,5,88.0391616821289,-229.41871643066406,-90.08963012695312,-239.5541229248047,99.53143310546875,-231.54037475585938,5.45376443862915,5.4612016677856445
196,61.582,200,5,88.0391616821289,-229.41871643066406,-90.08963012695312,-239.5541229248047,112.15965270996094,-232.04736328125,5.433033275604248,5.4601149559021
197,61.897,200,5,88.0391616821289,-229.41871643066406,-89.03968048095703,-239.5052490234375,-64.8978271484375,-229.07467651367188,5.478754329681396,5.497223854064941
198,62.205,200,5,88.0391616821289,-229.41871643066406,-89.03968048095703,-239.5052490234375,131.76502990722656,-232.32264709472656,5.448579111099243,5.610508918762207
199,62.52,200,5,88.0391616821289,-229.41871643066406,-89.73186492919922,-239.5029754638672,105.31523895263672,-232.4912567138672,5.42157301902771,5.379469394683838
200,62.827,200,5,88.0391616821289,-229.41871643066406,-89.73186492919922,-239.5029754638672,14.239828109741211,-230.32806396484375,5.452735233306885,5.406665802001953
1,0.378,4,3,-41.692684173583984,-307.51568603515625,-126.2529296875,-311.8852844238281,-10.217323303222656,-1.2056376934051514,6.591048221588135,6.509558200836182
2,0.708,4,3,-41.692684173583984,-307.51568603515625,-126.2529296875,-311.8852844238281,5.562215805053711,1.8096094131469727,6.539843921661377,6.507384300231934
3,1.043,8,2,-16.568613052368164,-218.47377014160156,-91.44132995605469,-266.80169677734375,-1.667126178741455,-1.2244985103607178,6.046744356155395,6.105614185333252
4,1.347,8,2,-16.568613052368164,-218.47377014160156,-91.44132995605469,-266.80169677734375,-24.240678787231445,-218.2770538330078,6.0322197151184085,6.114274978637695
5,1.657,12,3,115.71221160888672,-218.47377014160156,-64.49903869628906,-258.84619140625,-15.937602043151855,-220.61732482910156,5.949285011291504,5.976813793182373
6,1.958,12,3,115.71221160888672,-218.47377014160156,-64.49903869628906,-258.84619140625,126.986083984375,-239.60903930664062,5.953947677612304,6.001221656799316
7,2.269,16,4,115.71221160888672,-218.47377014160156,-57.67988204956055,-253.13433837890625,127.53995513916016,-238.00823974609375,5.890841360092163,5.8445725440979
8,2.57,16,4,115.71221160888672,-218.47377014160156,-57.67988204956055,-253.13433837890625,99.9251480102539,-235.68504333496094,5.869617357254028,5.870664596557617
9,2.882,20,4,115.71221160888672,-218.47377014160156,-50.48612594604492,-251.0545654296875,120.81790161132812,-239.49818420410156,5.857880868911743,5.92842960357666
10,3.184,20,4,115.71221160888672,-218.47377014160156,-50.48612594604492,-251.0545654296875,134.31036376953125,-239.71359252929688,5.860036420822143,5.8894195556640625
11,3.499,24,5,115.71221160888672,-218.47377014160156,-47.31283187866211,-248.3639678955078,146.62127685546875,-237.23521423339844,5.837059898376465,5.862882137298584
12,3.81,24,5,115.71221160888672,-218.47377014160156,-47.31283187866211,-248.3639678955078,124.17878723144531,-235.80455017089844,5.8360682964324955,5.869710445404053
13,4.121,28,6,115.71221160888672,-218.47377014160156,-44.381370544433594,-246.65809631347656,123.40904235839844,-240.69979858398438,5.795928726196289,5.75847053527832
14,4.425,28,6,115.71221160888672,-218.47377014160156,-44.381370544433594,-246.65809631347656,3.9697017669677734,-218.97959899902344,5.79979305267334,5.750382900238037
15,4.738,32,6,115.71221160888672,-218.47377014160156,-39.179988861083984,-247.31143188476562,-13.384373664855957,-215.55213928222656,5.817426166534424,5.71864128112793
16,5.064,32,6,115.71221160888672,-218.47377014160156,-39.179988861083984,-247.31143188476562,138.52413940429688,-240.37306213378906,5.833760995864868,5.725287437438965
17,5.386,36,6,115.71221160888672,-218.47377014160156,-48.00675582885742,-247.62600708007812,32.42411422729492,-233.46766662597656,5.8107570552825925,5.867176532745361
18,5.694,36,6,115.71221160888672,-218.47377014160156,-48.00675582885742,-247.62600708007812,-13.260503768920898,-217.6378173828125,5.817461442947388,5.998430252075195
19,6.04,40,6,119.2938461303711,-218.47377014160156,-43.53456497192383,-247.01010131835938,123.13265991210938,-237.8339080810547,5.808349151611328,5.879310607910156
20,6.367,40,6,119.2938461303711,-218.47377014160156,-43.53456497192383,-247.01010131835938,-19.95847511291504,-217.21315002441406,5.809694738388061,5.840174674987793
21,6.688,44,6,119.2938461303711,-218.47377014160156,-43.95487594604492,-247.1183624267578,-24.560754776000977,-218.23060607910156,5.828336410522461,5.760759353637695
22,7.01,44,6,119.2938461303711,-218.47377014160156,-43.95487594604492,-247.1183624267578,77.52119445800781,-236.7592315673828,5.814443464279175,5.749669551849365
23,7.318,48,7,119.2938461303711,-218.47377014160156,-45.171085357666016,-246.306640625,135.3241729736328,-238.3032989501953,5.7957825756073,5.86258602142334
24,7.616,48,7,119.2938461303711,-218.47377014160156,-45.171085357666016,-246.306640625,141.05715942382812,-235.3512420654297,5.799602613449097,5.821368217468262
25,7.93,52,7,119.2938461303711,-218.47377014160156,-51.544822692871094,-246.09519958496094,-0.688048243522644,-216.40882873535156,5.809247837066651,5.76900577545166
26,8.233,52,7,119.2938461303711,-218.47377014160156,-51.544822692871094,-246.09519958496094,-19.594261169433594,-215.6499481201172,5.792215480804443,5.786495685577393
27,8.547,56,7,119.2938461303711,-218.47377014160156,-52.04887008666992,-246.2464141845703,-12.417695045471191,-218.09719848632812,5.795505657196045,5.840466499328613
28,8.852,56,7,119.2938461303711,-218.47377014160156,-52.04887008666992,-246.2464141845703,-21.187347412109375,-217.0147705078125,5.8169437026977535,5.9538445472717285
29,9.165,60,7,119.2938461303711,-218.47377014160156,-45.94391632080078,-246.08534240722656,-11.629340171813965,-220.68609619140625,5.810262002944946,5.73408842086792
30,9.471,60,7,119.2938461303711,-218.47377014160156,-45.94391632080078,-246.08534240722656,-0.23168809711933136,-219.6666717529297,5.798956718444824,5.7762861251831055
31,9.79,64,7,119.2938461303711,-218.47377014160156,-44.91535186767578,-245.68606567382812,126.19295501708984,-238.0222625732422,5.7829123306274415,5.750497817993164
32,10.101,64,7,119.2938461303711,-218.47377014160156,-44.91535186767578,-245.68606567382812,140.21823120117188,-236.57077026367188,5.807857837677002,5.7368364334106445
33,10.424,68,7,119.2938461303711,-218.47377014160156,-45.091190338134766,-245.5245361328125,-14.2304105758667,-219.87364196777344,5.786469554901123,5.871099472045898
34,10.738,68,7,119.2938461303711,-218.47377014160156,-45.091190338134766,-245.5245361328125,128.12286376953125,-237.2776641845703,5.796971054077148,5.85569953918457
35,11.051,72,7,119.2938461303711,-218.47377014160156,-47.34871292114258,-245.50054931640625,-18.365144729614258,-217.1748046875,5.785615234375,5.715097427368164
36,11.366,72,7,119.2938461303711,-218.47377014160156,-47.34871292114258,-245.50054931640625,130.99656677246094,-233.36280822753906,5.778932104110718,5.641445159912109
37,11.686,76,7,119.2938461303711,-218.47377014160156,-46.58212661743164,-245.4613800048828,161.0592041015625,-235.151123046875,5.77177622795105,5.72076940536499
38,11.991,76,7,119.2938461303711,-218.47377014160156,-46.58212661743164,-245.4613800048828,9.120311737060547,-232.72357177734375,5.7940157032012936,5.760627269744873
39,12.304,80,7,119.2938461303711,-218.47377014160156,-49.210384368896484,-245.2353515625,125.03726959228516,-237.34275817871094,5.797485637664795,5.838778495788574
40,12.612,80,7,119.2938461303711,-218.47377014160156,-49.210384368896484,-245.2353515625,-23.65627098083496,-217.74270629882812,5.784821262359619,5.8223557472229
41,12.932,84,7,119.2938461303711,-218.47377014160156,-48.41098403930664,-245.2188720703125,19.39242935180664,-233.6024627685547,5.779544897079468,5.957873344421387
42,13.263,84,7,119.2938461303711,-218.47377014160156,-48.41098403930664,-245.2188720703125,120.62841796875,-235.90882873535156,5.760729112625122,5.832233428955078
43,13.574,88,7,119.2938461303711,-218.47377014160156,-47.45046615600586,-245.26327514648438,8.039446830749512,-230.65841674804688,5.776122550964356,5.712165832519531
44,13.883,88,7,119.2938461303711,-218.47377014160156,-47.45046615600586,-245.26327514648438,137.39334106445312,-235.55491638183594,5.773784379959107,5.779179573059082
45,14.197,92,7,119.2938461303711,-218.47377014160156,-50.965187072753906,-245.46409606933594,87.86647033691406,-232.89828491210938,5.791739797592163,5.836750507354736
46,14.504,92,7,119.2938461303711,-218.47377014160156,-50.965187072753906,-245.46409606933594,157.4249267578125,-237.53639221191406,5.748275279998779,5.857530117034912
47,14.819,96,7,119.2938461303711,-218.47377014160156,-55.78212356567383,-245.5654296875,6.310048580169678,-234.6840362548828,5.796093759536743,5.776474952697754
48,15.126,96,7,119.2938461303711,-218.47377014160156,-55.78212356567383,-245.5654296875,82.47187805175781,-234.05567932128906,5.762503547668457,5.904267311096191
49,15.457,100,7,119.2938461303711,-218.47377014160156,-55.06142044067383,-245.6326141357422,131.3246612548828,-235.3562774658203,5.766255464553833,5.884321212768555
50,15.81,100,7,119.2938461303711,-218.47377014160156,-55.06142044067383,-245.6326141357422,71.43196868896484,-234.81448364257812,5.791181592941284,5.915552139282227
51,16.132,104,7,119.2938461303711,-218.47377014160156,-54.010719299316406,-245.52989196777344,85.26082611083984,-234.86083984375,5.783113842010498,5.6627655029296875
52,16.44,104,7,119.2938461303711,-218.47377014160156,-54.010719299316406,-245.52989196777344,154.4949493408203,-236.34286499023438,5.761381502151489,5.874617576599121
53,16.756,108,7,119.2938461303711,-218.47377014160156,-56.98252868652344,-245.38229370117188,83.15336608886719,-236.53504943847656,5.789255437850952,5.8700761795043945
54,17.062,108,7,119.2938461303711,-218.47377014160156,-56.98252868652344,-245.38229370117188,5.151998519897461,-234.7605743408203,5.774641599655151,5.696390151977539
55,17.379,112,7,119.2938461303711,-218.47377014160156,-57.5329704284668,-245.2431640625,126.52095031738281,-238.2529754638672,5.783652811050415,5.718082904815674
56,17.694,112,7,119.2938461303711,-218.47377014160156,-57.5329704284668,-245.2431640625,0.7134898900985718,-220.38214111328125,5.766954078674316,5.947782516479492
57,18.009,116,7,119.2938461303711,-218.47377014160156,-58.8240852355957,-245.0289764404297,121.85646057128906,-237.4479522705078,5.77535267829895,5.80446720123291
58,18.317,116,7,119.2938461303711,-218.47377014160156,-58.8240852355957,-245.0289764404297,22.931917190551758,-235.15972900390625,5.775267925262451,5.813405990600586
59,18.633,120,7,119.2938461303711,-218.47377014160156,-60.43901062011719,-245.00779724121094,-25.491714477539062,-216.56455993652344,5.765878715515137,5.798973083496094
60,18.941,120,7,119.2938461303711,-218.47377014160156,-60.43901062011719,-245.00779724121094,69.44390106201172,-236.04197692871094,5.7578950881958,5.718543529510498
61,19.261,124,6,119.2938461303711,-218.47377014160156,-62.45882034301758,-244.5513916015625,-13.085580825805664,-217.8511199951172,5.760899496078491,5.741225242614746
62,19.584,124,6,119.2938461303711,-218.47377014160156,-62.45882034301758,-244.5513916015625,73.90037536621094,-226.01470947265625,5.747583951950073,5.69890022277832
63,19.899,128,6,119.2938461303711,-218.47377014160156,-64.56361389160156,-244.60305786132812,-4.620059013366699,-217.53976440429688,5.750321559906006,5.700251579284668
64,20.211,128,6,119.2938461303711,-218.47377014160156,-64.56361389160156,-244.60305786132812,10.908400535583496,-218.14146423339844,5.7535992622375485,5.682004928588867
65,20.529,132,6,119.2938461303711,-218.47377014160156,-65.44085693359375,-244.4851837158203,0.4290676712989807,-218.082763671875,5.757352542877197,5.740466594696045
66,20.841,132,6,119.2938461303711,-218.47377014160156,-65.44085693359375,-244.4851837158203,57.94855880737305,-222.6813201904297,5.754303016662598,5.666359901428223
67,21.226,136,6,119.2938461303711,-218.47377014160156,-67.17626190185547,-244.30934143066406,132.10704040527344,-237.31097412109375,5.7393756771087645,5.788558483123779
68,21.533,136,6,119.2938461303711,-218.47377014160156,-67.17626190185547,-244.30934143066406,124.83695220947266,-236.0380096435547,5.743604021072388,5.723455429077148
69,21.849,140,6,119.2938461303711,-218.47377014160156,-67.13395690917969,-244.3939666748047,129.3785858154297,-237.77198791503906,5.750775747299194,5.532530784606934
70,22.158,140,6,119.2938461303711,-218.47377014160156,-67.13395690917969,-244.3939666748047,-2.5151805877685547,-217.67868041992188,5.780862665176391,5.789837837219238
71,22.478,144,6,119.2938461303711,-218.47377014160156,-67.51460266113281,-244.23211669921875,-11.94878101348877,-218.2765350341797,5.755608701705933,5.818367004394531
72,22.789,144,6,119.2938461303711,-218.47377014160156,-67.51460266113281,-244.23211669921875,142.87159729003906,-237.05291748046875,5.748230104446411,5.708896636962891
73,23.106,148,6,119.2938461303711,-218.47377014160156,-66.69312286376953,-244.3564453125,119.81585693359375,-235.16763305664062,5.741187744140625,5.738387584686279
74,23.417,148,6,119.2938461303711,-218.47377014160156,-66.69312286376953,-244.3564453125,65.1072769165039,-224.6907196044922,5.755221929550171,5.8209075927734375
75,23.739,152,6,119.2938461303711,-218.47377014160156,-66.5865249633789,-244.35629272460938,72.06414794921875,-224.10797119140625,5.743898601531982,5.730949401855469
76,24.052,152,6,119.2938461303711,-218.47377014160156,-66.5865249633789,-244.35629272460938,-13.74886703491211,-216.93942260742188,5.738441457748413,5.765725135803223
77,24.369,156,6,119.2938461303711,-218.47377014160156,-67.2794189453125,-244.19140625,-18.198118209838867,-216.291259765625,5.755661249160767,5.766341686248779
78,24.678,156,6,119.2938461303711,-218.47377014160156,-67.2794189453125,-244.19140625,68.25789642333984,-226.48663330078125,5.738792009353638,5.696531772613525
79,24.995,160,7,140.0422821044922,-218.47377014160156,-66.38660430908203,-244.1343994140625,-9.003427505493164,-216.70030212402344,5.746915130615235,5.720571041107178
80,25.313,160,7,140.0422821044922,-218.47377014160156,-66.38660430908203,-244.1343994140625,158.9790802001953,-238.95774841308594,5.7500673770904545,5.814384460449219
81,25.633,164,7,140.0422821044922,-218.47377014160156,-65.08735656738281,-243.9872283935547,145.36634826660156,-241.16665649414062,5.779229469299317,5.690341472625732
82,25.966,164,7,140.0422821044922,-218.47377014160156,-65.08735656738281,-243.9872283935547,7.870750904083252,-215.92958068847656,5.754352045059204,5.778755187988281
83,26.283,168,7,140.0422821044922,-218.47377014160156,-64.83189392089844,-243.9967498779297,62.46697998046875,-226.32247924804688,5.744769563674927,5.691341400146484
84,26.59,168,7,140.0422821044922,-218.47377014160156,-64.83189392089844,-243.9967498779297,-17.17668342590332,-218.43124389648438,5.742047891616822,5.638296127319336
85,26.931,172,7,140.0422821044922,-218.47377014160156,-64.62230682373047,-243.85565185546875,144.2630157470703,-237.44761657714844,5.747205686569214,5.938342094421387
86,27.239,172,7,140.0422821044922,-218.47377014160156,-64.62230682373047,-243.85565185546875,146.73599243164062,-239.27333068847656,5.751177701950073,5.710057258605957
87,27.556,176,7,140.0422821044922,-218.47377014160156,-65.16899108886719,-243.67758178710938,-18.118635177612305,-217.35011291503906,5.739376516342163,5.781428337097168
88,27.863,176,7,140.0422821044922,-218.47377014160156,-65.16899108886719,-243.67758178710938,-2.719155788421631,-216.6524200439453,5.7366557312011714,5.726642608642578
89,28.18,180,7,140.0422821044922,-218.47377014160156,-65.49056243896484,-243.6329803466797,90.64808654785156,-234.6565399169922,5.718316574096679,5.689084053039551
90,28.496,180,7,140.0422821044922,-218.47377014160156,-65.49056243896484,-243.6329803466797,-5.700757026672363,-217.0514373779297,5.723624858856201,5.817086696624756
91,28.834,184,7,140.0422821044922,-218.47377014160156,-66.71495056152344,-243.6067657470703,151.82350158691406,-239.62887573242188,5.716976337432861,5.84711217880249
92,29.149,184,7,140.0422821044922,-218.47377014160156,-66.71495056152344,-243.6067657470703,87.16676330566406,-224.72352600097656,5.736614227294922,5.752542972564697
93,29.469,188,6,140.0422821044922,-218.47377014160156,-66.06948852539062,-243.5101776123047,121.8470230102539,-237.85369873046875,5.722349720001221,5.781252861022949
94,29.781,188,6,140.0422821044922,-218.47377014160156,-66.06948852539062,-243.5101776123047,140.69276428222656,-241.198486328125,5.73774787902832,5.815944671630859
95,30.1,192,6,140.0422821044922,-218.47377014160156,-65.8806381225586,-243.4532470703125,-8.607220649719238,-217.49794006347656,5.738455057144165,5.686150550842285
96,30.42,192,6,140.0422821044922,-218.47377014160156,-65.8806381225586,-243.4532470703125,160.212646484375,-241.0988311767578,5.721635036468506,5.797912120819092
97,30.742,196,6,140.0422821044922,-218.47377014160156,-67.16246795654297,-243.33290100097656,57.80723190307617,-223.9564971923828,5.721351156234741,5.751823425292969
98,31.055,196,6,140.0422821044922,-218.47377014160156,-67.16246795654297,-243.33290100097656,61.303321838378906,-222.73980712890625,5.721421890258789,5.636753082275391
99,31.373,200,6,140.0422821044922,-218.47377014160156,-67.83024597167969,-243.19467163085938,67.01993560791016,-224.6912078857422,5.723440427780151,5.745104789733887
100,31.687,200,6,140.0422821044922,-218.47377014160156,-67.83024597167969,-243.19467163085938,-15.17958927154541,-217.07052612304688,5.720168590545654,5.835198402404785
101,32.009,200,6,140.0422821044922,-218.47377014160156,-66.97669219970703,-241.73631286621094,164.13465881347656,-235.5908203125,5.701467361450195,5.722072601318359
102,32.324,200,6,140.0422821044922,-218.47377014160156,-66.97669219970703,-241.73631286621094,-10.95521068572998,-218.36123657226562,5.699493541717529,5.733303546905518
103,32.732,200,4,140.0422821044922,-226.73171997070312,-68.3769302368164,-242.15512084960938,174.56509399414062,-239.82606506347656,5.678099966049194,5.708446502685547
104,33.043,200,4,140.0422821044922,-226.73171997070312,-68.3769302368164,-242.15512084960938,159.74685668945312,-240.69627380371094,5.7014555072784425,5.69340705871582
105,33.36,200,4,140.0422821044922,-226.73171997070312,-69.13775634765625,-242.0790252685547,61.7803840637207,-222.8605499267578,5.687460527420044,5.574777603149414
106,33.67,200,4,140.0422821044922,-226.73171997070312,-69.13775634765625,-242.0790252685547,78.94092559814453,-234.7909393310547,5.697347860336304,5.798533916473389
107,33.988,200,4,140.0422821044922,-226.73171997070312,-68.27706146240234,-242.14642333984375,148.79144287109375,-240.55799865722656,5.701523685455323,5.52980375289917
108,34.297,200,4,140.0422821044922,-226.73171997070312,-68.27706146240234,-242.14642333984375,85.26803588867188,-232.8918914794922,5.694675788879395,5.713586807250977
109,34.615,200,4,140.0422821044922,-226.73171997070312,-70.56040954589844,-242.17481994628906,143.88182067871094,-240.0068359375,5.688418083190918,5.52516508102417
110,34.924,200,4,140.0422821044922,-226.73171997070312,-70.56040954589844,-242.17481994628906,121.5682601928711,-238.13648986816406,5.680799903869629,5.591994762420654
111,35.329,200,4,140.0422821044922,-226.73171997070312,-71.12268829345703,-242.25238037109375,63.87890625,-226.6854248046875,5.673205146789551,5.6795244216918945
112,35.691,200,4,140.0422821044922,-226.73171997070312,-71.12268829345703,-242.25238037109375,124.11524963378906,-237.21249389648438,5.6986838054656985,5.682068347930908
113,36.059,200,4,140.0422821044922,-226.73171997070312,-72.84943389892578,-242.27850341796875,69.90837860107422,-224.67713928222656,5.695686445236206,5.602610111236572
114,36.372,200,4,140.0422821044922,-226.73171997070312,-72.84943389892578,-242.27850341796875,153.1438446044922,-239.08322143554688,5.684981765747071,5.786398887634277
115,36.689,200,4,140.0422821044922,-226.73171997070312,-75.10871124267578,-242.04434204101562,59.963741302490234,-226.3332977294922,5.694327249526977,5.616660118103027
116,36.995,200,4,140.0422821044922,-226.73171997070312,-75.10871124267578,-242.04434204101562,65.48099517822266,-225.74896240234375,5.665910005569458,5.645780563354492
117,37.348,200,4,140.0422821044922,-226.73171997070312,-74.54814147949219,-241.70452880859375,62.88367462158203,-226.3370361328125,5.6643417453765865,5.54910945892334
118,37.714,200,4,140.0422821044922,-226.73171997070312,-74.54814147949219,-241.70452880859375,144.90682983398438,-240.5834197998047,5.678235015869141,5.711790084838867
119,38.086,200,4,140.0422821044922,-226.73171997070312,-75.49105834960938,-241.75570678710938,142.33360290527344,-239.58233642578125,5.679660215377807,5.698090076446533
120,38.425,200,4,140.0422821044922,-226.73171997070312,-75.49105834960938,-241.75570678710938,90.7991943359375,-241.04986572265625,5.661677207946777,5.629179000854492
121,38.751,200,4,140.0422821044922,-226.73171997070312,-77.07489013671875,-241.45590209960938,61.31250762939453,-226.63079833984375,5.6571055603027345,5.5557050704956055
122,39.063,200,4,140.0422821044922,-226.73171997070312,-77.07489013671875,-241.45590209960938,83.49617767333984,-233.2183837890625,5.65287302017212,5.619646072387695
123,39.383,200,4,140.0422821044922,-226.73171997070312,-78.74134826660156,-241.58460998535156,80.6686019897461,-240.09642028808594,5.674875230789184,5.710996150970459
124,39.704,200,4,140.0422821044922,-226.73171997070312,-78.74134826660156,-241.58460998535156,85.81828308105469,-224.717041015625,5.65195969581604,5.731072425842285
125,40.022,200,4,140.0422821044922,-226.73171997070312,-77.6685562133789,-241.4630126953125,57.67283248901367,-224.8429412841797,5.640705709457397,5.684397220611572
126,40.345,200,4,140.0422821044922,-226.73171997070312,-77.6685562133789,-241.4630126953125,60.39480972290039,-226.0113525390625,5.6781939601898195,5.7652587890625
127,40.668,200,3,140.0422821044922,-226.73171997070312,-78.34147644042969,-241.1925811767578,76.0342788696289,-234.80633544921875,5.641154327392578,5.5538129806518555
128,40.983,200,3,140.0422821044922,-226.73171997070312,-78.34147644042969,-241.1925811767578,145.76783752441406,-238.53208923339844,5.670759410858154,5.614259719848633
129,41.37,200,3,140.0422821044922,-226.73171997070312,-81.4356918334961,-241.08230590820312,60.8281364440918,-225.52223205566406,5.663157739639282,5.775397777557373
130,41.677,200,3,140.0422821044922,-226.73171997070312,-81.4356918334961,-241.08230590820312,63.210174560546875,-226.684814453125,5.630581159591674,5.586794853210449
131,41.998,200,3,140.0422821044922,-226.73171997070312,-82.1917953491211,-240.99453735351562,63.35942459106445,-225.46600341796875,5.638957052230835,5.607942581176758
132,42.309,200,3,140.0422821044922,-226.73171997070312,-82.1917953491211,-240.99453735351562,152.7397918701172,-239.55479431152344,5.6377467441558835,5.744229316711426
133,42.627,200,3,140.0422821044922,-226.73171997070312,-83.794677734375,-240.79776000976562,57.62211608886719,-223.6907501220703,5.630303707122803,5.677128791809082
134,42.936,200,3,140.0422821044922,-226.73171997070312,-83.794677734375,-240.79776000976562,58.51127243041992,-225.4484100341797,5.648416624069214,5.671683311462402
135,43.254,200,3,140.0422821044922,-226.73171997070312,-83.19575500488281,-240.65029907226562,62.88056564331055,-226.01158142089844,5.634124031066895,5.673758506774902
136,43.562,200,3,140.0422821044922,-226.73171997070312,-83.19575500488281,-240.65029907226562,62.54293441772461,-226.53604125976562,5.6470444393157955,5.751736164093018
137,43.878,200,3,140.0422821044922,-226.73171997070312,-83.89529418945312,-240.56419372558594,86.21035766601562,-230.5880126953125,5.636415100097656,5.543945789337158
138,44.187,200,3,140.0422821044922,-226.73171997070312,-83.89529418945312,-240.56419372558594,66.93516540527344,-226.67547607421875,5.620559587478637,5.51934814453125
139,44.529,200,3,140.0422821044922,-226.73171997070312,-83.04791259765625,-240.580078125,149.06423950195312,-240.4230499267578,5.627585458755493,5.652406692504883
140,44.879,200,3,140.0422821044922,-226.73171997070312,-83.04791259765625,-240.580078125,147.07362365722656,-241.322998046875,5.606640043258667,5.557453155517578
141,45.3,200,3,140.0422821044922,-226.73171997070312,-84.72203063964844,-240.39398193359375,63.71356201171875,-225.05856323242188,5.594528131484985,5.644252300262451
142,45.633,200,3,140.0422821044922,-226.73171997070312,-84.72203063964844,-240.39398193359375,148.1748504638672,-239.40628051757812,5.609410991668701,5.712245941162109
143,45.957,200,3,140.0422821044922,-226.73171997070312,-86.66382598876953,-240.34243774414062,77.28845977783203,-225.92037963867188,5.624480962753296,5.6321001052856445
144,46.265,200,3,140.0422821044922,-226.73171997070312,-86.66382598876953,-240.34243774414062,62.53119659423828,-224.6295166015625,5.605371866226196,5.771839618682861
145,46.584,200,3,140.0422821044922,-226.73171997070312,-85.58190155029297,-240.2270965576172,62.98558044433594,-225.50885009765625,5.593074951171875,5.6440534591674805
146,46.893,200,3,140.0422821044922,-226.73171997070312,-85.58190155029297,-240.2270965576172,67.41475677490234,-226.48562622070312,5.613395624160766,5.601057052612305
147,47.211,200,3,140.0422821044922,-226.73171997070312,-84.12957000732422,-240.22039794921875,140.87710571289062,-241.45030212402344,5.624838695526123,5.632226467132568
148,47.515,200,3,140.0422821044922,-226.73171997070312,-84.12957000732422,-240.22039794921875,145.57640075683594,-240.31150817871094,5.586844606399536,5.480548858642578
149,47.834,200,3,140.0422821044922,-226.73171997070312,-84.85324096679688,-240.03363037109375,60.587249755859375,-223.89036560058594,5.586675796508789,5.701229095458984
150,48.145,200,3,140.0422821044922,-226.73171997070312,-84.85324096679688,-240.03363037109375,57.49427032470703,-225.48898315429688,5.5839017963409425,5.662113666534424
151,48.466,200,3,140.0422821044922,-226.73171997070312,-85.38260650634766,-240.18417358398438,144.38876342773438,-240.56173706054688,5.583077363967895,5.481341361999512
152,48.777,200,3,140.0422821044922,-226.73171997070312,-85.38260650634766,-240.18417358398438,153.1219482421875,-239.89048767089844,5.599606771469116,5.5640764236450195
153,49.095,200,3,140.0422821044922,-226.73171997070312,-84.01537322998047,-240.1677703857422,57.4880485534668,-225.95907592773438,5.567999267578125,5.5953192710876465
154,49.404,200,3,140.0422821044922,-226.73171997070312,-84.01537322998047,-240.1677703857422,101.80470275878906,-230.74183654785156,5.575091190338135,5.556562900543213
155,49.721,200,3,140.0422821044922,-226.73171997070312,-84.54053497314453,-240.2177276611328,158.69224548339844,-239.50927734375,5.597057657241821,5.519001483917236
156,50.055,200,3,140.0422821044922,-226.73171997070312,-84.54053497314453,-240.2177276611328,80.17240142822266,-226.67422485351562,5.59299789428711,5.502399921417236
157,50.451,200,3,140.0422821044922,-226.73171997070312,-84.65849304199219,-240.08180236816406,70.0931167602539,-224.62831115722656,5.590101308822632,5.6364216804504395
158,50.821,200,3,140.0422821044922,-226.73171997070312,-84.65849304199219,-240.08180236816406,91.62157440185547,-231.48483276367188,5.585409889221191,5.504408836364746
159,51.171,200,3,140.0422821044922,-226.73171997070312,-84.8465347290039,-239.93003845214844,58.77957534790039,-226.35964965820312,5.570673151016235,5.626833915710449
160,51.502,200,3,140.0422821044922,-226.73171997070312,-84.8465347290039,-239.93003845214844,59.457054138183594,-226.36888122558594,5.565891819000244,5.583616733551025
161,51.841,200,4,140.0422821044922,-229.41871643066406,-83.51293182373047,-240.2090606689453,148.14239501953125,-239.13270568847656,5.544422693252564,5.5105695724487305
162,52.152,200,4,140.0422821044922,-229.41871643066406,-83.51293182373047,-240.2090606689453,-33.96826934814453,-227.11390686035156,5.57008924484253,5.57882833480835
163,52.47,200,4,140.0422821044922,-229.41871643066406,-81.80382537841797,-240.02691650390625,-58.91654586791992,-228.71165466308594,5.562771682739258,5.655077934265137
164,52.788,200,4,140.0422821044922,-229.41871643066406,-81.80382537841797,-240.02691650390625,149.4046630859375,-239.49330139160156,5.558978643417358,5.545743942260742
165,53.108,200,4,140.0422821044922,-229.41871643066406,-82.63768768310547,-239.9685516357422,93.27056884765625,-230.48953247070312,5.534582357406617,5.49409294128418
166,53.417,200,4,140.0422821044922,-229.41871643066406,-82.63768768310547,-239.9685516357422,-52.55584716796875,-228.54637145996094,5.557370138168335,5.566672325134277
167,53.736,200,4,140.0422821044922,-229.41871643066406,-80.72652435302734,-240.0355224609375,145.06500244140625,-240.8696746826172,5.54009934425354,5.544068336486816
168,54.048,200,4,140.0422821044922,-229.41871643066406,-80.72652435302734,-240.0355224609375,174.5014190673828,-241.513671875,5.540010967254639,5.604706287384033
169,54.445,200,4,140.0422821044922,-229.41871643066406,-80.09532928466797,-239.83103942871094,132.45632934570312,-230.43409729003906,5.546501340866089,5.470065593719482
170,54.807,200,4,140.0422821044922,-229.41871643066406,-80.09532928466797,-239.83103942871094,165.45510864257812,-240.3345184326172,5.543945903778076,5.400826454162598
171,55.155,200,4,140.0422821044922,-229.41871643066406,-81.57913208007812,-239.91098022460938,168.36219787597656,-240.0242156982422,5.549668016433716,5.630962371826172
172,55.469,200,4,140.0422821044922,-229.41871643066406,-81.57913208007812,-239.91098022460938,147.84939575195312,-240.909423828125,5.526682567596436,5.465505599975586
173,55.792,200,5,140.0422821044922,-229.41871643066406,-82.57855224609375,-239.64234924316406,16.166908264160156,-229.19630432128906,5.527690401077271,5.54421329498291
174,56.102,200,5,140.0422821044922,-229.41871643066406,-82.57855224609375,-239.64234924316406,26.68328094482422,-228.09323120117188,5.520662870407104,5.583806037902832
175,56.423,200,5,140.0422821044922,-229.41871643066406,-84.17913055419922,-239.58531188964844,149.84194946289062,-239.2887420654297,5.513858709335327,5.454142093658447
176,56.739,200,5,140.0422821044922,-229.41871643066406,-84.17913055419922,-239.58531188964844,120.69584655761719,-230.56117248535156,5.508413200378418,5.671382904052734
177,57.062,200,5,140.0422821044922,-229.41871643066406,-83.16290283203125,-239.78085327148438,157.70635986328125,-240.525634765625,5.5071056365966795,5.394351959228516
178,57.375,200,5,140.0422821044922,-229.41871643066406,-83.16290283203125,-239.78085327148438,-67.78369903564453,-228.98863220214844,5.530180130004883,5.403113842010498
179,57.696,200,4,85.68925476074219,-229.41871643066406,-84.06653594970703,-239.81800842285156,173.5482940673828,-240.7350616455078,5.501398334503174,5.638820648193359
180,58.007,200,4,85.68925476074219,-229.41871643066406,-84.06653594970703,-239.81800842285156,-65.47145080566406,-229.3118133544922,5.491709041595459,5.550280570983887
181,58.349,200,5,88.0391616821289,-229.41871643066406,-85.60842895507812,-239.72727966308594,-65.56211853027344,-229.34671020507812,5.492638130187988,5.484434127807617
182,58.661,200,5,88.0391616821289,-229.41871643066406,-85.60842895507812,-239.72727966308594,11.316129684448242,-230.5094451904297,5.505524024963379,5.511651992797852
183,58.982,200,5,88.0391616821289,-229.41871643066406,-85.92083740234375,-239.68051147460938,86.04029846191406,-231.51669311523438,5.498798503875732,5.483892440795898
184,59.351,200,5,88.0391616821289,-229.41871643066406,-85.92083740234375,-239.68051147460938,97.92546081542969,-232.23944091796875,5.486010866165161,5.374638080596924
185,59.674,200,5,88.0391616821289,-229.41871643066406,-86.6344985961914,-239.68734741210938,-59.08906555175781,-229.17298889160156,5.4873858833312985,5.451030731201172
186,59.983,200,5,88.0391616821289,-229.41871643066406,-86.6344985961914,-239.68734741210938,-53.23650360107422,-228.8345489501953,5.480601806640625,5.504927158355713
187,60.312,200,5,88.0391616821289,-229.41871643066406,-87.27813720703125,-239.74160766601562,113.68099212646484,-232.5076446533203,5.475639591217041,5.451754570007324
188,60.637,200,5,88.0391616821289,-229.41871643066406,-87.27813720703125,-239.74160766601562,22.933374404907227,-230.5843048095703,5.474876985549927,5.546084880828857
189,60.956,200,5,88.0391616821289,-229.41871643066406,-88.26397705078125,-239.7654266357422,8.666465759277344,-230.51866149902344,5.474645509719848,5.492103099822998
190,61.268,200,5,88.0391616821289,-229.41871643066406,-88.26397705078125,-239.7654266357422,108.42333221435547,-232.1187286376953,5.481367683410644,5.468080520629883
191,61.588,200,5,88.0391616821289,-229.41871643066406,-88.83970642089844,-239.56719970703125,94.10307312011719,-232.29208374023438,5.48301329612732,5.372552871704102
192,61.902,200,5,88.0391616821289,-229.41871643066406,-88.83970642089844,-239.56719970703125,-63.41913604736328,-229.09214782714844,5.460746231079102,5.372751712799072
193,62.222,200,5,88.0391616821289,-229.41871643066406,-89.9873046875,-239.48512268066406,6.901555061340332,-229.30433654785156,5.461801748275757,5.482596397399902
194,62.531,200,5,88.0391616821289,-229.41871643066406,-89.9873046875,-239.48512268066406,-39.251922607421875,-229.31170654296875,5.433848390579223,5.275753021240234
195,62.849,200,5,88.0391616821289,-229.41871643066406,-90.08963012695312,-239.5541229248047,99.53143310546875,-231.54037475585938,5.45376443862915,5.4612016677856445
196,63.159,200,5,88.0391616821289,-229.41871643066406,-90.08963012695312,-239.5541229248047,112.15965270996094,-232.04736328125,5.433033275604248,5.4601149559021
197,63.478,200,5,88.0391616821289,-229.41871643066406,-89.03968048095703,-239.5052490234375,-64.8978271484375,-229.07467651367188,5.478754329681396,5.497223854064941
198,63.789,200,5,88.0391616821289,-229.41871643066406,-89.03968048095703,-239.5052490234375,131.76502990722656,-232.32264709472656,5.448579111099243,5.610508918762207
199,64.11,200,5,88.0391616821289,-229.41871643066406,-89.73186492919922,-239.5029754638672,105.31523895263672,-232.4912567138672,5.42157301902771,5.379469394683838
200,64.42,200,5,88.0391616821289,-229.41871643066406,-89.73186492919922,-239.5029754638672,14.239828109741211,-230.32806396484375,5.452735233306885,5.406665802001953
