iteration,wall_time_s,n_trajectories,pareto_front_size,best_obj0,best_obj1,mean_episode_return_obj0,mean_episode_return_obj1,target_obj0,target_obj1,bc_loss_mean,bc_loss_last
1,0.301,4,3,27.884965896606445,-307.0578918457031,-41.54978942871094,-309.65509033203125,0.1364019513130188,-0.627142608165741,6.586235265731812,6.462311267852783
2,0.593,4,3,27.884965896606445,-307.0578918457031,-41.54978942871094,-309.65509033203125,-4.999268531799316,-13.237812995910645,6.520084218978882,6.409371376037598
3,0.893,8,4,27.884965896606445,-222.66265869140625,-70.50816345214844,-266.7506103515625,-8.366695404052734,9.66650104522705,6.034450626373291,6.0759172439575195
4,1.187,8,4,27.884965896606445,-222.66265869140625,-70.50816345214844,-266.7506103515625,-74.97100830078125,-215.3046112060547,6.033883790969849,6.175911903381348
5,1.487,12,4,27.884965896606445,-222.66265869140625,-73.08110809326172,-264.2545166015625,44.224246978759766,-313.4221496582031,6.01263653755188,5.997003078460693
6,1.781,12,4,27.884965896606445,-222.66265869140625,-73.08110809326172,-264.2545166015625,15.140374183654785,-253.4469757080078,6.023723630905152,6.056175231933594
7,2.082,16,5,27.884965896606445,-222.66265869140625,-67.26708984375,-259.3847351074219,-15.372249603271484,-221.87486267089844,5.9713625144958495,5.99688196182251
8,2.376,16,5,27.884965896606445,-222.66265869140625,-67.26708984375,-259.3847351074219,42.390811920166016,-305.4708557128906,5.952084341049194,6.053170204162598
9,2.679,20,5,27.884965896606445,-222.66265869140625,-64.4035415649414,-259.0041809082031,35.338279724121094,-310.5866394042969,5.973263845443726,6.055769443511963
10,2.975,20,5,27.884965896606445,-222.66265869140625,-64.4035415649414,-259.0041809082031,31.074153900146484,-304.9350280761719,5.965471229553223,5.9728899002075195
11,3.278,24,5,34.352840423583984,-222.66265869140625,-57.27650833129883,-258.3520202636719,34.75434875488281,-310.2603454589844,5.986644515991211,5.917298316955566
12,3.574,24,5,34.352840423583984,-222.66265869140625,-57.27650833129883,-258.3520202636719,7.468387126922607,-236.2342987060547,5.975802593231201,5.889822959899902
13,3.882,28,4,57.759098052978516,-222.66265869140625,-56.791568756103516,-256.98974609375,14.835440635681152,-252.5146484375,5.950520439147949,6.058094501495361
14,4.179,28,4,57.759098052978516,-222.66265869140625,-56.791568756103516,-256.98974609375,-38.46908187866211,-222.05026245117188,5.94382495880127,5.962305545806885
15,4.482,32,4,57.759098052978516,-222.66265869140625,-61.401702880859375,-255.12884521484375,-52.210174560546875,-222.2269744873047,5.896754388809204,5.821149826049805
16,4.779,32,4,57.759098052978516,-222.66265869140625,-61.401702880859375,-255.12884521484375,-29.264925003051758,-221.84751892089844,5.910447235107422,5.97050666809082
17,5.085,36,5,57.759098052978516,-222.66265869140625,-66.65524291992188,-253.62936401367188,-52.50398254394531,-222.39122009277344,5.905759248733521,5.958349227905273
18,5.381,36,5,57.759098052978516,-222.66265869140625,-66.65524291992188,-253.62936401367188,15.020224571228027,-242.57557678222656,5.930257091522217,5.934806823730469
19,5.686,40,4,75.15987396240234,-222.66265869140625,-61.21848678588867,-251.90438842773438,-66.16012573242188,-218.35968017578125,5.8915123462677,5.7619242668151855
20,5.983,40,4,75.15987396240234,-222.66265869140625,-61.21848678588867,-251.90438842773438,99.06959533691406,-236.48165893554688,5.874722280502319,5.775148868560791
21,6.289,44,4,75.15987396240234,-222.66265869140625,-58.91643142700195,-251.04388427734375,92.81719207763672,-235.68199157714844,5.887038717269897,5.904406547546387
22,6.586,44,4,75.15987396240234,-222.66265869140625,-58.91643142700195,-251.04388427734375,-38.65974807739258,-223.67535400390625,5.876934289932251,5.912714004516602
23,6.89,48,4,75.15987396240234,-222.66265869140625,-58.32163619995117,-250.0537109375,20.39156723022461,-234.08641052246094,5.864047536849975,5.864047050476074
24,7.188,48,4,75.15987396240234,-222.66265869140625,-58.32163619995117,-250.0537109375,36.78932189941406,-234.30982971191406,5.855778770446777,5.761126518249512
25,7.494,52,4,75.15987396240234,-222.66265869140625,-56.395668029785156,-248.753173828125,-70.110107421875,-220.77392578125,5.8767591571807865,5.884019374847412
26,7.793,52,4,75.15987396240234,-222.66265869140625,-56.395668029785156,-248.753173828125,105.40194702148438,-237.6971893310547,5.852752885818481,5.8209919929504395
27,8.105,56,6,75.15987396240234,-222.66265869140625,-53.81163787841797,-247.42819213867188,-76.77361297607422,-220.5871124267578,5.848018856048584,6.0363006591796875
28,8.413,56,6,75.15987396240234,-222.66265869140625,-53.81163787841797,-247.42819213867188,85.35343933105469,-236.27503967285156,5.829985847473145,5.750794410705566
29,8.729,60,6,75.15987396240234,-222.66265869140625,-57.342674255371094,-246.6065216064453,80.33533477783203,-237.09886169433594,5.822398281097412,5.826961994171143
30,9.037,60,6,75.15987396240234,-222.66265869140625,-57.342674255371094,-246.6065216064453,-50.719398498535156,-221.72613525390625,5.810655612945556,5.634980201721191
31,9.346,64,6,75.15987396240234,-222.66265869140625,-59.73434066772461,-245.83631896972656,77.73785400390625,-237.44662475585938,5.807461957931519,5.650413990020752
32,9.649,64,6,75.15987396240234,-222.66265869140625,-59.73434066772461,-245.83631896972656,92.70097351074219,-237.0697479248047,5.815262937545777,5.757296562194824
33,9.972,68,6,78.19110107421875,-222.66265869140625,-54.23440933227539,-245.18304443359375,6.614417552947998,-227.28892517089844,5.798945655822754,5.854694843292236
34,10.272,68,6,78.19110107421875,-222.66265869140625,-54.23440933227539,-245.18304443359375,88.32006072998047,-234.37074279785156,5.807435235977173,5.790667533874512
35,10.578,72,6,78.19110107421875,-222.66265869140625,-54.45369338989258,-244.43972778320312,86.8338851928711,-235.87744140625,5.809795370101929,5.813150405883789
36,10.878,72,6,78.19110107421875,-222.66265869140625,-54.45369338989258,-244.43972778320312,41.30194091796875,-228.32725524902344,5.786611471176148,5.882045745849609
37,11.201,76,6,78.19110107421875,-222.66265869140625,-54.01660919189453,-243.87379455566406,79.43284606933594,-235.1803741455078,5.793663244247437,5.68574333190918
38,11.519,76,6,78.19110107421875,-222.66265869140625,-54.01660919189453,-243.87379455566406,97.14491271972656,-235.9490203857422,5.794610137939453,5.753416061401367
39,11.865,80,6,78.19110107421875,-222.66265869140625,-55.942970275878906,-243.2694854736328,-52.33060836791992,-221.5956573486328,5.764576597213745,5.771895408630371
40,12.179,80,6,78.19110107421875,-222.66265869140625,-55.942970275878906,-243.2694854736328,-35.245521545410156,-224.00782775878906,5.793707847595215,5.817218780517578
41,12.509,84,6,78.19110107421875,-222.66265869140625,-55.247093200683594,-242.79173278808594,-21.823719024658203,-223.48992919921875,5.770747356414795,5.724733352661133
42,12.826,84,6,78.19110107421875,-222.66265869140625,-55.247093200683594,-242.79173278808594,113.17478942871094,-236.1736297607422,5.7866072082519535,5.855031490325928
43,13.157,88,7,78.19110107421875,-222.66265869140625,-56.06965255737305,-242.122802734375,93.42884063720703,-235.3258819580078,5.76907434463501,5.745799541473389
44,13.47,88,7,78.19110107421875,-222.66265869140625,-56.06965255737305,-242.122802734375,87.95597839355469,-231.24363708496094,5.773517665863037,5.692934036254883
45,13.786,92,7,78.19110107421875,-222.66265869140625,-57.373695373535156,-241.56661987304688,6.850157260894775,-227.1558837890625,5.764225597381592,5.846469879150391
46,14.101,92,7,78.19110107421875,-222.66265869140625,-57.373695373535156,-241.56661987304688,66.66539001464844,-230.8831787109375,5.771409339904785,5.7861175537109375
47,14.424,96,6,78.19110107421875,-219.2375030517578,-57.491268157958984,-240.853515625,61.37423324584961,-230.0338897705078,5.759321889877319,5.737682342529297
48,14.739,96,6,78.19110107421875,-219.2375030517578,-57.491268157958984,-240.853515625,14.921701431274414,-226.498291015625,5.756195592880249,5.798757553100586
49,15.052,100,6,78.19110107421875,-219.2375030517578,-57.548583984375,-240.47607421875,82.22653198242188,-235.01979064941406,5.740764865875244,5.708621025085449
50,15.354,100,6,78.19110107421875,-219.2375030517578,-57.548583984375,-240.47607421875,-32.75041961669922,-218.54820251464844,5.754887857437134,5.677530288696289
51,15.666,104,6,78.19110107421875,-219.2375030517578,-62.26390075683594,-240.170166015625,1.3447016477584839,-225.4983673095703,5.745780086517334,5.752854347229004
52,15.979,104,6,78.19110107421875,-219.2375030517578,-62.26390075683594,-240.170166015625,28.019392013549805,-227.3317108154297,5.721110763549805,5.649748802185059
53,16.302,108,5,78.19110107421875,-218.0200958251953,-62.04178237915039,-239.5177001953125,-28.041027069091797,-217.52711486816406,5.733338222503662,5.634694576263428
54,16.626,108,5,78.19110107421875,-218.0200958251953,-62.04178237915039,-239.5177001953125,90.75153350830078,-233.67755126953125,5.752133884429932,5.8516340255737305
55,16.95,112,5,78.19110107421875,-218.0200958251953,-61.90113067626953,-239.43276977539062,82.09577941894531,-233.8895263671875,5.745545959472656,5.8409905433654785
56,17.257,112,5,78.19110107421875,-218.0200958251953,-61.90113067626953,-239.43276977539062,78.38082122802734,-234.37550354003906,5.712078285217285,5.722865104675293
57,17.577,116,5,78.19110107421875,-218.0200958251953,-61.11505889892578,-239.1676025390625,84.91545104980469,-235.35362243652344,5.723283214569092,5.761608123779297
58,17.884,116,5,78.19110107421875,-218.0200958251953,-61.11505889892578,-239.1676025390625,46.696720123291016,-219.63723754882812,5.730651187896728,5.698548793792725
59,18.195,120,6,78.19110107421875,-218.0200958251953,-59.56889724731445,-238.6676788330078,-53.196571350097656,-217.26431274414062,5.727277851104736,5.644620895385742
60,18.499,120,6,78.19110107421875,-218.0200958251953,-59.56889724731445,-238.6676788330078,36.20209503173828,-222.3861541748047,5.723179578781128,5.602615833282471
61,18.819,124,6,78.19110107421875,-218.0200958251953,-58.761962890625,-238.26368713378906,-47.99890899658203,-216.36578369140625,5.69510555267334,5.696712493896484
62,19.121,124,6,78.19110107421875,-218.0200958251953,-58.761962890625,-238.26368713378906,81.8038330078125,-236.03045654296875,5.727448930740357,5.655878067016602
63,19.431,128,6,78.19110107421875,-218.0200958251953,-60.144126892089844,-237.958740234375,-33.63215637207031,-218.31756591796875,5.732882757186889,5.78050422668457
64,19.748,128,6,78.19110107421875,-218.0200958251953,-60.144126892089844,-237.958740234375,53.96273422241211,-222.6041259765625,5.717942152023316,5.771761894226074
65,20.075,132,7,78.19110107421875,-214.9648895263672,-59.88483428955078,-237.46240234375,-27.42903709411621,-217.31065368652344,5.723988246917725,5.701147079467773
66,20.389,132,7,78.19110107421875,-214.9648895263672,-59.88483428955078,-237.46240234375,-24.276464462280273,-217.02557373046875,5.69537244796753,5.664609909057617
67,20.712,136,7,78.19110107421875,-214.9648895263672,-60.78675079345703,-237.1456756591797,81.78778076171875,-236.1990509033203,5.701636447906494,5.620681285858154
68,21.032,136,7,78.19110107421875,-214.9648895263672,-60.78675079345703,-237.1456756591797,-37.39904022216797,-213.53585815429688,5.722852210998536,5.642215728759766
69,21.361,140,7,78.96757507324219,-214.9648895263672,-58.28225326538086,-236.8542938232422,-44.18720245361328,-214.47137451171875,5.722177104949951,5.728323936462402
70,21.689,140,7,78.96757507324219,-214.9648895263672,-58.28225326538086,-236.8542938232422,89.98310089111328,-224.47137451171875,5.692326793670654,5.6151933670043945
71,22.084,144,8,79.72229766845703,-214.9648895263672,-58.63705062866211,-236.74606323242188,82.59334564208984,-225.08224487304688,5.701705627441406,5.8527750968933105
72,22.4,144,8,79.72229766845703,-214.9648895263672,-58.63705062866211,-236.74606323242188,91.30842590332031,-229.29466247558594,5.715982847213745,5.696096420288086
73,22.713,148,8,79.72229766845703,-214.9648895263672,-61.905921936035156,-236.77684020996094,80.1885757446289,-230.83126831054688,5.713561248779297,5.768205642700195
74,23.016,148,8,79.72229766845703,-214.9648895263672,-61.905921936035156,-236.77684020996094,-37.95747756958008,-217.93307495117188,5.701256675720215,5.650422096252441
75,23.328,152,8,79.72229766845703,-214.9648895263672,-61.11906433105469,-236.74578857421875,87.05004119873047,-224.88369750976562,5.701385879516602,5.717337608337402
76,23.631,152,8,79.72229766845703,-214.9648895263672,-61.11906433105469,-236.74578857421875,60.402915954589844,-221.40261840820312,5.706684217453003,5.746341705322266
77,23.948,156,8,79.72229766845703,-214.9648895263672,-59.91804885864258,-236.55471801757812,6.99770450592041,-219.53115844726562,5.697158155441284,5.827637195587158
78,24.251,156,8,79.72229766845703,-214.9648895263672,-59.91804885864258,-236.55471801757812,-49.26969909667969,-214.46041870117188,5.71150408744812,5.690292835235596
79,24.562,160,8,79.72229766845703,-214.9648895263672,-60.75974655151367,-236.38540649414062,51.01636505126953,-220.45875549316406,5.707562847137451,5.728719711303711
80,24.869,160,8,79.72229766845703,-214.9648895263672,-60.75974655151367,-236.38540649414062,66.27310180664062,-219.84259033203125,5.677695846557617,5.639448165893555
81,25.182,164,8,79.72229766845703,-214.9648895263672,-61.01327133178711,-236.2960662841797,103.10370635986328,-231.63246154785156,5.697911767959595,5.625962257385254
82,25.487,164,8,79.72229766845703,-214.9648895263672,-61.01327133178711,-236.2960662841797,91.3271255493164,-231.87376403808594,5.7078984832763675,5.738106727600098
83,25.798,168,8,79.72229766845703,-214.9648895263672,-60.43794250488281,-236.23268127441406,105.14913940429688,-223.92701721191406,5.689945459365845,5.59275484085083
84,26.101,168,8,79.72229766845703,-214.9648895263672,-60.43794250488281,-236.23268127441406,-34.08018112182617,-218.05288696289062,5.704205055236816,5.543793678283691
85,26.412,172,9,102.77725982666016,-214.9648895263672,-58.16702651977539,-236.1617431640625,86.25013732910156,-220.3366241455078,5.704321336746216,5.706850051879883
86,26.717,172,9,102.77725982666016,-214.9648895263672,-58.16702651977539,-236.1617431640625,70.68531036376953,-220.87074279785156,5.707028703689575,5.830902099609375
87,27.029,176,9,102.77725982666016,-214.9648895263672,-58.479434967041016,-236.18023681640625,85.22492218017578,-231.84181213378906,5.6943130207061765,5.746772766113281
88,27.334,176,9,102.77725982666016,-214.9648895263672,-58.479434967041016,-236.18023681640625,85.26765441894531,-221.86085510253906,5.69796932220459,5.606382846832275
89,27.646,180,9,102.77725982666016,-214.9648895263672,-58.754241943359375,-236.0859375,75.84630584716797,-222.75656127929688,5.703862810134888,5.700798511505127
90,27.965,180,9,102.77725982666016,-214.9648895263672,-58.754241943359375,-236.0859375,-34.45280075073242,-216.85865783691406,5.6835561370849605,5.764483451843262
91,28.315,184,9,102.77725982666016,-214.9648895263672,-60.33207321166992,-236.0021209716797,105.62920379638672,-234.91647338867188,5.687591142654419,5.616013526916504
92,28.637,184,9,102.77725982666016,-214.9648895263672,-60.33207321166992,-236.0021209716797,-33.5235595703125,-218.89678955078125,5.687898921966553,5.77316951751709
93,28.961,188,10,150.25518798828125,-214.9648895263672,-61.01176071166992,-236.0682830810547,140.20297241210938,-232.09228515625,5.666876487731933,5.636700630187988
94,29.274,188,10,150.25518798828125,-214.9648895263672,-61.01176071166992,-236.0682830810547,-19.844383239746094,-217.33529663085938,5.669477033615112,5.609462738037109
95,29.594,192,10,150.25518798828125,-214.9648895263672,-60.739620208740234,-235.84608459472656,-25.23833656311035,-214.42977905273438,5.7015362644195555,5.816919326782227
96,29.9,192,10,150.25518798828125,-214.9648895263672,-60.739620208740234,-235.84608459472656,164.74038696289062,-240.55947875976562,5.6956960964202885,5.594606399536133
97,30.214,196,10,150.25518798828125,-214.9648895263672,-61.544185638427734,-235.748291015625,-34.08845138549805,-210.00498962402344,5.668378629684448,5.640455722808838
98,30.519,196,10,150.25518798828125,-214.9648895263672,-61.544185638427734,-235.748291015625,59.182899475097656,-219.7637176513672,5.700395746231079,5.7097320556640625
99,30.831,200,10,150.25518798828125,-214.9648895263672,-60.986083984375,-235.77008056640625,104.70059204101562,-234.08529663085938,5.678197326660157,5.6563639640808105
100,31.139,200,10,150.25518798828125,-214.9648895263672,-60.986083984375,-235.77008056640625,-40.684329986572266,-213.08761596679688,5.704870319366455,5.709544658660889
101,31.453,200,10,150.25518798828125,-214.9648895263672,-61.4051628112793,-234.25489807128906,38.494293212890625,-219.992431640625,5.662261333465576,5.742842674255371
102,31.758,200,10,150.25518798828125,-214.9648895263672,-61.4051628112793,-234.25489807128906,46.512935638427734,-221.0306396484375,5.65009108543396,5.572399139404297
103,32.074,200,10,150.25518798828125,-214.9648895263672,-60.47623062133789,-234.36349487304688,81.22559356689453,-229.0431365966797,5.679942960739136,5.670507431030273
104,32.395,200,10,150.25518798828125,-214.9648895263672,-60.47623062133789,-234.36349487304688,-31.369281768798828,-214.3294677734375,5.669428997039795,5.490426063537598
105,32.721,200,7,150.25518798828125,-214.9648895263672,-59.71806716918945,-233.5968780517578,-46.29323959350586,-212.81976318359375,5.672789602279663,5.74672269821167
106,33.037,200,7,150.25518798828125,-214.9648895263672,-59.71806716918945,-233.5968780517578,-32.359764099121094,-213.04588317871094,5.658710708618164,5.662493705749512
107,33.364,200,7,150.25518798828125,-214.9648895263672,-61.0100212097168,-233.27560424804688,132.40069580078125,-230.22457885742188,5.642134275436401,5.685778617858887
108,33.681,200,7,150.25518798828125,-214.9648895263672,-61.0100212097168,-233.27560424804688,-34.82496643066406,-214.51441955566406,5.667465887069702,5.5990986824035645
109,33.998,200,7,150.25518798828125,-214.9648895263672,-60.157344818115234,-232.7171630859375,110.06536865234375,-235.7304229736328,5.657725601196289,5.561800956726074
110,34.304,200,7,150.25518798828125,-214.9648895263672,-60.157344818115234,-232.7171630859375,109.4537124633789,-234.5169677734375,5.647227830886841,5.606960296630859
111,34.62,200,7,150.25518798828125,-214.9648895263672,-60.975093841552734,-232.17457580566406,119.0425796508789,-227.19387817382812,5.6335148525238035,5.6163482666015625
112,34.926,200,7,150.25518798828125,-214.9648895263672,-60.975093841552734,-232.17457580566406,160.25515747070312,-235.49705505371094,5.654824819564819,5.733038902282715
113,35.243,200,7,150.25518798828125,-214.9648895263672,-61.33686065673828,-231.9386749267578,150.552001953125,-238.9820556640625,5.646871910095215,5.627860069274902
114,35.553,200,7,150.25518798828125,-214.9648895263672,-61.33686065673828,-231.9386749267578,75.74432373046875,-215.10369873046875,5.635780601501465,5.757355690002441
115,35.872,200,6,170.06304931640625,-214.9648895263672,-60.61729431152344,-231.80087280273438,185.05535888671875,-241.00534057617188,5.628018636703491,5.605623245239258
116,36.182,200,6,170.06304931640625,-214.9648895263672,-60.61729431152344,-231.80087280273438,193.391845703125,-229.7806396484375,5.642019243240356,5.666963577270508
117,36.499,200,6,170.06304931640625,-214.9648895263672,-58.221473693847656,-231.6649932861328,78.37812805175781,-223.9617462158203,5.64777268409729,5.687942981719971
118,36.815,200,6,170.06304931640625,-214.9648895263672,-58.221473693847656,-231.6649932861328,188.94654846191406,-232.41477966308594,5.625063285827637,5.630402565002441
119,37.135,200,6,170.06304931640625,-214.9648895263672,-60.01271438598633,-231.5077362060547,99.97640991210938,-225.55142211914062,5.637788867950439,5.584197521209717
120,37.44,200,6,170.06304931640625,-214.9648895263672,-60.01271438598633,-231.5077362060547,191.03244018554688,-231.4430694580078,5.646236972808838,5.673427581787109
121,37.753,200,6,170.06304931640625,-214.9648895263672,-61.62468719482422,-231.2833251953125,184.83651733398438,-230.49586486816406,5.624395656585693,5.7329206466674805
122,38.057,200,6,170.06304931640625,-214.9648895263672,-61.62468719482422,-231.2833251953125,-33.95667266845703,-213.79598999023438,5.626066951751709,5.662694454193115
123,38.37,200,6,170.06304931640625,-214.9648895263672,-62.078487396240234,-231.13722229003906,184.1336212158203,-230.68519592285156,5.629641408920288,5.528754711151123
124,38.675,200,6,170.06304931640625,-214.9648895263672,-62.078487396240234,-231.13722229003906,95.38946533203125,-227.4803924560547,5.628382263183593,5.773466110229492
125,38.998,200,6,170.06304931640625,-214.9648895263672,-62.429725646972656,-230.98680114746094,112.71490478515625,-217.4901885986328,5.637113647460938,5.6107563972473145
126,39.305,200,6,170.06304931640625,-214.9648895263672,-62.429725646972656,-230.98680114746094,196.44688415527344,-232.91574096679688,5.619845008850097,5.770224094390869
127,39.619,200,6,170.06304931640625,-214.9648895263672,-64.199462890625,-230.94601440429688,-42.18793487548828,-213.50938415527344,5.620703783035278,5.756325721740723
128,39.925,200,6,170.06304931640625,-214.9648895263672,-64.199462890625,-230.94601440429688,73.76815795898438,-217.83639526367188,5.637269325256348,5.52425479888916
129,40.243,200,6,170.06304931640625,-214.9648895263672,-61.538421630859375,-230.9404754638672,186.20553588867188,-232.18519592285156,5.623002786636352,5.667041301727295
130,40.559,200,6,170.06304931640625,-214.9648895263672,-61.538421630859375,-230.9404754638672,188.3997344970703,-232.2697296142578,5.631947298049926,5.684231281280518
131,40.893,200,6,170.06304931640625,-214.9648895263672,-60.523536682128906,-230.85862731933594,113.7657241821289,-217.78053283691406,5.615968255996704,5.684220314025879
132,41.227,200,6,170.06304931640625,-214.9648895263672,-60.523536682128906,-230.85862731933594,185.3806610107422,-232.96478271484375,5.626053199768067,5.684574127197266
133,41.554,200,6,170.06304931640625,-214.9648895263672,-62.307151794433594,-230.76441955566406,-52.979522705078125,-213.50860595703125,5.615687618255615,5.555228233337402
134,41.861,200,6,170.06304931640625,-214.9648895263672,-62.307151794433594,-230.76441955566406,197.9936981201172,-232.19903564453125,5.619291582107544,5.604635238647461
135,42.243,200,6,170.06304931640625,-214.9648895263672,-64.3287124633789,-230.71469116210938,111.54317474365234,-224.6050567626953,5.606733942031861,5.606201171875
136,42.575,200,6,170.06304931640625,-214.9648895263672,-64.3287124633789,-230.71469116210938,-42.556880950927734,-212.2479705810547,5.6014952468872075,5.713738441467285
137,42.893,200,6,170.06304931640625,-214.9648895263672,-65.98381042480469,-230.5204315185547,-50.00559616088867,-211.9234161376953,5.605532159805298,5.614959716796875
138,43.248,200,6,170.06304931640625,-214.9648895263672,-65.98381042480469,-230.5204315185547,170.61984252929688,-232.2001190185547,5.62040265083313,5.613729953765869
139,43.564,200,6,170.06304931640625,-214.9648895263672,-65.21907043457031,-230.54940795898438,175.8726348876953,-232.36766052246094,5.617126817703247,5.672319412231445
140,43.906,200,6,170.06304931640625,-214.9648895263672,-65.21907043457031,-230.54940795898438,111.2321548461914,-214.54315185546875,5.620710372924805,5.607662677764893
141,44.224,200,6,170.06304931640625,-214.9648895263672,-67.26448059082031,-230.5331573486328,213.2568817138672,-231.92356872558594,5.607026672363281,5.594062805175781
142,44.59,200,6,170.06304931640625,-214.9648895263672,-67.26448059082031,-230.5331573486328,181.68873596191406,-229.166259765625,5.638252935409546,5.719492435455322
143,44.902,200,6,170.06304931640625,-214.9648895263672,-66.84532165527344,-230.67039489746094,186.50999450683594,-232.95407104492188,5.621933898925781,5.581136226654053
144,45.21,200,6,170.06304931640625,-214.9648895263672,-66.84532165527344,-230.67039489746094,172.6192626953125,-231.43434143066406,5.622356071472168,5.658476829528809
145,45.522,200,6,170.06304931640625,-214.9648895263672,-66.69757080078125,-230.7862091064453,170.85899353027344,-231.93609619140625,5.649538259506226,5.630468845367432
146,45.829,200,6,170.06304931640625,-214.9648895263672,-66.69757080078125,-230.7862091064453,-10.575404167175293,-214.30592346191406,5.610385084152222,5.652168273925781
147,46.144,200,6,170.06304931640625,-214.9648895263672,-65.71168518066406,-230.92543029785156,-51.506160736083984,-214.378173828125,5.61563624382019,5.542966365814209
148,46.463,200,6,170.06304931640625,-214.9648895263672,-65.71168518066406,-230.92543029785156,94.584228515625,-226.6480712890625,5.618240785598755,5.715804100036621
149,46.78,200,6,170.06304931640625,-214.9648895263672,-65.73963928222656,-230.76007080078125,-39.67269515991211,-212.66688537597656,5.6049924659729005,5.557466506958008
150,47.088,200,6,170.06304931640625,-214.9648895263672,-65.73963928222656,-230.76007080078125,212.1375274658203,-231.05416870117188,5.617609739303589,5.533560752868652
151,47.403,200,6,170.06304931640625,-214.9648895263672,-61.895362854003906,-230.58811950683594,73.52716064453125,-215.8779296875,5.601765546798706,5.447783470153809
152,47.71,200,6,170.06304931640625,-214.9648895263672,-61.895362854003906,-230.58811950683594,190.5250701904297,-232.6133270263672,5.622743835449219,5.721151351928711
153,48.022,200,6,170.06304931640625,-214.9648895263672,-62.89503860473633,-230.78329467773438,133.10018920898438,-225.7103729248047,5.605626783370972,5.482096195220947
154,48.343,200,6,170.06304931640625,-214.9648895263672,-62.89503860473633,-230.78329467773438,186.12184143066406,-229.7491455078125,5.619471406936645,5.447388648986816
155,48.665,200,6,170.06304931640625,-214.9648895263672,-62.439048767089844,-230.62387084960938,107.75401306152344,-223.24887084960938,5.6088919353485105,5.536674499511719
156,48.99,200,6,170.06304931640625,-214.9648895263672,-62.439048767089844,-230.62387084960938,173.5462646484375,-232.79832458496094,5.613282899856568,5.538274765014648
157,49.351,200,6,170.06304931640625,-214.9648895263672,-61.88661193847656,-230.5557098388672,113.84278869628906,-226.24436950683594,5.602434720993042,5.546015739440918
158,49.677,200,6,170.06304931640625,-214.9648895263672,-61.88661193847656,-230.5557098388672,96.44512939453125,-217.85179138183594,5.612361936569214,5.6855058670043945
159,50.036,200,6,170.06304931640625,-214.9648895263672,-62.990352630615234,-230.65199279785156,-37.60406494140625,-214.65211486816406,5.63613115310669,5.632978916168213
160,50.348,200,6,170.06304931640625,-214.9648895263672,-62.990352630615234,-230.65199279785156,173.43685913085938,-230.90907287597656,5.615666360855102,5.502286434173584
161,50.667,200,6,170.06304931640625,-214.9648895263672,-62.495723724365234,-230.72486877441406,89.89439392089844,-218.0338592529297,5.60040322303772,5.586228847503662
162,50.987,200,6,170.06304931640625,-214.9648895263672,-62.495723724365234,-230.72486877441406,188.00218200683594,-229.0939178466797,5.623183155059815,5.541719436645508
163,51.314,200,6,170.06304931640625,-214.9648895263672,-60.94289016723633,-230.82472229003906,89.47357940673828,-216.42005920410156,5.600056571960449,5.571933746337891
164,51.631,200,6,170.06304931640625,-214.9648895263672,-60.94289016723633,-230.82472229003906,-42.293846130371094,-214.52313232421875,5.591129665374756,5.52974796295166
165,51.954,200,5,170.06304931640625,-218.23777770996094,-59.93758773803711,-231.04351806640625,-45.8395881652832,-210.66810607910156,5.632605457305909,5.71665096282959
166,52.299,200,5,170.06304931640625,-218.23777770996094,-59.93758773803711,-231.04351806640625,98.0016098022461,-225.9098358154297,5.594574003219605,5.5982537269592285
167,52.631,200,5,170.06304931640625,-218.23777770996094,-59.118412017822266,-231.1166229248047,78.46280670166016,-216.70553588867188,5.621717700958252,5.607497215270996
168,52.966,200,5,170.06304931640625,-218.23777770996094,-59.118412017822266,-231.1166229248047,182.8519287109375,-230.23170471191406,5.586597623825074,5.632837295532227
169,53.289,200,4,170.06304931640625,-218.23777770996094,-59.25315856933594,-231.32379150390625,181.8249969482422,-232.9312744140625,5.625154256820679,5.605663299560547
170,53.594,200,4,170.06304931640625,-218.23777770996094,-59.25315856933594,-231.32379150390625,177.42507934570312,-230.74546813964844,5.604716863632202,5.5923309326171875
171,53.913,200,4,170.06304931640625,-218.23777770996094,-59.05210876464844,-231.23117065429688,185.42503356933594,-232.26495361328125,5.593381385803223,5.629310131072998
172,54.22,200,4,170.06304931640625,-218.23777770996094,-59.05210876464844,-231.23117065429688,83.3857192993164,-217.77572631835938,5.625706148147583,5.6315813064575195
173,54.539,200,4,170.06304931640625,-218.23777770996094,-56.64711380004883,-231.06019592285156,70.81207275390625,-218.12640380859375,5.603879785537719,5.6331329345703125
174,54.844,200,4,170.06304931640625,-218.23777770996094,-56.64711380004883,-231.06019592285156,190.07485961914062,-232.34942626953125,5.5932096576690675,5.650677680969238
175,55.179,200,4,170.06304931640625,-218.23777770996094,-54.93458557128906,-231.03871154785156,77.25900268554688,-217.93606567382812,5.603027830123901,5.614734649658203
176,55.488,200,4,170.06304931640625,-218.23777770996094,-54.93458557128906,-231.03871154785156,75.94377899169922,-217.27659606933594,5.606539726257324,5.5322160720825195
177,55.807,200,4,170.06304931640625,-218.23777770996094,-54.752357482910156,-231.03173828125,89.29571533203125,-222.3465576171875,5.601678714752198,5.710991859436035
178,56.115,200,4,170.06304931640625,-218.23777770996094,-54.752357482910156,-231.03173828125,74.7885513305664,-214.75770568847656,5.588837051391602,5.561896324157715
179,56.431,200,4,170.06304931640625,-218.23777770996094,-53.53453063964844,-231.06370544433594,175.7001495361328,-231.97341918945312,5.604579582214355,5.473881721496582
180,56.738,200,4,170.06304931640625,-218.23777770996094,-53.53453063964844,-231.06370544433594,186.2978057861328,-232.33370971679688,5.5831554508209225,5.582566261291504
181,57.083,200,4,170.06304931640625,-218.23777770996094,-54.248268127441406,-231.02684020996094,70.96604919433594,-216.7954559326172,5.595904216766358,5.629609107971191
182,57.387,200,4,170.06304931640625,-218.23777770996094,-54.248268127441406,-231.02684020996094,73.03092193603516,-217.58448791503906,5.607723655700684,5.638643264770508
183,57.702,200,4,170.06304931640625,-218.23777770996094,-54.89732360839844,-230.9177703857422,71.79022979736328,-217.06869506835938,5.577306661605835,5.404691696166992
184,58.01,200,4,170.06304931640625,-218.23777770996094,-54.89732360839844,-230.9177703857422,71.15926361083984,-217.9642791748047,5.626305799484253,5.5101494789123535
185,58.351,200,4,170.06304931640625,-218.23777770996094,-55.7446403503418,-230.88955688476562,70.44628143310547,-216.78256225585938,5.595735292434693,5.6331634521484375
186,58.707,200,4,170.06304931640625,-218.23777770996094,-55.7446403503418,-230.88955688476562,74.6335220336914,-217.67010498046875,5.59637559890747,5.640251159667969
187,59.106,200,4,170.06304931640625,-218.23777770996094,-56.037445068359375,-230.7676239013672,72.28275299072266,-217.91502380371094,5.581319208145142,5.633968353271484
188,59.415,200,4,170.06304931640625,-218.23777770996094,-56.037445068359375,-230.7676239013672,72.27193450927734,-217.25491333007812,5.598477439880371,5.570185661315918
189,59.732,200,4,170.06304931640625,-218.23777770996094,-54.75477981567383,-230.6928253173828,71.56541442871094,-215.76451110839844,5.58751220703125,5.5643086433410645
190,60.043,200,4,170.06304931640625,-218.23777770996094,-54.75477981567383,-230.6928253173828,89.61901092529297,-224.2783966064453,5.584643135070801,5.613287448883057
191,60.382,200,4,170.06304931640625,-218.23777770996094,-53.90194320678711,-230.67250061035156,69.9886703491211,-217.1143798828125,5.592028789520263,5.680125713348389
192,60.689,200,4,170.06304931640625,-218.23777770996094,-53.90194320678711,-230.67250061035156,96.24649810791016,-225.39212036132812,5.589633979797363,5.64414119720459
193,61.003,200,4,170.06304931640625,-218.23777770996094,-53.76185607910156,-230.68617248535156,98.26512908935547,-226.9821319580078,5.603504400253296,5.630020618438721
194,61.307,200,4,170.06304931640625,-218.23777770996094,-53.76185607910156,-230.68617248535156,88.0058364868164,-222.76239013671875,5.578724937438965,5.58652925491333
195,61.622,200,4,170.06304931640625,-218.23777770996094,-52.492591857910156,-230.86375427246094,72.39554595947266,-216.8354949951172,5.598288860321045,5.6608757972717285
196,61.927,200,4,170.06304931640625,-218.23777770996094,-52.492591857910156,-230.86375427246094,176.4238739013672,-230.7322235107422,5.6026490211486815,5.630979061126709
197,62.24,200,5,170.06304931640625,-218.23777770996094,-51.99326705932617,-230.74827575683594,69.97530364990234,-216.7747802734375,5.602860202789307,5.8208394050598145
198,62.545,200,5,170.06304931640625,-218.23777770996094,-51.99326705932617,-230.74827575683594,77.3222885131836,-216.4718017578125,5.593790559768677,5.636794090270996
199,62.86,200,5,170.06304931640625,-218.23777770996094,-52.239013671875,-230.73477172851562,78.93863677978516,-217.18797302246094,5.585417890548706,5.511330604553223
200,63.188,200,5,170.06304931640625,-218.23777770996094,-52.239013671875,-230.73477172851562,182.71644592285156,-231.88864135742188,5.576353874206543,5.584005832672119
1,0.367,4,4,-26.891408920288086,-307.0693664550781,-122.6451644897461,-309.65203857421875,0.1364019513130188,-0.627142608165741,6.586652126312256,6.463065147399902
2,0.672,4,4,-26.891408920288086,-307.0693664550781,-122.6451644897461,-309.65203857421875,-4.999268531799316,-13.237812995910645,6.519072618484497,6.418156623840332
3,0.983,8,4,-26.891408920288086,-223.36514282226562,-107.26553344726562,-267.1620788574219,-8.366695404052734,9.66650104522705,6.040964956283569,6.089073657989502
4,1.284,8,4,-26.891408920288086,-223.36514282226562,-107.26553344726562,-267.1620788574219,-162.99337768554688,-216.063720703125,6.038977136611939,6.1815667152404785
5,1.595,12,5,57.65414810180664,-223.36514282226562,-81.4427261352539,-265.5282287597656,-5.270802974700928,-313.42620849609375,6.026951541900635,6.010337829589844
6,1.9,12,5,57.65414810180664,-223.36514282226562,-81.4427261352539,-265.5282287597656,82.80758666992188,-261.0137939453125,6.034553060531616,6.0670671463012695
7,2.236,16,7,57.65414810180664,-223.36514282226562,-69.9846420288086,-260.739990234375,109.68321228027344,-263.4666748046875,5.983051013946533,6.021359443664551
8,2.538,16,7,57.65414810180664,-223.36514282226562,-69.9846420288086,-260.739990234375,-22.458965301513672,-221.4024200439453,5.963458623886108,6.037537097930908
9,2.847,20,7,57.65414810180664,-223.36514282226562,-75.57263946533203,-258.95159912109375,-37.39958572387695,-223.6993408203125,5.964884853363037,6.039913654327393
10,3.148,20,7,57.65414810180664,-223.36514282226562,-75.57263946533203,-258.95159912109375,-160.8123321533203,-219.06497192382812,5.954251432418824,5.993833541870117
11,3.462,24,7,57.65414810180664,-223.36514282226562,-83.1156234741211,-256.7742919921875,-42.31079864501953,-221.60888671875,5.951971435546875,5.885671138763428
12,3.773,24,7,57.65414810180664,-223.36514282226562,-83.1156234741211,-256.7742919921875,74.0833740234375,-256.8404235839844,5.944490642547607,5.879690170288086
13,4.082,28,8,57.65414810180664,-223.36514282226562,-85.22867584228516,-256.330078125,62.82822036743164,-261.3161926269531,5.934572315216064,6.0618815422058105
14,4.394,28,8,57.65414810180664,-223.36514282226562,-85.22867584228516,-256.330078125,-101.48483276367188,-222.40821838378906,5.917569808959961,5.967242240905762
15,4.705,32,9,57.65414810180664,-223.36514282226562,-77.13069152832031,-256.0244140625,-13.504270553588867,-222.83726501464844,5.8881807613372805,5.7689900398254395
16,5.01,32,9,57.65414810180664,-223.36514282226562,-77.13069152832031,-256.0244140625,-149.92782592773438,-219.36270141601562,5.901761426925659,5.995100021362305
17,5.433,36,9,57.65414810180664,-223.36514282226562,-83.48088836669922,-255.38951110839844,-10.315998077392578,-225.03785705566406,5.9090001583099365,5.989351272583008
18,5.734,36,9,57.65414810180664,-223.36514282226562,-83.48088836669922,-255.38951110839844,83.74869537353516,-264.465087890625,5.9262110614776615,5.957221984863281
19,6.044,40,10,57.65414810180664,-223.36514282226562,-79.33502197265625,-255.29736328125,-32.90007400512695,-218.73818969726562,5.911504058837891,5.792087078094482
20,6.371,40,10,57.65414810180664,-223.36514282226562,-79.33502197265625,-255.29736328125,6.168416976928711,-239.45387268066406,5.893938398361206,5.746433734893799
21,6.753,44,10,57.65414810180664,-223.36514282226562,-76.4991226196289,-255.48013305664062,83.54690551757812,-258.2877197265625,5.920858488082886,5.93701171875
22,7.056,44,10,57.65414810180664,-223.36514282226562,-76.4991226196289,-255.48013305664062,-165.70301818847656,-221.39744567871094,5.9132591915130615,5.922494888305664
23,7.382,48,11,57.65414810180664,-223.36514282226562,-74.61248016357422,-255.57550048828125,14.897658348083496,-247.70022583007812,5.908224420547485,5.875672817230225
24,7.689,48,11,57.65414810180664,-223.36514282226562,-74.61248016357422,-255.57550048828125,38.943389892578125,-248.29949951171875,5.9022894287109375,5.821722507476807
25,8.01,52,6,57.65414810180664,-223.36514282226562,-69.31842803955078,-254.5615234375,-155.3702850341797,-218.2988739013672,5.9292456245422365,5.908214569091797
26,8.318,52,6,57.65414810180664,-223.36514282226562,-69.31842803955078,-254.5615234375,102.00123596191406,-263.6932373046875,5.89996823310852,5.868743896484375
27,8.63,56,6,57.65414810180664,-223.36514282226562,-71.3257827758789,-254.1375732421875,-50.76239013671875,-219.89462280273438,5.90369574546814,6.08447265625
28,8.934,56,6,57.65414810180664,-223.36514282226562,-71.3257827758789,-254.1375732421875,-152.62066650390625,-218.63919067382812,5.887056035995483,5.810486793518066
29,9.246,60,6,59.60829544067383,-223.36514282226562,-67.97935485839844,-253.9277801513672,65.24346160888672,-262.0882873535156,5.889305906295776,5.927704811096191
30,9.558,60,6,59.60829544067383,-223.36514282226562,-67.97935485839844,-253.9277801513672,-15.878006935119629,-221.8433074951172,5.879173641204834,5.695364475250244
31,9.934,64,6,59.60829544067383,-223.36514282226562,-68.86447143554688,-253.37753295898438,54.809104919433594,-239.24615478515625,5.869273509979248,5.67729377746582
32,10.305,64,6,59.60829544067383,-223.36514282226562,-68.86447143554688,-253.37753295898438,76.94145202636719,-238.57217407226562,5.881456394195556,5.817075729370117
33,10.621,68,6,59.60829544067383,-223.36514282226562,-67.04981231689453,-253.39108276367188,69.75843048095703,-249.30166625976562,5.868333501815796,5.935121536254883
34,10.925,68,6,59.60829544067383,-223.36514282226562,-67.04981231689453,-253.39108276367188,68.26099395751953,-239.31471252441406,5.88208779335022,5.852052211761475
35,11.244,72,6,59.60829544067383,-223.36514282226562,-69.19356536865234,-252.89837646484375,66.10529327392578,-242.3628387451172,5.886400804519654,5.919881820678711
36,11.551,72,6,59.60829544067383,-223.36514282226562,-69.19356536865234,-252.89837646484375,90.33745574951172,-247.65155029296875,5.866713428497315,5.949130058288574
37,11.867,76,6,59.60829544067383,-223.36514282226562,-71.91858673095703,-252.8887939453125,61.409446716308594,-248.6893768310547,5.877048606872559,5.754952907562256
38,12.178,76,6,59.60829544067383,-223.36514282226562,-71.91858673095703,-252.8887939453125,87.10079956054688,-250.24441528320312,5.873485288619995,5.853766441345215
39,12.495,80,7,62.73422622680664,-223.36514282226562,-71.32189178466797,-252.84530639648438,-15.334131240844727,-223.30340576171875,5.858976850509643,5.858494281768799
40,12.851,80,7,62.73422622680664,-223.36514282226562,-71.32189178466797,-252.84530639648438,-160.67738342285156,-222.406982421875,5.881911382675171,5.8945159912109375
41,13.215,84,7,62.73422622680664,-223.36514282226562,-71.28456115722656,-252.44699096679688,-140.94117736816406,-221.16976928710938,5.859364366531372,5.807166576385498
42,13.528,84,7,62.73422622680664,-223.36514282226562,-71.28456115722656,-252.44699096679688,114.1762924194336,-255.64141845703125,5.872917222976684,5.954361915588379
43,13.841,88,7,74.29036712646484,-223.36514282226562,-68.03730010986328,-252.73548889160156,85.14069366455078,-253.61624145507812,5.8645602989196775,5.852292537689209
44,14.149,88,7,74.29036712646484,-223.36514282226562,-68.03730010986328,-252.73548889160156,96.3582763671875,-239.65609741210938,5.877906589508057,5.801222801208496
45,14.65,92,7,74.29036712646484,-223.36514282226562,-66.50658416748047,-252.7184600830078,61.95696258544922,-237.94544982910156,5.871580324172974,5.944377422332764
46,15.039,92,7,74.29036712646484,-223.36514282226562,-66.50658416748047,-252.7184600830078,-155.08404541015625,-221.8732147216797,5.876193294525146,5.916439533233643
47,15.41,96,7,74.29036712646484,-223.36514282226562,-68.31922149658203,-252.3390350341797,-163.2548828125,-219.87916564941406,5.867222709655762,5.852506637573242
48,15.741,96,7,74.29036712646484,-223.36514282226562,-68.31922149658203,-252.3390350341797,-21.860092163085938,-222.34690856933594,5.865851058959961,5.913290023803711
49,16.055,100,7,74.29036712646484,-223.36514282226562,-68.5140609741211,-252.1524200439453,-159.2342987060547,-221.05348205566406,5.854141550064087,5.819775104522705
50,16.37,100,7,74.29036712646484,-223.36514282226562,-68.5140609741211,-252.1524200439453,87.02519226074219,-253.98045349121094,5.863298740386963,5.815221309661865
51,16.685,104,7,74.29036712646484,-223.36514282226562,-71.53678894042969,-252.22213745117188,62.14712905883789,-242.8756866455078,5.861031007766724,5.882901191711426
52,16.994,104,7,74.29036712646484,-223.36514282226562,-71.53678894042969,-252.22213745117188,5.190162181854248,-223.9097900390625,5.834993515014649,5.75631856918335
53,17.314,108,7,74.29036712646484,-223.36514282226562,-72.27632904052734,-252.38629150390625,96.75135803222656,-252.0656280517578,5.860025577545166,5.7341461181640625
54,17.621,108,7,74.29036712646484,-223.36514282226562,-72.27632904052734,-252.38629150390625,-146.62307739257812,-218.8588409423828,5.873872003555298,5.996586799621582
55,17.94,112,8,74.29036712646484,-223.36514282226562,-73.91907501220703,-252.17494201660156,-161.05718994140625,-219.2298126220703,5.865096874237061,5.942530155181885
56,18.256,112,8,74.29036712646484,-223.36514282226562,-73.91907501220703,-252.17494201660156,-52.87287521362305,-222.17715454101562,5.835879144668579,5.85653018951416
57,18.572,116,6,77.43274688720703,-223.36514282226562,-72.19351959228516,-251.8636016845703,-156.3551788330078,-221.7920684814453,5.845955858230591,5.911740303039551
58,18.88,116,6,77.43274688720703,-223.36514282226562,-72.19351959228516,-251.8636016845703,-144.07608032226562,-220.22044372558594,5.85356291770935,5.838811874389648
59,19.198,120,6,77.43274688720703,-223.36514282226562,-72.1536636352539,-252.13153076171875,100.4885482788086,-241.70968627929688,5.854887580871582,5.795897483825684
60,19.512,120,6,77.43274688720703,-223.36514282226562,-72.1536636352539,-252.13153076171875,-161.80404663085938,-223.10586547851562,5.848386688232422,5.73117208480835
61,19.89,124,6,77.43274688720703,-223.36514282226562,-72.57755279541016,-252.0859832763672,82.83184814453125,-238.56521606445312,5.827383584976197,5.807842254638672
62,20.208,124,6,77.43274688720703,-223.36514282226562,-72.57755279541016,-252.0859832763672,-47.08647155761719,-225.2289581298828,5.864508056640625,5.8033342361450195
63,20.56,128,6,77.43274688720703,-223.36514282226562,-73.09867858886719,-251.85446166992188,-158.64183044433594,-222.39952087402344,5.872248744964599,5.942935466766357
64,20.867,128,6,77.43274688720703,-223.36514282226562,-73.09867858886719,-251.85446166992188,-131.80203247070312,-223.3346710205078,5.850854091644287,5.939399719238281
65,21.185,132,6,77.43274688720703,-223.36514282226562,-71.48811340332031,-252.07315063476562,144.01612854003906,-241.75833129882812,5.868125047683716,5.827197074890137
66,21.494,132,6,77.43274688720703,-223.36514282226562,-71.48811340332031,-252.07315063476562,-140.33248901367188,-221.3765869140625,5.838853282928467,5.79945182800293
67,21.813,136,6,77.43274688720703,-223.36514282226562,-73.43392181396484,-251.89723205566406,-50.17226028442383,-223.47003173828125,5.844799823760987,5.787668704986572
68,22.123,136,6,77.43274688720703,-223.36514282226562,-73.43392181396484,-251.89723205566406,107.39374542236328,-241.21829223632812,5.861206483840943,5.7884087562561035
69,22.445,140,6,77.43274688720703,-223.36514282226562,-74.20706176757812,-251.91702270507812,94.7652587890625,-242.05934143066406,5.8708721542358395,5.875716686248779
70,22.75,140,6,77.43274688720703,-223.36514282226562,-74.20706176757812,-251.91702270507812,-2.834305763244629,-238.44898986816406,5.846074953079223,5.745979309082031
71,23.068,144,6,77.43274688720703,-223.36514282226562,-74.16987609863281,-252.03387451171875,84.13848114013672,-241.72373962402344,5.853250379562378,6.032540798187256
72,23.529,144,6,77.43274688720703,-223.36514282226562,-74.16987609863281,-252.03387451171875,98.73949432373047,-239.37362670898438,5.872217607498169,5.818970680236816
73,23.928,148,6,77.43274688720703,-223.36514282226562,-74.60970306396484,-252.1620635986328,78.29022979736328,-241.09024047851562,5.868648710250855,5.901023864746094
74,24.279,148,6,77.43274688720703,-223.36514282226562,-74.60970306396484,-252.1620635986328,-51.42543411254883,-224.0047607421875,5.845717096328736,5.764784336090088
75,24.618,152,6,77.43274688720703,-223.36514282226562,-74.7948989868164,-252.24331665039062,-10.289002418518066,-239.2871551513672,5.851884098052978,5.874605178833008
76,24.926,152,6,77.43274688720703,-223.36514282226562,-74.7948989868164,-252.24331665039062,-157.46536254882812,-221.8472900390625,5.861443014144897,5.88036584854126
77,25.247,156,6,77.43274688720703,-223.36514282226562,-74.39835357666016,-251.904052734375,-163.45529174804688,-220.7189178466797,5.845661687850952,5.98396110534668
78,25.558,156,6,77.43274688720703,-223.36514282226562,-74.39835357666016,-251.904052734375,58.78260803222656,-239.73812866210938,5.859937219619751,5.868258953094482
79,25.874,160,6,77.43274688720703,-223.36514282226562,-74.45467376708984,-251.84994506835938,-19.670488357543945,-223.0328826904297,5.855899515151978,5.91058874130249
80,26.182,160,6,77.43274688720703,-223.36514282226562,-74.45467376708984,-251.84994506835938,-146.670166015625,-220.10450744628906,5.828482389450073,5.8131866455078125
81,26.499,164,6,77.43274688720703,-223.36514282226562,-74.75827026367188,-251.81747436523438,59.85200881958008,-235.57635498046875,5.847809791564941,5.75705099105835
82,26.906,164,6,77.43274688720703,-223.36514282226562,-74.75827026367188,-251.81747436523438,98.77388000488281,-242.25485229492188,5.854163913726807,5.884494781494141
83,27.222,168,6,77.43274688720703,-223.36514282226562,-74.78409576416016,-251.79859924316406,127.51471710205078,-240.94692993164062,5.839763946533203,5.72748327255249
84,27.53,168,6,77.43274688720703,-223.36514282226562,-74.78409576416016,-251.79859924316406,-44.29513168334961,-224.1386260986328,5.853120899200439,5.686834812164307
85,27.849,172,6,77.43274688720703,-223.36514282226562,-73.494384765625,-251.67132568359375,-109.93264770507812,-220.65640258789062,5.8542325401306154,5.842357635498047
86,28.16,172,6,77.43274688720703,-223.36514282226562,-73.494384765625,-251.67132568359375,-142.8361358642578,-221.6251983642578,5.857447910308838,5.976010322570801
87,28.476,176,6,77.43274688720703,-223.36514282226562,-73.96936798095703,-251.74464416503906,86.0591812133789,-242.26918029785156,5.8422736644744875,5.872657299041748
88,28.784,176,6,77.43274688720703,-223.36514282226562,-73.96936798095703,-251.74464416503906,-119.9754638671875,-222.53643798828125,5.844846963882446,5.748946189880371
89,29.1,180,6,77.43274688720703,-223.36514282226562,-76.47713470458984,-251.61610412597656,-20.36598014831543,-225.4576416015625,5.852962770462036,5.881691932678223
90,29.408,180,6,77.43274688720703,-223.36514282226562,-76.47713470458984,-251.61610412597656,-49.865535736083984,-221.32875061035156,5.831558122634887,5.914164066314697
91,29.733,184,6,77.43274688720703,-223.36514282226562,-76.51164245605469,-251.48513793945312,21.324880599975586,-235.31822204589844,5.835676097869873,5.762600898742676
92,30.043,184,6,77.43274688720703,-223.36514282226562,-76.51164245605469,-251.48513793945312,-44.73460006713867,-225.1484375,5.8369435214996335,5.885156631469727
93,30.361,188,6,77.43274688720703,-223.36514282226562,-77.23188018798828,-251.5485382080078,75.52601623535156,-232.7190399169922,5.814253187179565,5.764575004577637
94,30.673,188,6,77.43274688720703,-223.36514282226562,-77.23188018798828,-251.5485382080078,-33.93085479736328,-222.18174743652344,5.818230361938476,5.778141021728516
95,30.998,192,6,77.43274688720703,-223.36514282226562,-76.81603240966797,-251.37489318847656,-133.5818328857422,-222.9892120361328,5.851161975860595,5.9498395919799805
96,31.307,192,6,77.43274688720703,-223.36514282226562,-76.81603240966797,-251.37489318847656,34.2710075378418,-234.93666076660156,5.838739347457886,5.759200572967529
97,31.624,196,6,77.43274688720703,-223.36514282226562,-77.88148498535156,-251.21556091308594,-144.2232666015625,-219.88076782226562,5.814922409057617,5.776065349578857
98,31.931,196,6,77.43274688720703,-223.36514282226562,-77.88148498535156,-251.21556091308594,-48.050323486328125,-223.35617065429688,5.844026575088501,5.901155948638916
99,32.254,200,6,77.43274688720703,-223.36514282226562,-77.35391998291016,-251.23109436035156,79.74537658691406,-241.3268585205078,5.827782640457153,5.789926528930664
100,32.566,200,6,77.43274688720703,-223.36514282226562,-77.35391998291016,-251.23109436035156,-152.15419006347656,-222.0463409423828,5.8440721988677975,5.8543806076049805
101,32.884,200,6,77.43274688720703,-223.36514282226562,-75.62117767333984,-249.92543029785156,-46.32990646362305,-223.6068572998047,5.80738899230957,5.8720479011535645
102,33.192,200,6,77.43274688720703,-223.36514282226562,-75.62117767333984,-249.92543029785156,-36.68824005126953,-224.33621215820312,5.798385162353515,5.690489768981934
103,33.573,200,4,97.07325744628906,-236.0940704345703,-73.83972930908203,-250.4022979736328,79.24031829833984,-240.35841369628906,5.825185260772705,5.829169273376465
104,33.89,200,4,97.07325744628906,-236.0940704345703,-73.83972930908203,-250.4022979736328,25.568239212036133,-235.73670959472656,5.815693969726563,5.648298263549805
105,34.207,200,5,97.07325744628906,-236.0940704345703,-73.99551391601562,-250.0049591064453,19.692720413208008,-234.8876495361328,5.822748775482178,5.869185447692871
106,34.516,200,5,97.07325744628906,-236.0940704345703,-73.99551391601562,-250.0049591064453,59.32033157348633,-239.22244262695312,5.814611616134644,5.81022834777832
107,34.833,200,5,97.07325744628906,-236.0940704345703,-74.2206802368164,-249.91183471679688,28.51656150817871,-232.98121643066406,5.794495096206665,5.807645797729492
108,35.145,200,5,97.07325744628906,-236.0940704345703,-74.2206802368164,-249.91183471679688,24.207746505737305,-235.84072875976562,5.822734460830689,5.754254341125488
109,35.469,200,5,97.07325744628906,-236.0940704345703,-73.63951873779297,-249.87220764160156,99.94256591796875,-251.3988037109375,5.821421689987183,5.703476428985596
110,35.778,200,5,97.07325744628906,-236.0940704345703,-73.63951873779297,-249.87220764160156,19.48240089416504,-235.395263671875,5.807793483734131,5.75693416595459
111,36.103,200,5,97.07325744628906,-236.0940704345703,-71.39729309082031,-249.89324951171875,88.1974868774414,-240.4144287109375,5.796101627349853,5.793012619018555
112,36.411,200,5,97.07325744628906,-236.0940704345703,-71.39729309082031,-249.89324951171875,49.532649993896484,-235.28981018066406,5.8138401222229,5.911637783050537
113,36.737,200,5,97.07325744628906,-236.0940704345703,-70.06427001953125,-249.90953063964844,97.19010925292969,-249.60142517089844,5.815463237762451,5.793582439422607
114,37.047,200,5,97.07325744628906,-236.0940704345703,-70.06427001953125,-249.90953063964844,80.51666259765625,-238.83029174804688,5.804530639648437,5.9375433921813965
115,37.369,200,5,97.07325744628906,-236.0940704345703,-71.71926879882812,-249.77328491210938,59.29641342163086,-238.3876953125,5.786644420623779,5.773191452026367
116,37.677,200,5,97.07325744628906,-236.0940704345703,-71.71926879882812,-249.77328491210938,53.9664306640625,-236.34487915039062,5.809047794342041,5.867727756500244
117,38.012,200,5,97.07325744628906,-236.0940704345703,-68.14550018310547,-249.78143310546875,17.019832611083984,-234.93878173828125,5.816084632873535,5.842518329620361
118,38.496,200,5,97.07325744628906,-236.0940704345703,-68.14550018310547,-249.78143310546875,103.84895324707031,-250.93714904785156,5.79379246711731,5.7901835441589355
119,38.844,200,5,97.07325744628906,-236.0940704345703,-68.18633270263672,-249.7012939453125,99.34808349609375,-249.74813842773438,5.808815021514892,5.711090087890625
120,39.186,200,5,97.07325744628906,-236.0940704345703,-68.18633270263672,-249.7012939453125,53.11983871459961,-237.7589569091797,5.811443634033203,5.825385570526123
121,39.516,200,5,97.07325744628906,-236.0940704345703,-68.8021469116211,-249.4754638671875,50.89664840698242,-236.9532470703125,5.791949243545532,5.878498077392578
122,39.824,200,5,97.07325744628906,-236.0940704345703,-68.8021469116211,-249.4754638671875,23.86775779724121,-235.09979248046875,5.7913213634490965,5.800833225250244
123,40.142,200,5,97.07325744628906,-236.0940704345703,-67.78274536132812,-249.45962524414062,102.12200164794922,-249.4659423828125,5.796449737548828,5.701193332672119
124,40.448,200,5,97.07325744628906,-236.0940704345703,-67.78274536132812,-249.45962524414062,97.70221710205078,-251.38894653320312,5.795220251083374,5.958689212799072
125,40.772,200,4,97.07325744628906,-236.0940704345703,-69.30591583251953,-249.54913330078125,112.45464324951172,-250.7792510986328,5.804641695022583,5.749276161193848
126,41.082,200,4,97.07325744628906,-236.0940704345703,-69.30591583251953,-249.54913330078125,87.66216278076172,-240.541015625,5.7869766998291015,5.931446552276611
127,41.4,200,4,97.07325744628906,-236.0940704345703,-69.43421173095703,-249.54820251464844,20.91425132751465,-234.8560028076172,5.788260555267334,5.9185051918029785
128,41.708,200,4,97.07325744628906,-236.0940704345703,-69.43421173095703,-249.54820251464844,98.47993469238281,-251.07374572753906,5.807101049423218,5.688784599304199
129,42.036,200,4,97.07325744628906,-236.0940704345703,-70.60233306884766,-249.64230346679688,51.38786697387695,-238.3902130126953,5.794013328552246,5.881552219390869
130,42.346,200,4,97.07325744628906,-236.0940704345703,-70.60233306884766,-249.64230346679688,52.17518615722656,-238.46212768554688,5.800409107208252,5.867702007293701
131,42.672,200,4,97.07325744628906,-236.0940704345703,-68.46792602539062,-249.8527374267578,112.83169555664062,-251.02621459960938,5.784250631332397,5.79892635345459
132,43.0,200,4,97.07325744628906,-236.0940704345703,-68.46792602539062,-249.8527374267578,83.6914291381836,-240.58273315429688,5.7963847732543945,5.8463358879089355
133,43.319,200,4,97.07325744628906,-236.0940704345703,-69.43620300292969,-249.69937133789062,17.04205894470215,-234.85533142089844,5.78763557434082,5.718192100524902
134,43.625,200,4,97.07325744628906,-236.0940704345703,-69.43620300292969,-249.69937133789062,88.2171859741211,-239.93138122558594,5.7923518085479735,5.797605514526367
135,43.951,200,4,97.07325744628906,-236.0940704345703,-69.68328857421875,-249.84765625,108.76189422607422,-250.64395141601562,5.776775093078613,5.796441555023193
136,44.259,200,4,97.07325744628906,-236.0940704345703,-69.68328857421875,-249.84765625,20.78186798095703,-233.7830352783203,5.770494003295898,5.879376411437988
137,44.575,200,4,97.07325744628906,-236.0940704345703,-70.53427124023438,-249.6189422607422,18.10915184020996,-233.5069580078125,5.780435276031494,5.7476091384887695
138,44.887,200,4,97.07325744628906,-236.0940704345703,-70.53427124023438,-249.6189422607422,78.39501190185547,-239.9322967529297,5.791957817077637,5.816775798797607
139,45.21,200,5,97.07325744628906,-236.0940704345703,-69.58137512207031,-249.66595458984375,80.27980041503906,-240.07481384277344,5.7861980533599855,5.807995796203613
140,45.52,200,5,97.07325744628906,-236.0940704345703,-69.58137512207031,-249.66595458984375,111.922607421875,-248.2724609375,5.789578714370728,5.8037872314453125
141,45.84,200,6,97.07325744628906,-236.0940704345703,-69.26991271972656,-249.73394775390625,93.69386291503906,-239.6970672607422,5.776139488220215,5.7727460861206055
142,46.153,200,6,97.07325744628906,-236.0940704345703,-69.26991271972656,-249.73394775390625,82.36670684814453,-237.35166931152344,5.809189157485962,5.871824264526367
143,46.475,200,7,160.6846923828125,-236.0940704345703,-69.12225341796875,-249.64007568359375,84.09664916992188,-240.57362365722656,5.778692579269409,5.71140193939209
144,46.784,200,7,160.6846923828125,-236.0940704345703,-69.12225341796875,-249.64007568359375,162.3292236328125,-253.65684509277344,5.789150876998901,5.813040733337402
145,47.104,200,7,160.6846923828125,-236.0940704345703,-70.01669311523438,-249.60105895996094,93.3920669555664,-249.0511474609375,5.812910633087158,5.799121379852295
146,47.417,200,7,160.6846923828125,-236.0940704345703,-70.01669311523438,-249.60105895996094,124.69111633300781,-250.7124481201172,5.774742431640625,5.833386421203613
147,47.744,200,7,160.6846923828125,-236.0940704345703,-69.4769287109375,-249.67791748046875,18.139142990112305,-235.46839904785156,5.775836915969848,5.704957962036133
148,48.143,200,7,160.6846923828125,-236.0940704345703,-69.4769287109375,-249.67791748046875,80.29084014892578,-248.96044921875,5.779806623458862,5.879892349243164
149,48.458,200,8,160.6846923828125,-235.44012451171875,-70.0937271118164,-249.50103759765625,25.752151489257812,-233.6435089111328,5.770517778396607,5.718706130981445
150,48.768,200,8,160.6846923828125,-235.44012451171875,-70.0937271118164,-249.50103759765625,-118.52082061767578,-233.3201141357422,5.7758024883270265,5.682170867919922
151,49.096,200,8,160.6846923828125,-235.44012451171875,-69.99048614501953,-249.30496215820312,85.34143829345703,-247.27870178222656,5.7649170017242435,5.606971740722656
152,49.405,200,8,160.6846923828125,-235.44012451171875,-69.99048614501953,-249.30496215820312,-151.76910400390625,-235.0393829345703,5.77958041191101,5.8693037033081055
153,49.722,200,8,160.6846923828125,-235.44012451171875,-69.79757690429688,-249.20103454589844,221.3949432373047,-253.3158721923828,5.762853937149048,5.669926643371582
154,50.038,200,8,160.6846923828125,-235.44012451171875,-69.79757690429688,-249.20103454589844,-158.54296875,-231.88107299804688,5.775635499954223,5.6584391593933105
155,50.356,200,8,160.6846923828125,-235.44012451171875,-68.55656433105469,-249.16236877441406,122.4798812866211,-238.09771728515625,5.765152931213379,5.712559700012207
156,50.664,200,8,160.6846923828125,-235.44012451171875,-68.55656433105469,-249.16236877441406,-177.88906860351562,-235.24339294433594,5.775068893432617,5.708507537841797
157,50.98,200,8,160.6846923828125,-235.44012451171875,-69.626220703125,-249.2342529296875,191.76962280273438,-253.9047088623047,5.759691514968872,5.653219223022461
158,51.291,200,8,160.6846923828125,-235.44012451171875,-69.626220703125,-249.2342529296875,120.59811401367188,-249.4552764892578,5.77053786277771,5.829812049865723
159,51.61,200,9,160.6846923828125,-235.44012451171875,-68.46115112304688,-248.8524169921875,70.05579376220703,-238.7186279296875,5.7918779659271244,5.812351226806641
160,51.917,200,9,160.6846923828125,-235.44012451171875,-68.46115112304688,-248.8524169921875,-178.057373046875,-233.16012573242188,5.758819427490234,5.6661553382873535
161,52.235,200,9,160.6846923828125,-235.44012451171875,-69.14810943603516,-248.7781982421875,110.52056121826172,-249.65602111816406,5.755329160690308,5.741457462310791
162,52.545,200,9,160.6846923828125,-235.44012451171875,-69.14810943603516,-248.7781982421875,-155.65028381347656,-231.1585693359375,5.7731202030181885,5.666327476501465
163,52.876,200,9,160.6846923828125,-235.44012451171875,-68.7857437133789,-248.86312866210938,109.87318420410156,-247.8765106201172,5.751849384307861,5.737999439239502
164,53.186,200,9,160.6846923828125,-235.44012451171875,-68.7857437133789,-248.86312866210938,62.84109878540039,-238.57640075683594,5.740477180480957,5.703188419342041
165,53.504,200,9,160.6846923828125,-235.44012451171875,-69.61641693115234,-248.55596923828125,28.64458656311035,-231.35604858398438,5.777972049713135,5.885506629943848
166,53.811,200,9,160.6846923828125,-235.44012451171875,-69.61641693115234,-248.55596923828125,175.66514587402344,-253.14369201660156,5.738680877685547,5.720951080322266
167,54.138,200,9,160.6846923828125,-235.44012451171875,-67.20953369140625,-248.62725830078125,126.63935852050781,-249.3503875732422,5.763910884857178,5.768589973449707
168,54.447,200,9,160.6846923828125,-235.44012451171875,-67.20953369140625,-248.62725830078125,-139.3569793701172,-231.7410430908203,5.731097240447998,5.745697021484375
169,54.764,200,7,160.6846923828125,-235.44012451171875,-65.3051528930664,-248.5566864013672,201.05093383789062,-255.24037170410156,5.762862186431885,5.774784088134766
170,55.072,200,7,160.6846923828125,-235.44012451171875,-65.3051528930664,-248.5566864013672,-157.9816131591797,-232.43336486816406,5.7363686275482175,5.719339370727539
171,55.529,200,7,160.6846923828125,-233.21072387695312,-64.37118530273438,-248.1575927734375,-130.5262451171875,-234.48094177246094,5.730030241012574,5.7691731452941895
172,55.89,200,7,160.6846923828125,-233.21072387695312,-64.37118530273438,-248.1575927734375,190.92889404296875,-254.60911560058594,5.7642708587646485,5.797547340393066
173,56.381,200,7,160.6846923828125,-233.21072387695312,-63.543312072753906,-247.89923095703125,80.34941101074219,-240.42599487304688,5.741328687667846,5.7559309005737305
174,56.693,200,7,160.6846923828125,-233.21072387695312,-63.543312072753906,-247.89923095703125,-18.492813110351562,-232.27049255371094,5.727791624069214,5.779621601104736
175,57.081,200,7,160.6846923828125,-233.21072387695312,-62.824501037597656,-247.88230895996094,177.2415771484375,-254.84942626953125,5.735537061691284,5.76673698425293
176,57.394,200,7,160.6846923828125,-233.21072387695312,-62.824501037597656,-247.88230895996094,174.3032989501953,-253.8610076904297,5.738986778259277,5.691082000732422
177,57.713,200,8,160.6846923828125,-226.99513244628906,-64.43475341796875,-247.78004455566406,56.830718994140625,-231.4296875,5.730958576202393,5.828972816467285
178,58.021,200,8,160.6846923828125,-226.99513244628906,-64.43475341796875,-247.78004455566406,177.7696533203125,-248.6180877685547,5.722933006286621,5.666724681854248
179,58.347,200,8,160.6846923828125,-226.99513244628906,-63.518035888671875,-247.49928283691406,-166.36456298828125,-225.0682373046875,5.727841901779175,5.611302375793457
180,58.657,200,8,160.6846923828125,-226.99513244628906,-63.518035888671875,-247.49928283691406,-129.7180633544922,-225.7601776123047,5.713631935119629,5.717045783996582
181,58.975,200,8,160.6846923828125,-226.99513244628906,-63.51161193847656,-247.5037841796875,164.55152893066406,-252.5316162109375,5.728750524520874,5.771871566772461
182,59.285,200,8,160.6846923828125,-226.99513244628906,-63.51161193847656,-247.5037841796875,171.6918182373047,-254.04696655273438,5.737994451522827,5.767605304718018
183,59.61,200,8,160.6846923828125,-226.99513244628906,-63.11614227294922,-247.44308471679688,167.40151977539062,-253.05638122558594,5.714269313812256,5.544676780700684
184,59.92,200,8,160.6846923828125,-226.99513244628906,-63.11614227294922,-247.44308471679688,165.2196502685547,-254.7763671875,5.761152935028076,5.658451080322266
185,60.236,200,8,160.6846923828125,-226.99513244628906,-63.0951042175293,-247.50926208496094,162.75418090820312,-252.50685119628906,5.731596670150757,5.777186870574951
186,60.545,200,8,160.6846923828125,-226.99513244628906,-63.0951042175293,-247.50926208496094,177.2335662841797,-254.21142578125,5.728065013885498,5.787294387817383
187,60.868,200,8,160.6846923828125,-226.99513244628906,-64.10897827148438,-247.40609741210938,169.10464477539062,-254.68177795410156,5.714160346984864,5.775880336761475
188,61.183,200,8,160.6846923828125,-226.99513244628906,-64.10897827148438,-247.40609741210938,86.57777404785156,-238.70529174804688,5.732018566131591,5.687756061553955
189,61.501,200,9,160.6846923828125,-226.99513244628906,-60.855995178222656,-247.27879333496094,84.13465881347656,-235.84295654296875,5.718837280273437,5.691336154937744
190,61.808,200,9,160.6846923828125,-226.99513244628906,-60.855995178222656,-247.27879333496094,97.96100616455078,-235.70045471191406,5.714120359420776,5.745596885681152
191,62.127,200,9,160.6846923828125,-226.99513244628906,-62.359188079833984,-247.3975372314453,161.1717529296875,-253.1441192626953,5.7286989212036135,5.820899486541748
192,62.449,200,9,160.6846923828125,-226.99513244628906,-62.359188079833984,-247.3975372314453,120.58763885498047,-245.26353454589844,5.725146961212158,5.797120571136475
193,62.767,200,9,160.6846923828125,-226.99513244628906,-61.60714340209961,-247.29039001464844,127.56802368164062,-248.31716918945312,5.736170110702514,5.762823104858398
194,63.076,200,9,160.6846923828125,-226.99513244628906,-61.60714340209961,-247.29039001464844,94.51536560058594,-235.7025909423828,5.7103707981109615,5.709765911102295
195,63.394,200,9,160.6846923828125,-226.99513244628906,-61.12970733642578,-247.4384002685547,169.4947052001953,-252.60850524902344,5.729253063201904,5.803679466247559
196,63.704,200,9,160.6846923828125,-226.99513244628906,-61.12970733642578,-247.4384002685547,-163.86196899414062,-222.68447875976562,5.737813901901245,5.708648204803467
197,64.036,200,9,160.6846923828125,-226.99513244628906,-59.12126922607422,-247.44448852539062,78.63607788085938,-237.78318786621094,5.740149278640747,5.938474178314209
198,64.441,200,9,160.6846923828125,-226.99513244628906,-59.12126922607422,-247.44448852539062,186.53126525878906,-251.91004943847656,5.723545198440552,5.744009971618652
199,64.757,200,9,160.6846923828125,-226.99513244628906,-59.74208068847656,-247.40338134765625,192.12054443359375,-253.28546142578125,5.722856464385987,5.65734338760376
200,65.186,200,9,160.6846923828125,-226.99513244628906,-59.74208068847656,-247.40338134765625,-142.10235595703125,-224.9053955078125,5.712226753234863,5.7353057861328125
1,0.355,4,4,-26.891408920288086,-307.0693664550781,-122.6451644897461,-309.65203857421875,0.1364019513130188,-0.627142608165741,6.586652126312256,6.463065147399902
2,0.651,4,4,-26.891408920288086,-307.0693664550781,-122.6451644897461,-309.65203857421875,-4.999268531799316,-13.237812995910645,6.519072618484497,6.418156623840332
3,0.957,8,4,-26.891408920288086,-223.36514282226562,-107.26553344726562,-267.1620788574219,-8.366695404052734,9.66650104522705,6.040964956283569,6.089073657989502
4,1.253,8,4,-26.891408920288086,-223.36514282226562,-107.26553344726562,-267.1620788574219,-162.99337768554688,-216.063720703125,6.038977136611939,6.1815667152404785
5,1.559,12,5,57.65414810180664,-223.36514282226562,-81.4427261352539,-265.5282287597656,-5.270802974700928,-313.42620849609375,6.026951541900635,6.010337829589844
6,1.855,12,5,57.65414810180664,-223.36514282226562,-81.4427261352539,-265.5282287597656,82.80758666992188,-261.0137939453125,6.034553060531616,6.0670671463012695
7,2.161,16,7,57.65414810180664,-223.36514282226562,-69.9846420288086,-260.739990234375,109.68321228027344,-263.4666748046875,5.983051013946533,6.021359443664551
8,2.465,16,7,57.65414810180664,-223.36514282226562,-69.9846420288086,-260.739990234375,-22.458965301513672,-221.4024200439453,5.963458623886108,6.037537097930908
9,2.773,20,7,57.65414810180664,-223.36514282226562,-75.57263946533203,-258.95159912109375,-37.39958572387695,-223.6993408203125,5.964884853363037,6.039913654327393
10,3.074,20,7,57.65414810180664,-223.36514282226562,-75.57263946533203,-258.95159912109375,-160.8123321533203,-219.06497192382812,5.954251432418824,5.993833541870117
11,3.461,24,7,57.65414810180664,-223.36514282226562,-83.1156234741211,-256.7742919921875,-42.31079864501953,-221.60888671875,5.951971435546875,5.885671138763428
12,3.787,24,7,57.65414810180664,-223.36514282226562,-83.1156234741211,-256.7742919921875,74.0833740234375,-256.8404235839844,5.944490642547607,5.879690170288086
13,4.101,28,8,57.65414810180664,-223.36514282226562,-85.22867584228516,-256.330078125,62.82822036743164,-261.3161926269531,5.934572315216064,6.0618815422058105
14,4.403,28,8,57.65414810180664,-223.36514282226562,-85.22867584228516,-256.330078125,-101.48483276367188,-222.40821838378906,5.917569808959961,5.967242240905762
15,4.71,32,9,57.65414810180664,-223.36514282226562,-77.13069152832031,-256.0244140625,-13.504270553588867,-222.83726501464844,5.8881807613372805,5.7689900398254395
16,5.013,32,9,57.65414810180664,-223.36514282226562,-77.13069152832031,-256.0244140625,-149.92782592773438,-219.36270141601562,5.901761426925659,5.995100021362305
17,5.324,36,9,57.65414810180664,-223.36514282226562,-83.48088836669922,-255.38951110839844,-10.315998077392578,-225.03785705566406,5.9090001583099365,5.989351272583008
18,5.633,36,9,57.65414810180664,-223.36514282226562,-83.48088836669922,-255.38951110839844,83.74869537353516,-264.465087890625,5.9262110614776615,5.957221984863281
19,5.943,40,10,57.65414810180664,-223.36514282226562,-79.33502197265625,-255.29736328125,-32.90007400512695,-218.73818969726562,5.911504058837891,5.792087078094482
20,6.244,40,10,57.65414810180664,-223.36514282226562,-79.33502197265625,-255.29736328125,6.168416976928711,-239.45387268066406,5.893938398361206,5.746433734893799
21,6.559,44,10,57.65414810180664,-223.36514282226562,-76.4991226196289,-255.48013305664062,83.54690551757812,-258.2877197265625,5.920858488082886,5.93701171875
22,6.867,44,10,57.65414810180664,-223.36514282226562,-76.4991226196289,-255.48013305664062,-165.70301818847656,-221.39744567871094,5.9132591915130615,5.922494888305664
23,7.179,48,11,57.65414810180664,-223.36514282226562,-74.61248016357422,-255.57550048828125,14.897658348083496,-247.70022583007812,5.908224420547485,5.875672817230225
24,7.485,48,11,57.65414810180664,-223.36514282226562,-74.61248016357422,-255.57550048828125,38.943389892578125,-248.29949951171875,5.9022894287109375,5.821722507476807
25,7.795,52,6,57.65414810180664,-223.36514282226562,-69.31842803955078,-254.5615234375,-155.3702850341797,-218.2988739013672,5.9292456245422365,5.908214569091797
26,8.104,52,6,57.65414810180664,-223.36514282226562,-69.31842803955078,-254.5615234375,102.00123596191406,-263.6932373046875,5.89996823310852,5.868743896484375
27,8.416,56,6,57.65414810180664,-223.36514282226562,-71.3257827758789,-254.1375732421875,-50.76239013671875,-219.89462280273438,5.90369574546814,6.08447265625
28,8.721,56,6,57.65414810180664,-223.36514282226562,-71.3257827758789,-254.1375732421875,-152.62066650390625,-218.63919067382812,5.887056035995483,5.810486793518066
29,9.033,60,6,59.60829544067383,-223.36514282226562,-67.97935485839844,-253.9277801513672,65.24346160888672,-262.0882873535156,5.889305906295776,5.927704811096191
30,9.338,60,6,59.60829544067383,-223.36514282226562,-67.97935485839844,-253.9277801513672,-15.878006935119629,-221.8433074951172,5.879173641204834,5.695364475250244
31,9.651,64,6,59.60829544067383,-223.36514282226562,-68.86447143554688,-253.37753295898438,54.809104919433594,-239.24615478515625,5.869273509979248,5.67729377746582
32,9.952,64,6,59.60829544067383,-223.36514282226562,-68.86447143554688,-253.37753295898438,76.94145202636719,-238.57217407226562,5.881456394195556,5.817075729370117
33,10.268,68,6,59.60829544067383,-223.36514282226562,-67.04981231689453,-253.39108276367188,69.75843048095703,-249.30166625976562,5.868333501815796,5.935121536254883
34,10.572,68,6,59.60829544067383,-223.36514282226562,-67.04981231689453,-253.39108276367188,68.26099395751953,-239.31471252441406,5.88208779335022,5.852052211761475
35,10.881,72,6,59.60829544067383,-223.36514282226562,-69.19356536865234,-252.89837646484375,66.10529327392578,-242.3628387451172,5.886400804519654,5.919881820678711
36,11.185,72,6,59.60829544067383,-223.36514282226562,-69.19356536865234,-252.89837646484375,90.33745574951172,-247.65155029296875,5.866713428497315,5.949130058288574
37,11.497,76,6,59.60829544067383,-223.36514282226562,-71.91858673095703,-252.8887939453125,61.409446716308594,-248.6893768310547,5.877048606872559,5.754952907562256
38,11.829,76,6,59.60829544067383,-223.36514282226562,-71.91858673095703,-252.8887939453125,87.10079956054688,-250.24441528320312,5.873485288619995,5.853766441345215
39,12.141,80,7,62.73422622680664,-223.36514282226562,-71.32189178466797,-252.84530639648438,-15.334131240844727,-223.30340576171875,5.858976850509643,5.858494281768799
40,12.443,80,7,62.73422622680664,-223.36514282226562,-71.32189178466797,-252.84530639648438,-160.67738342285156,-222.406982421875,5.881911382675171,5.8945159912109375
41,12.773,84,7,62.73422622680664,-223.36514282226562,-71.28456115722656,-252.44699096679688,-140.94117736816406,-221.16976928710938,5.859364366531372,5.807166576385498
42,13.078,84,7,62.73422622680664,-223.36514282226562,-71.28456115722656,-252.44699096679688,114.1762924194336,-255.64141845703125,5.872917222976684,5.954361915588379
43,13.391,88,7,74.29036712646484,-223.36514282226562,-68.03730010986328,-252.73548889160156,85.14069366455078,-253.61624145507812,5.8645602989196775,5.852292537689209
44,13.696,88,7,74.29036712646484,-223.36514282226562,-68.03730010986328,-252.73548889160156,96.3582763671875,-239.65609741210938,5.877906589508057,5.801222801208496
45,14.195,92,7,74.29036712646484,-223.36514282226562,-66.50658416748047,-252.7184600830078,61.95696258544922,-237.94544982910156,5.871580324172974,5.944377422332764
46,14.571,92,7,74.29036712646484,-223.36514282226562,-66.50658416748047,-252.7184600830078,-155.08404541015625,-221.8732147216797,5.876193294525146,5.916439533233643
47,14.895,96,7,74.29036712646484,-223.36514282226562,-68.31922149658203,-252.3390350341797,-163.2548828125,-219.87916564941406,5.867222709655762,5.852506637573242
48,15.202,96,7,74.29036712646484,-223.36514282226562,-68.31922149658203,-252.3390350341797,-21.860092163085938,-222.34690856933594,5.865851058959961,5.913290023803711
49,15.514,100,7,74.29036712646484,-223.36514282226562,-68.5140609741211,-252.1524200439453,-159.2342987060547,-221.05348205566406,5.854141550064087,5.819775104522705
50,15.822,100,7,74.29036712646484,-223.36514282226562,-68.5140609741211,-252.1524200439453,87.02519226074219,-253.98045349121094,5.863298740386963,5.815221309661865
51,16.143,104,7,74.29036712646484,-223.36514282226562,-71.53678894042969,-252.22213745117188,62.14712905883789,-242.8756866455078,5.861031007766724,5.882901191711426
52,16.449,104,7,74.29036712646484,-223.36514282226562,-71.53678894042969,-252.22213745117188,5.190162181854248,-223.9097900390625,5.834993515014649,5.75631856918335
53,16.762,108,7,74.29036712646484,-223.36514282226562,-72.27632904052734,-252.38629150390625,96.75135803222656,-252.0656280517578,5.860025577545166,5.7341461181640625
54,17.071,108,7,74.29036712646484,-223.36514282226562,-72.27632904052734,-252.38629150390625,-146.62307739257812,-218.8588409423828,5.873872003555298,5.996586799621582
55,17.393,112,8,74.29036712646484,-223.36514282226562,-73.91907501220703,-252.17494201660156,-161.05718994140625,-219.2298126220703,5.865096874237061,5.942530155181885
56,17.705,112,8,74.29036712646484,-223.36514282226562,-73.91907501220703,-252.17494201660156,-52.87287521362305,-222.17715454101562,5.835879144668579,5.85653018951416
57,18.018,116,6,77.43274688720703,-223.36514282226562,-72.19351959228516,-251.8636016845703,-156.3551788330078,-221.7920684814453,5.845955858230591,5.911740303039551
58,18.322,116,6,77.43274688720703,-223.36514282226562,-72.19351959228516,-251.8636016845703,-144.07608032226562,-220.22044372558594,5.85356291770935,5.838811874389648
59,18.637,120,6,77.43274688720703,-223.36514282226562,-72.1536636352539,-252.13153076171875,100.4885482788086,-241.70968627929688,5.854887580871582,5.795897483825684
60,18.944,120,6,77.43274688720703,-223.36514282226562,-72.1536636352539,-252.13153076171875,-161.80404663085938,-223.10586547851562,5.848386688232422,5.73117208480835
61,19.266,124,6,77.43274688720703,-223.36514282226562,-72.57755279541016,-252.0859832763672,82.83184814453125,-238.56521606445312,5.827383584976197,5.807842254638672
62,19.57,124,6,77.43274688720703,-223.36514282226562,-72.57755279541016,-252.0859832763672,-47.08647155761719,-225.2289581298828,5.864508056640625,5.8033342361450195
63,19.884,128,6,77.43274688720703,-223.36514282226562,-73.09867858886719,-251.85446166992188,-158.64183044433594,-222.39952087402344,5.872248744964599,5.942935466766357
64,20.189,128,6,77.43274688720703,-223.36514282226562,-73.09867858886719,-251.85446166992188,-131.80203247070312,-223.3346710205078,5.850854091644287,5.939399719238281
65,20.507,132,6,77.43274688720703,-223.36514282226562,-71.48811340332031,-252.07315063476562,144.01612854003906,-241.75833129882812,5.868125047683716,5.827197074890137
66,20.815,132,6,77.43274688720703,-223.36514282226562,-71.48811340332031,-252.07315063476562,-140.33248901367188,-221.3765869140625,5.838853282928467,5.79945182800293
67,21.129,136,6,77.43274688720703,-223.36514282226562,-73.43392181396484,-251.89723205566406,-50.17226028442383,-223.47003173828125,5.844799823760987,5.787668704986572
68,21.44,136,6,77.43274688720703,-223.36514282226562,-73.43392181396484,-251.89723205566406,107.39374542236328,-241.21829223632812,5.861206483840943,5.7884087562561035
69,21.754,140,6,77.43274688720703,-223.36514282226562,-74.20706176757812,-251.91702270507812,94.7652587890625,-242.05934143066406,5.8708721542358395,5.875716686248779
70,22.061,140,6,77.43274688720703,-223.36514282226562,-74.20706176757812,-251.91702270507812,-2.834305763244629,-238.44898986816406,5.846074953079223,5.745979309082031
71,22.382,144,6,77.43274688720703,-223.36514282226562,-74.16987609863281,-252.03387451171875,84.13848114013672,-241.72373962402344,5.853250379562378,6.032540798187256
72,22.697,144,6,77.43274688720703,-223.36514282226562,-74.16987609863281,-252.03387451171875,98.73949432373047,-239.37362670898438,5.872217607498169,5.818970680236816
73,23.011,148,6,77.43274688720703,-223.36514282226562,-74.60970306396484,-252.1620635986328,78.29022979736328,-241.09024047851562,5.868648710250855,5.901023864746094
74,23.318,148,6,77.43274688720703,-223.36514282226562,-74.60970306396484,-252.1620635986328,-51.42543411254883,-224.0047607421875,5.845717096328736,5.764784336090088
75,23.631,152,6,77.43274688720703,-223.36514282226562,-74.7948989868164,-252.24331665039062,-10.289002418518066,-239.2871551513672,5.851884098052978,5.874605178833008
76,23.941,152,6,77.43274688720703,-223.36514282226562,-74.7948989868164,-252.24331665039062,-157.46536254882812,-221.8472900390625,5.861443014144897,5.88036584854126
77,24.256,156,6,77.43274688720703,-223.36514282226562,-74.39835357666016,-251.904052734375,-163.45529174804688,-220.7189178466797,5.845661687850952,5.98396110534668
78,24.562,156,6,77.43274688720703,-223.36514282226562,-74.39835357666016,-251.904052734375,58.78260803222656,-239.73812866210938,5.859937219619751,5.868258953094482
79,24.875,160,6,77.43274688720703,-223.36514282226562,-74.45467376708984,-251.84994506835938,-19.670488357543945,-223.0328826904297,5.855899515151978,5.91058874130249
80,25.188,160,6,77.43274688720703,-223.36514282226562,-74.45467376708984,-251.84994506835938,-146.670166015625,-220.10450744628906,5.828482389450073,5.8131866455078125
81,25.594,164,6,77.43274688720703,-223.36514282226562,-74.75827026367188,-251.81747436523438,59.85200881958008,-235.57635498046875,5.847809791564941,5.75705099105835
82,25.9,164,6,77.43274688720703,-223.36514282226562,-74.75827026367188,-251.81747436523438,98.77388000488281,-242.25485229492188,5.854163913726807,5.884494781494141
83,26.213,168,6,77.43274688720703,-223.36514282226562,-74.78409576416016,-251.79859924316406,127.51471710205078,-240.94692993164062,5.839763946533203,5.72748327255249
84,26.518,168,6,77.43274688720703,-223.36514282226562,-74.78409576416016,-251.79859924316406,-44.29513168334961,-224.1386260986328,5.853120899200439,5.686834812164307
85,26.84,172,6,77.43274688720703,-223.36514282226562,-73.494384765625,-251.67132568359375,-109.93264770507812,-220.65640258789062,5.8542325401306154,5.842357635498047
86,27.147,172,6,77.43274688720703,-223.36514282226562,-73.494384765625,-251.67132568359375,-142.8361358642578,-221.6251983642578,5.857447910308838,5.976010322570801
87,27.462,176,6,77.43274688720703,-223.36514282226562,-73.96936798095703,-251.74464416503906,86.0591812133789,-242.26918029785156,5.8422736644744875,5.872657299041748
88,27.769,176,6,77.43274688720703,-223.36514282226562,-73.96936798095703,-251.74464416503906,-119.9754638671875,-222.53643798828125,5.844846963882446,5.748946189880371
89,28.09,180,6,77.43274688720703,-223.36514282226562,-76.47713470458984,-251.61610412597656,-20.36598014831543,-225.4576416015625,5.852962770462036,5.881691932678223
90,28.405,180,6,77.43274688720703,-223.36514282226562,-76.47713470458984,-251.61610412597656,-49.865535736083984,-221.32875061035156,5.831558122634887,5.914164066314697
91,28.723,184,6,77.43274688720703,-223.36514282226562,-76.51164245605469,-251.48513793945312,21.324880599975586,-235.31822204589844,5.835676097869873,5.762600898742676
92,29.03,184,6,77.43274688720703,-223.36514282226562,-76.51164245605469,-251.48513793945312,-44.73460006713867,-225.1484375,5.8369435214996335,5.885156631469727
93,29.345,188,6,77.43274688720703,-223.36514282226562,-77.23188018798828,-251.5485382080078,75.52601623535156,-232.7190399169922,5.814253187179565,5.764575004577637
94,29.655,188,6,77.43274688720703,-223.36514282226562,-77.23188018798828,-251.5485382080078,-33.93085479736328,-222.18174743652344,5.818230361938476,5.778141021728516
95,29.975,192,6,77.43274688720703,-223.36514282226562,-76.81603240966797,-251.37489318847656,-133.5818328857422,-222.9892120361328,5.851161975860595,5.9498395919799805
96,30.284,192,6,77.43274688720703,-223.36514282226562,-76.81603240966797,-251.37489318847656,34.2710075378418,-234.93666076660156,5.838739347457886,5.759200572967529
97,30.601,196,6,77.43274688720703,-223.36514282226562,-77.88148498535156,-251.21556091308594,-144.2232666015625,-219.88076782226562,5.814922409057617,5.776065349578857
98,30.909,196,6,77.43274688720703,-223.36514282226562,-77.88148498535156,-251.21556091308594,-48.050323486328125,-223.35617065429688,5.844026575088501,5.901155948638916
99,31.225,200,6,77.43274688720703,-223.36514282226562,-77.35391998291016,-251.23109436035156,79.74537658691406,-241.3268585205078,5.827782640457153,5.789926528930664
100,31.534,200,6,77.43274688720703,-223.36514282226562,-77.35391998291016,-251.23109436035156,-152.15419006347656,-222.0463409423828,5.8440721988677975,5.8543806076049805
101,31.855,200,6,77.43274688720703,-223.36514282226562,-75.62117767333984,-249.92543029785156,-46.32990646362305,-223.6068572998047,5.80738899230957,5.8720479011535645
102,32.164,200,6,77.43274688720703,-223.36514282226562,-75.62117767333984,-249.92543029785156,-36.68824005126953,-224.33621215820312,5.798385162353515,5.690489768981934
103,32.544,200,4,97.07325744628906,-236.0940704345703,-73.83972930908203,-250.4022979736328,79.24031829833984,-240.35841369628906,5.825185260772705,5.829169273376465
104,32.853,200,4,97.07325744628906,-236.0940704345703,-73.83972930908203,-250.4022979736328,25.568239212036133,-235.73670959472656,5.815693969726563,5.648298263549805
105,33.17,200,5,97.07325744628906,-236.0940704345703,-73.99551391601562,-250.0049591064453,19.692720413208008,-234.8876495361328,5.822748775482178,5.869185447692871
106,33.478,200,5,97.07325744628906,-236.0940704345703,-73.99551391601562,-250.0049591064453,59.32033157348633,-239.22244262695312,5.814611616134644,5.81022834777832
107,33.795,200,5,97.07325744628906,-236.0940704345703,-74.2206802368164,-249.91183471679688,28.51656150817871,-232.98121643066406,5.794495096206665,5.807645797729492
108,34.125,200,5,97.07325744628906,-236.0940704345703,-74.2206802368164,-249.91183471679688,24.207746505737305,-235.84072875976562,5.822734460830689,5.754254341125488
109,34.443,200,5,97.07325744628906,-236.0940704345703,-73.63951873779297,-249.87220764160156,99.94256591796875,-251.3988037109375,5.821421689987183,5.703476428985596
110,34.751,200,5,97.07325744628906,-236.0940704345703,-73.63951873779297,-249.87220764160156,19.48240089416504,-235.395263671875,5.807793483734131,5.75693416595459
111,35.069,200,5,97.07325744628906,-236.0940704345703,-71.39729309082031,-249.89324951171875,88.1974868774414,-240.4144287109375,5.796101627349853,5.793012619018555
112,35.377,200,5,97.07325744628906,-236.0940704345703,-71.39729309082031,-249.89324951171875,49.532649993896484,-235.28981018066406,5.8138401222229,5.911637783050537
113,35.716,200,5,97.07325744628906,-236.0940704345703,-70.06427001953125,-249.90953063964844,97.19010925292969,-249.60142517089844,5.815463237762451,5.793582439422607
114,36.028,200,5,97.07325744628906,-236.0940704345703,-70.06427001953125,-249.90953063964844,80.51666259765625,-238.83029174804688,5.804530639648437,5.9375433921813965
115,36.349,200,5,97.07325744628906,-236.0940704345703,-71.71926879882812,-249.77328491210938,59.29641342163086,-238.3876953125,5.786644420623779,5.773191452026367
116,36.657,200,5,97.07325744628906,-236.0940704345703,-71.71926879882812,-249.77328491210938,53.9664306640625,-236.34487915039062,5.809047794342041,5.867727756500244
117,36.974,200,5,97.07325744628906,-236.0940704345703,-68.14550018310547,-249.78143310546875,17.019832611083984,-234.93878173828125,5.816084632873535,5.842518329620361
118,37.281,200,5,97.07325744628906,-236.0940704345703,-68.14550018310547,-249.78143310546875,103.84895324707031,-250.93714904785156,5.79379246711731,5.7901835441589355
119,37.641,200,5,97.07325744628906,-236.0940704345703,-68.18633270263672,-249.7012939453125,99.34808349609375,-249.74813842773438,5.808815021514892,5.711090087890625
120,38.132,200,5,97.07325744628906,-236.0940704345703,-68.18633270263672,-249.7012939453125,53.11983871459961,-237.7589569091797,5.811443634033203,5.825385570526123
121,38.472,200,5,97.07325744628906,-236.0940704345703,-68.8021469116211,-249.4754638671875,50.89664840698242,-236.9532470703125,5.791949243545532,5.878498077392578
122,38.808,200,5,97.07325744628906,-236.0940704345703,-68.8021469116211,-249.4754638671875,23.86775779724121,-235.09979248046875,5.7913213634490965,5.800833225250244
123,39.177,200,5,97.07325744628906,-236.0940704345703,-67.78274536132812,-249.45962524414062,102.12200164794922,-249.4659423828125,5.796449737548828,5.701193332672119
124,39.596,200,5,97.07325744628906,-236.0940704345703,-67.78274536132812,-249.45962524414062,97.70221710205078,-251.38894653320312,5.795220251083374,5.958689212799072
125,39.913,200,4,97.07325744628906,-236.0940704345703,-69.30591583251953,-249.54913330078125,112.45464324951172,-250.7792510986328,5.804641695022583,5.749276161193848
126,40.226,200,4,97.07325744628906,-236.0940704345703,-69.30591583251953,-249.54913330078125,87.66216278076172,-240.541015625,5.7869766998291015,5.931446552276611
127,40.534,200,4,97.07325744628906,-236.0940704345703,-69.43421173095703,-249.54820251464844,20.91425132751465,-234.8560028076172,5.788260555267334,5.9185051918029785
128,40.842,200,4,97.07325744628906,-236.0940704345703,-69.43421173095703,-249.54820251464844,98.47993469238281,-251.07374572753906,5.807101049423218,5.688784599304199
129,41.162,200,4,97.07325744628906,-236.0940704345703,-70.60233306884766,-249.64230346679688,51.38786697387695,-238.3902130126953,5.794013328552246,5.881552219390869
130,41.473,200,4,97.07325744628906,-236.0940704345703,-70.60233306884766,-249.64230346679688,52.17518615722656,-238.46212768554688,5.800409107208252,5.867702007293701
131,41.791,200,4,97.07325744628906,-236.0940704345703,-68.46792602539062,-249.8527374267578,112.83169555664062,-251.02621459960938,5.784250631332397,5.79892635345459
132,42.1,200,4,97.07325744628906,-236.0940704345703,-68.46792602539062,-249.8527374267578,83.6914291381836,-240.58273315429688,5.7963847732543945,5.8463358879089355
133,42.416,200,4,97.07325744628906,-236.0940704345703,-69.43620300292969,-249.69937133789062,17.04205894470215,-234.85533142089844,5.78763557434082,5.718192100524902
134,42.737,200,4,97.07325744628906,-236.0940704345703,-69.43620300292969,-249.69937133789062,88.2171859741211,-239.93138122558594,5.7923518085479735,5.797605514526367
135,43.054,200,4,97.07325744628906,-236.0940704345703,-69.68328857421875,-249.84765625,108.76189422607422,-250.64395141601562,5.776775093078613,5.796441555023193
136,43.362,200,4,97.07325744628906,-236.0940704345703,-69.68328857421875,-249.84765625,20.78186798095703,-233.7830352783203,5.770494003295898,5.879376411437988
137,43.679,200,4,97.07325744628906,-236.0940704345703,-70.53427124023438,-249.6189422607422,18.10915184020996,-233.5069580078125,5.780435276031494,5.7476091384887695
138,43.994,200,4,97.07325744628906,-236.0940704345703,-70.53427124023438,-249.6189422607422,78.39501190185547,-239.9322967529297,5.791957817077637,5.816775798797607
139,44.317,200,5,97.07325744628906,-236.0940704345703,-69.58137512207031,-249.66595458984375,80.27980041503906,-240.07481384277344,5.7861980533599855,5.807995796203613
140,44.625,200,5,97.07325744628906,-236.0940704345703,-69.58137512207031,-249.66595458984375,111.922607421875,-248.2724609375,5.789578714370728,5.8037872314453125
141,44.944,200,6,97.07325744628906,-236.0940704345703,-69.26991271972656,-249.73394775390625,93.69386291503906,-239.6970672607422,5.776139488220215,5.7727460861206055
142,45.251,200,6,97.07325744628906,-236.0940704345703,-69.26991271972656,-249.73394775390625,82.36670684814453,-237.35166931152344,5.809189157485962,5.871824264526367
143,45.57,200,7,160.6846923828125,-236.0940704345703,-69.12225341796875,-249.64007568359375,84.09664916992188,-240.57362365722656,5.778692579269409,5.71140193939209
144,45.882,200,7,160.6846923828125,-236.0940704345703,-69.12225341796875,-249.64007568359375,162.3292236328125,-253.65684509277344,5.789150876998901,5.813040733337402
145,46.204,200,7,160.6846923828125,-236.0940704345703,-70.01669311523438,-249.60105895996094,93.3920669555664,-249.0511474609375,5.812910633087158,5.799121379852295
146,46.512,200,7,160.6846923828125,-236.0940704345703,-70.01669311523438,-249.60105895996094,124.69111633300781,-250.7124481201172,5.774742431640625,5.833386421203613
147,46.829,200,7,160.6846923828125,-236.0940704345703,-69.4769287109375,-249.67791748046875,18.139142990112305,-235.46839904785156,5.775836915969848,5.704957962036133
148,47.138,200,7,160.6846923828125,-236.0940704345703,-69.4769287109375,-249.67791748046875,80.29084014892578,-248.96044921875,5.779806623458862,5.879892349243164
149,47.457,200,8,160.6846923828125,-235.44012451171875,-70.0937271118164,-249.50103759765625,25.752151489257812,-233.6435089111328,5.770517778396607,5.718706130981445
150,47.862,200,8,160.6846923828125,-235.44012451171875,-70.0937271118164,-249.50103759765625,-118.52082061767578,-233.3201141357422,5.7758024883270265,5.682170867919922
151,48.189,200,8,160.6846923828125,-235.44012451171875,-69.99048614501953,-249.30496215820312,85.34143829345703,-247.27870178222656,5.7649170017242435,5.606971740722656
152,48.584,200,8,160.6846923828125,-235.44012451171875,-69.99048614501953,-249.30496215820312,-151.76910400390625,-235.0393829345703,5.77958041191101,5.8693037033081055
153,48.904,200,8,160.6846923828125,-235.44012451171875,-69.79757690429688,-249.20103454589844,221.3949432373047,-253.3158721923828,5.762853937149048,5.669926643371582
154,49.213,200,8,160.6846923828125,-235.44012451171875,-69.79757690429688,-249.20103454589844,-158.54296875,-231.88107299804688,5.775635499954223,5.6584391593933105
155,49.531,200,8,160.6846923828125,-235.44012451171875,-68.55656433105469,-249.16236877441406,122.4798812866211,-238.09771728515625,5.765152931213379,5.712559700012207
156,49.839,200,8,160.6846923828125,-235.44012451171875,-68.55656433105469,-249.16236877441406,-177.88906860351562,-235.24339294433594,5.775068893432617,5.708507537841797
157,50.156,200,8,160.6846923828125,-235.44012451171875,-69.626220703125,-249.2342529296875,191.76962280273438,-253.9047088623047,5.759691514968872,5.653219223022461
158,50.464,200,8,160.6846923828125,-235.44012451171875,-69.626220703125,-249.2342529296875,120.59811401367188,-249.4552764892578,5.77053786277771,5.829812049865723
159,50.783,200,9,160.6846923828125,-235.44012451171875,-68.46115112304688,-248.8524169921875,70.05579376220703,-238.7186279296875,5.7918779659271244,5.812351226806641
160,51.121,200,9,160.6846923828125,-235.44012451171875,-68.46115112304688,-248.8524169921875,-178.057373046875,-233.16012573242188,5.758819427490234,5.6661553382873535
161,51.44,200,9,160.6846923828125,-235.44012451171875,-69.14810943603516,-248.7781982421875,110.52056121826172,-249.65602111816406,5.755329160690308,5.741457462310791
162,51.748,200,9,160.6846923828125,-235.44012451171875,-69.14810943603516,-248.7781982421875,-155.65028381347656,-231.1585693359375,5.7731202030181885,5.666327476501465
163,52.068,200,9,160.6846923828125,-235.44012451171875,-68.7857437133789,-248.86312866210938,109.87318420410156,-247.8765106201172,5.751849384307861,5.737999439239502
164,52.378,200,9,160.6846923828125,-235.44012451171875,-68.7857437133789,-248.86312866210938,62.84109878540039,-238.57640075683594,5.740477180480957,5.703188419342041
165,52.7,200,9,160.6846923828125,-235.44012451171875,-69.61641693115234,-248.55596923828125,28.64458656311035,-231.35604858398438,5.777972049713135,5.885506629943848
166,53.009,200,9,160.6846923828125,-235.44012451171875,-69.61641693115234,-248.55596923828125,175.66514587402344,-253.14369201660156,5.738680877685547,5.720951080322266
167,53.326,200,9,160.6846923828125,-235.44012451171875,-67.20953369140625,-248.62725830078125,126.63935852050781,-249.3503875732422,5.763910884857178,5.768589973449707
168,53.637,200,9,160.6846923828125,-235.44012451171875,-67.20953369140625,-248.62725830078125,-139.3569793701172,-231.7410430908203,5.731097240447998,5.745697021484375
169,53.956,200,7,160.6846923828125,-235.44012451171875,-65.3051528930664,-248.5566864013672,201.05093383789062,-255.24037170410156,5.762862186431885,5.774784088134766
170,54.265,200,7,160.6846923828125,-235.44012451171875,-65.3051528930664,-248.5566864013672,-157.9816131591797,-232.43336486816406,5.7363686275482175,5.719339370727539
171,54.584,200,7,160.6846923828125,-233.21072387695312,-64.37118530273438,-248.1575927734375,-130.5262451171875,-234.48094177246094,5.730030241012574,5.7691731452941895
172,54.891,200,7,160.6846923828125,-233.21072387695312,-64.37118530273438,-248.1575927734375,190.92889404296875,-254.60911560058594,5.7642708587646485,5.797547340393066
173,55.209,200,7,160.6846923828125,-233.21072387695312,-63.543312072753906,-247.89923095703125,80.34941101074219,-240.42599487304688,5.741328687667846,5.7559309005737305
174,55.518,200,7,160.6846923828125,-233.21072387695312,-63.543312072753906,-247.89923095703125,-18.492813110351562,-232.27049255371094,5.727791624069214,5.779621601104736
175,55.901,200,7,160.6846923828125,-233.21072387695312,-62.824501037597656,-247.88230895996094,177.2415771484375,-254.84942626953125,5.735537061691284,5.76673698425293
176,56.212,200,7,160.6846923828125,-233.21072387695312,-62.824501037597656,-247.88230895996094,174.3032989501953,-253.8610076904297,5.738986778259277,5.691082000732422
177,56.528,200,8,160.6846923828125,-226.99513244628906,-64.43475341796875,-247.78004455566406,56.830718994140625,-231.4296875,5.730958576202393,5.828972816467285
178,56.857,200,8,160.6846923828125,-226.99513244628906,-64.43475341796875,-247.78004455566406,177.7696533203125,-248.6180877685547,5.722933006286621,5.666724681854248
179,57.173,200,8,160.6846923828125,-226.99513244628906,-63.518035888671875,-247.49928283691406,-166.36456298828125,-225.0682373046875,5.727841901779175,5.611302375793457
180,57.48,200,8,160.6846923828125,-226.99513244628906,-63.518035888671875,-247.49928283691406,-129.7180633544922,-225.7601776123047,5.713631935119629,5.717045783996582
181,57.8,200,8,160.6846923828125,-226.99513244628906,-63.51161193847656,-247.5037841796875,164.55152893066406,-252.5316162109375,5.728750524520874,5.771871566772461
182,58.111,200,8,160.6846923828125,-226.99513244628906,-63.51161193847656,-247.5037841796875,171.6918182373047,-254.04696655273438,5.737994451522827,5.767605304718018
183,58.436,200,8,160.6846923828125,-226.99513244628906,-63.11614227294922,-247.44308471679688,167.40151977539062,-253.05638122558594,5.714269313812256,5.544676780700684
184,58.746,200,8,160.6846923828125,-226.99513244628906,-63.11614227294922,-247.44308471679688,165.2196502685547,-254.7763671875,5.761152935028076,5.658451080322266
185,59.061,200,8,160.6846923828125,-226.99513244628906,-63.0951042175293,-247.50926208496094,162.75418090820312,-252.50685119628906,5.731596670150757,5.777186870574951
186,59.369,200,8,160.6846923828125,-226.99513244628906,-63.0951042175293,-247.50926208496094,177.2335662841797,-254.21142578125,5.728065013885498,5.787294387817383
187,59.69,200,8,160.6846923828125,-226.99513244628906,-64.10897827148438,-247.40609741210938,169.10464477539062,-254.68177795410156,5.714160346984864,5.775880336761475
188,59.998,200,8,160.6846923828125,-226.99513244628906,-64.10897827148438,-247.40609741210938,86.57777404785156,-238.70529174804688,5.732018566131591,5.687756061553955
189,60.318,200,9,160.6846923828125,-226.99513244628906,-60.855995178222656,-247.27879333496094,84.13465881347656,-235.84295654296875,5.718837280273437,5.691336154937744
190,60.627,200,9,160.6846923828125,-226.99513244628906,-60.855995178222656,-247.27879333496094,97.96100616455078,-235.70045471191406,5.714120359420776,5.745596885681152
191,60.945,200,9,160.6846923828125,-226.99513244628906,-62.359188079833984,-247.3975372314453,161.1717529296875,-253.1441192626953,5.7286989212036135,5.820899486541748
192,61.254,200,9,160.6846923828125,-226.99513244628906,-62.359188079833984,-247.3975372314453,120.58763885498047,-245.26353454589844,5.725146961212158,5.797120571136475
193,61.571,200,9,160.6846923828125,-226.99513244628906,-61.60714340209961,-247.29039001464844,127.56802368164062,-248.31716918945312,5.736170110702514,5.762823104858398
194,61.88,200,9,160.6846923828125,-226.99513244628906,-61.60714340209961,-247.29039001464844,94.51536560058594,-235.7025909423828,5.7103707981109615,5.709765911102295
195,62.2,200,9,160.6846923828125,-226.99513244628906,-61.12970733642578,-247.4384002685547,169.4947052001953,-252.60850524902344,5.729253063201904,5.803679466247559
196,62.508,200,9,160.6846923828125,-226.99513244628906,-61.12970733642578,-247.4384002685547,-163.86196899414062,-222.68447875976562,5.737813901901245,5.708648204803467
197,62.827,200,9,160.6846923828125,-226.99513244628906,-59.12126922607422,-247.44448852539062,78.63607788085938,-237.78318786621094,5.740149278640747,5.938474178314209
198,63.135,200,9,160.6846923828125,-226.99513244628906,-59.12126922607422,-247.44448852539062,186.53126525878906,-251.91004943847656,5.723545198440552,5.744009971618652
199,63.451,200,9,160.6846923828125,-226.99513244628906,-59.74208068847656,-247.40338134765625,192.12054443359375,-253.28546142578125,5.722856464385987,5.65734338760376
200,63.758,200,9,160.6846923828125,-226.99513244628906,-59.74208068847656,-247.40338134765625,-142.10235595703125,-224.9053955078125,5.712226753234863,5.7353057861328125
1,0.355,4,4,-26.891408920288086,-307.0693664550781,-122.6451644897461,-309.65203857421875,0.1364019513130188,-0.627142608165741,6.586652126312256,6.463065147399902
2,0.653,4,4,-26.891408920288086,-307.0693664550781,-122.6451644897461,-309.65203857421875,-4.999268531799316,-13.237812995910645,6.519072618484497,6.418156623840332
3,0.958,8,4,-26.891408920288086,-223.36514282226562,-107.26553344726562,-267.1620788574219,-8.366695404052734,9.66650104522705,6.040964956283569,6.089073657989502
4,1.254,8,4,-26.891408920288086,-223.36514282226562,-107.26553344726562,-267.1620788574219,-162.99337768554688,-216.063720703125,6.038977136611939,6.1815667152404785
5,1.556,12,5,57.65414810180664,-223.36514282226562,-81.4427261352539,-265.5282287597656,-5.270802974700928,-313.42620849609375,6.026951541900635,6.010337829589844
6,1.86,12,5,57.65414810180664,-223.36514282226562,-81.4427261352539,-265.5282287597656,82.80758666992188,-261.0137939453125,6.034553060531616,6.0670671463012695
7,2.173,16,7,57.65414810180664,-223.36514282226562,-69.9846420288086,-260.739990234375,109.68321228027344,-263.4666748046875,5.983051013946533,6.021359443664551
8,2.486,16,7,57.65414810180664,-223.36514282226562,-69.9846420288086,-260.739990234375,-22.458965301513672,-221.4024200439453,5.963458623886108,6.037537097930908
9,2.827,20,7,57.65414810180664,-223.36514282226562,-75.57263946533203,-258.95159912109375,-37.39958572387695,-223.6993408203125,5.964884853363037,6.039913654327393
10,3.225,20,7,57.65414810180664,-223.36514282226562,-75.57263946533203,-258.95159912109375,-160.8123321533203,-219.06497192382812,5.954251432418824,5.993833541870117
11,3.538,24,7,57.65414810180664,-223.36514282226562,-83.1156234741211,-256.7742919921875,-42.31079864501953,-221.60888671875,5.951971435546875,5.885671138763428
12,3.837,24,7,57.65414810180664,-223.36514282226562,-83.1156234741211,-256.7742919921875,74.0833740234375,-256.8404235839844,5.944490642547607,5.879690170288086
13,4.144,28,8,57.65414810180664,-223.36514282226562,-85.22867584228516,-256.330078125,62.82822036743164,-261.3161926269531,5.934572315216064,6.0618815422058105
14,4.45,28,8,57.65414810180664,-223.36514282226562,-85.22867584228516,-256.330078125,-101.48483276367188,-222.40821838378906,5.917569808959961,5.967242240905762
15,4.759,32,9,57.65414810180664,-223.36514282226562,-77.13069152832031,-256.0244140625,-13.504270553588867,-222.83726501464844,5.8881807613372805,5.7689900398254395
16,5.062,32,9,57.65414810180664,-223.36514282226562,-77.13069152832031,-256.0244140625,-149.92782592773438,-219.36270141601562,5.901761426925659,5.995100021362305
17,5.371,36,9,57.65414810180664,-223.36514282226562,-83.48088836669922,-255.38951110839844,-10.315998077392578,-225.03785705566406,5.9090001583099365,5.989351272583008
18,5.672,36,9,57.65414810180664,-223.36514282226562,-83.48088836669922,-255.38951110839844,83.74869537353516,-264.465087890625,5.9262110614776615,5.957221984863281
19,5.979,40,10,57.65414810180664,-223.36514282226562,-79.33502197265625,-255.29736328125,-32.90007400512695,-218.73818969726562,5.911504058837891,5.792087078094482
20,6.282,40,10,57.65414810180664,-223.36514282226562,-79.33502197265625,-255.29736328125,6.168416976928711,-239.45387268066406,5.893938398361206,5.746433734893799
21,6.595,44,10,57.65414810180664,-223.36514282226562,-76.4991226196289,-255.48013305664062,83.54690551757812,-258.2877197265625,5.920858488082886,5.93701171875
22,6.897,44,10,57.65414810180664,-223.36514282226562,-76.4991226196289,-255.48013305664062,-165.70301818847656,-221.39744567871094,5.9132591915130615,5.922494888305664
23,7.206,48,11,57.65414810180664,-223.36514282226562,-74.61248016357422,-255.57550048828125,14.897658348083496,-247.70022583007812,5.908224420547485,5.875672817230225
24,7.512,48,11,57.65414810180664,-223.36514282226562,-74.61248016357422,-255.57550048828125,38.943389892578125,-248.29949951171875,5.9022894287109375,5.821722507476807
25,7.824,52,6,57.65414810180664,-223.36514282226562,-69.31842803955078,-254.5615234375,-155.3702850341797,-218.2988739013672,5.9292456245422365,5.908214569091797
26,8.126,52,6,57.65414810180664,-223.36514282226562,-69.31842803955078,-254.5615234375,102.00123596191406,-263.6932373046875,5.89996823310852,5.868743896484375
27,8.436,56,6,57.65414810180664,-223.36514282226562,-71.3257827758789,-254.1375732421875,-50.76239013671875,-219.89462280273438,5.90369574546814,6.08447265625
28,8.745,56,6,57.65414810180664,-223.36514282226562,-71.3257827758789,-254.1375732421875,-152.62066650390625,-218.63919067382812,5.887056035995483,5.810486793518066
29,9.057,60,6,59.60829544067383,-223.36514282226562,-67.97935485839844,-253.9277801513672,65.24346160888672,-262.0882873535156,5.889305906295776,5.927704811096191
30,9.36,60,6,59.60829544067383,-223.36514282226562,-67.97935485839844,-253.9277801513672,-15.878006935119629,-221.8433074951172,5.879173641204834,5.695364475250244
31,9.671,64,6,59.60829544067383,-223.36514282226562,-68.86447143554688,-253.37753295898438,54.809104919433594,-239.24615478515625,5.869273509979248,5.67729377746582
32,9.978,64,6,59.60829544067383,-223.36514282226562,-68.86447143554688,-253.37753295898438,76.94145202636719,-238.57217407226562,5.881456394195556,5.817075729370117
33,10.295,68,6,59.60829544067383,-223.36514282226562,-67.04981231689453,-253.39108276367188,69.75843048095703,-249.30166625976562,5.868333501815796,5.935121536254883
34,10.598,68,6,59.60829544067383,-223.36514282226562,-67.04981231689453,-253.39108276367188,68.26099395751953,-239.31471252441406,5.88208779335022,5.852052211761475
35,10.914,72,6,59.60829544067383,-223.36514282226562,-69.19356536865234,-252.89837646484375,66.10529327392578,-242.3628387451172,5.886400804519654,5.919881820678711
36,11.218,72,6,59.60829544067383,-223.36514282226562,-69.19356536865234,-252.89837646484375,90.33745574951172,-247.65155029296875,5.866713428497315,5.949130058288574
37,11.555,76,6,59.60829544067383,-223.36514282226562,-71.91858673095703,-252.8887939453125,61.409446716308594,-248.6893768310547,5.877048606872559,5.754952907562256
38,11.857,76,6,59.60829544067383,-223.36514282226562,-71.91858673095703,-252.8887939453125,87.10079956054688,-250.24441528320312,5.873485288619995,5.853766441345215
39,12.167,80,7,62.73422622680664,-223.36514282226562,-71.32189178466797,-252.84530639648438,-15.334131240844727,-223.30340576171875,5.858976850509643,5.858494281768799
40,12.476,80,7,62.73422622680664,-223.36514282226562,-71.32189178466797,-252.84530639648438,-160.67738342285156,-222.406982421875,5.881911382675171,5.8945159912109375
41,12.792,84,7,62.73422622680664,-223.36514282226562,-71.28456115722656,-252.44699096679688,-140.94117736816406,-221.16976928710938,5.859364366531372,5.807166576385498
42,13.096,84,7,62.73422622680664,-223.36514282226562,-71.28456115722656,-252.44699096679688,114.1762924194336,-255.64141845703125,5.872917222976684,5.954361915588379
43,13.408,88,7,74.29036712646484,-223.36514282226562,-68.03730010986328,-252.73548889160156,85.14069366455078,-253.61624145507812,5.8645602989196775,5.852292537689209
44,13.716,88,7,74.29036712646484,-223.36514282226562,-68.03730010986328,-252.73548889160156,96.3582763671875,-239.65609741210938,5.877906589508057,5.801222801208496
45,14.088,92,7,74.29036712646484,-223.36514282226562,-66.50658416748047,-252.7184600830078,61.95696258544922,-237.94544982910156,5.871580324172974,5.944377422332764
46,14.392,92,7,74.29036712646484,-223.36514282226562,-66.50658416748047,-252.7184600830078,-155.08404541015625,-221.8732147216797,5.876193294525146,5.916439533233643
47,14.704,96,7,74.29036712646484,-223.36514282226562,-68.31922149658203,-252.3390350341797,-163.2548828125,-219.87916564941406,5.867222709655762,5.852506637573242
48,15.015,96,7,74.29036712646484,-223.36514282226562,-68.31922149658203,-252.3390350341797,-21.860092163085938,-222.34690856933594,5.865851058959961,5.913290023803711
49,15.327,100,7,74.29036712646484,-223.36514282226562,-68.5140609741211,-252.1524200439453,-159.2342987060547,-221.05348205566406,5.854141550064087,5.819775104522705
50,15.63,100,7,74.29036712646484,-223.36514282226562,-68.5140609741211,-252.1524200439453,87.02519226074219,-253.98045349121094,5.863298740386963,5.815221309661865
51,15.943,104,7,74.29036712646484,-223.36514282226562,-71.53678894042969,-252.22213745117188,62.14712905883789,-242.8756866455078,5.861031007766724,5.882901191711426
52,16.26,104,7,74.29036712646484,-223.36514282226562,-71.53678894042969,-252.22213745117188,5.190162181854248,-223.9097900390625,5.834993515014649,5.75631856918335
53,16.571,108,7,74.29036712646484,-223.36514282226562,-72.27632904052734,-252.38629150390625,96.75135803222656,-252.0656280517578,5.860025577545166,5.7341461181640625
54,16.876,108,7,74.29036712646484,-223.36514282226562,-72.27632904052734,-252.38629150390625,-146.62307739257812,-218.8588409423828,5.873872003555298,5.996586799621582
55,17.189,112,8,74.29036712646484,-223.36514282226562,-73.91907501220703,-252.17494201660156,-161.05718994140625,-219.2298126220703,5.865096874237061,5.942530155181885
56,17.5,112,8,74.29036712646484,-223.36514282226562,-73.91907501220703,-252.17494201660156,-52.87287521362305,-222.17715454101562,5.835879144668579,5.85653018951416
57,17.834,116,6,77.43274688720703,-223.36514282226562,-72.19351959228516,-251.8636016845703,-156.3551788330078,-221.7920684814453,5.845955858230591,5.911740303039551
58,18.145,116,6,77.43274688720703,-223.36514282226562,-72.19351959228516,-251.8636016845703,-144.07608032226562,-220.22044372558594,5.85356291770935,5.838811874389648
59,18.456,120,6,77.43274688720703,-223.36514282226562,-72.1536636352539,-252.13153076171875,100.4885482788086,-241.70968627929688,5.854887580871582,5.795897483825684
60,18.907,120,6,77.43274688720703,-223.36514282226562,-72.1536636352539,-252.13153076171875,-161.80404663085938,-223.10586547851562,5.848386688232422,5.73117208480835
61,19.221,124,6,77.43274688720703,-223.36514282226562,-72.57755279541016,-252.0859832763672,82.83184814453125,-238.56521606445312,5.827383584976197,5.807842254638672
62,19.527,124,6,77.43274688720703,-223.36514282226562,-72.57755279541016,-252.0859832763672,-47.08647155761719,-225.2289581298828,5.864508056640625,5.8033342361450195
63,19.842,128,6,77.43274688720703,-223.36514282226562,-73.09867858886719,-251.85446166992188,-158.64183044433594,-222.39952087402344,5.872248744964599,5.942935466766357
64,20.155,128,6,77.43274688720703,-223.36514282226562,-73.09867858886719,-251.85446166992188,-131.80203247070312,-223.3346710205078,5.850854091644287,5.939399719238281
65,20.468,132,6,77.43274688720703,-223.36514282226562,-71.48811340332031,-252.07315063476562,144.01612854003906,-241.75833129882812,5.868125047683716,5.827197074890137
66,20.774,132,6,77.43274688720703,-223.36514282226562,-71.48811340332031,-252.07315063476562,-140.33248901367188,-221.3765869140625,5.838853282928467,5.79945182800293
67,21.096,136,6,77.43274688720703,-223.36514282226562,-73.43392181396484,-251.89723205566406,-50.17226028442383,-223.47003173828125,5.844799823760987,5.787668704986572
68,21.409,136,6,77.43274688720703,-223.36514282226562,-73.43392181396484,-251.89723205566406,107.39374542236328,-241.21829223632812,5.861206483840943,5.7884087562561035
69,21.722,140,6,77.43274688720703,-223.36514282226562,-74.20706176757812,-251.91702270507812,94.7652587890625,-242.05934143066406,5.8708721542358395,5.875716686248779
70,22.027,140,6,77.43274688720703,-223.36514282226562,-74.20706176757812,-251.91702270507812,-2.834305763244629,-238.44898986816406,5.846074953079223,5.745979309082031
71,22.35,144,6,77.43274688720703,-223.36514282226562,-74.16987609863281,-252.03387451171875,84.13848114013672,-241.72373962402344,5.853250379562378,6.032540798187256
72,22.656,144,6,77.43274688720703,-223.36514282226562,-74.16987609863281,-252.03387451171875,98.73949432373047,-239.37362670898438,5.872217607498169,5.818970680236816
73,22.97,148,6,77.43274688720703,-223.36514282226562,-74.60970306396484,-252.1620635986328,78.29022979736328,-241.09024047851562,5.868648710250855,5.901023864746094
74,23.276,148,6,77.43274688720703,-223.36514282226562,-74.60970306396484,-252.1620635986328,-51.42543411254883,-224.0047607421875,5.845717096328736,5.764784336090088
75,23.598,152,6,77.43274688720703,-223.36514282226562,-74.7948989868164,-252.24331665039062,-10.289002418518066,-239.2871551513672,5.851884098052978,5.874605178833008
76,23.906,152,6,77.43274688720703,-223.36514282226562,-74.7948989868164,-252.24331665039062,-157.46536254882812,-221.8472900390625,5.861443014144897,5.88036584854126
77,24.22,156,6,77.43274688720703,-223.36514282226562,-74.39835357666016,-251.904052734375,-163.45529174804688,-220.7189178466797,5.845661687850952,5.98396110534668
78,24.524,156,6,77.43274688720703,-223.36514282226562,-74.39835357666016,-251.904052734375,58.78260803222656,-239.73812866210938,5.859937219619751,5.868258953094482
79,24.847,160,6,77.43274688720703,-223.36514282226562,-74.45467376708984,-251.84994506835938,-19.670488357543945,-223.0328826904297,5.855899515151978,5.91058874130249
80,25.154,160,6,77.43274688720703,-223.36514282226562,-74.45467376708984,-251.84994506835938,-146.670166015625,-220.10450744628906,5.828482389450073,5.8131866455078125
81,25.47,164,6,77.43274688720703,-223.36514282226562,-74.75827026367188,-251.81747436523438,59.85200881958008,-235.57635498046875,5.847809791564941,5.75705099105835
82,25.78,164,6,77.43274688720703,-223.36514282226562,-74.75827026367188,-251.81747436523438,98.77388000488281,-242.25485229492188,5.854163913726807,5.884494781494141
83,26.107,168,6,77.43274688720703,-223.36514282226562,-74.78409576416016,-251.79859924316406,127.51471710205078,-240.94692993164062,5.839763946533203,5.72748327255249
84,26.415,168,6,77.43274688720703,-223.36514282226562,-74.78409576416016,-251.79859924316406,-44.29513168334961,-224.1386260986328,5.853120899200439,5.686834812164307
85,26.728,172,6,77.43274688720703,-223.36514282226562,-73.494384765625,-251.67132568359375,-109.93264770507812,-220.65640258789062,5.8542325401306154,5.842357635498047
86,27.034,172,6,77.43274688720703,-223.36514282226562,-73.494384765625,-251.67132568359375,-142.8361358642578,-221.6251983642578,5.857447910308838,5.976010322570801
87,27.356,176,6,77.43274688720703,-223.36514282226562,-73.96936798095703,-251.74464416503906,86.0591812133789,-242.26918029785156,5.8422736644744875,5.872657299041748
88,27.661,176,6,77.43274688720703,-223.36514282226562,-73.96936798095703,-251.74464416503906,-119.9754638671875,-222.53643798828125,5.844846963882446,5.748946189880371
89,27.976,180,6,77.43274688720703,-223.36514282226562,-76.47713470458984,-251.61610412597656,-20.36598014831543,-225.4576416015625,5.852962770462036,5.881691932678223
90,28.283,180,6,77.43274688720703,-223.36514282226562,-76.47713470458984,-251.61610412597656,-49.865535736083984,-221.32875061035156,5.831558122634887,5.914164066314697
91,28.607,184,6,77.43274688720703,-223.36514282226562,-76.51164245605469,-251.48513793945312,21.324880599975586,-235.31822204589844,5.835676097869873,5.762600898742676
92,28.915,184,6,77.43274688720703,-223.36514282226562,-76.51164245605469,-251.48513793945312,-44.73460006713867,-225.1484375,5.8369435214996335,5.885156631469727
93,29.228,188,6,77.43274688720703,-223.36514282226562,-77.23188018798828,-251.5485382080078,75.52601623535156,-232.7190399169922,5.814253187179565,5.764575004577637
94,29.536,188,6,77.43274688720703,-223.36514282226562,-77.23188018798828,-251.5485382080078,-33.93085479736328,-222.18174743652344,5.818230361938476,5.778141021728516
95,29.9,192,6,77.43274688720703,-223.36514282226562,-76.81603240966797,-251.37489318847656,-133.5818328857422,-222.9892120361328,5.851161975860595,5.9498395919799805
96,30.207,192,6,77.43274688720703,-223.36514282226562,-76.81603240966797,-251.37489318847656,34.2710075378418,-234.93666076660156,5.838739347457886,5.759200572967529
97,30.523,196,6,77.43274688720703,-223.36514282226562,-77.88148498535156,-251.21556091308594,-144.2232666015625,-219.88076782226562,5.814922409057617,5.776065349578857
98,30.839,196,6,77.43274688720703,-223.36514282226562,-77.88148498535156,-251.21556091308594,-48.050323486328125,-223.35617065429688,5.844026575088501,5.901155948638916
99,31.169,200,6,77.43274688720703,-223.36514282226562,-77.35391998291016,-251.23109436035156,79.74537658691406,-241.3268585205078,5.827782640457153,5.789926528930664
100,31.483,200,6,77.43274688720703,-223.36514282226562,-77.35391998291016,-251.23109436035156,-152.15419006347656,-222.0463409423828,5.8440721988677975,5.8543806076049805
101,31.801,200,6,77.43274688720703,-223.36514282226562,-75.62117767333984,-249.92543029785156,-46.32990646362305,-223.6068572998047,5.80738899230957,5.8720479011535645
102,32.12,200,6,77.43274688720703,-223.36514282226562,-75.62117767333984,-249.92543029785156,-36.68824005126953,-224.33621215820312,5.798385162353515,5.690489768981934
103,32.738,200,4,97.07325744628906,-236.0940704345703,-73.83972930908203,-250.4022979736328,79.24031829833984,-240.35841369628906,5.825185260772705,5.829169273376465
104,33.046,200,4,97.07325744628906,-236.0940704345703,-73.83972930908203,-250.4022979736328,25.568239212036133,-235.73670959472656,5.815693969726563,5.648298263549805
105,33.362,200,5,97.07325744628906,-236.0940704345703,-73.99551391601562,-250.0049591064453,19.692720413208008,-234.8876495361328,5.822748775482178,5.869185447692871
106,33.669,200,5,97.07325744628906,-236.0940704345703,-73.99551391601562,-250.0049591064453,59.32033157348633,-239.22244262695312,5.814611616134644,5.81022834777832
107,33.987,200,5,97.07325744628906,-236.0940704345703,-74.2206802368164,-249.91183471679688,28.51656150817871,-232.98121643066406,5.794495096206665,5.807645797729492
108,34.301,200,5,97.07325744628906,-236.0940704345703,-74.2206802368164,-249.91183471679688,24.207746505737305,-235.84072875976562,5.822734460830689,5.754254341125488
109,34.616,200,5,97.07325744628906,-236.0940704345703,-73.63951873779297,-249.87220764160156,99.94256591796875,-251.3988037109375,5.821421689987183,5.703476428985596
110,34.921,200,5,97.07325744628906,-236.0940704345703,-73.63951873779297,-249.87220764160156,19.48240089416504,-235.395263671875,5.807793483734131,5.75693416595459
111,35.238,200,5,97.07325744628906,-236.0940704345703,-71.39729309082031,-249.89324951171875,88.1974868774414,-240.4144287109375,5.796101627349853,5.793012619018555
112,35.551,200,5,97.07325744628906,-236.0940704345703,-71.39729309082031,-249.89324951171875,49.532649993896484,-235.28981018066406,5.8138401222229,5.911637783050537
113,35.866,200,5,97.07325744628906,-236.0940704345703,-70.06427001953125,-249.90953063964844,97.19010925292969,-249.60142517089844,5.815463237762451,5.793582439422607
114,36.192,200,5,97.07325744628906,-236.0940704345703,-70.06427001953125,-249.90953063964844,80.51666259765625,-238.83029174804688,5.804530639648437,5.9375433921813965
115,36.508,200,5,97.07325744628906,-236.0940704345703,-71.71926879882812,-249.77328491210938,59.29641342163086,-238.3876953125,5.786644420623779,5.773191452026367
116,36.82,200,5,97.07325744628906,-236.0940704345703,-71.71926879882812,-249.77328491210938,53.9664306640625,-236.34487915039062,5.809047794342041,5.867727756500244
117,37.138,200,5,97.07325744628906,-236.0940704345703,-68.14550018310547,-249.78143310546875,17.019832611083984,-234.93878173828125,5.816084632873535,5.842518329620361
118,37.445,200,5,97.07325744628906,-236.0940704345703,-68.14550018310547,-249.78143310546875,103.84895324707031,-250.93714904785156,5.79379246711731,5.7901835441589355
119,37.759,200,5,97.07325744628906,-236.0940704345703,-68.18633270263672,-249.7012939453125,99.34808349609375,-249.74813842773438,5.808815021514892,5.711090087890625
120,38.067,200,5,97.07325744628906,-236.0940704345703,-68.18633270263672,-249.7012939453125,53.11983871459961,-237.7589569091797,5.811443634033203,5.825385570526123
121,38.391,200,5,97.07325744628906,-236.0940704345703,-68.8021469116211,-249.4754638671875,50.89664840698242,-236.9532470703125,5.791949243545532,5.878498077392578
122,38.699,200,5,97.07325744628906,-236.0940704345703,-68.8021469116211,-249.4754638671875,23.86775779724121,-235.09979248046875,5.7913213634490965,5.800833225250244
123,39.014,200,5,97.07325744628906,-236.0940704345703,-67.78274536132812,-249.45962524414062,102.12200164794922,-249.4659423828125,5.796449737548828,5.701193332672119
124,39.321,200,5,97.07325744628906,-236.0940704345703,-67.78274536132812,-249.45962524414062,97.70221710205078,-251.38894653320312,5.795220251083374,5.958689212799072
125,39.696,200,4,97.07325744628906,-236.0940704345703,-69.30591583251953,-249.54913330078125,112.45464324951172,-250.7792510986328,5.804641695022583,5.749276161193848
126,40.035,200,4,97.07325744628906,-236.0940704345703,-69.30591583251953,-249.54913330078125,87.66216278076172,-240.541015625,5.7869766998291015,5.931446552276611
127,40.352,200,4,97.07325744628906,-236.0940704345703,-69.43421173095703,-249.54820251464844,20.91425132751465,-234.8560028076172,5.788260555267334,5.9185051918029785
128,40.661,200,4,97.07325744628906,-236.0940704345703,-69.43421173095703,-249.54820251464844,98.47993469238281,-251.07374572753906,5.807101049423218,5.688784599304199
129,40.981,200,4,97.07325744628906,-236.0940704345703,-70.60233306884766,-249.64230346679688,51.38786697387695,-238.3902130126953,5.794013328552246,5.881552219390869
130,41.296,200,4,97.07325744628906,-236.0940704345703,-70.60233306884766,-249.64230346679688,52.17518615722656,-238.46212768554688,5.800409107208252,5.867702007293701
131,41.616,200,4,97.07325744628906,-236.0940704345703,-68.46792602539062,-249.8527374267578,112.83169555664062,-251.02621459960938,5.784250631332397,5.79892635345459
132,41.924,200,4,97.07325744628906,-236.0940704345703,-68.46792602539062,-249.8527374267578,83.6914291381836,-240.58273315429688,5.7963847732543945,5.8463358879089355
133,42.243,200,4,97.07325744628906,-236.0940704345703,-69.43620300292969,-249.69937133789062,17.04205894470215,-234.85533142089844,5.78763557434082,5.718192100524902
134,42.558,200,4,97.07325744628906,-236.0940704345703,-69.43620300292969,-249.69937133789062,88.2171859741211,-239.93138122558594,5.7923518085479735,5.797605514526367
135,42.875,200,4,97.07325744628906,-236.0940704345703,-69.68328857421875,-249.84765625,108.76189422607422,-250.64395141601562,5.776775093078613,5.796441555023193
136,43.183,200,4,97.07325744628906,-236.0940704345703,-69.68328857421875,-249.84765625,20.78186798095703,-233.7830352783203,5.770494003295898,5.879376411437988
137,43.499,200,4,97.07325744628906,-236.0940704345703,-70.53427124023438,-249.6189422607422,18.10915184020996,-233.5069580078125,5.780435276031494,5.7476091384887695
138,43.815,200,4,97.07325744628906,-236.0940704345703,-70.53427124023438,-249.6189422607422,78.39501190185547,-239.9322967529297,5.791957817077637,5.816775798797607
139,44.133,200,5,97.07325744628906,-236.0940704345703,-69.58137512207031,-249.66595458984375,80.27980041503906,-240.07481384277344,5.7861980533599855,5.807995796203613
140,44.441,200,5,97.07325744628906,-236.0940704345703,-69.58137512207031,-249.66595458984375,111.922607421875,-248.2724609375,5.789578714370728,5.8037872314453125
141,44.759,200,6,97.07325744628906,-236.0940704345703,-69.26991271972656,-249.73394775390625,93.69386291503906,-239.6970672607422,5.776139488220215,5.7727460861206055
142,45.072,200,6,97.07325744628906,-236.0940704345703,-69.26991271972656,-249.73394775390625,82.36670684814453,-237.35166931152344,5.809189157485962,5.871824264526367
143,45.427,200,7,160.6846923828125,-236.0940704345703,-69.12225341796875,-249.64007568359375,84.09664916992188,-240.57362365722656,5.778692579269409,5.71140193939209
144,45.738,200,7,160.6846923828125,-236.0940704345703,-69.12225341796875,-249.64007568359375,162.3292236328125,-253.65684509277344,5.789150876998901,5.813040733337402
145,46.059,200,7,160.6846923828125,-236.0940704345703,-70.01669311523438,-249.60105895996094,93.3920669555664,-249.0511474609375,5.812910633087158,5.799121379852295
146,46.388,200,7,160.6846923828125,-236.0940704345703,-70.01669311523438,-249.60105895996094,124.69111633300781,-250.7124481201172,5.774742431640625,5.833386421203613
147,46.878,200,7,160.6846923828125,-236.0940704345703,-69.4769287109375,-249.67791748046875,18.139142990112305,-235.46839904785156,5.775836915969848,5.704957962036133
148,47.203,200,7,160.6846923828125,-236.0940704345703,-69.4769287109375,-249.67791748046875,80.29084014892578,-248.96044921875,5.779806623458862,5.879892349243164
149,47.523,200,8,160.6846923828125,-235.44012451171875,-70.0937271118164,-249.50103759765625,25.752151489257812,-233.6435089111328,5.770517778396607,5.718706130981445
150,47.841,200,8,160.6846923828125,-235.44012451171875,-70.0937271118164,-249.50103759765625,-118.52082061767578,-233.3201141357422,5.7758024883270265,5.682170867919922
151,48.16,200,8,160.6846923828125,-235.44012451171875,-69.99048614501953,-249.30496215820312,85.34143829345703,-247.27870178222656,5.7649170017242435,5.606971740722656
152,48.467,200,8,160.6846923828125,-235.44012451171875,-69.99048614501953,-249.30496215820312,-151.76910400390625,-235.0393829345703,5.77958041191101,5.8693037033081055
153,48.781,200,8,160.6846923828125,-235.44012451171875,-69.79757690429688,-249.20103454589844,221.3949432373047,-253.3158721923828,5.762853937149048,5.669926643371582
154,49.091,200,8,160.6846923828125,-235.44012451171875,-69.79757690429688,-249.20103454589844,-158.54296875,-231.88107299804688,5.775635499954223,5.6584391593933105
155,49.406,200,8,160.6846923828125,-235.44012451171875,-68.55656433105469,-249.16236877441406,122.4798812866211,-238.09771728515625,5.765152931213379,5.712559700012207
156,49.711,200,8,160.6846923828125,-235.44012451171875,-68.55656433105469,-249.16236877441406,-177.88906860351562,-235.24339294433594,5.775068893432617,5.708507537841797
157,50.03,200,8,160.6846923828125,-235.44012451171875,-69.626220703125,-249.2342529296875,191.76962280273438,-253.9047088623047,5.759691514968872,5.653219223022461
158,50.342,200,8,160.6846923828125,-235.44012451171875,-69.626220703125,-249.2342529296875,120.59811401367188,-249.4552764892578,5.77053786277771,5.829812049865723
159,50.658,200,9,160.6846923828125,-235.44012451171875,-68.46115112304688,-248.8524169921875,70.05579376220703,-238.7186279296875,5.7918779659271244,5.812351226806641
160,50.97,200,9,160.6846923828125,-235.44012451171875,-68.46115112304688,-248.8524169921875,-178.057373046875,-233.16012573242188,5.758819427490234,5.6661553382873535
161,51.298,200,9,160.6846923828125,-235.44012451171875,-69.14810943603516,-248.7781982421875,110.52056121826172,-249.65602111816406,5.755329160690308,5.741457462310791
162,51.611,200,9,160.6846923828125,-235.44012451171875,-69.14810943603516,-248.7781982421875,-155.65028381347656,-231.1585693359375,5.7731202030181885,5.666327476501465
163,51.928,200,9,160.6846923828125,-235.44012451171875,-68.7857437133789,-248.86312866210938,109.87318420410156,-247.8765106201172,5.751849384307861,5.737999439239502
164,52.235,200,9,160.6846923828125,-235.44012451171875,-68.7857437133789,-248.86312866210938,62.84109878540039,-238.57640075683594,5.740477180480957,5.703188419342041
165,52.555,200,9,160.6846923828125,-235.44012451171875,-69.61641693115234,-248.55596923828125,28.64458656311035,-231.35604858398438,5.777972049713135,5.885506629943848
166,52.865,200,9,160.6846923828125,-235.44012451171875,-69.61641693115234,-248.55596923828125,175.66514587402344,-253.14369201660156,5.738680877685547,5.720951080322266
167,53.182,200,9,160.6846923828125,-235.44012451171875,-67.20953369140625,-248.62725830078125,126.63935852050781,-249.3503875732422,5.763910884857178,5.768589973449707
168,53.489,200,9,160.6846923828125,-235.44012451171875,-67.20953369140625,-248.62725830078125,-139.3569793701172,-231.7410430908203,5.731097240447998,5.745697021484375
169,53.806,200,7,160.6846923828125,-235.44012451171875,-65.3051528930664,-248.5566864013672,201.05093383789062,-255.24037170410156,5.762862186431885,5.774784088134766
170,54.213,200,7,160.6846923828125,-235.44012451171875,-65.3051528930664,-248.5566864013672,-157.9816131591797,-232.43336486816406,5.7363686275482175,5.719339370727539
171,54.529,200,7,160.6846923828125,-233.21072387695312,-64.37118530273438,-248.1575927734375,-130.5262451171875,-234.48094177246094,5.730030241012574,5.7691731452941895
172,54.835,200,7,160.6846923828125,-233.21072387695312,-64.37118530273438,-248.1575927734375,190.92889404296875,-254.60911560058594,5.7642708587646485,5.797547340393066
173,55.15,200,7,160.6846923828125,-233.21072387695312,-63.543312072753906,-247.89923095703125,80.34941101074219,-240.42599487304688,5.741328687667846,5.7559309005737305
174,55.456,200,7,160.6846923828125,-233.21072387695312,-63.543312072753906,-247.89923095703125,-18.492813110351562,-232.27049255371094,5.727791624069214,5.779621601104736
175,55.843,200,7,160.6846923828125,-233.21072387695312,-62.824501037597656,-247.88230895996094,177.2415771484375,-254.84942626953125,5.735537061691284,5.76673698425293
176,56.155,200,7,160.6846923828125,-233.21072387695312,-62.824501037597656,-247.88230895996094,174.3032989501953,-253.8610076904297,5.738986778259277,5.691082000732422
177,56.471,200,8,160.6846923828125,-226.99513244628906,-64.43475341796875,-247.78004455566406,56.830718994140625,-231.4296875,5.730958576202393,5.828972816467285
178,56.779,200,8,160.6846923828125,-226.99513244628906,-64.43475341796875,-247.78004455566406,177.7696533203125,-248.6180877685547,5.722933006286621,5.666724681854248
179,57.101,200,8,160.6846923828125,-226.99513244628906,-63.518035888671875,-247.49928283691406,-166.36456298828125,-225.0682373046875,5.727841901779175,5.611302375793457
180,57.41,200,8,160.6846923828125,-226.99513244628906,-63.518035888671875,-247.49928283691406,-129.7180633544922,-225.7601776123047,5.713631935119629,5.717045783996582
181,57.728,200,8,160.6846923828125,-226.99513244628906,-63.51161193847656,-247.5037841796875,164.55152893066406,-252.5316162109375,5.728750524520874,5.771871566772461
182,58.035,200,8,160.6846923828125,-226.99513244628906,-63.51161193847656,-247.5037841796875,171.6918182373047,-254.04696655273438,5.737994451522827,5.767605304718018
183,58.358,200,8,160.6846923828125,-226.99513244628906,-63.11614227294922,-247.44308471679688,167.40151977539062,-253.05638122558594,5.714269313812256,5.544676780700684
184,58.665,200,8,160.6846923828125,-226.99513244628906,-63.11614227294922,-247.44308471679688,165.2196502685547,-254.7763671875,5.761152935028076,5.658451080322266
185,58.98,200,8,160.6846923828125,-226.99513244628906,-63.0951042175293,-247.50926208496094,162.75418090820312,-252.50685119628906,5.731596670150757,5.777186870574951
186,59.289,200,8,160.6846923828125,-226.99513244628906,-63.0951042175293,-247.50926208496094,177.2335662841797,-254.21142578125,5.728065013885498,5.787294387817383
187,59.614,200,8,160.6846923828125,-226.99513244628906,-64.10897827148438,-247.40609741210938,169.10464477539062,-254.68177795410156,5.714160346984864,5.775880336761475
188,59.922,200,8,160.6846923828125,-226.99513244628906,-64.10897827148438,-247.40609741210938,86.57777404785156,-238.70529174804688,5.732018566131591,5.687756061553955
189,60.241,200,9,160.6846923828125,-226.99513244628906,-60.855995178222656,-247.27879333496094,84.13465881347656,-235.84295654296875,5.718837280273437,5.691336154937744
190,60.581,200,9,160.6846923828125,-226.99513244628906,-60.855995178222656,-247.27879333496094,97.96100616455078,-235.70045471191406,5.714120359420776,5.745596885681152
191,61.0,200,9,160.6846923828125,-226.99513244628906,-62.359188079833984,-247.3975372314453,161.1717529296875,-253.1441192626953,5.7286989212036135,5.820899486541748
192,61.307,200,9,160.6846923828125,-226.99513244628906,-62.359188079833984,-247.3975372314453,120.58763885498047,-245.26353454589844,5.725146961212158,5.797120571136475
193,61.623,200,9,160.6846923828125,-226.99513244628906,-61.60714340209961,-247.29039001464844,127.56802368164062,-248.31716918945312,5.736170110702514,5.762823104858398
194,61.936,200,9,160.6846923828125,-226.99513244628906,-61.60714340209961,-247.29039001464844,94.51536560058594,-235.7025909423828,5.7103707981109615,5.709765911102295
195,62.27,200,9,160.6846923828125,-226.99513244628906,-61.12970733642578,-247.4384002685547,169.4947052001953,-252.60850524902344,5.729253063201904,5.803679466247559
196,62.575,200,9,160.6846923828125,-226.99513244628906,-61.12970733642578,-247.4384002685547,-163.86196899414062,-222.68447875976562,5.737813901901245,5.708648204803467
197,62.889,200,9,160.6846923828125,-226.99513244628906,-59.12126922607422,-247.44448852539062,78.63607788085938,-237.78318786621094,5.740149278640747,5.938474178314209
198,63.202,200,9,160.6846923828125,-226.99513244628906,-59.12126922607422,-247.44448852539062,186.53126525878906,-251.91004943847656,5.723545198440552,5.744009971618652
199,63.519,200,9,160.6846923828125,-226.99513244628906,-59.74208068847656,-247.40338134765625,192.12054443359375,-253.28546142578125,5.722856464385987,5.65734338760376
200,63.826,200,9,160.6846923828125,-226.99513244628906,-59.74208068847656,-247.40338134765625,-142.10235595703125,-224.9053955078125,5.712226753234863,5.7353057861328125
1,0.362,4,4,-26.891408920288086,-307.0693664550781,-122.6451644897461,-309.65203857421875,0.1364019513130188,-0.627142608165741,6.586652126312256,6.463065147399902
2,0.805,4,4,-26.891408920288086,-307.0693664550781,-122.6451644897461,-309.65203857421875,-4.999268531799316,-13.237812995910645,6.519072618484497,6.418156623840332
3,1.113,8,4,-26.891408920288086,-223.36514282226562,-107.26553344726562,-267.1620788574219,-8.366695404052734,9.66650104522705,6.040964956283569,6.089073657989502
4,1.409,8,4,-26.891408920288086,-223.36514282226562,-107.26553344726562,-267.1620788574219,-162.99337768554688,-216.063720703125,6.038977136611939,6.1815667152404785
5,1.717,12,5,57.65414810180664,-223.36514282226562,-81.4427261352539,-265.5282287597656,-5.270802974700928,-313.42620849609375,6.026951541900635,6.010337829589844
6,2.02,12,5,57.65414810180664,-223.36514282226562,-81.4427261352539,-265.5282287597656,82.80758666992188,-261.0137939453125,6.034553060531616,6.0670671463012695
7,2.327,16,7,57.65414810180664,-223.36514282226562,-69.9846420288086,-260.739990234375,109.68321228027344,-263.4666748046875,5.983051013946533,6.021359443664551
8,2.626,16,7,57.65414810180664,-223.36514282226562,-69.9846420288086,-260.739990234375,-22.458965301513672,-221.4024200439453,5.963458623886108,6.037537097930908
9,2.941,20,7,57.65414810180664,-223.36514282226562,-75.57263946533203,-258.95159912109375,-37.39958572387695,-223.6993408203125,5.964884853363037,6.039913654327393
10,3.245,20,7,57.65414810180664,-223.36514282226562,-75.57263946533203,-258.95159912109375,-160.8123321533203,-219.06497192382812,5.954251432418824,5.993833541870117
11,3.553,24,7,57.65414810180664,-223.36514282226562,-83.1156234741211,-256.7742919921875,-42.31079864501953,-221.60888671875,5.951971435546875,5.885671138763428
12,3.875,24,7,57.65414810180664,-223.36514282226562,-83.1156234741211,-256.7742919921875,74.0833740234375,-256.8404235839844,5.944490642547607,5.879690170288086
13,4.246,28,8,57.65414810180664,-223.36514282226562,-85.22867584228516,-256.330078125,62.82822036743164,-261.3161926269531,5.934572315216064,6.0618815422058105
14,4.551,28,8,57.65414810180664,-223.36514282226562,-85.22867584228516,-256.330078125,-101.48483276367188,-222.40821838378906,5.917569808959961,5.967242240905762
15,4.86,32,9,57.65414810180664,-223.36514282226562,-77.13069152832031,-256.0244140625,-13.504270553588867,-222.83726501464844,5.8881807613372805,5.7689900398254395
16,5.159,32,9,57.65414810180664,-223.36514282226562,-77.13069152832031,-256.0244140625,-149.92782592773438,-219.36270141601562,5.901761426925659,5.995100021362305
17,5.472,36,9,57.65414810180664,-223.36514282226562,-83.48088836669922,-255.38951110839844,-10.315998077392578,-225.03785705566406,5.9090001583099365,5.989351272583008
18,5.772,36,9,57.65414810180664,-223.36514282226562,-83.48088836669922,-255.38951110839844,83.74869537353516,-264.465087890625,5.9262110614776615,5.957221984863281
19,6.082,40,10,57.65414810180664,-223.36514282226562,-79.33502197265625,-255.29736328125,-32.90007400512695,-218.73818969726562,5.911504058837891,5.792087078094482
20,6.383,40,10,57.65414810180664,-223.36514282226562,-79.33502197265625,-255.29736328125,6.168416976928711,-239.45387268066406,5.893938398361206,5.746433734893799
21,6.696,44,10,57.65414810180664,-223.36514282226562,-76.4991226196289,-255.48013305664062,83.54690551757812,-258.2877197265625,5.920858488082886,5.93701171875
22,7.025,44,10,57.65414810180664,-223.36514282226562,-76.4991226196289,-255.48013305664062,-165.70301818847656,-221.39744567871094,5.9132591915130615,5.922494888305664
23,7.344,48,11,57.65414810180664,-223.36514282226562,-74.61248016357422,-255.57550048828125,14.897658348083496,-247.70022583007812,5.908224420547485,5.875672817230225
24,7.646,48,11,57.65414810180664,-223.36514282226562,-74.61248016357422,-255.57550048828125,38.943389892578125,-248.29949951171875,5.9022894287109375,5.821722507476807
25,7.956,52,6,57.65414810180664,-223.36514282226562,-69.31842803955078,-254.5615234375,-155.3702850341797,-218.2988739013672,5.9292456245422365,5.908214569091797
26,8.266,52,6,57.65414810180664,-223.36514282226562,-69.31842803955078,-254.5615234375,102.00123596191406,-263.6932373046875,5.89996823310852,5.868743896484375
27,8.58,56,6,57.65414810180664,-223.36514282226562,-71.3257827758789,-254.1375732421875,-50.76239013671875,-219.89462280273438,5.90369574546814,6.08447265625
28,8.885,56,6,57.65414810180664,-223.36514282226562,-71.3257827758789,-254.1375732421875,-152.62066650390625,-218.63919067382812,5.887056035995483,5.810486793518066
29,9.194,60,6,59.60829544067383,-223.36514282226562,-67.97935485839844,-253.9277801513672,65.24346160888672,-262.0882873535156,5.889305906295776,5.927704811096191
30,9.502,60,6,59.60829544067383,-223.36514282226562,-67.97935485839844,-253.9277801513672,-15.878006935119629,-221.8433074951172,5.879173641204834,5.695364475250244
31,9.82,64,6,59.60829544067383,-223.36514282226562,-68.86447143554688,-253.37753295898438,54.809104919433594,-239.24615478515625,5.869273509979248,5.67729377746582
32,10.124,64,6,59.60829544067383,-223.36514282226562,-68.86447143554688,-253.37753295898438,76.94145202636719,-238.57217407226562,5.881456394195556,5.817075729370117
33,10.441,68,6,59.60829544067383,-223.36514282226562,-67.04981231689453,-253.39108276367188,69.75843048095703,-249.30166625976562,5.868333501815796,5.935121536254883
34,10.752,68,6,59.60829544067383,-223.36514282226562,-67.04981231689453,-253.39108276367188,68.26099395751953,-239.31471252441406,5.88208779335022,5.852052211761475
35,11.062,72,6,59.60829544067383,-223.36514282226562,-69.19356536865234,-252.89837646484375,66.10529327392578,-242.3628387451172,5.886400804519654,5.919881820678711
36,11.365,72,6,59.60829544067383,-223.36514282226562,-69.19356536865234,-252.89837646484375,90.33745574951172,-247.65155029296875,5.866713428497315,5.949130058288574
37,11.676,76,6,59.60829544067383,-223.36514282226562,-71.91858673095703,-252.8887939453125,61.409446716308594,-248.6893768310547,5.877048606872559,5.754952907562256
38,11.98,76,6,59.60829544067383,-223.36514282226562,-71.91858673095703,-252.8887939453125,87.10079956054688,-250.24441528320312,5.873485288619995,5.853766441345215
39,12.297,80,7,62.73422622680664,-223.36514282226562,-71.32189178466797,-252.84530639648438,-15.334131240844727,-223.30340576171875,5.858976850509643,5.858494281768799
40,12.602,80,7,62.73422622680664,-223.36514282226562,-71.32189178466797,-252.84530639648438,-160.67738342285156,-222.406982421875,5.881911382675171,5.8945159912109375
41,12.916,84,7,62.73422622680664,-223.36514282226562,-71.28456115722656,-252.44699096679688,-140.94117736816406,-221.16976928710938,5.859364366531372,5.807166576385498
42,13.22,84,7,62.73422622680664,-223.36514282226562,-71.28456115722656,-252.44699096679688,114.1762924194336,-255.64141845703125,5.872917222976684,5.954361915588379
43,13.538,88,7,74.29036712646484,-223.36514282226562,-68.03730010986328,-252.73548889160156,85.14069366455078,-253.61624145507812,5.8645602989196775,5.852292537689209
44,13.842,88,7,74.29036712646484,-223.36514282226562,-68.03730010986328,-252.73548889160156,96.3582763671875,-239.65609741210938,5.877906589508057,5.801222801208496
45,14.21,92,7,74.29036712646484,-223.36514282226562,-66.50658416748047,-252.7184600830078,61.95696258544922,-237.94544982910156,5.871580324172974,5.944377422332764
46,14.515,92,7,74.29036712646484,-223.36514282226562,-66.50658416748047,-252.7184600830078,-155.08404541015625,-221.8732147216797,5.876193294525146,5.916439533233643
47,14.837,96,7,74.29036712646484,-223.36514282226562,-68.31922149658203,-252.3390350341797,-163.2548828125,-219.87916564941406,5.867222709655762,5.852506637573242
48,15.143,96,7,74.29036712646484,-223.36514282226562,-68.31922149658203,-252.3390350341797,-21.860092163085938,-222.34690856933594,5.865851058959961,5.913290023803711
49,15.456,100,7,74.29036712646484,-223.36514282226562,-68.5140609741211,-252.1524200439453,-159.2342987060547,-221.05348205566406,5.854141550064087,5.819775104522705
50,15.76,100,7,74.29036712646484,-223.36514282226562,-68.5140609741211,-252.1524200439453,87.02519226074219,-253.98045349121094,5.863298740386963,5.815221309661865
51,16.089,104,7,74.29036712646484,-223.36514282226562,-71.53678894042969,-252.22213745117188,62.14712905883789,-242.8756866455078,5.861031007766724,5.882901191711426
52,16.421,104,7,74.29036712646484,-223.36514282226562,-71.53678894042969,-252.22213745117188,5.190162181854248,-223.9097900390625,5.834993515014649,5.75631856918335
53,16.743,108,7,74.29036712646484,-223.36514282226562,-72.27632904052734,-252.38629150390625,96.75135803222656,-252.0656280517578,5.860025577545166,5.7341461181640625
54,17.049,108,7,74.29036712646484,-223.36514282226562,-72.27632904052734,-252.38629150390625,-146.62307739257812,-218.8588409423828,5.873872003555298,5.996586799621582
55,17.369,112,8,74.29036712646484,-223.36514282226562,-73.91907501220703,-252.17494201660156,-161.05718994140625,-219.2298126220703,5.865096874237061,5.942530155181885
56,17.674,112,8,74.29036712646484,-223.36514282226562,-73.91907501220703,-252.17494201660156,-52.87287521362305,-222.17715454101562,5.835879144668579,5.85653018951416
57,17.985,116,6,77.43274688720703,-223.36514282226562,-72.19351959228516,-251.8636016845703,-156.3551788330078,-221.7920684814453,5.845955858230591,5.911740303039551
58,18.288,116,6,77.43274688720703,-223.36514282226562,-72.19351959228516,-251.8636016845703,-144.07608032226562,-220.22044372558594,5.85356291770935,5.838811874389648
59,18.605,120,6,77.43274688720703,-223.36514282226562,-72.1536636352539,-252.13153076171875,100.4885482788086,-241.70968627929688,5.854887580871582,5.795897483825684
60,18.913,120,6,77.43274688720703,-223.36514282226562,-72.1536636352539,-252.13153076171875,-161.80404663085938,-223.10586547851562,5.848386688232422,5.73117208480835
61,19.349,124,6,77.43274688720703,-223.36514282226562,-72.57755279541016,-252.0859832763672,82.83184814453125,-238.56521606445312,5.827383584976197,5.807842254638672
62,19.686,124,6,77.43274688720703,-223.36514282226562,-72.57755279541016,-252.0859832763672,-47.08647155761719,-225.2289581298828,5.864508056640625,5.8033342361450195
63,20.01,128,6,77.43274688720703,-223.36514282226562,-73.09867858886719,-251.85446166992188,-158.64183044433594,-222.39952087402344,5.872248744964599,5.942935466766357
64,20.313,128,6,77.43274688720703,-223.36514282226562,-73.09867858886719,-251.85446166992188,-131.80203247070312,-223.3346710205078,5.850854091644287,5.939399719238281
65,20.626,132,6,77.43274688720703,-223.36514282226562,-71.48811340332031,-252.07315063476562,144.01612854003906,-241.75833129882812,5.868125047683716,5.827197074890137
66,20.932,132,6,77.43274688720703,-223.36514282226562,-71.48811340332031,-252.07315063476562,-140.33248901367188,-221.3765869140625,5.838853282928467,5.79945182800293
67,21.249,136,6,77.43274688720703,-223.36514282226562,-73.43392181396484,-251.89723205566406,-50.17226028442383,-223.47003173828125,5.844799823760987,5.787668704986572
68,21.556,136,6,77.43274688720703,-223.36514282226562,-73.43392181396484,-251.89723205566406,107.39374542236328,-241.21829223632812,5.861206483840943,5.7884087562561035
69,21.867,140,6,77.43274688720703,-223.36514282226562,-74.20706176757812,-251.91702270507812,94.7652587890625,-242.05934143066406,5.8708721542358395,5.875716686248779
70,22.176,140,6,77.43274688720703,-223.36514282226562,-74.20706176757812,-251.91702270507812,-2.834305763244629,-238.44898986816406,5.846074953079223,5.745979309082031
71,22.492,144,6,77.43274688720703,-223.36514282226562,-74.16987609863281,-252.03387451171875,84.13848114013672,-241.72373962402344,5.853250379562378,6.032540798187256
72,22.799,144,6,77.43274688720703,-223.36514282226562,-74.16987609863281,-252.03387451171875,98.73949432373047,-239.37362670898438,5.872217607498169,5.818970680236816
73,23.121,148,6,77.43274688720703,-223.36514282226562,-74.60970306396484,-252.1620635986328,78.29022979736328,-241.09024047851562,5.868648710250855,5.901023864746094
74,23.433,148,6,77.43274688720703,-223.36514282226562,-74.60970306396484,-252.1620635986328,-51.42543411254883,-224.0047607421875,5.845717096328736,5.764784336090088
75,23.747,152,6,77.43274688720703,-223.36514282226562,-74.7948989868164,-252.24331665039062,-10.289002418518066,-239.2871551513672,5.851884098052978,5.874605178833008
76,24.053,152,6,77.43274688720703,-223.36514282226562,-74.7948989868164,-252.24331665039062,-157.46536254882812,-221.8472900390625,5.861443014144897,5.88036584854126
77,24.374,156,6,77.43274688720703,-223.36514282226562,-74.39835357666016,-251.904052734375,-163.45529174804688,-220.7189178466797,5.845661687850952,5.98396110534668
78,24.688,156,6,77.43274688720703,-223.36514282226562,-74.39835357666016,-251.904052734375,58.78260803222656,-239.73812866210938,5.859937219619751,5.868258953094482
79,25.003,160,6,77.43274688720703,-223.36514282226562,-74.45467376708984,-251.84994506835938,-19.670488357543945,-223.0328826904297,5.855899515151978,5.91058874130249
80,25.309,160,6,77.43274688720703,-223.36514282226562,-74.45467376708984,-251.84994506835938,-146.670166015625,-220.10450744628906,5.828482389450073,5.8131866455078125
81,25.628,164,6,77.43274688720703,-223.36514282226562,-74.75827026367188,-251.81747436523438,59.85200881958008,-235.57635498046875,5.847809791564941,5.75705099105835
82,25.935,164,6,77.43274688720703,-223.36514282226562,-74.75827026367188,-251.81747436523438,98.77388000488281,-242.25485229492188,5.854163913726807,5.884494781494141
83,26.257,168,6,77.43274688720703,-223.36514282226562,-74.78409576416016,-251.79859924316406,127.51471710205078,-240.94692993164062,5.839763946533203,5.72748327255249
84,26.562,168,6,77.43274688720703,-223.36514282226562,-74.78409576416016,-251.79859924316406,-44.29513168334961,-224.1386260986328,5.853120899200439,5.686834812164307
85,26.876,172,6,77.43274688720703,-223.36514282226562,-73.494384765625,-251.67132568359375,-109.93264770507812,-220.65640258789062,5.8542325401306154,5.842357635498047
86,27.181,172,6,77.43274688720703,-223.36514282226562,-73.494384765625,-251.67132568359375,-142.8361358642578,-221.6251983642578,5.857447910308838,5.976010322570801
87,27.5,176,6,77.43274688720703,-223.36514282226562,-73.96936798095703,-251.74464416503906,86.0591812133789,-242.26918029785156,5.8422736644744875,5.872657299041748
88,27.807,176,6,77.43274688720703,-223.36514282226562,-73.96936798095703,-251.74464416503906,-119.9754638671875,-222.53643798828125,5.844846963882446,5.748946189880371
89,28.122,180,6,77.43274688720703,-223.36514282226562,-76.47713470458984,-251.61610412597656,-20.36598014831543,-225.4576416015625,5.852962770462036,5.881691932678223
90,28.429,180,6,77.43274688720703,-223.36514282226562,-76.47713470458984,-251.61610412597656,-49.865535736083984,-221.32875061035156,5.831558122634887,5.914164066314697
91,28.751,184,6,77.43274688720703,-223.36514282226562,-76.51164245605469,-251.48513793945312,21.324880599975586,-235.31822204589844,5.835676097869873,5.762600898742676
92,29.063,184,6,77.43274688720703,-223.36514282226562,-76.51164245605469,-251.48513793945312,-44.73460006713867,-225.1484375,5.8369435214996335,5.885156631469727
93,29.376,188,6,77.43274688720703,-223.36514282226562,-77.23188018798828,-251.5485382080078,75.52601623535156,-232.7190399169922,5.814253187179565,5.764575004577637
94,29.69,188,6,77.43274688720703,-223.36514282226562,-77.23188018798828,-251.5485382080078,-33.93085479736328,-222.18174743652344,5.818230361938476,5.778141021728516
95,30.01,192,6,77.43274688720703,-223.36514282226562,-76.81603240966797,-251.37489318847656,-133.5818328857422,-222.9892120361328,5.851161975860595,5.9498395919799805
96,30.32,192,6,77.43274688720703,-223.36514282226562,-76.81603240966797,-251.37489318847656,34.2710075378418,-234.93666076660156,5.838739347457886,5.759200572967529
97,30.636,196,6,77.43274688720703,-223.36514282226562,-77.88148498535156,-251.21556091308594,-144.2232666015625,-219.88076782226562,5.814922409057617,5.776065349578857
98,30.944,196,6,77.43274688720703,-223.36514282226562,-77.88148498535156,-251.21556091308594,-48.050323486328125,-223.35617065429688,5.844026575088501,5.901155948638916
99,31.259,200,6,77.43274688720703,-223.36514282226562,-77.35391998291016,-251.23109436035156,79.74537658691406,-241.3268585205078,5.827782640457153,5.789926528930664
100,31.573,200,6,77.43274688720703,-223.36514282226562,-77.35391998291016,-251.23109436035156,-152.15419006347656,-222.0463409423828,5.8440721988677975,5.8543806076049805
101,31.891,200,6,77.43274688720703,-223.36514282226562,-75.62117767333984,-249.92543029785156,-46.32990646362305,-223.6068572998047,5.80738899230957,5.8720479011535645
102,32.198,200,6,77.43274688720703,-223.36514282226562,-75.62117767333984,-249.92543029785156,-36.68824005126953,-224.33621215820312,5.798385162353515,5.690489768981934
103,32.584,200,4,97.07325744628906,-236.0940704345703,-73.83972930908203,-250.4022979736328,79.24031829833984,-240.35841369628906,5.825185260772705,5.829169273376465
104,32.897,200,4,97.07325744628906,-236.0940704345703,-73.83972930908203,-250.4022979736328,25.568239212036133,-235.73670959472656,5.815693969726563,5.648298263549805
105,33.213,200,5,97.07325744628906,-236.0940704345703,-73.99551391601562,-250.0049591064453,19.692720413208008,-234.8876495361328,5.822748775482178,5.869185447692871
106,33.521,200,5,97.07325744628906,-236.0940704345703,-73.99551391601562,-250.0049591064453,59.32033157348633,-239.22244262695312,5.814611616134644,5.81022834777832
107,33.835,200,5,97.07325744628906,-236.0940704345703,-74.2206802368164,-249.91183471679688,28.51656150817871,-232.98121643066406,5.794495096206665,5.807645797729492
108,34.159,200,5,97.07325744628906,-236.0940704345703,-74.2206802368164,-249.91183471679688,24.207746505737305,-235.84072875976562,5.822734460830689,5.754254341125488
109,34.599,200,5,97.07325744628906,-236.0940704345703,-73.63951873779297,-249.87220764160156,99.94256591796875,-251.3988037109375,5.821421689987183,5.703476428985596
110,34.909,200,5,97.07325744628906,-236.0940704345703,-73.63951873779297,-249.87220764160156,19.48240089416504,-235.395263671875,5.807793483734131,5.75693416595459
111,35.231,200,5,97.07325744628906,-236.0940704345703,-71.39729309082031,-249.89324951171875,88.1974868774414,-240.4144287109375,5.796101627349853,5.793012619018555
112,35.543,200,5,97.07325744628906,-236.0940704345703,-71.39729309082031,-249.89324951171875,49.532649993896484,-235.28981018066406,5.8138401222229,5.911637783050537
113,35.861,200,5,97.07325744628906,-236.0940704345703,-70.06427001953125,-249.90953063964844,97.19010925292969,-249.60142517089844,5.815463237762451,5.793582439422607
114,36.173,200,5,97.07325744628906,-236.0940704345703,-70.06427001953125,-249.90953063964844,80.51666259765625,-238.83029174804688,5.804530639648437,5.9375433921813965
115,36.498,200,5,97.07325744628906,-236.0940704345703,-71.71926879882812,-249.77328491210938,59.29641342163086,-238.3876953125,5.786644420623779,5.773191452026367
116,36.807,200,5,97.07325744628906,-236.0940704345703,-71.71926879882812,-249.77328491210938,53.9664306640625,-236.34487915039062,5.809047794342041,5.867727756500244
117,37.124,200,5,97.07325744628906,-236.0940704345703,-68.14550018310547,-249.78143310546875,17.019832611083984,-234.93878173828125,5.816084632873535,5.842518329620361
118,37.432,200,5,97.07325744628906,-236.0940704345703,-68.14550018310547,-249.78143310546875,103.84895324707031,-250.93714904785156,5.79379246711731,5.7901835441589355
119,37.753,200,5,97.07325744628906,-236.0940704345703,-68.18633270263672,-249.7012939453125,99.34808349609375,-249.74813842773438,5.808815021514892,5.711090087890625
120,38.062,200,5,97.07325744628906,-236.0940704345703,-68.18633270263672,-249.7012939453125,53.11983871459961,-237.7589569091797,5.811443634033203,5.825385570526123
121,38.38,200,5,97.07325744628906,-236.0940704345703,-68.8021469116211,-249.4754638671875,50.89664840698242,-236.9532470703125,5.791949243545532,5.878498077392578
122,38.688,200,5,97.07325744628906,-236.0940704345703,-68.8021469116211,-249.4754638671875,23.86775779724121,-235.09979248046875,5.7913213634490965,5.800833225250244
123,39.024,200,5,97.07325744628906,-236.0940704345703,-67.78274536132812,-249.45962524414062,102.12200164794922,-249.4659423828125,5.796449737548828,5.701193332672119
124,39.333,200,5,97.07325744628906,-236.0940704345703,-67.78274536132812,-249.45962524414062,97.70221710205078,-251.38894653320312,5.795220251083374,5.958689212799072
125,39.648,200,4,97.07325744628906,-236.0940704345703,-69.30591583251953,-249.54913330078125,112.45464324951172,-250.7792510986328,5.804641695022583,5.749276161193848
126,39.957,200,4,97.07325744628906,-236.0940704345703,-69.30591583251953,-249.54913330078125,87.66216278076172,-240.541015625,5.7869766998291015,5.931446552276611
127,40.272,200,4,97.07325744628906,-236.0940704345703,-69.43421173095703,-249.54820251464844,20.91425132751465,-234.8560028076172,5.788260555267334,5.9185051918029785
128,40.588,200,4,97.07325744628906,-236.0940704345703,-69.43421173095703,-249.54820251464844,98.47993469238281,-251.07374572753906,5.807101049423218,5.688784599304199
129,40.903,200,4,97.07325744628906,-236.0940704345703,-70.60233306884766,-249.64230346679688,51.38786697387695,-238.3902130126953,5.794013328552246,5.881552219390869
130,41.21,200,4,97.07325744628906,-236.0940704345703,-70.60233306884766,-249.64230346679688,52.17518615722656,-238.46212768554688,5.800409107208252,5.867702007293701
131,41.534,200,4,97.07325744628906,-236.0940704345703,-68.46792602539062,-249.8527374267578,112.83169555664062,-251.02621459960938,5.784250631332397,5.79892635345459
132,41.847,200,4,97.07325744628906,-236.0940704345703,-68.46792602539062,-249.8527374267578,83.6914291381836,-240.58273315429688,5.7963847732543945,5.8463358879089355
133,42.164,200,4,97.07325744628906,-236.0940704345703,-69.43620300292969,-249.69937133789062,17.04205894470215,-234.85533142089844,5.78763557434082,5.718192100524902
134,42.472,200,4,97.07325744628906,-236.0940704345703,-69.43620300292969,-249.69937133789062,88.2171859741211,-239.93138122558594,5.7923518085479735,5.797605514526367
135,42.791,200,4,97.07325744628906,-236.0940704345703,-69.68328857421875,-249.84765625,108.76189422607422,-250.64395141601562,5.776775093078613,5.796441555023193
136,43.1,200,4,97.07325744628906,-236.0940704345703,-69.68328857421875,-249.84765625,20.78186798095703,-233.7830352783203,5.770494003295898,5.879376411437988
137,43.42,200,4,97.07325744628906,-236.0940704345703,-70.53427124023438,-249.6189422607422,18.10915184020996,-233.5069580078125,5.780435276031494,5.7476091384887695
138,43.727,200,4,97.07325744628906,-236.0940704345703,-70.53427124023438,-249.6189422607422,78.39501190185547,-239.9322967529297,5.791957817077637,5.816775798797607
139,44.044,200,5,97.07325744628906,-236.0940704345703,-69.58137512207031,-249.66595458984375,80.27980041503906,-240.07481384277344,5.7861980533599855,5.807995796203613
140,44.349,200,5,97.07325744628906,-236.0940704345703,-69.58137512207031,-249.66595458984375,111.922607421875,-248.2724609375,5.789578714370728,5.8037872314453125
141,44.677,200,6,97.07325744628906,-236.0940704345703,-69.26991271972656,-249.73394775390625,93.69386291503906,-239.6970672607422,5.776139488220215,5.7727460861206055
142,44.986,200,6,97.07325744628906,-236.0940704345703,-69.26991271972656,-249.73394775390625,82.36670684814453,-237.35166931152344,5.809189157485962,5.871824264526367
143,45.306,200,7,160.6846923828125,-236.0940704345703,-69.12225341796875,-249.64007568359375,84.09664916992188,-240.57362365722656,5.778692579269409,5.71140193939209
144,45.621,200,7,160.6846923828125,-236.0940704345703,-69.12225341796875,-249.64007568359375,162.3292236328125,-253.65684509277344,5.789150876998901,5.813040733337402
145,45.947,200,7,160.6846923828125,-236.0940704345703,-70.01669311523438,-249.60105895996094,93.3920669555664,-249.0511474609375,5.812910633087158,5.799121379852295
146,46.253,200,7,160.6846923828125,-236.0940704345703,-70.01669311523438,-249.60105895996094,124.69111633300781,-250.7124481201172,5.774742431640625,5.833386421203613
147,46.569,200,7,160.6846923828125,-236.0940704345703,-69.4769287109375,-249.67791748046875,18.139142990112305,-235.46839904785156,5.775836915969848,5.704957962036133
148,46.878,200,7,160.6846923828125,-236.0940704345703,-69.4769287109375,-249.67791748046875,80.29084014892578,-248.96044921875,5.779806623458862,5.879892349243164
149,47.199,200,8,160.6846923828125,-235.44012451171875,-70.0937271118164,-249.50103759765625,25.752151489257812,-233.6435089111328,5.770517778396607,5.718706130981445
150,47.501,200,8,160.6846923828125,-235.44012451171875,-70.0937271118164,-249.50103759765625,-118.52082061767578,-233.3201141357422,5.7758024883270265,5.682170867919922
151,47.82,200,8,160.6846923828125,-235.44012451171875,-69.99048614501953,-249.30496215820312,85.34143829345703,-247.27870178222656,5.7649170017242435,5.606971740722656
152,48.128,200,8,160.6846923828125,-235.44012451171875,-69.99048614501953,-249.30496215820312,-151.76910400390625,-235.0393829345703,5.77958041191101,5.8693037033081055
153,48.451,200,8,160.6846923828125,-235.44012451171875,-69.79757690429688,-249.20103454589844,221.3949432373047,-253.3158721923828,5.762853937149048,5.669926643371582
154,48.764,200,8,160.6846923828125,-235.44012451171875,-69.79757690429688,-249.20103454589844,-158.54296875,-231.88107299804688,5.775635499954223,5.6584391593933105
155,49.079,200,8,160.6846923828125,-235.44012451171875,-68.55656433105469,-249.16236877441406,122.4798812866211,-238.09771728515625,5.765152931213379,5.712559700012207
156,49.387,200,8,160.6846923828125,-235.44012451171875,-68.55656433105469,-249.16236877441406,-177.88906860351562,-235.24339294433594,5.775068893432617,5.708507537841797
157,49.875,200,8,160.6846923828125,-235.44012451171875,-69.626220703125,-249.2342529296875,191.76962280273438,-253.9047088623047,5.759691514968872,5.653219223022461
158,50.186,200,8,160.6846923828125,-235.44012451171875,-69.626220703125,-249.2342529296875,120.59811401367188,-249.4552764892578,5.77053786277771,5.829812049865723
159,50.503,200,9,160.6846923828125,-235.44012451171875,-68.46115112304688,-248.8524169921875,70.05579376220703,-238.7186279296875,5.7918779659271244,5.812351226806641
160,50.81,200,9,160.6846923828125,-235.44012451171875,-68.46115112304688,-248.8524169921875,-178.057373046875,-233.16012573242188,5.758819427490234,5.6661553382873535
161,51.13,200,9,160.6846923828125,-235.44012451171875,-69.14810943603516,-248.7781982421875,110.52056121826172,-249.65602111816406,5.755329160690308,5.741457462310791
162,51.438,200,9,160.6846923828125,-235.44012451171875,-69.14810943603516,-248.7781982421875,-155.65028381347656,-231.1585693359375,5.7731202030181885,5.666327476501465
163,51.759,200,9,160.6846923828125,-235.44012451171875,-68.7857437133789,-248.86312866210938,109.87318420410156,-247.8765106201172,5.751849384307861,5.737999439239502
164,52.068,200,9,160.6846923828125,-235.44012451171875,-68.7857437133789,-248.86312866210938,62.84109878540039,-238.57640075683594,5.740477180480957,5.703188419342041
165,52.388,200,9,160.6846923828125,-235.44012451171875,-69.61641693115234,-248.55596923828125,28.64458656311035,-231.35604858398438,5.777972049713135,5.885506629943848
166,52.699,200,9,160.6846923828125,-235.44012451171875,-69.61641693115234,-248.55596923828125,175.66514587402344,-253.14369201660156,5.738680877685547,5.720951080322266
167,53.016,200,9,160.6846923828125,-235.44012451171875,-67.20953369140625,-248.62725830078125,126.63935852050781,-249.3503875732422,5.763910884857178,5.768589973449707
168,53.321,200,9,160.6846923828125,-235.44012451171875,-67.20953369140625,-248.62725830078125,-139.3569793701172,-231.7410430908203,5.731097240447998,5.745697021484375
169,53.64,200,7,160.6846923828125,-235.44012451171875,-65.3051528930664,-248.5566864013672,201.05093383789062,-255.24037170410156,5.762862186431885,5.774784088134766
170,53.953,200,7,160.6846923828125,-235.44012451171875,-65.3051528930664,-248.5566864013672,-157.9816131591797,-232.43336486816406,5.7363686275482175,5.719339370727539
171,54.272,200,7,160.6846923828125,-233.21072387695312,-64.37118530273438,-248.1575927734375,-130.5262451171875,-234.48094177246094,5.730030241012574,5.7691731452941895
172,54.578,200,7,160.6846923828125,-233.21072387695312,-64.37118530273438,-248.1575927734375,190.92889404296875,-254.60911560058594,5.7642708587646485,5.797547340393066
173,54.9,200,7,160.6846923828125,-233.21072387695312,-63.543312072753906,-247.89923095703125,80.34941101074219,-240.42599487304688,5.741328687667846,5.7559309005737305
174,55.213,200,7,160.6846923828125,-233.21072387695312,-63.543312072753906,-247.89923095703125,-18.492813110351562,-232.27049255371094,5.727791624069214,5.779621601104736
175,55.595,200,7,160.6846923828125,-233.21072387695312,-62.824501037597656,-247.88230895996094,177.2415771484375,-254.84942626953125,5.735537061691284,5.76673698425293
176,55.907,200,7,160.6846923828125,-233.21072387695312,-62.824501037597656,-247.88230895996094,174.3032989501953,-253.8610076904297,5.738986778259277,5.691082000732422
177,56.228,200,8,160.6846923828125,-226.99513244628906,-64.43475341796875,-247.78004455566406,56.830718994140625,-231.4296875,5.730958576202393,5.828972816467285
178,56.547,200,8,160.6846923828125,-226.99513244628906,-64.43475341796875,-247.78004455566406,177.7696533203125,-248.6180877685547,5.722933006286621,5.666724681854248
179,56.864,200,8,160.6846923828125,-226.99513244628906,-63.518035888671875,-247.49928283691406,-166.36456298828125,-225.0682373046875,5.727841901779175,5.611302375793457
180,57.172,200,8,160.6846923828125,-226.99513244628906,-63.518035888671875,-247.49928283691406,-129.7180633544922,-225.7601776123047,5.713631935119629,5.717045783996582
181,57.489,200,8,160.6846923828125,-226.99513244628906,-63.51161193847656,-247.5037841796875,164.55152893066406,-252.5316162109375,5.728750524520874,5.771871566772461
182,57.796,200,8,160.6846923828125,-226.99513244628906,-63.51161193847656,-247.5037841796875,171.6918182373047,-254.04696655273438,5.737994451522827,5.767605304718018
183,58.135,200,8,160.6846923828125,-226.99513244628906,-63.11614227294922,-247.44308471679688,167.40151977539062,-253.05638122558594,5.714269313812256,5.544676780700684
184,58.442,200,8,160.6846923828125,-226.99513244628906,-63.11614227294922,-247.44308471679688,165.2196502685547,-254.7763671875,5.761152935028076,5.658451080322266
185,58.757,200,8,160.6846923828125,-226.99513244628906,-63.0951042175293,-247.50926208496094,162.75418090820312,-252.50685119628906,5.731596670150757,5.777186870574951
186,59.064,200,8,160.6846923828125,-226.99513244628906,-63.0951042175293,-247.50926208496094,177.2335662841797,-254.21142578125,5.728065013885498,5.787294387817383
187,59.384,200,8,160.6846923828125,-226.99513244628906,-64.10897827148438,-247.40609741210938,169.10464477539062,-254.68177795410156,5.714160346984864,5.775880336761475
188,59.695,200,8,160.6846923828125,-226.99513244628906,-64.10897827148438,-247.40609741210938,86.57777404785156,-238.70529174804688,5.732018566131591,5.687756061553955
189,60.013,200,9,160.6846923828125,-226.99513244628906,-60.855995178222656,-247.27879333496094,84.13465881347656,-235.84295654296875,5.718837280273437,5.691336154937744
190,60.322,200,9,160.6846923828125,-226.99513244628906,-60.855995178222656,-247.27879333496094,97.96100616455078,-235.70045471191406,5.714120359420776,5.745596885681152
191,60.647,200,9,160.6846923828125,-226.99513244628906,-62.359188079833984,-247.3975372314453,161.1717529296875,-253.1441192626953,5.7286989212036135,5.820899486541748
192,60.956,200,9,160.6846923828125,-226.99513244628906,-62.359188079833984,-247.3975372314453,120.58763885498047,-245.26353454589844,5.725146961212158,5.797120571136475
193,61.279,200,9,160.6846923828125,-226.99513244628906,-61.60714340209961,-247.29039001464844,127.56802368164062,-248.31716918945312,5.736170110702514,5.762823104858398
194,61.588,200,9,160.6846923828125,-226.99513244628906,-61.60714340209961,-247.29039001464844,94.51536560058594,-235.7025909423828,5.7103707981109615,5.709765911102295
195,61.911,200,9,160.6846923828125,-226.99513244628906,-61.12970733642578,-247.4384002685547,169.4947052001953,-252.60850524902344,5.729253063201904,5.803679466247559
196,62.219,200,9,160.6846923828125,-226.99513244628906,-61.12970733642578,-247.4384002685547,-163.86196899414062,-222.68447875976562,5.737813901901245,5.708648204803467
197,62.534,200,9,160.6846923828125,-226.99513244628906,-59.12126922607422,-247.44448852539062,78.63607788085938,-237.78318786621094,5.740149278640747,5.938474178314209
198,62.841,200,9,160.6846923828125,-226.99513244628906,-59.12126922607422,-247.44448852539062,186.53126525878906,-251.91004943847656,5.723545198440552,5.744009971618652
199,63.165,200,9,160.6846923828125,-226.99513244628906,-59.74208068847656,-247.40338134765625,192.12054443359375,-253.28546142578125,5.722856464385987,5.65734338760376
200,63.474,200,9,160.6846923828125,-226.99513244628906,-59.74208068847656,-247.40338134765625,-142.10235595703125,-224.9053955078125,5.712226753234863,5.7353057861328125
1,0.351,4,4,-26.891408920288086,-307.0693664550781,-122.6451644897461,-309.65203857421875,0.1364019513130188,-0.627142608165741,6.586652126312256,6.463065147399902
2,0.645,4,4,-26.891408920288086,-307.0693664550781,-122.6451644897461,-309.65203857421875,-4.999268531799316,-13.237812995910645,6.519072618484497,6.418156623840332
3,0.948,8,4,-26.891408920288086,-223.36514282226562,-107.26553344726562,-267.1620788574219,-8.366695404052734,9.66650104522705,6.040964956283569,6.089073657989502
4,1.245,8,4,-26.891408920288086,-223.36514282226562,-107.26553344726562,-267.1620788574219,-162.99337768554688,-216.063720703125,6.038977136611939,6.1815667152404785
5,1.547,12,5,57.65414810180664,-223.36514282226562,-81.4427261352539,-265.5282287597656,-5.270802974700928,-313.42620849609375,6.026951541900635,6.010337829589844
6,1.848,12,5,57.65414810180664,-223.36514282226562,-81.4427261352539,-265.5282287597656,82.80758666992188,-261.0137939453125,6.034553060531616,6.0670671463012695
7,2.149,16,7,57.65414810180664,-223.36514282226562,-69.9846420288086,-260.739990234375,109.68321228027344,-263.4666748046875,5.983051013946533,6.021359443664551
8,2.447,16,7,57.65414810180664,-223.36514282226562,-69.9846420288086,-260.739990234375,-22.458965301513672,-221.4024200439453,5.963458623886108,6.037537097930908
9,2.774,20,7,57.65414810180664,-223.36514282226562,-75.57263946533203,-258.95159912109375,-37.39958572387695,-223.6993408203125,5.964884853363037,6.039913654327393
10,3.071,20,7,57.65414810180664,-223.36514282226562,-75.57263946533203,-258.95159912109375,-160.8123321533203,-219.06497192382812,5.954251432418824,5.993833541870117
11,3.378,24,7,57.65414810180664,-223.36514282226562,-83.1156234741211,-256.7742919921875,-42.31079864501953,-221.60888671875,5.951971435546875,5.885671138763428
12,3.675,24,7,57.65414810180664,-223.36514282226562,-83.1156234741211,-256.7742919921875,74.0833740234375,-256.8404235839844,5.944490642547607,5.879690170288086
13,3.981,28,8,57.65414810180664,-223.36514282226562,-85.22867584228516,-256.330078125,62.82822036743164,-261.3161926269531,5.934572315216064,6.0618815422058105
14,4.279,28,8,57.65414810180664,-223.36514282226562,-85.22867584228516,-256.330078125,-101.48483276367188,-222.40821838378906,5.917569808959961,5.967242240905762
15,4.583,32,9,57.65414810180664,-223.36514282226562,-77.13069152832031,-256.0244140625,-13.504270553588867,-222.83726501464844,5.8881807613372805,5.7689900398254395
16,4.882,32,9,57.65414810180664,-223.36514282226562,-77.13069152832031,-256.0244140625,-149.92782592773438,-219.36270141601562,5.901761426925659,5.995100021362305
17,5.187,36,9,57.65414810180664,-223.36514282226562,-83.48088836669922,-255.38951110839844,-10.315998077392578,-225.03785705566406,5.9090001583099365,5.989351272583008
18,5.486,36,9,57.65414810180664,-223.36514282226562,-83.48088836669922,-255.38951110839844,83.74869537353516,-264.465087890625,5.9262110614776615,5.957221984863281
19,5.793,40,10,57.65414810180664,-223.36514282226562,-79.33502197265625,-255.29736328125,-32.90007400512695,-218.73818969726562,5.911504058837891,5.792087078094482
20,6.09,40,10,57.65414810180664,-223.36514282226562,-79.33502197265625,-255.29736328125,6.168416976928711,-239.45387268066406,5.893938398361206,5.746433734893799
21,6.401,44,10,57.65414810180664,-223.36514282226562,-76.4991226196289,-255.48013305664062,83.54690551757812,-258.2877197265625,5.920858488082886,5.93701171875
22,6.702,44,10,57.65414810180664,-223.36514282226562,-76.4991226196289,-255.48013305664062,-165.70301818847656,-221.39744567871094,5.9132591915130615,5.922494888305664
23,7.009,48,11,57.65414810180664,-223.36514282226562,-74.61248016357422,-255.57550048828125,14.897658348083496,-247.70022583007812,5.908224420547485,5.875672817230225
24,7.312,48,11,57.65414810180664,-223.36514282226562,-74.61248016357422,-255.57550048828125,38.943389892578125,-248.29949951171875,5.9022894287109375,5.821722507476807
25,7.622,52,6,57.65414810180664,-223.36514282226562,-69.31842803955078,-254.5615234375,-155.3702850341797,-218.2988739013672,5.9292456245422365,5.908214569091797
26,7.924,52,6,57.65414810180664,-223.36514282226562,-69.31842803955078,-254.5615234375,102.00123596191406,-263.6932373046875,5.89996823310852,5.868743896484375
27,8.236,56,6,57.65414810180664,-223.36514282226562,-71.3257827758789,-254.1375732421875,-50.76239013671875,-219.89462280273438,5.90369574546814,6.08447265625
28,8.537,56,6,57.65414810180664,-223.36514282226562,-71.3257827758789,-254.1375732421875,-152.62066650390625,-218.63919067382812,5.887056035995483,5.810486793518066
29,8.849,60,6,59.60829544067383,-223.36514282226562,-67.97935485839844,-253.9277801513672,65.24346160888672,-262.0882873535156,5.889305906295776,5.927704811096191
30,9.149,60,6,59.60829544067383,-223.36514282226562,-67.97935485839844,-253.9277801513672,-15.878006935119629,-221.8433074951172,5.879173641204834,5.695364475250244
31,9.459,64,6,59.60829544067383,-223.36514282226562,-68.86447143554688,-253.37753295898438,54.809104919433594,-239.24615478515625,5.869273509979248,5.67729377746582
32,9.765,64,6,59.60829544067383,-223.36514282226562,-68.86447143554688,-253.37753295898438,76.94145202636719,-238.57217407226562,5.881456394195556,5.817075729370117
33,10.073,68,6,59.60829544067383,-223.36514282226562,-67.04981231689453,-253.39108276367188,69.75843048095703,-249.30166625976562,5.868333501815796,5.935121536254883
34,10.375,68,6,59.60829544067383,-223.36514282226562,-67.04981231689453,-253.39108276367188,68.26099395751953,-239.31471252441406,5.88208779335022,5.852052211761475
35,10.683,72,6,59.60829544067383,-223.36514282226562,-69.19356536865234,-252.89837646484375,66.10529327392578,-242.3628387451172,5.886400804519654,5.919881820678711
36,10.992,72,6,59.60829544067383,-223.36514282226562,-69.19356536865234,-252.89837646484375,90.33745574951172,-247.65155029296875,5.866713428497315,5.949130058288574
37,11.292,76,6,59.60829544067383,-223.36514282226562,-71.91858673095703,-252.8887939453125,61.409446716308594,-248.6893768310547,5.877048606872559,5.754952907562256
38,11.578,76,6,59.60829544067383,-223.36514282226562,-71.91858673095703,-252.8887939453125,87.10079956054688,-250.24441528320312,5.873485288619995,5.853766441345215
39,11.871,80,7,62.73422622680664,-223.36514282226562,-71.32189178466797,-252.84530639648438,-15.334131240844727,-223.30340576171875,5.858976850509643,5.858494281768799
40,12.153,80,7,62.73422622680664,-223.36514282226562,-71.32189178466797,-252.84530639648438,-160.67738342285156,-222.406982421875,5.881911382675171,5.8945159912109375
41,12.458,84,7,62.73422622680664,-223.36514282226562,-71.28456115722656,-252.44699096679688,-140.94117736816406,-221.16976928710938,5.859364366531372,5.807166576385498
42,12.751,84,7,62.73422622680664,-223.36514282226562,-71.28456115722656,-252.44699096679688,114.1762924194336,-255.64141845703125,5.872917222976684,5.954361915588379
43,13.042,88,7,74.29036712646484,-223.36514282226562,-68.03730010986328,-252.73548889160156,85.14069366455078,-253.61624145507812,5.8645602989196775,5.852292537689209
44,13.325,88,7,74.29036712646484,-223.36514282226562,-68.03730010986328,-252.73548889160156,96.3582763671875,-239.65609741210938,5.877906589508057,5.801222801208496
45,13.668,92,7,74.29036712646484,-223.36514282226562,-66.50658416748047,-252.7184600830078,61.95696258544922,-237.94544982910156,5.871580324172974,5.944377422332764
46,13.951,92,7,74.29036712646484,-223.36514282226562,-66.50658416748047,-252.7184600830078,-155.08404541015625,-221.8732147216797,5.876193294525146,5.916439533233643
47,14.243,96,7,74.29036712646484,-223.36514282226562,-68.31922149658203,-252.3390350341797,-163.2548828125,-219.87916564941406,5.867222709655762,5.852506637573242
48,14.53,96,7,74.29036712646484,-223.36514282226562,-68.31922149658203,-252.3390350341797,-21.860092163085938,-222.34690856933594,5.865851058959961,5.913290023803711
49,14.821,100,7,74.29036712646484,-223.36514282226562,-68.5140609741211,-252.1524200439453,-159.2342987060547,-221.05348205566406,5.854141550064087,5.819775104522705
50,15.105,100,7,74.29036712646484,-223.36514282226562,-68.5140609741211,-252.1524200439453,87.02519226074219,-253.98045349121094,5.863298740386963,5.815221309661865
51,15.402,104,7,74.29036712646484,-223.36514282226562,-71.53678894042969,-252.22213745117188,62.14712905883789,-242.8756866455078,5.861031007766724,5.882901191711426
52,15.686,104,7,74.29036712646484,-223.36514282226562,-71.53678894042969,-252.22213745117188,5.190162181854248,-223.9097900390625,5.834993515014649,5.75631856918335
53,15.977,108,7,74.29036712646484,-223.36514282226562,-72.27632904052734,-252.38629150390625,96.75135803222656,-252.0656280517578,5.860025577545166,5.7341461181640625
54,16.267,108,7,74.29036712646484,-223.36514282226562,-72.27632904052734,-252.38629150390625,-146.62307739257812,-218.8588409423828,5.873872003555298,5.996586799621582
55,16.555,112,8,74.29036712646484,-223.36514282226562,-73.91907501220703,-252.17494201660156,-161.05718994140625,-219.2298126220703,5.865096874237061,5.942530155181885
56,16.838,112,8,74.29036712646484,-223.36514282226562,-73.91907501220703,-252.17494201660156,-52.87287521362305,-222.17715454101562,5.835879144668579,5.85653018951416
57,17.128,116,6,77.43274688720703,-223.36514282226562,-72.19351959228516,-251.8636016845703,-156.3551788330078,-221.7920684814453,5.845955858230591,5.911740303039551
58,17.416,116,6,77.43274688720703,-223.36514282226562,-72.19351959228516,-251.8636016845703,-144.07608032226562,-220.22044372558594,5.85356291770935,5.838811874389648
59,17.716,120,6,77.43274688720703,-223.36514282226562,-72.1536636352539,-252.13153076171875,100.4885482788086,-241.70968627929688,5.854887580871582,5.795897483825684
60,17.999,120,6,77.43274688720703,-223.36514282226562,-72.1536636352539,-252.13153076171875,-161.80404663085938,-223.10586547851562,5.848386688232422,5.73117208480835
61,18.293,124,6,77.43274688720703,-223.36514282226562,-72.57755279541016,-252.0859832763672,82.83184814453125,-238.56521606445312,5.827383584976197,5.807842254638672
62,18.587,124,6,77.43274688720703,-223.36514282226562,-72.57755279541016,-252.0859832763672,-47.08647155761719,-225.2289581298828,5.864508056640625,5.8033342361450195
63,18.889,128,6,77.43274688720703,-223.36514282226562,-73.09867858886719,-251.85446166992188,-158.64183044433594,-222.39952087402344,5.872248744964599,5.942935466766357
64,19.175,128,6,77.43274688720703,-223.36514282226562,-73.09867858886719,-251.85446166992188,-131.80203247070312,-223.3346710205078,5.850854091644287,5.939399719238281
65,19.471,132,6,77.43274688720703,-223.36514282226562,-71.48811340332031,-252.07315063476562,144.01612854003906,-241.75833129882812,5.868125047683716,5.827197074890137
66,19.775,132,6,77.43274688720703,-223.36514282226562,-71.48811340332031,-252.07315063476562,-140.33248901367188,-221.3765869140625,5.838853282928467,5.79945182800293
67,20.086,136,6,77.43274688720703,-223.36514282226562,-73.43392181396484,-251.89723205566406,-50.17226028442383,-223.47003173828125,5.844799823760987,5.787668704986572
68,20.391,136,6,77.43274688720703,-223.36514282226562,-73.43392181396484,-251.89723205566406,107.39374542236328,-241.21829223632812,5.861206483840943,5.7884087562561035
69,20.702,140,6,77.43274688720703,-223.36514282226562,-74.20706176757812,-251.91702270507812,94.7652587890625,-242.05934143066406,5.8708721542358395,5.875716686248779
70,21.007,140,6,77.43274688720703,-223.36514282226562,-74.20706176757812,-251.91702270507812,-2.834305763244629,-238.44898986816406,5.846074953079223,5.745979309082031
71,21.321,144,6,77.43274688720703,-223.36514282226562,-74.16987609863281,-252.03387451171875,84.13848114013672,-241.72373962402344,5.853250379562378,6.032540798187256
72,21.627,144,6,77.43274688720703,-223.36514282226562,-74.16987609863281,-252.03387451171875,98.73949432373047,-239.37362670898438,5.872217607498169,5.818970680236816
73,21.94,148,6,77.43274688720703,-223.36514282226562,-74.60970306396484,-252.1620635986328,78.29022979736328,-241.09024047851562,5.868648710250855,5.901023864746094
74,22.245,148,6,77.43274688720703,-223.36514282226562,-74.60970306396484,-252.1620635986328,-51.42543411254883,-224.0047607421875,5.845717096328736,5.764784336090088
75,22.557,152,6,77.43274688720703,-223.36514282226562,-74.7948989868164,-252.24331665039062,-10.289002418518066,-239.2871551513672,5.851884098052978,5.874605178833008
76,22.863,152,6,77.43274688720703,-223.36514282226562,-74.7948989868164,-252.24331665039062,-157.46536254882812,-221.8472900390625,5.861443014144897,5.88036584854126
77,23.176,156,6,77.43274688720703,-223.36514282226562,-74.39835357666016,-251.904052734375,-163.45529174804688,-220.7189178466797,5.845661687850952,5.98396110534668
78,23.485,156,6,77.43274688720703,-223.36514282226562,-74.39835357666016,-251.904052734375,58.78260803222656,-239.73812866210938,5.859937219619751,5.868258953094482
79,23.798,160,6,77.43274688720703,-223.36514282226562,-74.45467376708984,-251.84994506835938,-19.670488357543945,-223.0328826904297,5.855899515151978,5.91058874130249
80,24.101,160,6,77.43274688720703,-223.36514282226562,-74.45467376708984,-251.84994506835938,-146.670166015625,-220.10450744628906,5.828482389450073,5.8131866455078125
81,24.414,164,6,77.43274688720703,-223.36514282226562,-74.75827026367188,-251.81747436523438,59.85200881958008,-235.57635498046875,5.847809791564941,5.75705099105835
82,24.728,164,6,77.43274688720703,-223.36514282226562,-74.75827026367188,-251.81747436523438,98.77388000488281,-242.25485229492188,5.854163913726807,5.884494781494141
83,25.053,168,6,77.43274688720703,-223.36514282226562,-74.78409576416016,-251.79859924316406,127.51471710205078,-240.94692993164062,5.839763946533203,5.72748327255249
84,25.363,168,6,77.43274688720703,-223.36514282226562,-74.78409576416016,-251.79859924316406,-44.29513168334961,-224.1386260986328,5.853120899200439,5.686834812164307
85,25.682,172,6,77.43274688720703,-223.36514282226562,-73.494384765625,-251.67132568359375,-109.93264770507812,-220.65640258789062,5.8542325401306154,5.842357635498047
86,25.993,172,6,77.43274688720703,-223.36514282226562,-73.494384765625,-251.67132568359375,-142.8361358642578,-221.6251983642578,5.857447910308838,5.976010322570801
87,26.312,176,6,77.43274688720703,-223.36514282226562,-73.96936798095703,-251.74464416503906,86.0591812133789,-242.26918029785156,5.8422736644744875,5.872657299041748
88,26.624,176,6,77.43274688720703,-223.36514282226562,-73.96936798095703,-251.74464416503906,-119.9754638671875,-222.53643798828125,5.844846963882446,5.748946189880371
89,26.943,180,6,77.43274688720703,-223.36514282226562,-76.47713470458984,-251.61610412597656,-20.36598014831543,-225.4576416015625,5.852962770462036,5.881691932678223
90,27.25,180,6,77.43274688720703,-223.36514282226562,-76.47713470458984,-251.61610412597656,-49.865535736083984,-221.32875061035156,5.831558122634887,5.914164066314697
91,27.566,184,6,77.43274688720703,-223.36514282226562,-76.51164245605469,-251.48513793945312,21.324880599975586,-235.31822204589844,5.835676097869873,5.762600898742676
92,27.892,184,6,77.43274688720703,-223.36514282226562,-76.51164245605469,-251.48513793945312,-44.73460006713867,-225.1484375,5.8369435214996335,5.885156631469727
93,28.206,188,6,77.43274688720703,-223.36514282226562,-77.23188018798828,-251.5485382080078,75.52601623535156,-232.7190399169922,5.814253187179565,5.764575004577637
94,28.507,188,6,77.43274688720703,-223.36514282226562,-77.23188018798828,-251.5485382080078,-33.93085479736328,-222.18174743652344,5.818230361938476,5.778141021728516
95,28.821,192,6,77.43274688720703,-223.36514282226562,-76.81603240966797,-251.37489318847656,-133.5818328857422,-222.9892120361328,5.851161975860595,5.9498395919799805
96,29.127,192,6,77.43274688720703,-223.36514282226562,-76.81603240966797,-251.37489318847656,34.2710075378418,-234.93666076660156,5.838739347457886,5.759200572967529
97,29.441,196,6,77.43274688720703,-223.36514282226562,-77.88148498535156,-251.21556091308594,-144.2232666015625,-219.88076782226562,5.814922409057617,5.776065349578857
98,29.748,196,6,77.43274688720703,-223.36514282226562,-77.88148498535156,-251.21556091308594,-48.050323486328125,-223.35617065429688,5.844026575088501,5.901155948638916
99,30.085,200,6,77.43274688720703,-223.36514282226562,-77.35391998291016,-251.23109436035156,79.74537658691406,-241.3268585205078,5.827782640457153,5.789926528930664
100,30.391,200,6,77.43274688720703,-223.36514282226562,-77.35391998291016,-251.23109436035156,-152.15419006347656,-222.0463409423828,5.8440721988677975,5.8543806076049805
101,30.708,200,6,77.43274688720703,-223.36514282226562,-75.62117767333984,-249.92543029785156,-46.32990646362305,-223.6068572998047,5.80738899230957,5.8720479011535645
102,31.032,200,6,77.43274688720703,-223.36514282226562,-75.62117767333984,-249.92543029785156,-36.68824005126953,-224.33621215820312,5.798385162353515,5.690489768981934
103,31.423,200,4,97.07325744628906,-236.0940704345703,-73.83972930908203,-250.4022979736328,79.24031829833984,-240.35841369628906,5.825185260772705,5.829169273376465
104,31.729,200,4,97.07325744628906,-236.0940704345703,-73.83972930908203,-250.4022979736328,25.568239212036133,-235.73670959472656,5.815693969726563,5.648298263549805
105,32.043,200,5,97.07325744628906,-236.0940704345703,-73.99551391601562,-250.0049591064453,19.692720413208008,-234.8876495361328,5.822748775482178,5.869185447692871
106,32.354,200,5,97.07325744628906,-236.0940704345703,-73.99551391601562,-250.0049591064453,59.32033157348633,-239.22244262695312,5.814611616134644,5.81022834777832
107,32.667,200,5,97.07325744628906,-236.0940704345703,-74.2206802368164,-249.91183471679688,28.51656150817871,-232.98121643066406,5.794495096206665,5.807645797729492
108,32.972,200,5,97.07325744628906,-236.0940704345703,-74.2206802368164,-249.91183471679688,24.207746505737305,-235.84072875976562,5.822734460830689,5.754254341125488
109,33.286,200,5,97.07325744628906,-236.0940704345703,-73.63951873779297,-249.87220764160156,99.94256591796875,-251.3988037109375,5.821421689987183,5.703476428985596
110,33.589,200,5,97.07325744628906,-236.0940704345703,-73.63951873779297,-249.87220764160156,19.48240089416504,-235.395263671875,5.807793483734131,5.75693416595459
111,33.904,200,5,97.07325744628906,-236.0940704345703,-71.39729309082031,-249.89324951171875,88.1974868774414,-240.4144287109375,5.796101627349853,5.793012619018555
112,34.213,200,5,97.07325744628906,-236.0940704345703,-71.39729309082031,-249.89324951171875,49.532649993896484,-235.28981018066406,5.8138401222229,5.911637783050537
113,34.524,200,5,97.07325744628906,-236.0940704345703,-70.06427001953125,-249.90953063964844,97.19010925292969,-249.60142517089844,5.815463237762451,5.793582439422607
114,34.829,200,5,97.07325744628906,-236.0940704345703,-70.06427001953125,-249.90953063964844,80.51666259765625,-238.83029174804688,5.804530639648437,5.9375433921813965
115,35.142,200,5,97.07325744628906,-236.0940704345703,-71.71926879882812,-249.77328491210938,59.29641342163086,-238.3876953125,5.786644420623779,5.773191452026367
116,35.447,200,5,97.07325744628906,-236.0940704345703,-71.71926879882812,-249.77328491210938,53.9664306640625,-236.34487915039062,5.809047794342041,5.867727756500244
117,35.761,200,5,97.07325744628906,-236.0940704345703,-68.14550018310547,-249.78143310546875,17.019832611083984,-234.93878173828125,5.816084632873535,5.842518329620361
118,36.066,200,5,97.07325744628906,-236.0940704345703,-68.14550018310547,-249.78143310546875,103.84895324707031,-250.93714904785156,5.79379246711731,5.7901835441589355
119,36.379,200,5,97.07325744628906,-236.0940704345703,-68.18633270263672,-249.7012939453125,99.34808349609375,-249.74813842773438,5.808815021514892,5.711090087890625
120,36.684,200,5,97.07325744628906,-236.0940704345703,-68.18633270263672,-249.7012939453125,53.11983871459961,-237.7589569091797,5.811443634033203,5.825385570526123
121,37.001,200,5,97.07325744628906,-236.0940704345703,-68.8021469116211,-249.4754638671875,50.89664840698242,-236.9532470703125,5.791949243545532,5.878498077392578
122,37.315,200,5,97.07325744628906,-236.0940704345703,-68.8021469116211,-249.4754638671875,23.86775779724121,-235.09979248046875,5.7913213634490965,5.800833225250244
123,37.629,200,5,97.07325744628906,-236.0940704345703,-67.78274536132812,-249.45962524414062,102.12200164794922,-249.4659423828125,5.796449737548828,5.701193332672119
124,37.932,200,5,97.07325744628906,-236.0940704345703,-67.78274536132812,-249.45962524414062,97.70221710205078,-251.38894653320312,5.795220251083374,5.958689212799072
125,38.246,200,4,97.07325744628906,-236.0940704345703,-69.30591583251953,-249.54913330078125,112.45464324951172,-250.7792510986328,5.804641695022583,5.749276161193848
126,38.55,200,4,97.07325744628906,-236.0940704345703,-69.30591583251953,-249.54913330078125,87.66216278076172,-240.541015625,5.7869766998291015,5.931446552276611
127,38.864,200,4,97.07325744628906,-236.0940704345703,-69.43421173095703,-249.54820251464844,20.91425132751465,-234.8560028076172,5.788260555267334,5.9185051918029785
128,39.169,200,4,97.07325744628906,-236.0940704345703,-69.43421173095703,-249.54820251464844,98.47993469238281,-251.07374572753906,5.807101049423218,5.688784599304199
129,39.483,200,4,97.07325744628906,-236.0940704345703,-70.60233306884766,-249.64230346679688,51.38786697387695,-238.3902130126953,5.794013328552246,5.881552219390869
130,39.789,200,4,97.07325744628906,-236.0940704345703,-70.60233306884766,-249.64230346679688,52.17518615722656,-238.46212768554688,5.800409107208252,5.867702007293701
131,40.104,200,4,97.07325744628906,-236.0940704345703,-68.46792602539062,-249.8527374267578,112.83169555664062,-251.02621459960938,5.784250631332397,5.79892635345459
132,40.41,200,4,97.07325744628906,-236.0940704345703,-68.46792602539062,-249.8527374267578,83.6914291381836,-240.58273315429688,5.7963847732543945,5.8463358879089355
133,40.726,200,4,97.07325744628906,-236.0940704345703,-69.43620300292969,-249.69937133789062,17.04205894470215,-234.85533142089844,5.78763557434082,5.718192100524902
134,41.029,200,4,97.07325744628906,-236.0940704345703,-69.43620300292969,-249.69937133789062,88.2171859741211,-239.93138122558594,5.7923518085479735,5.797605514526367
135,41.343,200,4,97.07325744628906,-236.0940704345703,-69.68328857421875,-249.84765625,108.76189422607422,-250.64395141601562,5.776775093078613,5.796441555023193
136,41.646,200,4,97.07325744628906,-236.0940704345703,-69.68328857421875,-249.84765625,20.78186798095703,-233.7830352783203,5.770494003295898,5.879376411437988
137,41.958,200,4,97.07325744628906,-236.0940704345703,-70.53427124023438,-249.6189422607422,18.10915184020996,-233.5069580078125,5.780435276031494,5.7476091384887695
138,42.264,200,4,97.07325744628906,-236.0940704345703,-70.53427124023438,-249.6189422607422,78.39501190185547,-239.9322967529297,5.791957817077637,5.816775798797607
139,42.578,200,5,97.07325744628906,-236.0940704345703,-69.58137512207031,-249.66595458984375,80.27980041503906,-240.07481384277344,5.7861980533599855,5.807995796203613
140,42.884,200,5,97.07325744628906,-236.0940704345703,-69.58137512207031,-249.66595458984375,111.922607421875,-248.2724609375,5.789578714370728,5.8037872314453125
141,43.199,200,6,97.07325744628906,-236.0940704345703,-69.26991271972656,-249.73394775390625,93.69386291503906,-239.6970672607422,5.776139488220215,5.7727460861206055
142,43.506,200,6,97.07325744628906,-236.0940704345703,-69.26991271972656,-249.73394775390625,82.36670684814453,-237.35166931152344,5.809189157485962,5.871824264526367
143,43.821,200,7,160.6846923828125,-236.0940704345703,-69.12225341796875,-249.64007568359375,84.09664916992188,-240.57362365722656,5.778692579269409,5.71140193939209
144,44.126,200,7,160.6846923828125,-236.0940704345703,-69.12225341796875,-249.64007568359375,162.3292236328125,-253.65684509277344,5.789150876998901,5.813040733337402
145,44.44,200,7,160.6846923828125,-236.0940704345703,-70.01669311523438,-249.60105895996094,93.3920669555664,-249.0511474609375,5.812910633087158,5.799121379852295
146,44.747,200,7,160.6846923828125,-236.0940704345703,-70.01669311523438,-249.60105895996094,124.69111633300781,-250.7124481201172,5.774742431640625,5.833386421203613
147,45.122,200,7,160.6846923828125,-236.0940704345703,-69.4769287109375,-249.67791748046875,18.139142990112305,-235.46839904785156,5.775836915969848,5.704957962036133
148,45.451,200,7,160.6846923828125,-236.0940704345703,-69.4769287109375,-249.67791748046875,80.29084014892578,-248.96044921875,5.779806623458862,5.879892349243164
149,45.768,200,8,160.6846923828125,-235.44012451171875,-70.0937271118164,-249.50103759765625,25.752151489257812,-233.6435089111328,5.770517778396607,5.718706130981445
150,46.074,200,8,160.6846923828125,-235.44012451171875,-70.0937271118164,-249.50103759765625,-118.52082061767578,-233.3201141357422,5.7758024883270265,5.682170867919922
151,46.39,200,8,160.6846923828125,-235.44012451171875,-69.99048614501953,-249.30496215820312,85.34143829345703,-247.27870178222656,5.7649170017242435,5.606971740722656
152,46.699,200,8,160.6846923828125,-235.44012451171875,-69.99048614501953,-249.30496215820312,-151.76910400390625,-235.0393829345703,5.77958041191101,5.8693037033081055
153,47.013,200,8,160.6846923828125,-235.44012451171875,-69.79757690429688,-249.20103454589844,221.3949432373047,-253.3158721923828,5.762853937149048,5.669926643371582
154,47.319,200,8,160.6846923828125,-235.44012451171875,-69.79757690429688,-249.20103454589844,-158.54296875,-231.88107299804688,5.775635499954223,5.6584391593933105
155,47.633,200,8,160.6846923828125,-235.44012451171875,-68.55656433105469,-249.16236877441406,122.4798812866211,-238.09771728515625,5.765152931213379,5.712559700012207
156,47.937,200,8,160.6846923828125,-235.44012451171875,-68.55656433105469,-249.16236877441406,-177.88906860351562,-235.24339294433594,5.775068893432617,5.708507537841797
157,48.252,200,8,160.6846923828125,-235.44012451171875,-69.626220703125,-249.2342529296875,191.76962280273438,-253.9047088623047,5.759691514968872,5.653219223022461
158,48.558,200,8,160.6846923828125,-235.44012451171875,-69.626220703125,-249.2342529296875,120.59811401367188,-249.4552764892578,5.77053786277771,5.829812049865723
159,48.874,200,9,160.6846923828125,-235.44012451171875,-68.46115112304688,-248.8524169921875,70.05579376220703,-238.7186279296875,5.7918779659271244,5.812351226806641
160,49.179,200,9,160.6846923828125,-235.44012451171875,-68.46115112304688,-248.8524169921875,-178.057373046875,-233.16012573242188,5.758819427490234,5.6661553382873535
161,49.495,200,9,160.6846923828125,-235.44012451171875,-69.14810943603516,-248.7781982421875,110.52056121826172,-249.65602111816406,5.755329160690308,5.741457462310791
162,49.838,200,9,160.6846923828125,-235.44012451171875,-69.14810943603516,-248.7781982421875,-155.65028381347656,-231.1585693359375,5.7731202030181885,5.666327476501465
163,50.175,200,9,160.6846923828125,-235.44012451171875,-68.7857437133789,-248.86312866210938,109.87318420410156,-247.8765106201172,5.751849384307861,5.737999439239502
164,50.498,200,9,160.6846923828125,-235.44012451171875,-68.7857437133789,-248.86312866210938,62.84109878540039,-238.57640075683594,5.740477180480957,5.703188419342041
165,50.847,200,9,160.6846923828125,-235.44012451171875,-69.61641693115234,-248.55596923828125,28.64458656311035,-231.35604858398438,5.777972049713135,5.885506629943848
166,51.158,200,9,160.6846923828125,-235.44012451171875,-69.61641693115234,-248.55596923828125,175.66514587402344,-253.14369201660156,5.738680877685547,5.720951080322266
167,51.481,200,9,160.6846923828125,-235.44012451171875,-67.20953369140625,-248.62725830078125,126.63935852050781,-249.3503875732422,5.763910884857178,5.768589973449707
168,51.784,200,9,160.6846923828125,-235.44012451171875,-67.20953369140625,-248.62725830078125,-139.3569793701172,-231.7410430908203,5.731097240447998,5.745697021484375
169,52.159,200,7,160.6846923828125,-235.44012451171875,-65.3051528930664,-248.5566864013672,201.05093383789062,-255.24037170410156,5.762862186431885,5.774784088134766
170,52.536,200,7,160.6846923828125,-235.44012451171875,-65.3051528930664,-248.5566864013672,-157.9816131591797,-232.43336486816406,5.7363686275482175,5.719339370727539
171,52.863,200,7,160.6846923828125,-233.21072387695312,-64.37118530273438,-248.1575927734375,-130.5262451171875,-234.48094177246094,5.730030241012574,5.7691731452941895
172,53.174,200,7,160.6846923828125,-233.21072387695312,-64.37118530273438,-248.1575927734375,190.92889404296875,-254.60911560058594,5.7642708587646485,5.797547340393066
173,53.49,200,7,160.6846923828125,-233.21072387695312,-63.543312072753906,-247.89923095703125,80.34941101074219,-240.42599487304688,5.741328687667846,5.7559309005737305
174,53.797,200,7,160.6846923828125,-233.21072387695312,-63.543312072753906,-247.89923095703125,-18.492813110351562,-232.27049255371094,5.727791624069214,5.779621601104736
175,54.176,200,7,160.6846923828125,-233.21072387695312,-62.824501037597656,-247.88230895996094,177.2415771484375,-254.84942626953125,5.735537061691284,5.76673698425293
176,54.481,200,7,160.6846923828125,-233.21072387695312,-62.824501037597656,-247.88230895996094,174.3032989501953,-253.8610076904297,5.738986778259277,5.691082000732422
177,54.809,200,8,160.6846923828125,-226.99513244628906,-64.43475341796875,-247.78004455566406,56.830718994140625,-231.4296875,5.730958576202393,5.828972816467285
178,55.159,200,8,160.6846923828125,-226.99513244628906,-64.43475341796875,-247.78004455566406,177.7696533203125,-248.6180877685547,5.722933006286621,5.666724681854248
179,55.47,200,8,160.6846923828125,-226.99513244628906,-63.518035888671875,-247.49928283691406,-166.36456298828125,-225.0682373046875,5.727841901779175,5.611302375793457
180,55.778,200,8,160.6846923828125,-226.99513244628906,-63.518035888671875,-247.49928283691406,-129.7180633544922,-225.7601776123047,5.713631935119629,5.717045783996582
181,56.095,200,8,160.6846923828125,-226.99513244628906,-63.51161193847656,-247.5037841796875,164.55152893066406,-252.5316162109375,5.728750524520874,5.771871566772461
182,56.401,200,8,160.6846923828125,-226.99513244628906,-63.51161193847656,-247.5037841796875,171.6918182373047,-254.04696655273438,5.737994451522827,5.767605304718018
183,56.716,200,8,160.6846923828125,-226.99513244628906,-63.11614227294922,-247.44308471679688,167.40151977539062,-253.05638122558594,5.714269313812256,5.544676780700684
184,57.037,200,8,160.6846923828125,-226.99513244628906,-63.11614227294922,-247.44308471679688,165.2196502685547,-254.7763671875,5.761152935028076,5.658451080322266
185,57.439,200,8,160.6846923828125,-226.99513244628906,-63.0951042175293,-247.50926208496094,162.75418090820312,-252.50685119628906,5.731596670150757,5.777186870574951
186,57.785,200,8,160.6846923828125,-226.99513244628906,-63.0951042175293,-247.50926208496094,177.2335662841797,-254.21142578125,5.728065013885498,5.787294387817383
187,58.099,200,8,160.6846923828125,-226.99513244628906,-64.10897827148438,-247.40609741210938,169.10464477539062,-254.68177795410156,5.714160346984864,5.775880336761475
188,58.402,200,8,160.6846923828125,-226.99513244628906,-64.10897827148438,-247.40609741210938,86.57777404785156,-238.70529174804688,5.732018566131591,5.687756061553955
189,58.711,200,9,160.6846923828125,-226.99513244628906,-60.855995178222656,-247.27879333496094,84.13465881347656,-235.84295654296875,5.718837280273437,5.691336154937744
190,58.997,200,9,160.6846923828125,-226.99513244628906,-60.855995178222656,-247.27879333496094,97.96100616455078,-235.70045471191406,5.714120359420776,5.745596885681152
191,59.299,200,9,160.6846923828125,-226.99513244628906,-62.359188079833984,-247.3975372314453,161.1717529296875,-253.1441192626953,5.7286989212036135,5.820899486541748
192,59.588,200,9,160.6846923828125,-226.99513244628906,-62.359188079833984,-247.3975372314453,120.58763885498047,-245.26353454589844,5.725146961212158,5.797120571136475
193,59.89,200,9,160.6846923828125,-226.99513244628906,-61.60714340209961,-247.29039001464844,127.56802368164062,-248.31716918945312,5.736170110702514,5.762823104858398
194,60.186,200,9,160.6846923828125,-226.99513244628906,-61.60714340209961,-247.29039001464844,94.51536560058594,-235.7025909423828,5.7103707981109615,5.709765911102295
195,60.49,200,9,160.6846923828125,-226.99513244628906,-61.12970733642578,-247.4384002685547,169.4947052001953,-252.60850524902344,5.729253063201904,5.803679466247559
196,60.784,200,9,160.6846923828125,-226.99513244628906,-61.12970733642578,-247.4384002685547,-163.86196899414062,-222.68447875976562,5.737813901901245,5.708648204803467
197,61.082,200,9,160.6846923828125,-226.99513244628906,-59.12126922607422,-247.44448852539062,78.63607788085938,-237.78318786621094,5.740149278640747,5.938474178314209
198,61.373,200,9,160.6846923828125,-226.99513244628906,-59.12126922607422,-247.44448852539062,186.53126525878906,-251.91004943847656,5.723545198440552,5.744009971618652
199,61.681,200,9,160.6846923828125,-226.99513244628906,-59.74208068847656,-247.40338134765625,192.12054443359375,-253.28546142578125,5.722856464385987,5.65734338760376
200,61.98,200,9,160.6846923828125,-226.99513244628906,-59.74208068847656,-247.40338134765625,-142.10235595703125,-224.9053955078125,5.712226753234863,5.7353057861328125
1,0.355,4,4,-26.891408920288086,-307.0693664550781,-122.6451644897461,-309.65203857421875,0.1364019513130188,-0.627142608165741,6.586652126312256,6.463065147399902
2,0.649,4,4,-26.891408920288086,-307.0693664550781,-122.6451644897461,-309.65203857421875,-4.999268531799316,-13.237812995910645,6.519072618484497,6.418156623840332
3,0.951,8,4,-26.891408920288086,-223.36514282226562,-107.26553344726562,-267.1620788574219,-8.366695404052734,9.66650104522705,6.040964956283569,6.089073657989502
4,1.245,8,4,-26.891408920288086,-223.36514282226562,-107.26553344726562,-267.1620788574219,-162.99337768554688,-216.063720703125,6.038977136611939,6.1815667152404785
5,1.546,12,5,57.65414810180664,-223.36514282226562,-81.4427261352539,-265.5282287597656,-5.270802974700928,-313.42620849609375,6.026951541900635,6.010337829589844
6,1.84,12,5,57.65414810180664,-223.36514282226562,-81.4427261352539,-265.5282287597656,82.80758666992188,-261.0137939453125,6.034553060531616,6.0670671463012695
7,2.142,16,7,57.65414810180664,-223.36514282226562,-69.9846420288086,-260.739990234375,109.68321228027344,-263.4666748046875,5.983051013946533,6.021359443664551
8,2.44,16,7,57.65414810180664,-223.36514282226562,-69.9846420288086,-260.739990234375,-22.458965301513672,-221.4024200439453,5.963458623886108,6.037537097930908
9,2.743,20,7,57.65414810180664,-223.36514282226562,-75.57263946533203,-258.95159912109375,-37.39958572387695,-223.6993408203125,5.964884853363037,6.039913654327393
10,3.04,20,7,57.65414810180664,-223.36514282226562,-75.57263946533203,-258.95159912109375,-160.8123321533203,-219.06497192382812,5.954251432418824,5.993833541870117
11,3.343,24,7,57.65414810180664,-223.36514282226562,-83.1156234741211,-256.7742919921875,-42.31079864501953,-221.60888671875,5.951971435546875,5.885671138763428
12,3.641,24,7,57.65414810180664,-223.36514282226562,-83.1156234741211,-256.7742919921875,74.0833740234375,-256.8404235839844,5.944490642547607,5.879690170288086
13,3.946,28,8,57.65414810180664,-223.36514282226562,-85.22867584228516,-256.330078125,62.82822036743164,-261.3161926269531,5.934572315216064,6.0618815422058105
14,4.243,28,8,57.65414810180664,-223.36514282226562,-85.22867584228516,-256.330078125,-101.48483276367188,-222.40821838378906,5.917569808959961,5.967242240905762
15,4.548,32,9,57.65414810180664,-223.36514282226562,-77.13069152832031,-256.0244140625,-13.504270553588867,-222.83726501464844,5.8881807613372805,5.7689900398254395
16,4.85,32,9,57.65414810180664,-223.36514282226562,-77.13069152832031,-256.0244140625,-149.92782592773438,-219.36270141601562,5.901761426925659,5.995100021362305
17,5.155,36,9,57.65414810180664,-223.36514282226562,-83.48088836669922,-255.38951110839844,-10.315998077392578,-225.03785705566406,5.9090001583099365,5.989351272583008
18,5.454,36,9,57.65414810180664,-223.36514282226562,-83.48088836669922,-255.38951110839844,83.74869537353516,-264.465087890625,5.9262110614776615,5.957221984863281
19,5.76,40,10,57.65414810180664,-223.36514282226562,-79.33502197265625,-255.29736328125,-32.90007400512695,-218.73818969726562,5.911504058837891,5.792087078094482
20,6.057,40,10,57.65414810180664,-223.36514282226562,-79.33502197265625,-255.29736328125,6.168416976928711,-239.45387268066406,5.893938398361206,5.746433734893799
21,6.365,44,10,57.65414810180664,-223.36514282226562,-76.4991226196289,-255.48013305664062,83.54690551757812,-258.2877197265625,5.920858488082886,5.93701171875
22,6.672,44,10,57.65414810180664,-223.36514282226562,-76.4991226196289,-255.48013305664062,-165.70301818847656,-221.39744567871094,5.9132591915130615,5.922494888305664
23,6.981,48,11,57.65414810180664,-223.36514282226562,-74.61248016357422,-255.57550048828125,14.897658348083496,-247.70022583007812,5.908224420547485,5.875672817230225
24,7.28,48,11,57.65414810180664,-223.36514282226562,-74.61248016357422,-255.57550048828125,38.943389892578125,-248.29949951171875,5.9022894287109375,5.821722507476807
25,7.59,52,6,57.65414810180664,-223.36514282226562,-69.31842803955078,-254.5615234375,-155.3702850341797,-218.2988739013672,5.9292456245422365,5.908214569091797
26,7.891,52,6,57.65414810180664,-223.36514282226562,-69.31842803955078,-254.5615234375,102.00123596191406,-263.6932373046875,5.89996823310852,5.868743896484375
27,8.197,56,6,57.65414810180664,-223.36514282226562,-71.3257827758789,-254.1375732421875,-50.76239013671875,-219.89462280273438,5.90369574546814,6.08447265625
28,8.496,56,6,57.65414810180664,-223.36514282226562,-71.3257827758789,-254.1375732421875,-152.62066650390625,-218.63919067382812,5.887056035995483,5.810486793518066
29,8.805,60,6,59.60829544067383,-223.36514282226562,-67.97935485839844,-253.9277801513672,65.24346160888672,-262.0882873535156,5.889305906295776,5.927704811096191
30,9.105,60,6,59.60829544067383,-223.36514282226562,-67.97935485839844,-253.9277801513672,-15.878006935119629,-221.8433074951172,5.879173641204834,5.695364475250244
31,9.415,64,6,59.60829544067383,-223.36514282226562,-68.86447143554688,-253.37753295898438,54.809104919433594,-239.24615478515625,5.869273509979248,5.67729377746582
32,9.719,64,6,59.60829544067383,-223.36514282226562,-68.86447143554688,-253.37753295898438,76.94145202636719,-238.57217407226562,5.881456394195556,5.817075729370117
33,10.03,68,6,59.60829544067383,-223.36514282226562,-67.04981231689453,-253.39108276367188,69.75843048095703,-249.30166625976562,5.868333501815796,5.935121536254883
34,10.33,68,6,59.60829544067383,-223.36514282226562,-67.04981231689453,-253.39108276367188,68.26099395751953,-239.31471252441406,5.88208779335022,5.852052211761475
35,10.648,72,6,59.60829544067383,-223.36514282226562,-69.19356536865234,-252.89837646484375,66.10529327392578,-242.3628387451172,5.886400804519654,5.919881820678711
36,10.947,72,6,59.60829544067383,-223.36514282226562,-69.19356536865234,-252.89837646484375,90.33745574951172,-247.65155029296875,5.866713428497315,5.949130058288574
37,11.256,76,6,59.60829544067383,-223.36514282226562,-71.91858673095703,-252.8887939453125,61.409446716308594,-248.6893768310547,5.877048606872559,5.754952907562256
38,11.555,76,6,59.60829544067383,-223.36514282226562,-71.91858673095703,-252.8887939453125,87.10079956054688,-250.24441528320312,5.873485288619995,5.853766441345215
39,11.863,80,7,62.73422622680664,-223.36514282226562,-71.32189178466797,-252.84530639648438,-15.334131240844727,-223.30340576171875,5.858976850509643,5.858494281768799
40,12.163,80,7,62.73422622680664,-223.36514282226562,-71.32189178466797,-252.84530639648438,-160.67738342285156,-222.406982421875,5.881911382675171,5.8945159912109375
41,12.472,84,7,62.73422622680664,-223.36514282226562,-71.28456115722656,-252.44699096679688,-140.94117736816406,-221.16976928710938,5.859364366531372,5.807166576385498
42,12.776,84,7,62.73422622680664,-223.36514282226562,-71.28456115722656,-252.44699096679688,114.1762924194336,-255.64141845703125,5.872917222976684,5.954361915588379
43,13.078,88,7,74.29036712646484,-223.36514282226562,-68.03730010986328,-252.73548889160156,85.14069366455078,-253.61624145507812,5.8645602989196775,5.852292537689209
44,13.38,88,7,74.29036712646484,-223.36514282226562,-68.03730010986328,-252.73548889160156,96.3582763671875,-239.65609741210938,5.877906589508057,5.801222801208496
45,13.749,92,7,74.29036712646484,-223.36514282226562,-66.50658416748047,-252.7184600830078,61.95696258544922,-237.94544982910156,5.871580324172974,5.944377422332764
46,14.076,92,7,74.29036712646484,-223.36514282226562,-66.50658416748047,-252.7184600830078,-155.08404541015625,-221.8732147216797,5.876193294525146,5.916439533233643
47,14.425,96,7,74.29036712646484,-223.36514282226562,-68.31922149658203,-252.3390350341797,-163.2548828125,-219.87916564941406,5.867222709655762,5.852506637573242
48,14.748,96,7,74.29036712646484,-223.36514282226562,-68.31922149658203,-252.3390350341797,-21.860092163085938,-222.34690856933594,5.865851058959961,5.913290023803711
49,15.055,100,7,74.29036712646484,-223.36514282226562,-68.5140609741211,-252.1524200439453,-159.2342987060547,-221.05348205566406,5.854141550064087,5.819775104522705
50,15.354,100,7,74.29036712646484,-223.36514282226562,-68.5140609741211,-252.1524200439453,87.02519226074219,-253.98045349121094,5.863298740386963,5.815221309661865
51,15.664,104,7,74.29036712646484,-223.36514282226562,-71.53678894042969,-252.22213745117188,62.14712905883789,-242.8756866455078,5.861031007766724,5.882901191711426
52,15.967,104,7,74.29036712646484,-223.36514282226562,-71.53678894042969,-252.22213745117188,5.190162181854248,-223.9097900390625,5.834993515014649,5.75631856918335
53,16.277,108,7,74.29036712646484,-223.36514282226562,-72.27632904052734,-252.38629150390625,96.75135803222656,-252.0656280517578,5.860025577545166,5.7341461181640625
54,16.578,108,7,74.29036712646484,-223.36514282226562,-72.27632904052734,-252.38629150390625,-146.62307739257812,-218.8588409423828,5.873872003555298,5.996586799621582
55,16.939,112,8,74.29036712646484,-223.36514282226562,-73.91907501220703,-252.17494201660156,-161.05718994140625,-219.2298126220703,5.865096874237061,5.942530155181885
56,17.277,112,8,74.29036712646484,-223.36514282226562,-73.91907501220703,-252.17494201660156,-52.87287521362305,-222.17715454101562,5.835879144668579,5.85653018951416
57,17.587,116,6,77.43274688720703,-223.36514282226562,-72.19351959228516,-251.8636016845703,-156.3551788330078,-221.7920684814453,5.845955858230591,5.911740303039551
58,17.89,116,6,77.43274688720703,-223.36514282226562,-72.19351959228516,-251.8636016845703,-144.07608032226562,-220.22044372558594,5.85356291770935,5.838811874389648
59,18.202,120,6,77.43274688720703,-223.36514282226562,-72.1536636352539,-252.13153076171875,100.4885482788086,-241.70968627929688,5.854887580871582,5.795897483825684
60,18.505,120,6,77.43274688720703,-223.36514282226562,-72.1536636352539,-252.13153076171875,-161.80404663085938,-223.10586547851562,5.848386688232422,5.73117208480835
61,18.815,124,6,77.43274688720703,-223.36514282226562,-72.57755279541016,-252.0859832763672,82.83184814453125,-238.56521606445312,5.827383584976197,5.807842254638672
62,19.119,124,6,77.43274688720703,-223.36514282226562,-72.57755279541016,-252.0859832763672,-47.08647155761719,-225.2289581298828,5.864508056640625,5.8033342361450195
63,19.429,128,6,77.43274688720703,-223.36514282226562,-73.09867858886719,-251.85446166992188,-158.64183044433594,-222.39952087402344,5.872248744964599,5.942935466766357
64,19.733,128,6,77.43274688720703,-223.36514282226562,-73.09867858886719,-251.85446166992188,-131.80203247070312,-223.3346710205078,5.850854091644287,5.939399719238281
65,20.043,132,6,77.43274688720703,-223.36514282226562,-71.48811340332031,-252.07315063476562,144.01612854003906,-241.75833129882812,5.868125047683716,5.827197074890137
66,20.345,132,6,77.43274688720703,-223.36514282226562,-71.48811340332031,-252.07315063476562,-140.33248901367188,-221.3765869140625,5.838853282928467,5.79945182800293
67,20.656,136,6,77.43274688720703,-223.36514282226562,-73.43392181396484,-251.89723205566406,-50.17226028442383,-223.47003173828125,5.844799823760987,5.787668704986572
68,20.959,136,6,77.43274688720703,-223.36514282226562,-73.43392181396484,-251.89723205566406,107.39374542236328,-241.21829223632812,5.861206483840943,5.7884087562561035
69,21.269,140,6,77.43274688720703,-223.36514282226562,-74.20706176757812,-251.91702270507812,94.7652587890625,-242.05934143066406,5.8708721542358395,5.875716686248779
70,21.571,140,6,77.43274688720703,-223.36514282226562,-74.20706176757812,-251.91702270507812,-2.834305763244629,-238.44898986816406,5.846074953079223,5.745979309082031
71,21.884,144,6,77.43274688720703,-223.36514282226562,-74.16987609863281,-252.03387451171875,84.13848114013672,-241.72373962402344,5.853250379562378,6.032540798187256
72,22.218,144,6,77.43274688720703,-223.36514282226562,-74.16987609863281,-252.03387451171875,98.73949432373047,-239.37362670898438,5.872217607498169,5.818970680236816
73,22.539,148,6,77.43274688720703,-223.36514282226562,-74.60970306396484,-252.1620635986328,78.29022979736328,-241.09024047851562,5.868648710250855,5.901023864746094
74,22.843,148,6,77.43274688720703,-223.36514282226562,-74.60970306396484,-252.1620635986328,-51.42543411254883,-224.0047607421875,5.845717096328736,5.764784336090088
75,23.153,152,6,77.43274688720703,-223.36514282226562,-74.7948989868164,-252.24331665039062,-10.289002418518066,-239.2871551513672,5.851884098052978,5.874605178833008
76,23.455,152,6,77.43274688720703,-223.36514282226562,-74.7948989868164,-252.24331665039062,-157.46536254882812,-221.8472900390625,5.861443014144897,5.88036584854126
77,23.767,156,6,77.43274688720703,-223.36514282226562,-74.39835357666016,-251.904052734375,-163.45529174804688,-220.7189178466797,5.845661687850952,5.98396110534668
78,24.074,156,6,77.43274688720703,-223.36514282226562,-74.39835357666016,-251.904052734375,58.78260803222656,-239.73812866210938,5.859937219619751,5.868258953094482
79,24.42,160,6,77.43274688720703,-223.36514282226562,-74.45467376708984,-251.84994506835938,-19.670488357543945,-223.0328826904297,5.855899515151978,5.91058874130249
80,24.734,160,6,77.43274688720703,-223.36514282226562,-74.45467376708984,-251.84994506835938,-146.670166015625,-220.10450744628906,5.828482389450073,5.8131866455078125
81,25.039,164,6,77.43274688720703,-223.36514282226562,-74.75827026367188,-251.81747436523438,59.85200881958008,-235.57635498046875,5.847809791564941,5.75705099105835
82,25.351,164,6,77.43274688720703,-223.36514282226562,-74.75827026367188,-251.81747436523438,98.77388000488281,-242.25485229492188,5.854163913726807,5.884494781494141
83,25.662,168,6,77.43274688720703,-223.36514282226562,-74.78409576416016,-251.79859924316406,127.51471710205078,-240.94692993164062,5.839763946533203,5.72748327255249
84,26.202,168,6,77.43274688720703,-223.36514282226562,-74.78409576416016,-251.79859924316406,-44.29513168334961,-224.1386260986328,5.853120899200439,5.686834812164307
85,26.826,172,6,77.43274688720703,-223.36514282226562,-73.494384765625,-251.67132568359375,-109.93264770507812,-220.65640258789062,5.8542325401306154,5.842357635498047
86,27.176,172,6,77.43274688720703,-223.36514282226562,-73.494384765625,-251.67132568359375,-142.8361358642578,-221.6251983642578,5.857447910308838,5.976010322570801
87,27.498,176,6,77.43274688720703,-223.36514282226562,-73.96936798095703,-251.74464416503906,86.0591812133789,-242.26918029785156,5.8422736644744875,5.872657299041748
88,27.812,176,6,77.43274688720703,-223.36514282226562,-73.96936798095703,-251.74464416503906,-119.9754638671875,-222.53643798828125,5.844846963882446,5.748946189880371
89,28.124,180,6,77.43274688720703,-223.36514282226562,-76.47713470458984,-251.61610412597656,-20.36598014831543,-225.4576416015625,5.852962770462036,5.881691932678223
90,28.429,180,6,77.43274688720703,-223.36514282226562,-76.47713470458984,-251.61610412597656,-49.865535736083984,-221.32875061035156,5.831558122634887,5.914164066314697
91,28.746,184,6,77.43274688720703,-223.36514282226562,-76.51164245605469,-251.48513793945312,21.324880599975586,-235.31822204589844,5.835676097869873,5.762600898742676
92,29.05,184,6,77.43274688720703,-223.36514282226562,-76.51164245605469,-251.48513793945312,-44.73460006713867,-225.1484375,5.8369435214996335,5.885156631469727
93,29.366,188,6,77.43274688720703,-223.36514282226562,-77.23188018798828,-251.5485382080078,75.52601623535156,-232.7190399169922,5.814253187179565,5.764575004577637
94,29.68,188,6,77.43274688720703,-223.36514282226562,-77.23188018798828,-251.5485382080078,-33.93085479736328,-222.18174743652344,5.818230361938476,5.778141021728516
95,29.994,192,6,77.43274688720703,-223.36514282226562,-76.81603240966797,-251.37489318847656,-133.5818328857422,-222.9892120361328,5.851161975860595,5.9498395919799805
96,30.298,192,6,77.43274688720703,-223.36514282226562,-76.81603240966797,-251.37489318847656,34.2710075378418,-234.93666076660156,5.838739347457886,5.759200572967529
97,30.614,196,6,77.43274688720703,-223.36514282226562,-77.88148498535156,-251.21556091308594,-144.2232666015625,-219.88076782226562,5.814922409057617,5.776065349578857
98,30.923,196,6,77.43274688720703,-223.36514282226562,-77.88148498535156,-251.21556091308594,-48.050323486328125,-223.35617065429688,5.844026575088501,5.901155948638916
99,31.236,200,6,77.43274688720703,-223.36514282226562,-77.35391998291016,-251.23109436035156,79.74537658691406,-241.3268585205078,5.827782640457153,5.789926528930664
100,31.542,200,6,77.43274688720703,-223.36514282226562,-77.35391998291016,-251.23109436035156,-152.15419006347656,-222.0463409423828,5.8440721988677975,5.8543806076049805
101,31.857,200,6,77.43274688720703,-223.36514282226562,-75.62117767333984,-249.92543029785156,-46.32990646362305,-223.6068572998047,5.80738899230957,5.8720479011535645
102,32.166,200,6,77.43274688720703,-223.36514282226562,-75.62117767333984,-249.92543029785156,-36.68824005126953,-224.33621215820312,5.798385162353515,5.690489768981934
103,32.548,200,4,97.07325744628906,-236.0940704345703,-73.83972930908203,-250.4022979736328,79.24031829833984,-240.35841369628906,5.825185260772705,5.829169273376465
104,32.853,200,4,97.07325744628906,-236.0940704345703,-73.83972930908203,-250.4022979736328,25.568239212036133,-235.73670959472656,5.815693969726563,5.648298263549805
105,33.166,200,5,97.07325744628906,-236.0940704345703,-73.99551391601562,-250.0049591064453,19.692720413208008,-234.8876495361328,5.822748775482178,5.869185447692871
106,33.469,200,5,97.07325744628906,-236.0940704345703,-73.99551391601562,-250.0049591064453,59.32033157348633,-239.22244262695312,5.814611616134644,5.81022834777832
107,33.781,200,5,97.07325744628906,-236.0940704345703,-74.2206802368164,-249.91183471679688,28.51656150817871,-232.98121643066406,5.794495096206665,5.807645797729492
108,34.085,200,5,97.07325744628906,-236.0940704345703,-74.2206802368164,-249.91183471679688,24.207746505737305,-235.84072875976562,5.822734460830689,5.754254341125488
109,34.397,200,5,97.07325744628906,-236.0940704345703,-73.63951873779297,-249.87220764160156,99.94256591796875,-251.3988037109375,5.821421689987183,5.703476428985596
110,34.708,200,5,97.07325744628906,-236.0940704345703,-73.63951873779297,-249.87220764160156,19.48240089416504,-235.395263671875,5.807793483734131,5.75693416595459
111,35.014,200,5,97.07325744628906,-236.0940704345703,-71.39729309082031,-249.89324951171875,88.1974868774414,-240.4144287109375,5.796101627349853,5.793012619018555
112,35.321,200,5,97.07325744628906,-236.0940704345703,-71.39729309082031,-249.89324951171875,49.532649993896484,-235.28981018066406,5.8138401222229,5.911637783050537
113,35.635,200,5,97.07325744628906,-236.0940704345703,-70.06427001953125,-249.90953063964844,97.19010925292969,-249.60142517089844,5.815463237762451,5.793582439422607
114,35.939,200,5,97.07325744628906,-236.0940704345703,-70.06427001953125,-249.90953063964844,80.51666259765625,-238.83029174804688,5.804530639648437,5.9375433921813965
115,36.252,200,5,97.07325744628906,-236.0940704345703,-71.71926879882812,-249.77328491210938,59.29641342163086,-238.3876953125,5.786644420623779,5.773191452026367
116,36.556,200,5,97.07325744628906,-236.0940704345703,-71.71926879882812,-249.77328491210938,53.9664306640625,-236.34487915039062,5.809047794342041,5.867727756500244
117,36.888,200,5,97.07325744628906,-236.0940704345703,-68.14550018310547,-249.78143310546875,17.019832611083984,-234.93878173828125,5.816084632873535,5.842518329620361
118,37.193,200,5,97.07325744628906,-236.0940704345703,-68.14550018310547,-249.78143310546875,103.84895324707031,-250.93714904785156,5.79379246711731,5.7901835441589355
119,37.505,200,5,97.07325744628906,-236.0940704345703,-68.18633270263672,-249.7012939453125,99.34808349609375,-249.74813842773438,5.808815021514892,5.711090087890625
120,37.809,200,5,97.07325744628906,-236.0940704345703,-68.18633270263672,-249.7012939453125,53.11983871459961,-237.7589569091797,5.811443634033203,5.825385570526123
121,38.124,200,5,97.07325744628906,-236.0940704345703,-68.8021469116211,-249.4754638671875,50.89664840698242,-236.9532470703125,5.791949243545532,5.878498077392578
122,38.428,200,5,97.07325744628906,-236.0940704345703,-68.8021469116211,-249.4754638671875,23.86775779724121,-235.09979248046875,5.7913213634490965,5.800833225250244
123,38.741,200,5,97.07325744628906,-236.0940704345703,-67.78274536132812,-249.45962524414062,102.12200164794922,-249.4659423828125,5.796449737548828,5.701193332672119
124,39.046,200,5,97.07325744628906,-236.0940704345703,-67.78274536132812,-249.45962524414062,97.70221710205078,-251.38894653320312,5.795220251083374,5.958689212799072
125,39.358,200,4,97.07325744628906,-236.0940704345703,-69.30591583251953,-249.54913330078125,112.45464324951172,-250.7792510986328,5.804641695022583,5.749276161193848
126,39.669,200,4,97.07325744628906,-236.0940704345703,-69.30591583251953,-249.54913330078125,87.66216278076172,-240.541015625,5.7869766998291015,5.931446552276611
127,39.985,200,4,97.07325744628906,-236.0940704345703,-69.43421173095703,-249.54820251464844,20.91425132751465,-234.8560028076172,5.788260555267334,5.9185051918029785
128,40.29,200,4,97.07325744628906,-236.0940704345703,-69.43421173095703,-249.54820251464844,98.47993469238281,-251.07374572753906,5.807101049423218,5.688784599304199
129,40.602,200,4,97.07325744628906,-236.0940704345703,-70.60233306884766,-249.64230346679688,51.38786697387695,-238.3902130126953,5.794013328552246,5.881552219390869
130,40.906,200,4,97.07325744628906,-236.0940704345703,-70.60233306884766,-249.64230346679688,52.17518615722656,-238.46212768554688,5.800409107208252,5.867702007293701
131,41.221,200,4,97.07325744628906,-236.0940704345703,-68.46792602539062,-249.8527374267578,112.83169555664062,-251.02621459960938,5.784250631332397,5.79892635345459
132,41.53,200,4,97.07325744628906,-236.0940704345703,-68.46792602539062,-249.8527374267578,83.6914291381836,-240.58273315429688,5.7963847732543945,5.8463358879089355
133,41.846,200,4,97.07325744628906,-236.0940704345703,-69.43620300292969,-249.69937133789062,17.04205894470215,-234.85533142089844,5.78763557434082,5.718192100524902
134,42.15,200,4,97.07325744628906,-236.0940704345703,-69.43620300292969,-249.69937133789062,88.2171859741211,-239.93138122558594,5.7923518085479735,5.797605514526367
135,42.463,200,4,97.07325744628906,-236.0940704345703,-69.68328857421875,-249.84765625,108.76189422607422,-250.64395141601562,5.776775093078613,5.796441555023193
136,42.767,200,4,97.07325744628906,-236.0940704345703,-69.68328857421875,-249.84765625,20.78186798095703,-233.7830352783203,5.770494003295898,5.879376411437988
137,43.079,200,4,97.07325744628906,-236.0940704345703,-70.53427124023438,-249.6189422607422,18.10915184020996,-233.5069580078125,5.780435276031494,5.7476091384887695
138,43.383,200,4,97.07325744628906,-236.0940704345703,-70.53427124023438,-249.6189422607422,78.39501190185547,-239.9322967529297,5.791957817077637,5.816775798797607
139,43.697,200,5,97.07325744628906,-236.0940704345703,-69.58137512207031,-249.66595458984375,80.27980041503906,-240.07481384277344,5.7861980533599855,5.807995796203613
140,44.002,200,5,97.07325744628906,-236.0940704345703,-69.58137512207031,-249.66595458984375,111.922607421875,-248.2724609375,5.789578714370728,5.8037872314453125
141,44.319,200,6,97.07325744628906,-236.0940704345703,-69.26991271972656,-249.73394775390625,93.69386291503906,-239.6970672607422,5.776139488220215,5.7727460861206055
142,44.644,200,6,97.07325744628906,-236.0940704345703,-69.26991271972656,-249.73394775390625,82.36670684814453,-237.35166931152344,5.809189157485962,5.871824264526367
143,44.956,200,7,160.6846923828125,-236.0940704345703,-69.12225341796875,-249.64007568359375,84.09664916992188,-240.57362365722656,5.778692579269409,5.71140193939209
144,45.265,200,7,160.6846923828125,-236.0940704345703,-69.12225341796875,-249.64007568359375,162.3292236328125,-253.65684509277344,5.789150876998901,5.813040733337402
145,45.577,200,7,160.6846923828125,-236.0940704345703,-70.01669311523438,-249.60105895996094,93.3920669555664,-249.0511474609375,5.812910633087158,5.799121379852295
146,45.882,200,7,160.6846923828125,-236.0940704345703,-70.01669311523438,-249.60105895996094,124.69111633300781,-250.7124481201172,5.774742431640625,5.833386421203613
147,46.194,200,7,160.6846923828125,-236.0940704345703,-69.4769287109375,-249.67791748046875,18.139142990112305,-235.46839904785156,5.775836915969848,5.704957962036133
148,46.497,200,7,160.6846923828125,-236.0940704345703,-69.4769287109375,-249.67791748046875,80.29084014892578,-248.96044921875,5.779806623458862,5.879892349243164
149,46.811,200,8,160.6846923828125,-235.44012451171875,-70.0937271118164,-249.50103759765625,25.752151489257812,-233.6435089111328,5.770517778396607,5.718706130981445
150,47.119,200,8,160.6846923828125,-235.44012451171875,-70.0937271118164,-249.50103759765625,-118.52082061767578,-233.3201141357422,5.7758024883270265,5.682170867919922
151,47.436,200,8,160.6846923828125,-235.44012451171875,-69.99048614501953,-249.30496215820312,85.34143829345703,-247.27870178222656,5.7649170017242435,5.606971740722656
152,47.747,200,8,160.6846923828125,-235.44012451171875,-69.99048614501953,-249.30496215820312,-151.76910400390625,-235.0393829345703,5.77958041191101,5.8693037033081055
153,48.059,200,8,160.6846923828125,-235.44012451171875,-69.79757690429688,-249.20103454589844,221.3949432373047,-253.3158721923828,5.762853937149048,5.669926643371582
154,48.365,200,8,160.6846923828125,-235.44012451171875,-69.79757690429688,-249.20103454589844,-158.54296875,-231.88107299804688,5.775635499954223,5.6584391593933105
155,48.677,200,8,160.6846923828125,-235.44012451171875,-68.55656433105469,-249.16236877441406,122.4798812866211,-238.09771728515625,5.765152931213379,5.712559700012207
156,48.981,200,8,160.6846923828125,-235.44012451171875,-68.55656433105469,-249.16236877441406,-177.88906860351562,-235.24339294433594,5.775068893432617,5.708507537841797
157,49.294,200,8,160.6846923828125,-235.44012451171875,-69.626220703125,-249.2342529296875,191.76962280273438,-253.9047088623047,5.759691514968872,5.653219223022461
158,49.6,200,8,160.6846923828125,-235.44012451171875,-69.626220703125,-249.2342529296875,120.59811401367188,-249.4552764892578,5.77053786277771,5.829812049865723
159,49.914,200,9,160.6846923828125,-235.44012451171875,-68.46115112304688,-248.8524169921875,70.05579376220703,-238.7186279296875,5.7918779659271244,5.812351226806641
160,50.219,200,9,160.6846923828125,-235.44012451171875,-68.46115112304688,-248.8524169921875,-178.057373046875,-233.16012573242188,5.758819427490234,5.6661553382873535
161,50.533,200,9,160.6846923828125,-235.44012451171875,-69.14810943603516,-248.7781982421875,110.52056121826172,-249.65602111816406,5.755329160690308,5.741457462310791
162,50.845,200,9,160.6846923828125,-235.44012451171875,-69.14810943603516,-248.7781982421875,-155.65028381347656,-231.1585693359375,5.7731202030181885,5.666327476501465
163,51.159,200,9,160.6846923828125,-235.44012451171875,-68.7857437133789,-248.86312866210938,109.87318420410156,-247.8765106201172,5.751849384307861,5.737999439239502
164,51.465,200,9,160.6846923828125,-235.44012451171875,-68.7857437133789,-248.86312866210938,62.84109878540039,-238.57640075683594,5.740477180480957,5.703188419342041
165,51.778,200,9,160.6846923828125,-235.44012451171875,-69.61641693115234,-248.55596923828125,28.64458656311035,-231.35604858398438,5.777972049713135,5.885506629943848
166,52.083,200,9,160.6846923828125,-235.44012451171875,-69.61641693115234,-248.55596923828125,175.66514587402344,-253.14369201660156,5.738680877685547,5.720951080322266
167,52.401,200,9,160.6846923828125,-235.44012451171875,-67.20953369140625,-248.62725830078125,126.63935852050781,-249.3503875732422,5.763910884857178,5.768589973449707
168,52.707,200,9,160.6846923828125,-235.44012451171875,-67.20953369140625,-248.62725830078125,-139.3569793701172,-231.7410430908203,5.731097240447998,5.745697021484375
169,53.02,200,7,160.6846923828125,-235.44012451171875,-65.3051528930664,-248.5566864013672,201.05093383789062,-255.24037170410156,5.762862186431885,5.774784088134766
170,53.331,200,7,160.6846923828125,-235.44012451171875,-65.3051528930664,-248.5566864013672,-157.9816131591797,-232.43336486816406,5.7363686275482175,5.719339370727539
171,53.649,200,7,160.6846923828125,-233.21072387695312,-64.37118530273438,-248.1575927734375,-130.5262451171875,-234.48094177246094,5.730030241012574,5.7691731452941895
172,53.957,200,7,160.6846923828125,-233.21072387695312,-64.37118530273438,-248.1575927734375,190.92889404296875,-254.60911560058594,5.7642708587646485,5.797547340393066
173,54.272,200,7,160.6846923828125,-233.21072387695312,-63.543312072753906,-247.89923095703125,80.34941101074219,-240.42599487304688,5.741328687667846,5.7559309005737305
174,54.576,200,7,160.6846923828125,-233.21072387695312,-63.543312072753906,-247.89923095703125,-18.492813110351562,-232.27049255371094,5.727791624069214,5.779621601104736
175,54.953,200,7,160.6846923828125,-233.21072387695312,-62.824501037597656,-247.88230895996094,177.2415771484375,-254.84942626953125,5.735537061691284,5.76673698425293
176,55.264,200,7,160.6846923828125,-233.21072387695312,-62.824501037597656,-247.88230895996094,174.3032989501953,-253.8610076904297,5.738986778259277,5.691082000732422
177,55.585,200,8,160.6846923828125,-226.99513244628906,-64.43475341796875,-247.78004455566406,56.830718994140625,-231.4296875,5.730958576202393,5.828972816467285
178,55.89,200,8,160.6846923828125,-226.99513244628906,-64.43475341796875,-247.78004455566406,177.7696533203125,-248.6180877685547,5.722933006286621,5.666724681854248
179,56.201,200,8,160.6846923828125,-226.99513244628906,-63.518035888671875,-247.49928283691406,-166.36456298828125,-225.0682373046875,5.727841901779175,5.611302375793457
180,56.506,200,8,160.6846923828125,-226.99513244628906,-63.518035888671875,-247.49928283691406,-129.7180633544922,-225.7601776123047,5.713631935119629,5.717045783996582
181,56.821,200,8,160.6846923828125,-226.99513244628906,-63.51161193847656,-247.5037841796875,164.55152893066406,-252.5316162109375,5.728750524520874,5.771871566772461
182,57.149,200,8,160.6846923828125,-226.99513244628906,-63.51161193847656,-247.5037841796875,171.6918182373047,-254.04696655273438,5.737994451522827,5.767605304718018
183,57.461,200,8,160.6846923828125,-226.99513244628906,-63.11614227294922,-247.44308471679688,167.40151977539062,-253.05638122558594,5.714269313812256,5.544676780700684
184,57.765,200,8,160.6846923828125,-226.99513244628906,-63.11614227294922,-247.44308471679688,165.2196502685547,-254.7763671875,5.761152935028076,5.658451080322266
185,58.077,200,8,160.6846923828125,-226.99513244628906,-63.0951042175293,-247.50926208496094,162.75418090820312,-252.50685119628906,5.731596670150757,5.777186870574951
186,58.382,200,8,160.6846923828125,-226.99513244628906,-63.0951042175293,-247.50926208496094,177.2335662841797,-254.21142578125,5.728065013885498,5.787294387817383
187,58.695,200,8,160.6846923828125,-226.99513244628906,-64.10897827148438,-247.40609741210938,169.10464477539062,-254.68177795410156,5.714160346984864,5.775880336761475
188,58.999,200,8,160.6846923828125,-226.99513244628906,-64.10897827148438,-247.40609741210938,86.57777404785156,-238.70529174804688,5.732018566131591,5.687756061553955
189,59.312,200,9,160.6846923828125,-226.99513244628906,-60.855995178222656,-247.27879333496094,84.13465881347656,-235.84295654296875,5.718837280273437,5.691336154937744
190,59.618,200,9,160.6846923828125,-226.99513244628906,-60.855995178222656,-247.27879333496094,97.96100616455078,-235.70045471191406,5.714120359420776,5.745596885681152
191,59.935,200,9,160.6846923828125,-226.99513244628906,-62.359188079833984,-247.3975372314453,161.1717529296875,-253.1441192626953,5.7286989212036135,5.820899486541748
192,60.24,200,9,160.6846923828125,-226.99513244628906,-62.359188079833984,-247.3975372314453,120.58763885498047,-245.26353454589844,5.725146961212158,5.797120571136475
193,60.554,200,9,160.6846923828125,-226.99513244628906,-61.60714340209961,-247.29039001464844,127.56802368164062,-248.31716918945312,5.736170110702514,5.762823104858398
194,60.858,200,9,160.6846923828125,-226.99513244628906,-61.60714340209961,-247.29039001464844,94.51536560058594,-235.7025909423828,5.7103707981109615,5.709765911102295
195,61.172,200,9,160.6846923828125,-226.99513244628906,-61.12970733642578,-247.4384002685547,169.4947052001953,-252.60850524902344,5.729253063201904,5.803679466247559
196,61.477,200,9,160.6846923828125,-226.99513244628906,-61.12970733642578,-247.4384002685547,-163.86196899414062,-222.68447875976562,5.737813901901245,5.708648204803467
197,61.79,200,9,160.6846923828125,-226.99513244628906,-59.12126922607422,-247.44448852539062,78.63607788085938,-237.78318786621094,5.740149278640747,5.938474178314209
198,62.094,200,9,160.6846923828125,-226.99513244628906,-59.12126922607422,-247.44448852539062,186.53126525878906,-251.91004943847656,5.723545198440552,5.744009971618652
199,62.408,200,9,160.6846923828125,-226.99513244628906,-59.74208068847656,-247.40338134765625,192.12054443359375,-253.28546142578125,5.722856464385987,5.65734338760376
200,62.713,200,9,160.6846923828125,-226.99513244628906,-59.74208068847656,-247.40338134765625,-142.10235595703125,-224.9053955078125,5.712226753234863,5.7353057861328125
1,0.35,4,4,-26.891408920288086,-307.0693664550781,-122.6451644897461,-309.65203857421875,0.1364019513130188,-0.627142608165741,6.586652126312256,6.463065147399902
2,0.645,4,4,-26.891408920288086,-307.0693664550781,-122.6451644897461,-309.65203857421875,-4.999268531799316,-13.237812995910645,6.519072618484497,6.418156623840332
3,0.947,8,4,-26.891408920288086,-223.36514282226562,-107.26553344726562,-267.1620788574219,-8.366695404052734,9.66650104522705,6.040964956283569,6.089073657989502
4,1.242,8,4,-26.891408920288086,-223.36514282226562,-107.26553344726562,-267.1620788574219,-162.99337768554688,-216.063720703125,6.038977136611939,6.1815667152404785
5,1.559,12,5,57.65414810180664,-223.36514282226562,-81.4427261352539,-265.5282287597656,-5.270802974700928,-313.42620849609375,6.026951541900635,6.010337829589844
6,1.859,12,5,57.65414810180664,-223.36514282226562,-81.4427261352539,-265.5282287597656,82.80758666992188,-261.0137939453125,6.034553060531616,6.0670671463012695
7,2.164,16,7,57.65414810180664,-223.36514282226562,-69.9846420288086,-260.739990234375,109.68321228027344,-263.4666748046875,5.983051013946533,6.021359443664551
8,2.459,16,7,57.65414810180664,-223.36514282226562,-69.9846420288086,-260.739990234375,-22.458965301513672,-221.4024200439453,5.963458623886108,6.037537097930908
9,2.762,20,7,57.65414810180664,-223.36514282226562,-75.57263946533203,-258.95159912109375,-37.39958572387695,-223.6993408203125,5.964884853363037,6.039913654327393
10,3.059,20,7,57.65414810180664,-223.36514282226562,-75.57263946533203,-258.95159912109375,-160.8123321533203,-219.06497192382812,5.954251432418824,5.993833541870117
11,3.383,24,7,57.65414810180664,-223.36514282226562,-83.1156234741211,-256.7742919921875,-42.31079864501953,-221.60888671875,5.951971435546875,5.885671138763428
12,3.688,24,7,57.65414810180664,-223.36514282226562,-83.1156234741211,-256.7742919921875,74.0833740234375,-256.8404235839844,5.944490642547607,5.879690170288086
13,3.992,28,8,57.65414810180664,-223.36514282226562,-85.22867584228516,-256.330078125,62.82822036743164,-261.3161926269531,5.934572315216064,6.0618815422058105
14,4.29,28,8,57.65414810180664,-223.36514282226562,-85.22867584228516,-256.330078125,-101.48483276367188,-222.40821838378906,5.917569808959961,5.967242240905762
15,4.597,32,9,57.65414810180664,-223.36514282226562,-77.13069152832031,-256.0244140625,-13.504270553588867,-222.83726501464844,5.8881807613372805,5.7689900398254395
16,4.895,32,9,57.65414810180664,-223.36514282226562,-77.13069152832031,-256.0244140625,-149.92782592773438,-219.36270141601562,5.901761426925659,5.995100021362305
17,5.2,36,9,57.65414810180664,-223.36514282226562,-83.48088836669922,-255.38951110839844,-10.315998077392578,-225.03785705566406,5.9090001583099365,5.989351272583008
18,5.498,36,9,57.65414810180664,-223.36514282226562,-83.48088836669922,-255.38951110839844,83.74869537353516,-264.465087890625,5.9262110614776615,5.957221984863281
19,5.805,40,10,57.65414810180664,-223.36514282226562,-79.33502197265625,-255.29736328125,-32.90007400512695,-218.73818969726562,5.911504058837891,5.792087078094482
20,6.103,40,10,57.65414810180664,-223.36514282226562,-79.33502197265625,-255.29736328125,6.168416976928711,-239.45387268066406,5.893938398361206,5.746433734893799
21,6.413,44,10,57.65414810180664,-223.36514282226562,-76.4991226196289,-255.48013305664062,83.54690551757812,-258.2877197265625,5.920858488082886,5.93701171875
22,6.713,44,10,57.65414810180664,-223.36514282226562,-76.4991226196289,-255.48013305664062,-165.70301818847656,-221.39744567871094,5.9132591915130615,5.922494888305664
23,7.019,48,11,57.65414810180664,-223.36514282226562,-74.61248016357422,-255.57550048828125,14.897658348083496,-247.70022583007812,5.908224420547485,5.875672817230225
24,7.319,48,11,57.65414810180664,-223.36514282226562,-74.61248016357422,-255.57550048828125,38.943389892578125,-248.29949951171875,5.9022894287109375,5.821722507476807
25,7.626,52,6,57.65414810180664,-223.36514282226562,-69.31842803955078,-254.5615234375,-155.3702850341797,-218.2988739013672,5.9292456245422365,5.908214569091797
26,7.927,52,6,57.65414810180664,-223.36514282226562,-69.31842803955078,-254.5615234375,102.00123596191406,-263.6932373046875,5.89996823310852,5.868743896484375
27,8.235,56,6,57.65414810180664,-223.36514282226562,-71.3257827758789,-254.1375732421875,-50.76239013671875,-219.89462280273438,5.90369574546814,6.08447265625
28,8.536,56,6,57.65414810180664,-223.36514282226562,-71.3257827758789,-254.1375732421875,-152.62066650390625,-218.63919067382812,5.887056035995483,5.810486793518066
29,8.844,60,6,59.60829544067383,-223.36514282226562,-67.97935485839844,-253.9277801513672,65.24346160888672,-262.0882873535156,5.889305906295776,5.927704811096191
30,9.149,60,6,59.60829544067383,-223.36514282226562,-67.97935485839844,-253.9277801513672,-15.878006935119629,-221.8433074951172,5.879173641204834,5.695364475250244
31,9.46,64,6,59.60829544067383,-223.36514282226562,-68.86447143554688,-253.37753295898438,54.809104919433594,-239.24615478515625,5.869273509979248,5.67729377746582
32,9.769,64,6,59.60829544067383,-223.36514282226562,-68.86447143554688,-253.37753295898438,76.94145202636719,-238.57217407226562,5.881456394195556,5.817075729370117
33,10.087,68,6,59.60829544067383,-223.36514282226562,-67.04981231689453,-253.39108276367188,69.75843048095703,-249.30166625976562,5.868333501815796,5.935121536254883
34,10.385,68,6,59.60829544067383,-223.36514282226562,-67.04981231689453,-253.39108276367188,68.26099395751953,-239.31471252441406,5.88208779335022,5.852052211761475
35,10.695,72,6,59.60829544067383,-223.36514282226562,-69.19356536865234,-252.89837646484375,66.10529327392578,-242.3628387451172,5.886400804519654,5.919881820678711
36,10.995,72,6,59.60829544067383,-223.36514282226562,-69.19356536865234,-252.89837646484375,90.33745574951172,-247.65155029296875,5.866713428497315,5.949130058288574
37,11.305,76,6,59.60829544067383,-223.36514282226562,-71.91858673095703,-252.8887939453125,61.409446716308594,-248.6893768310547,5.877048606872559,5.754952907562256
38,11.605,76,6,59.60829544067383,-223.36514282226562,-71.91858673095703,-252.8887939453125,87.10079956054688,-250.24441528320312,5.873485288619995,5.853766441345215
39,11.914,80,7,62.73422622680664,-223.36514282226562,-71.32189178466797,-252.84530639648438,-15.334131240844727,-223.30340576171875,5.858976850509643,5.858494281768799
40,12.216,80,7,62.73422622680664,-223.36514282226562,-71.32189178466797,-252.84530639648438,-160.67738342285156,-222.406982421875,5.881911382675171,5.8945159912109375
41,12.525,84,7,62.73422622680664,-223.36514282226562,-71.28456115722656,-252.44699096679688,-140.94117736816406,-221.16976928710938,5.859364366531372,5.807166576385498
42,12.83,84,7,62.73422622680664,-223.36514282226562,-71.28456115722656,-252.44699096679688,114.1762924194336,-255.64141845703125,5.872917222976684,5.954361915588379
43,13.139,88,7,74.29036712646484,-223.36514282226562,-68.03730010986328,-252.73548889160156,85.14069366455078,-253.61624145507812,5.8645602989196775,5.852292537689209
44,13.44,88,7,74.29036712646484,-223.36514282226562,-68.03730010986328,-252.73548889160156,96.3582763671875,-239.65609741210938,5.877906589508057,5.801222801208496
45,13.804,92,7,74.29036712646484,-223.36514282226562,-66.50658416748047,-252.7184600830078,61.95696258544922,-237.94544982910156,5.871580324172974,5.944377422332764
46,14.112,92,7,74.29036712646484,-223.36514282226562,-66.50658416748047,-252.7184600830078,-155.08404541015625,-221.8732147216797,5.876193294525146,5.916439533233643
47,14.421,96,7,74.29036712646484,-223.36514282226562,-68.31922149658203,-252.3390350341797,-163.2548828125,-219.87916564941406,5.867222709655762,5.852506637573242
48,14.72,96,7,74.29036712646484,-223.36514282226562,-68.31922149658203,-252.3390350341797,-21.860092163085938,-222.34690856933594,5.865851058959961,5.913290023803711
49,15.028,100,7,74.29036712646484,-223.36514282226562,-68.5140609741211,-252.1524200439453,-159.2342987060547,-221.05348205566406,5.854141550064087,5.819775104522705
50,15.329,100,7,74.29036712646484,-223.36514282226562,-68.5140609741211,-252.1524200439453,87.02519226074219,-253.98045349121094,5.863298740386963,5.815221309661865
51,15.64,104,7,74.29036712646484,-223.36514282226562,-71.53678894042969,-252.22213745117188,62.14712905883789,-242.8756866455078,5.861031007766724,5.882901191711426
52,15.944,104,7,74.29036712646484,-223.36514282226562,-71.53678894042969,-252.22213745117188,5.190162181854248,-223.9097900390625,5.834993515014649,5.75631856918335
53,16.254,108,7,74.29036712646484,-223.36514282226562,-72.27632904052734,-252.38629150390625,96.75135803222656,-252.0656280517578,5.860025577545166,5.7341461181640625
54,16.557,108,7,74.29036712646484,-223.36514282226562,-72.27632904052734,-252.38629150390625,-146.62307739257812,-218.8588409423828,5.873872003555298,5.996586799621582
55,16.866,112,8,74.29036712646484,-223.36514282226562,-73.91907501220703,-252.17494201660156,-161.05718994140625,-219.2298126220703,5.865096874237061,5.942530155181885
56,17.169,112,8,74.29036712646484,-223.36514282226562,-73.91907501220703,-252.17494201660156,-52.87287521362305,-222.17715454101562,5.835879144668579,5.85653018951416
57,17.479,116,6,77.43274688720703,-223.36514282226562,-72.19351959228516,-251.8636016845703,-156.3551788330078,-221.7920684814453,5.845955858230591,5.911740303039551
58,17.783,116,6,77.43274688720703,-223.36514282226562,-72.19351959228516,-251.8636016845703,-144.07608032226562,-220.22044372558594,5.85356291770935,5.838811874389648
59,18.094,120,6,77.43274688720703,-223.36514282226562,-72.1536636352539,-252.13153076171875,100.4885482788086,-241.70968627929688,5.854887580871582,5.795897483825684
60,18.397,120,6,77.43274688720703,-223.36514282226562,-72.1536636352539,-252.13153076171875,-161.80404663085938,-223.10586547851562,5.848386688232422,5.73117208480835
61,18.709,124,6,77.43274688720703,-223.36514282226562,-72.57755279541016,-252.0859832763672,82.83184814453125,-238.56521606445312,5.827383584976197,5.807842254638672
62,19.015,124,6,77.43274688720703,-223.36514282226562,-72.57755279541016,-252.0859832763672,-47.08647155761719,-225.2289581298828,5.864508056640625,5.8033342361450195
63,19.327,128,6,77.43274688720703,-223.36514282226562,-73.09867858886719,-251.85446166992188,-158.64183044433594,-222.39952087402344,5.872248744964599,5.942935466766357
64,19.63,128,6,77.43274688720703,-223.36514282226562,-73.09867858886719,-251.85446166992188,-131.80203247070312,-223.3346710205078,5.850854091644287,5.939399719238281
65,19.942,132,6,77.43274688720703,-223.36514282226562,-71.48811340332031,-252.07315063476562,144.01612854003906,-241.75833129882812,5.868125047683716,5.827197074890137
66,20.246,132,6,77.43274688720703,-223.36514282226562,-71.48811340332031,-252.07315063476562,-140.33248901367188,-221.3765869140625,5.838853282928467,5.79945182800293
67,20.557,136,6,77.43274688720703,-223.36514282226562,-73.43392181396484,-251.89723205566406,-50.17226028442383,-223.47003173828125,5.844799823760987,5.787668704986572
68,20.88,136,6,77.43274688720703,-223.36514282226562,-73.43392181396484,-251.89723205566406,107.39374542236328,-241.21829223632812,5.861206483840943,5.7884087562561035
69,21.19,140,6,77.43274688720703,-223.36514282226562,-74.20706176757812,-251.91702270507812,94.7652587890625,-242.05934143066406,5.8708721542358395,5.875716686248779
70,21.491,140,6,77.43274688720703,-223.36514282226562,-74.20706176757812,-251.91702270507812,-2.834305763244629,-238.44898986816406,5.846074953079223,5.745979309082031
71,21.808,144,6,77.43274688720703,-223.36514282226562,-74.16987609863281,-252.03387451171875,84.13848114013672,-241.72373962402344,5.853250379562378,6.032540798187256
72,22.114,144,6,77.43274688720703,-223.36514282226562,-74.16987609863281,-252.03387451171875,98.73949432373047,-239.37362670898438,5.872217607498169,5.818970680236816
73,22.424,148,6,77.43274688720703,-223.36514282226562,-74.60970306396484,-252.1620635986328,78.29022979736328,-241.09024047851562,5.868648710250855,5.901023864746094
74,22.728,148,6,77.43274688720703,-223.36514282226562,-74.60970306396484,-252.1620635986328,-51.42543411254883,-224.0047607421875,5.845717096328736,5.764784336090088
75,23.032,152,6,77.43274688720703,-223.36514282226562,-74.7948989868164,-252.24331665039062,-10.289002418518066,-239.2871551513672,5.851884098052978,5.874605178833008
76,23.337,152,6,77.43274688720703,-223.36514282226562,-74.7948989868164,-252.24331665039062,-157.46536254882812,-221.8472900390625,5.861443014144897,5.88036584854126
77,23.649,156,6,77.43274688720703,-223.36514282226562,-74.39835357666016,-251.904052734375,-163.45529174804688,-220.7189178466797,5.845661687850952,5.98396110534668
78,23.953,156,6,77.43274688720703,-223.36514282226562,-74.39835357666016,-251.904052734375,58.78260803222656,-239.73812866210938,5.859937219619751,5.868258953094482
79,24.266,160,6,77.43274688720703,-223.36514282226562,-74.45467376708984,-251.84994506835938,-19.670488357543945,-223.0328826904297,5.855899515151978,5.91058874130249
80,24.571,160,6,77.43274688720703,-223.36514282226562,-74.45467376708984,-251.84994506835938,-146.670166015625,-220.10450744628906,5.828482389450073,5.8131866455078125
81,24.885,164,6,77.43274688720703,-223.36514282226562,-74.75827026367188,-251.81747436523438,59.85200881958008,-235.57635498046875,5.847809791564941,5.75705099105835
82,25.193,164,6,77.43274688720703,-223.36514282226562,-74.75827026367188,-251.81747436523438,98.77388000488281,-242.25485229492188,5.854163913726807,5.884494781494141
83,25.503,168,6,77.43274688720703,-223.36514282226562,-74.78409576416016,-251.79859924316406,127.51471710205078,-240.94692993164062,5.839763946533203,5.72748327255249
84,25.807,168,6,77.43274688720703,-223.36514282226562,-74.78409576416016,-251.79859924316406,-44.29513168334961,-224.1386260986328,5.853120899200439,5.686834812164307
85,26.119,172,6,77.43274688720703,-223.36514282226562,-73.494384765625,-251.67132568359375,-109.93264770507812,-220.65640258789062,5.8542325401306154,5.842357635498047
86,26.423,172,6,77.43274688720703,-223.36514282226562,-73.494384765625,-251.67132568359375,-142.8361358642578,-221.6251983642578,5.857447910308838,5.976010322570801
87,26.735,176,6,77.43274688720703,-223.36514282226562,-73.96936798095703,-251.74464416503906,86.0591812133789,-242.26918029785156,5.8422736644744875,5.872657299041748
88,27.04,176,6,77.43274688720703,-223.36514282226562,-73.96936798095703,-251.74464416503906,-119.9754638671875,-222.53643798828125,5.844846963882446,5.748946189880371
89,27.353,180,6,77.43274688720703,-223.36514282226562,-76.47713470458984,-251.61610412597656,-20.36598014831543,-225.4576416015625,5.852962770462036,5.881691932678223
90,27.658,180,6,77.43274688720703,-223.36514282226562,-76.47713470458984,-251.61610412597656,-49.865535736083984,-221.32875061035156,5.831558122634887,5.914164066314697
91,27.973,184,6,77.43274688720703,-223.36514282226562,-76.51164245605469,-251.48513793945312,21.324880599975586,-235.31822204589844,5.835676097869873,5.762600898742676
92,28.28,184,6,77.43274688720703,-223.36514282226562,-76.51164245605469,-251.48513793945312,-44.73460006713867,-225.1484375,5.8369435214996335,5.885156631469727
93,28.593,188,6,77.43274688720703,-223.36514282226562,-77.23188018798828,-251.5485382080078,75.52601623535156,-232.7190399169922,5.814253187179565,5.764575004577637
94,28.898,188,6,77.43274688720703,-223.36514282226562,-77.23188018798828,-251.5485382080078,-33.93085479736328,-222.18174743652344,5.818230361938476,5.778141021728516
95,29.213,192,6,77.43274688720703,-223.36514282226562,-76.81603240966797,-251.37489318847656,-133.5818328857422,-222.9892120361328,5.851161975860595,5.9498395919799805
96,29.522,192,6,77.43274688720703,-223.36514282226562,-76.81603240966797,-251.37489318847656,34.2710075378418,-234.93666076660156,5.838739347457886,5.759200572967529
97,29.837,196,6,77.43274688720703,-223.36514282226562,-77.88148498535156,-251.21556091308594,-144.2232666015625,-219.88076782226562,5.814922409057617,5.776065349578857
98,30.144,196,6,77.43274688720703,-223.36514282226562,-77.88148498535156,-251.21556091308594,-48.050323486328125,-223.35617065429688,5.844026575088501,5.901155948638916
99,30.457,200,6,77.43274688720703,-223.36514282226562,-77.35391998291016,-251.23109436035156,79.74537658691406,-241.3268585205078,5.827782640457153,5.789926528930664
100,30.763,200,6,77.43274688720703,-223.36514282226562,-77.35391998291016,-251.23109436035156,-152.15419006347656,-222.0463409423828,5.8440721988677975,5.8543806076049805
101,31.078,200,6,77.43274688720703,-223.36514282226562,-75.62117767333984,-249.92543029785156,-46.32990646362305,-223.6068572998047,5.80738899230957,5.8720479011535645
102,31.385,200,6,77.43274688720703,-223.36514282226562,-75.62117767333984,-249.92543029785156,-36.68824005126953,-224.33621215820312,5.798385162353515,5.690489768981934
103,31.772,200,4,97.07325744628906,-236.0940704345703,-73.83972930908203,-250.4022979736328,79.24031829833984,-240.35841369628906,5.825185260772705,5.829169273376465
104,32.076,200,4,97.07325744628906,-236.0940704345703,-73.83972930908203,-250.4022979736328,25.568239212036133,-235.73670959472656,5.815693969726563,5.648298263549805
105,32.39,200,5,97.07325744628906,-236.0940704345703,-73.99551391601562,-250.0049591064453,19.692720413208008,-234.8876495361328,5.822748775482178,5.869185447692871
106,32.696,200,5,97.07325744628906,-236.0940704345703,-73.99551391601562,-250.0049591064453,59.32033157348633,-239.22244262695312,5.814611616134644,5.81022834777832
107,33.007,200,5,97.07325744628906,-236.0940704345703,-74.2206802368164,-249.91183471679688,28.51656150817871,-232.98121643066406,5.794495096206665,5.807645797729492
108,33.312,200,5,97.07325744628906,-236.0940704345703,-74.2206802368164,-249.91183471679688,24.207746505737305,-235.84072875976562,5.822734460830689,5.754254341125488
109,33.626,200,5,97.07325744628906,-236.0940704345703,-73.63951873779297,-249.87220764160156,99.94256591796875,-251.3988037109375,5.821421689987183,5.703476428985596
110,33.931,200,5,97.07325744628906,-236.0940704345703,-73.63951873779297,-249.87220764160156,19.48240089416504,-235.395263671875,5.807793483734131,5.75693416595459
111,34.247,200,5,97.07325744628906,-236.0940704345703,-71.39729309082031,-249.89324951171875,88.1974868774414,-240.4144287109375,5.796101627349853,5.793012619018555
112,34.58,200,5,97.07325744628906,-236.0940704345703,-71.39729309082031,-249.89324951171875,49.532649993896484,-235.28981018066406,5.8138401222229,5.911637783050537
113,34.904,200,5,97.07325744628906,-236.0940704345703,-70.06427001953125,-249.90953063964844,97.19010925292969,-249.60142517089844,5.815463237762451,5.793582439422607
114,35.211,200,5,97.07325744628906,-236.0940704345703,-70.06427001953125,-249.90953063964844,80.51666259765625,-238.83029174804688,5.804530639648437,5.9375433921813965
115,35.526,200,5,97.07325744628906,-236.0940704345703,-71.71926879882812,-249.77328491210938,59.29641342163086,-238.3876953125,5.786644420623779,5.773191452026367
116,35.833,200,5,97.07325744628906,-236.0940704345703,-71.71926879882812,-249.77328491210938,53.9664306640625,-236.34487915039062,5.809047794342041,5.867727756500244
117,36.148,200,5,97.07325744628906,-236.0940704345703,-68.14550018310547,-249.78143310546875,17.019832611083984,-234.93878173828125,5.816084632873535,5.842518329620361
118,36.454,200,5,97.07325744628906,-236.0940704345703,-68.14550018310547,-249.78143310546875,103.84895324707031,-250.93714904785156,5.79379246711731,5.7901835441589355
119,36.768,200,5,97.07325744628906,-236.0940704345703,-68.18633270263672,-249.7012939453125,99.34808349609375,-249.74813842773438,5.808815021514892,5.711090087890625
120,37.072,200,5,97.07325744628906,-236.0940704345703,-68.18633270263672,-249.7012939453125,53.11983871459961,-237.7589569091797,5.811443634033203,5.825385570526123
121,37.389,200,5,97.07325744628906,-236.0940704345703,-68.8021469116211,-249.4754638671875,50.89664840698242,-236.9532470703125,5.791949243545532,5.878498077392578
122,37.699,200,5,97.07325744628906,-236.0940704345703,-68.8021469116211,-249.4754638671875,23.86775779724121,-235.09979248046875,5.7913213634490965,5.800833225250244
123,38.011,200,5,97.07325744628906,-236.0940704345703,-67.78274536132812,-249.45962524414062,102.12200164794922,-249.4659423828125,5.796449737548828,5.701193332672119
124,38.317,200,5,97.07325744628906,-236.0940704345703,-67.78274536132812,-249.45962524414062,97.70221710205078,-251.38894653320312,5.795220251083374,5.958689212799072
125,38.63,200,4,97.07325744628906,-236.0940704345703,-69.30591583251953,-249.54913330078125,112.45464324951172,-250.7792510986328,5.804641695022583,5.749276161193848
126,38.935,200,4,97.07325744628906,-236.0940704345703,-69.30591583251953,-249.54913330078125,87.66216278076172,-240.541015625,5.7869766998291015,5.931446552276611
127,39.252,200,4,97.07325744628906,-236.0940704345703,-69.43421173095703,-249.54820251464844,20.91425132751465,-234.8560028076172,5.788260555267334,5.9185051918029785
128,39.556,200,4,97.07325744628906,-236.0940704345703,-69.43421173095703,-249.54820251464844,98.47993469238281,-251.07374572753906,5.807101049423218,5.688784599304199
129,39.869,200,4,97.07325744628906,-236.0940704345703,-70.60233306884766,-249.64230346679688,51.38786697387695,-238.3902130126953,5.794013328552246,5.881552219390869
130,40.174,200,4,97.07325744628906,-236.0940704345703,-70.60233306884766,-249.64230346679688,52.17518615722656,-238.46212768554688,5.800409107208252,5.867702007293701
131,40.488,200,4,97.07325744628906,-236.0940704345703,-68.46792602539062,-249.8527374267578,112.83169555664062,-251.02621459960938,5.784250631332397,5.79892635345459
132,40.797,200,4,97.07325744628906,-236.0940704345703,-68.46792602539062,-249.8527374267578,83.6914291381836,-240.58273315429688,5.7963847732543945,5.8463358879089355
133,41.11,200,4,97.07325744628906,-236.0940704345703,-69.43620300292969,-249.69937133789062,17.04205894470215,-234.85533142089844,5.78763557434082,5.718192100524902
134,41.417,200,4,97.07325744628906,-236.0940704345703,-69.43620300292969,-249.69937133789062,88.2171859741211,-239.93138122558594,5.7923518085479735,5.797605514526367
135,41.737,200,4,97.07325744628906,-236.0940704345703,-69.68328857421875,-249.84765625,108.76189422607422,-250.64395141601562,5.776775093078613,5.796441555023193
136,42.043,200,4,97.07325744628906,-236.0940704345703,-69.68328857421875,-249.84765625,20.78186798095703,-233.7830352783203,5.770494003295898,5.879376411437988
137,42.378,200,4,97.07325744628906,-236.0940704345703,-70.53427124023438,-249.6189422607422,18.10915184020996,-233.5069580078125,5.780435276031494,5.7476091384887695
138,42.685,200,4,97.07325744628906,-236.0940704345703,-70.53427124023438,-249.6189422607422,78.39501190185547,-239.9322967529297,5.791957817077637,5.816775798797607
139,42.998,200,5,97.07325744628906,-236.0940704345703,-69.58137512207031,-249.66595458984375,80.27980041503906,-240.07481384277344,5.7861980533599855,5.807995796203613
140,43.304,200,5,97.07325744628906,-236.0940704345703,-69.58137512207031,-249.66595458984375,111.922607421875,-248.2724609375,5.789578714370728,5.8037872314453125
141,43.619,200,6,97.07325744628906,-236.0940704345703,-69.26991271972656,-249.73394775390625,93.69386291503906,-239.6970672607422,5.776139488220215,5.7727460861206055
142,43.925,200,6,97.07325744628906,-236.0940704345703,-69.26991271972656,-249.73394775390625,82.36670684814453,-237.35166931152344,5.809189157485962,5.871824264526367
143,44.241,200,7,160.6846923828125,-236.0940704345703,-69.12225341796875,-249.64007568359375,84.09664916992188,-240.57362365722656,5.778692579269409,5.71140193939209
144,44.548,200,7,160.6846923828125,-236.0940704345703,-69.12225341796875,-249.64007568359375,162.3292236328125,-253.65684509277344,5.789150876998901,5.813040733337402
145,44.862,200,7,160.6846923828125,-236.0940704345703,-70.01669311523438,-249.60105895996094,93.3920669555664,-249.0511474609375,5.812910633087158,5.799121379852295
146,45.166,200,7,160.6846923828125,-236.0940704345703,-70.01669311523438,-249.60105895996094,124.69111633300781,-250.7124481201172,5.774742431640625,5.833386421203613
147,45.478,200,7,160.6846923828125,-236.0940704345703,-69.4769287109375,-249.67791748046875,18.139142990112305,-235.46839904785156,5.775836915969848,5.704957962036133
148,45.784,200,7,160.6846923828125,-236.0940704345703,-69.4769287109375,-249.67791748046875,80.29084014892578,-248.96044921875,5.779806623458862,5.879892349243164
149,46.097,200,8,160.6846923828125,-235.44012451171875,-70.0937271118164,-249.50103759765625,25.752151489257812,-233.6435089111328,5.770517778396607,5.718706130981445
150,46.403,200,8,160.6846923828125,-235.44012451171875,-70.0937271118164,-249.50103759765625,-118.52082061767578,-233.3201141357422,5.7758024883270265,5.682170867919922
151,46.72,200,8,160.6846923828125,-235.44012451171875,-69.99048614501953,-249.30496215820312,85.34143829345703,-247.27870178222656,5.7649170017242435,5.606971740722656
152,47.03,200,8,160.6846923828125,-235.44012451171875,-69.99048614501953,-249.30496215820312,-151.76910400390625,-235.0393829345703,5.77958041191101,5.8693037033081055
153,47.346,200,8,160.6846923828125,-235.44012451171875,-69.79757690429688,-249.20103454589844,221.3949432373047,-253.3158721923828,5.762853937149048,5.669926643371582
154,47.651,200,8,160.6846923828125,-235.44012451171875,-69.79757690429688,-249.20103454589844,-158.54296875,-231.88107299804688,5.775635499954223,5.6584391593933105
155,47.966,200,8,160.6846923828125,-235.44012451171875,-68.55656433105469,-249.16236877441406,122.4798812866211,-238.09771728515625,5.765152931213379,5.712559700012207
156,48.271,200,8,160.6846923828125,-235.44012451171875,-68.55656433105469,-249.16236877441406,-177.88906860351562,-235.24339294433594,5.775068893432617,5.708507537841797
157,48.586,200,8,160.6846923828125,-235.44012451171875,-69.626220703125,-249.2342529296875,191.76962280273438,-253.9047088623047,5.759691514968872,5.653219223022461
158,48.892,200,8,160.6846923828125,-235.44012451171875,-69.626220703125,-249.2342529296875,120.59811401367188,-249.4552764892578,5.77053786277771,5.829812049865723
159,49.214,200,9,160.6846923828125,-235.44012451171875,-68.46115112304688,-248.8524169921875,70.05579376220703,-238.7186279296875,5.7918779659271244,5.812351226806641
160,49.547,200,9,160.6846923828125,-235.44012451171875,-68.46115112304688,-248.8524169921875,-178.057373046875,-233.16012573242188,5.758819427490234,5.6661553382873535
161,49.875,200,9,160.6846923828125,-235.44012451171875,-69.14810943603516,-248.7781982421875,110.52056121826172,-249.65602111816406,5.755329160690308,5.741457462310791
162,50.189,200,9,160.6846923828125,-235.44012451171875,-69.14810943603516,-248.7781982421875,-155.65028381347656,-231.1585693359375,5.7731202030181885,5.666327476501465
163,50.515,200,9,160.6846923828125,-235.44012451171875,-68.7857437133789,-248.86312866210938,109.87318420410156,-247.8765106201172,5.751849384307861,5.737999439239502
164,50.831,200,9,160.6846923828125,-235.44012451171875,-68.7857437133789,-248.86312866210938,62.84109878540039,-238.57640075683594,5.740477180480957,5.703188419342041
165,51.15,200,9,160.6846923828125,-235.44012451171875,-69.61641693115234,-248.55596923828125,28.64458656311035,-231.35604858398438,5.777972049713135,5.885506629943848
166,51.469,200,9,160.6846923828125,-235.44012451171875,-69.61641693115234,-248.55596923828125,175.66514587402344,-253.14369201660156,5.738680877685547,5.720951080322266
167,51.792,200,9,160.6846923828125,-235.44012451171875,-67.20953369140625,-248.62725830078125,126.63935852050781,-249.3503875732422,5.763910884857178,5.768589973449707
168,52.099,200,9,160.6846923828125,-235.44012451171875,-67.20953369140625,-248.62725830078125,-139.3569793701172,-231.7410430908203,5.731097240447998,5.745697021484375
169,52.41,200,7,160.6846923828125,-235.44012451171875,-65.3051528930664,-248.5566864013672,201.05093383789062,-255.24037170410156,5.762862186431885,5.774784088134766
170,52.715,200,7,160.6846923828125,-235.44012451171875,-65.3051528930664,-248.5566864013672,-157.9816131591797,-232.43336486816406,5.7363686275482175,5.719339370727539
171,53.031,200,7,160.6846923828125,-233.21072387695312,-64.37118530273438,-248.1575927734375,-130.5262451171875,-234.48094177246094,5.730030241012574,5.7691731452941895
172,53.338,200,7,160.6846923828125,-233.21072387695312,-64.37118530273438,-248.1575927734375,190.92889404296875,-254.60911560058594,5.7642708587646485,5.797547340393066
173,53.662,200,7,160.6846923828125,-233.21072387695312,-63.543312072753906,-247.89923095703125,80.34941101074219,-240.42599487304688,5.741328687667846,5.7559309005737305
174,53.991,200,7,160.6846923828125,-233.21072387695312,-63.543312072753906,-247.89923095703125,-18.492813110351562,-232.27049255371094,5.727791624069214,5.779621601104736
175,54.488,200,7,160.6846923828125,-233.21072387695312,-62.824501037597656,-247.88230895996094,177.2415771484375,-254.84942626953125,5.735537061691284,5.76673698425293
176,54.796,200,7,160.6846923828125,-233.21072387695312,-62.824501037597656,-247.88230895996094,174.3032989501953,-253.8610076904297,5.738986778259277,5.691082000732422
177,55.11,200,8,160.6846923828125,-226.99513244628906,-64.43475341796875,-247.78004455566406,56.830718994140625,-231.4296875,5.730958576202393,5.828972816467285
178,55.417,200,8,160.6846923828125,-226.99513244628906,-64.43475341796875,-247.78004455566406,177.7696533203125,-248.6180877685547,5.722933006286621,5.666724681854248
179,55.731,200,8,160.6846923828125,-226.99513244628906,-63.518035888671875,-247.49928283691406,-166.36456298828125,-225.0682373046875,5.727841901779175,5.611302375793457
180,56.036,200,8,160.6846923828125,-226.99513244628906,-63.518035888671875,-247.49928283691406,-129.7180633544922,-225.7601776123047,5.713631935119629,5.717045783996582
181,56.351,200,8,160.6846923828125,-226.99513244628906,-63.51161193847656,-247.5037841796875,164.55152893066406,-252.5316162109375,5.728750524520874,5.771871566772461
182,56.659,200,8,160.6846923828125,-226.99513244628906,-63.51161193847656,-247.5037841796875,171.6918182373047,-254.04696655273438,5.737994451522827,5.767605304718018
183,56.974,200,8,160.6846923828125,-226.99513244628906,-63.11614227294922,-247.44308471679688,167.40151977539062,-253.05638122558594,5.714269313812256,5.544676780700684
184,57.28,200,8,160.6846923828125,-226.99513244628906,-63.11614227294922,-247.44308471679688,165.2196502685547,-254.7763671875,5.761152935028076,5.658451080322266
185,57.594,200,8,160.6846923828125,-226.99513244628906,-63.0951042175293,-247.50926208496094,162.75418090820312,-252.50685119628906,5.731596670150757,5.777186870574951
186,57.901,200,8,160.6846923828125,-226.99513244628906,-63.0951042175293,-247.50926208496094,177.2335662841797,-254.21142578125,5.728065013885498,5.787294387817383
187,58.215,200,8,160.6846923828125,-226.99513244628906,-64.10897827148438,-247.40609741210938,169.10464477539062,-254.68177795410156,5.714160346984864,5.775880336761475
188,58.523,200,8,160.6846923828125,-226.99513244628906,-64.10897827148438,-247.40609741210938,86.57777404785156,-238.70529174804688,5.732018566131591,5.687756061553955
189,58.835,200,9,160.6846923828125,-226.99513244628906,-60.855995178222656,-247.27879333496094,84.13465881347656,-235.84295654296875,5.718837280273437,5.691336154937744
190,59.148,200,9,160.6846923828125,-226.99513244628906,-60.855995178222656,-247.27879333496094,97.96100616455078,-235.70045471191406,5.714120359420776,5.745596885681152
191,59.464,200,9,160.6846923828125,-226.99513244628906,-62.359188079833984,-247.3975372314453,161.1717529296875,-253.1441192626953,5.7286989212036135,5.820899486541748
192,59.772,200,9,160.6846923828125,-226.99513244628906,-62.359188079833984,-247.3975372314453,120.58763885498047,-245.26353454589844,5.725146961212158,5.797120571136475
193,60.088,200,9,160.6846923828125,-226.99513244628906,-61.60714340209961,-247.29039001464844,127.56802368164062,-248.31716918945312,5.736170110702514,5.762823104858398
194,60.393,200,9,160.6846923828125,-226.99513244628906,-61.60714340209961,-247.29039001464844,94.51536560058594,-235.7025909423828,5.7103707981109615,5.709765911102295
195,60.708,200,9,160.6846923828125,-226.99513244628906,-61.12970733642578,-247.4384002685547,169.4947052001953,-252.60850524902344,5.729253063201904,5.803679466247559
196,61.017,200,9,160.6846923828125,-226.99513244628906,-61.12970733642578,-247.4384002685547,-163.86196899414062,-222.68447875976562,5.737813901901245,5.708648204803467
197,61.349,200,9,160.6846923828125,-226.99513244628906,-59.12126922607422,-247.44448852539062,78.63607788085938,-237.78318786621094,5.740149278640747,5.938474178314209
198,61.688,200,9,160.6846923828125,-226.99513244628906,-59.12126922607422,-247.44448852539062,186.53126525878906,-251.91004943847656,5.723545198440552,5.744009971618652
199,62.008,200,9,160.6846923828125,-226.99513244628906,-59.74208068847656,-247.40338134765625,192.12054443359375,-253.28546142578125,5.722856464385987,5.65734338760376
200,62.314,200,9,160.6846923828125,-226.99513244628906,-59.74208068847656,-247.40338134765625,-142.10235595703125,-224.9053955078125,5.712226753234863,5.7353057861328125
1,0.36,4,4,-26.891408920288086,-307.0693664550781,-122.6451644897461,-309.65203857421875,0.1364019513130188,-0.627142608165741,6.586652126312256,6.463065147399902
2,0.664,4,4,-26.891408920288086,-307.0693664550781,-122.6451644897461,-309.65203857421875,-4.999268531799316,-13.237812995910645,6.519072618484497,6.418156623840332
3,0.974,8,4,-26.891408920288086,-223.36514282226562,-107.26553344726562,-267.1620788574219,-8.366695404052734,9.66650104522705,6.040964956283569,6.089073657989502
4,1.275,8,4,-26.891408920288086,-223.36514282226562,-107.26553344726562,-267.1620788574219,-162.99337768554688,-216.063720703125,6.038977136611939,6.1815667152404785
5,1.585,12,5,57.65414810180664,-223.36514282226562,-81.4427261352539,-265.5282287597656,-5.270802974700928,-313.42620849609375,6.026951541900635,6.010337829589844
6,1.887,12,5,57.65414810180664,-223.36514282226562,-81.4427261352539,-265.5282287597656,82.80758666992188,-261.0137939453125,6.034553060531616,6.0670671463012695
7,2.197,16,7,57.65414810180664,-223.36514282226562,-69.9846420288086,-260.739990234375,109.68321228027344,-263.4666748046875,5.983051013946533,6.021359443664551
8,2.503,16,7,57.65414810180664,-223.36514282226562,-69.9846420288086,-260.739990234375,-22.458965301513672,-221.4024200439453,5.963458623886108,6.037537097930908
9,2.823,20,7,57.65414810180664,-223.36514282226562,-75.57263946533203,-258.95159912109375,-37.39958572387695,-223.6993408203125,5.964884853363037,6.039913654327393
10,3.13,20,7,57.65414810180664,-223.36514282226562,-75.57263946533203,-258.95159912109375,-160.8123321533203,-219.06497192382812,5.954251432418824,5.993833541870117
11,3.448,24,7,57.65414810180664,-223.36514282226562,-83.1156234741211,-256.7742919921875,-42.31079864501953,-221.60888671875,5.951971435546875,5.885671138763428
12,3.755,24,7,57.65414810180664,-223.36514282226562,-83.1156234741211,-256.7742919921875,74.0833740234375,-256.8404235839844,5.944490642547607,5.879690170288086
13,4.072,28,8,57.65414810180664,-223.36514282226562,-85.22867584228516,-256.330078125,62.82822036743164,-261.3161926269531,5.934572315216064,6.0618815422058105
14,4.388,28,8,57.65414810180664,-223.36514282226562,-85.22867584228516,-256.330078125,-101.48483276367188,-222.40821838378906,5.917569808959961,5.967242240905762
15,4.719,32,9,57.65414810180664,-223.36514282226562,-77.13069152832031,-256.0244140625,-13.504270553588867,-222.83726501464844,5.8881807613372805,5.7689900398254395
16,5.024,32,9,57.65414810180664,-223.36514282226562,-77.13069152832031,-256.0244140625,-149.92782592773438,-219.36270141601562,5.901761426925659,5.995100021362305
17,5.327,36,9,57.65414810180664,-223.36514282226562,-83.48088836669922,-255.38951110839844,-10.315998077392578,-225.03785705566406,5.9090001583099365,5.989351272583008
18,5.63,36,9,57.65414810180664,-223.36514282226562,-83.48088836669922,-255.38951110839844,83.74869537353516,-264.465087890625,5.9262110614776615,5.957221984863281
19,5.941,40,10,57.65414810180664,-223.36514282226562,-79.33502197265625,-255.29736328125,-32.90007400512695,-218.73818969726562,5.911504058837891,5.792087078094482
20,6.245,40,10,57.65414810180664,-223.36514282226562,-79.33502197265625,-255.29736328125,6.168416976928711,-239.45387268066406,5.893938398361206,5.746433734893799
21,6.565,44,10,57.65414810180664,-223.36514282226562,-76.4991226196289,-255.48013305664062,83.54690551757812,-258.2877197265625,5.920858488082886,5.93701171875
22,6.893,44,10,57.65414810180664,-223.36514282226562,-76.4991226196289,-255.48013305664062,-165.70301818847656,-221.39744567871094,5.9132591915130615,5.922494888305664
23,7.217,48,11,57.65414810180664,-223.36514282226562,-74.61248016357422,-255.57550048828125,14.897658348083496,-247.70022583007812,5.908224420547485,5.875672817230225
24,7.538,48,11,57.65414810180664,-223.36514282226562,-74.61248016357422,-255.57550048828125,38.943389892578125,-248.29949951171875,5.9022894287109375,5.821722507476807
25,7.852,52,6,57.65414810180664,-223.36514282226562,-69.31842803955078,-254.5615234375,-155.3702850341797,-218.2988739013672,5.9292456245422365,5.908214569091797
26,8.161,52,6,57.65414810180664,-223.36514282226562,-69.31842803955078,-254.5615234375,102.00123596191406,-263.6932373046875,5.89996823310852,5.868743896484375
27,8.475,56,6,57.65414810180664,-223.36514282226562,-71.3257827758789,-254.1375732421875,-50.76239013671875,-219.89462280273438,5.90369574546814,6.08447265625
28,8.781,56,6,57.65414810180664,-223.36514282226562,-71.3257827758789,-254.1375732421875,-152.62066650390625,-218.63919067382812,5.887056035995483,5.810486793518066
29,9.099,60,6,59.60829544067383,-223.36514282226562,-67.97935485839844,-253.9277801513672,65.24346160888672,-262.0882873535156,5.889305906295776,5.927704811096191
30,9.407,60,6,59.60829544067383,-223.36514282226562,-67.97935485839844,-253.9277801513672,-15.878006935119629,-221.8433074951172,5.879173641204834,5.695364475250244
31,9.727,64,6,59.60829544067383,-223.36514282226562,-68.86447143554688,-253.37753295898438,54.809104919433594,-239.24615478515625,5.869273509979248,5.67729377746582
32,10.037,64,6,59.60829544067383,-223.36514282226562,-68.86447143554688,-253.37753295898438,76.94145202636719,-238.57217407226562,5.881456394195556,5.817075729370117
33,10.356,68,6,59.60829544067383,-223.36514282226562,-67.04981231689453,-253.39108276367188,69.75843048095703,-249.30166625976562,5.868333501815796,5.935121536254883
34,10.662,68,6,59.60829544067383,-223.36514282226562,-67.04981231689453,-253.39108276367188,68.26099395751953,-239.31471252441406,5.88208779335022,5.852052211761475
35,10.975,72,6,59.60829544067383,-223.36514282226562,-69.19356536865234,-252.89837646484375,66.10529327392578,-242.3628387451172,5.886400804519654,5.919881820678711
36,11.28,72,6,59.60829544067383,-223.36514282226562,-69.19356536865234,-252.89837646484375,90.33745574951172,-247.65155029296875,5.866713428497315,5.949130058288574
37,11.605,76,6,59.60829544067383,-223.36514282226562,-71.91858673095703,-252.8887939453125,61.409446716308594,-248.6893768310547,5.877048606872559,5.754952907562256
38,11.932,76,6,59.60829544067383,-223.36514282226562,-71.91858673095703,-252.8887939453125,87.10079956054688,-250.24441528320312,5.873485288619995,5.853766441345215
39,12.251,80,7,62.73422622680664,-223.36514282226562,-71.32189178466797,-252.84530639648438,-15.334131240844727,-223.30340576171875,5.858976850509643,5.858494281768799
40,12.554,80,7,62.73422622680664,-223.36514282226562,-71.32189178466797,-252.84530639648438,-160.67738342285156,-222.406982421875,5.881911382675171,5.8945159912109375
41,12.87,84,7,62.73422622680664,-223.36514282226562,-71.28456115722656,-252.44699096679688,-140.94117736816406,-221.16976928710938,5.859364366531372,5.807166576385498
42,13.179,84,7,62.73422622680664,-223.36514282226562,-71.28456115722656,-252.44699096679688,114.1762924194336,-255.64141845703125,5.872917222976684,5.954361915588379
43,13.492,88,7,74.29036712646484,-223.36514282226562,-68.03730010986328,-252.73548889160156,85.14069366455078,-253.61624145507812,5.8645602989196775,5.852292537689209
44,13.797,88,7,74.29036712646484,-223.36514282226562,-68.03730010986328,-252.73548889160156,96.3582763671875,-239.65609741210938,5.877906589508057,5.801222801208496
45,14.247,92,7,74.29036712646484,-223.36514282226562,-66.50658416748047,-252.7184600830078,61.95696258544922,-237.94544982910156,5.871580324172974,5.944377422332764
46,14.56,92,7,74.29036712646484,-223.36514282226562,-66.50658416748047,-252.7184600830078,-155.08404541015625,-221.8732147216797,5.876193294525146,5.916439533233643
47,14.877,96,7,74.29036712646484,-223.36514282226562,-68.31922149658203,-252.3390350341797,-163.2548828125,-219.87916564941406,5.867222709655762,5.852506637573242
48,15.184,96,7,74.29036712646484,-223.36514282226562,-68.31922149658203,-252.3390350341797,-21.860092163085938,-222.34690856933594,5.865851058959961,5.913290023803711
49,15.501,100,7,74.29036712646484,-223.36514282226562,-68.5140609741211,-252.1524200439453,-159.2342987060547,-221.05348205566406,5.854141550064087,5.819775104522705
50,15.839,100,7,74.29036712646484,-223.36514282226562,-68.5140609741211,-252.1524200439453,87.02519226074219,-253.98045349121094,5.863298740386963,5.815221309661865
51,16.187,104,7,74.29036712646484,-223.36514282226562,-71.53678894042969,-252.22213745117188,62.14712905883789,-242.8756866455078,5.861031007766724,5.882901191711426
52,16.498,104,7,74.29036712646484,-223.36514282226562,-71.53678894042969,-252.22213745117188,5.190162181854248,-223.9097900390625,5.834993515014649,5.75631856918335
53,16.81,108,7,74.29036712646484,-223.36514282226562,-72.27632904052734,-252.38629150390625,96.75135803222656,-252.0656280517578,5.860025577545166,5.7341461181640625
54,17.113,108,7,74.29036712646484,-223.36514282226562,-72.27632904052734,-252.38629150390625,-146.62307739257812,-218.8588409423828,5.873872003555298,5.996586799621582
55,17.48,112,8,74.29036712646484,-223.36514282226562,-73.91907501220703,-252.17494201660156,-161.05718994140625,-219.2298126220703,5.865096874237061,5.942530155181885
56,17.816,112,8,74.29036712646484,-223.36514282226562,-73.91907501220703,-252.17494201660156,-52.87287521362305,-222.17715454101562,5.835879144668579,5.85653018951416
57,18.136,116,6,77.43274688720703,-223.36514282226562,-72.19351959228516,-251.8636016845703,-156.3551788330078,-221.7920684814453,5.845955858230591,5.911740303039551
58,18.442,116,6,77.43274688720703,-223.36514282226562,-72.19351959228516,-251.8636016845703,-144.07608032226562,-220.22044372558594,5.85356291770935,5.838811874389648
59,18.757,120,6,77.43274688720703,-223.36514282226562,-72.1536636352539,-252.13153076171875,100.4885482788086,-241.70968627929688,5.854887580871582,5.795897483825684
60,19.067,120,6,77.43274688720703,-223.36514282226562,-72.1536636352539,-252.13153076171875,-161.80404663085938,-223.10586547851562,5.848386688232422,5.73117208480835
61,19.387,124,6,77.43274688720703,-223.36514282226562,-72.57755279541016,-252.0859832763672,82.83184814453125,-238.56521606445312,5.827383584976197,5.807842254638672
62,19.76,124,6,77.43274688720703,-223.36514282226562,-72.57755279541016,-252.0859832763672,-47.08647155761719,-225.2289581298828,5.864508056640625,5.8033342361450195
63,20.123,128,6,77.43274688720703,-223.36514282226562,-73.09867858886719,-251.85446166992188,-158.64183044433594,-222.39952087402344,5.872248744964599,5.942935466766357
64,20.482,128,6,77.43274688720703,-223.36514282226562,-73.09867858886719,-251.85446166992188,-131.80203247070312,-223.3346710205078,5.850854091644287,5.939399719238281
65,20.807,132,6,77.43274688720703,-223.36514282226562,-71.48811340332031,-252.07315063476562,144.01612854003906,-241.75833129882812,5.868125047683716,5.827197074890137
66,21.108,132,6,77.43274688720703,-223.36514282226562,-71.48811340332031,-252.07315063476562,-140.33248901367188,-221.3765869140625,5.838853282928467,5.79945182800293
67,21.422,136,6,77.43274688720703,-223.36514282226562,-73.43392181396484,-251.89723205566406,-50.17226028442383,-223.47003173828125,5.844799823760987,5.787668704986572
68,21.73,136,6,77.43274688720703,-223.36514282226562,-73.43392181396484,-251.89723205566406,107.39374542236328,-241.21829223632812,5.861206483840943,5.7884087562561035
69,22.045,140,6,77.43274688720703,-223.36514282226562,-74.20706176757812,-251.91702270507812,94.7652587890625,-242.05934143066406,5.8708721542358395,5.875716686248779
70,22.355,140,6,77.43274688720703,-223.36514282226562,-74.20706176757812,-251.91702270507812,-2.834305763244629,-238.44898986816406,5.846074953079223,5.745979309082031
71,22.673,144,6,77.43274688720703,-223.36514282226562,-74.16987609863281,-252.03387451171875,84.13848114013672,-241.72373962402344,5.853250379562378,6.032540798187256
72,23.011,144,6,77.43274688720703,-223.36514282226562,-74.16987609863281,-252.03387451171875,98.73949432373047,-239.37362670898438,5.872217607498169,5.818970680236816
73,23.365,148,6,77.43274688720703,-223.36514282226562,-74.60970306396484,-252.1620635986328,78.29022979736328,-241.09024047851562,5.868648710250855,5.901023864746094
74,23.688,148,6,77.43274688720703,-223.36514282226562,-74.60970306396484,-252.1620635986328,-51.42543411254883,-224.0047607421875,5.845717096328736,5.764784336090088
75,24.03,152,6,77.43274688720703,-223.36514282226562,-74.7948989868164,-252.24331665039062,-10.289002418518066,-239.2871551513672,5.851884098052978,5.874605178833008
76,24.398,152,6,77.43274688720703,-223.36514282226562,-74.7948989868164,-252.24331665039062,-157.46536254882812,-221.8472900390625,5.861443014144897,5.88036584854126
77,24.718,156,6,77.43274688720703,-223.36514282226562,-74.39835357666016,-251.904052734375,-163.45529174804688,-220.7189178466797,5.845661687850952,5.98396110534668
78,25.027,156,6,77.43274688720703,-223.36514282226562,-74.39835357666016,-251.904052734375,58.78260803222656,-239.73812866210938,5.859937219619751,5.868258953094482
79,25.344,160,6,77.43274688720703,-223.36514282226562,-74.45467376708984,-251.84994506835938,-19.670488357543945,-223.0328826904297,5.855899515151978,5.91058874130249
80,25.652,160,6,77.43274688720703,-223.36514282226562,-74.45467376708984,-251.84994506835938,-146.670166015625,-220.10450744628906,5.828482389450073,5.8131866455078125
81,25.964,164,6,77.43274688720703,-223.36514282226562,-74.75827026367188,-251.81747436523438,59.85200881958008,-235.57635498046875,5.847809791564941,5.75705099105835
82,26.276,164,6,77.43274688720703,-223.36514282226562,-74.75827026367188,-251.81747436523438,98.77388000488281,-242.25485229492188,5.854163913726807,5.884494781494141
83,26.598,168,6,77.43274688720703,-223.36514282226562,-74.78409576416016,-251.79859924316406,127.51471710205078,-240.94692993164062,5.839763946533203,5.72748327255249
84,26.994,168,6,77.43274688720703,-223.36514282226562,-74.78409576416016,-251.79859924316406,-44.29513168334961,-224.1386260986328,5.853120899200439,5.686834812164307
85,27.316,172,6,77.43274688720703,-223.36514282226562,-73.494384765625,-251.67132568359375,-109.93264770507812,-220.65640258789062,5.8542325401306154,5.842357635498047
86,27.624,172,6,77.43274688720703,-223.36514282226562,-73.494384765625,-251.67132568359375,-142.8361358642578,-221.6251983642578,5.857447910308838,5.976010322570801
87,27.938,176,6,77.43274688720703,-223.36514282226562,-73.96936798095703,-251.74464416503906,86.0591812133789,-242.26918029785156,5.8422736644744875,5.872657299041748
88,28.246,176,6,77.43274688720703,-223.36514282226562,-73.96936798095703,-251.74464416503906,-119.9754638671875,-222.53643798828125,5.844846963882446,5.748946189880371
89,28.562,180,6,77.43274688720703,-223.36514282226562,-76.47713470458984,-251.61610412597656,-20.36598014831543,-225.4576416015625,5.852962770462036,5.881691932678223
90,28.87,180,6,77.43274688720703,-223.36514282226562,-76.47713470458984,-251.61610412597656,-49.865535736083984,-221.32875061035156,5.831558122634887,5.914164066314697
91,29.227,184,6,77.43274688720703,-223.36514282226562,-76.51164245605469,-251.48513793945312,21.324880599975586,-235.31822204589844,5.835676097869873,5.762600898742676
92,29.61,184,6,77.43274688720703,-223.36514282226562,-76.51164245605469,-251.48513793945312,-44.73460006713867,-225.1484375,5.8369435214996335,5.885156631469727
93,29.942,188,6,77.43274688720703,-223.36514282226562,-77.23188018798828,-251.5485382080078,75.52601623535156,-232.7190399169922,5.814253187179565,5.764575004577637
94,30.255,188,6,77.43274688720703,-223.36514282226562,-77.23188018798828,-251.5485382080078,-33.93085479736328,-222.18174743652344,5.818230361938476,5.778141021728516
95,30.57,192,6,77.43274688720703,-223.36514282226562,-76.81603240966797,-251.37489318847656,-133.5818328857422,-222.9892120361328,5.851161975860595,5.9498395919799805
96,30.879,192,6,77.43274688720703,-223.36514282226562,-76.81603240966797,-251.37489318847656,34.2710075378418,-234.93666076660156,5.838739347457886,5.759200572967529
97,31.194,196,6,77.43274688720703,-223.36514282226562,-77.88148498535156,-251.21556091308594,-144.2232666015625,-219.88076782226562,5.814922409057617,5.776065349578857
98,31.502,196,6,77.43274688720703,-223.36514282226562,-77.88148498535156,-251.21556091308594,-48.050323486328125,-223.35617065429688,5.844026575088501,5.901155948638916
99,31.819,200,6,77.43274688720703,-223.36514282226562,-77.35391998291016,-251.23109436035156,79.74537658691406,-241.3268585205078,5.827782640457153,5.789926528930664
100,32.128,200,6,77.43274688720703,-223.36514282226562,-77.35391998291016,-251.23109436035156,-152.15419006347656,-222.0463409423828,5.8440721988677975,5.8543806076049805
101,32.458,200,6,77.43274688720703,-223.36514282226562,-75.62117767333984,-249.92543029785156,-46.32990646362305,-223.6068572998047,5.80738899230957,5.8720479011535645
102,32.771,200,6,77.43274688720703,-223.36514282226562,-75.62117767333984,-249.92543029785156,-36.68824005126953,-224.33621215820312,5.798385162353515,5.690489768981934
103,33.157,200,4,97.07325744628906,-236.0940704345703,-73.83972930908203,-250.4022979736328,79.24031829833984,-240.35841369628906,5.825185260772705,5.829169273376465
104,33.462,200,4,97.07325744628906,-236.0940704345703,-73.83972930908203,-250.4022979736328,25.568239212036133,-235.73670959472656,5.815693969726563,5.648298263549805
105,33.782,200,5,97.07325744628906,-236.0940704345703,-73.99551391601562,-250.0049591064453,19.692720413208008,-234.8876495361328,5.822748775482178,5.869185447692871
106,34.093,200,5,97.07325744628906,-236.0940704345703,-73.99551391601562,-250.0049591064453,59.32033157348633,-239.22244262695312,5.814611616134644,5.81022834777832
107,34.457,200,5,97.07325744628906,-236.0940704345703,-74.2206802368164,-249.91183471679688,28.51656150817871,-232.98121643066406,5.794495096206665,5.807645797729492
108,34.765,200,5,97.07325744628906,-236.0940704345703,-74.2206802368164,-249.91183471679688,24.207746505737305,-235.84072875976562,5.822734460830689,5.754254341125488
109,35.083,200,5,97.07325744628906,-236.0940704345703,-73.63951873779297,-249.87220764160156,99.94256591796875,-251.3988037109375,5.821421689987183,5.703476428985596
110,35.39,200,5,97.07325744628906,-236.0940704345703,-73.63951873779297,-249.87220764160156,19.48240089416504,-235.395263671875,5.807793483734131,5.75693416595459
111,35.709,200,5,97.07325744628906,-236.0940704345703,-71.39729309082031,-249.89324951171875,88.1974868774414,-240.4144287109375,5.796101627349853,5.793012619018555
112,36.02,200,5,97.07325744628906,-236.0940704345703,-71.39729309082031,-249.89324951171875,49.532649993896484,-235.28981018066406,5.8138401222229,5.911637783050537
113,36.336,200,5,97.07325744628906,-236.0940704345703,-70.06427001953125,-249.90953063964844,97.19010925292969,-249.60142517089844,5.815463237762451,5.793582439422607
114,36.643,200,5,97.07325744628906,-236.0940704345703,-70.06427001953125,-249.90953063964844,80.51666259765625,-238.83029174804688,5.804530639648437,5.9375433921813965
115,36.961,200,5,97.07325744628906,-236.0940704345703,-71.71926879882812,-249.77328491210938,59.29641342163086,-238.3876953125,5.786644420623779,5.773191452026367
116,37.27,200,5,97.07325744628906,-236.0940704345703,-71.71926879882812,-249.77328491210938,53.9664306640625,-236.34487915039062,5.809047794342041,5.867727756500244
117,37.587,200,5,97.07325744628906,-236.0940704345703,-68.14550018310547,-249.78143310546875,17.019832611083984,-234.93878173828125,5.816084632873535,5.842518329620361
118,37.895,200,5,97.07325744628906,-236.0940704345703,-68.14550018310547,-249.78143310546875,103.84895324707031,-250.93714904785156,5.79379246711731,5.7901835441589355
119,38.211,200,5,97.07325744628906,-236.0940704345703,-68.18633270263672,-249.7012939453125,99.34808349609375,-249.74813842773438,5.808815021514892,5.711090087890625
120,38.519,200,5,97.07325744628906,-236.0940704345703,-68.18633270263672,-249.7012939453125,53.11983871459961,-237.7589569091797,5.811443634033203,5.825385570526123
121,38.839,200,5,97.07325744628906,-236.0940704345703,-68.8021469116211,-249.4754638671875,50.89664840698242,-236.9532470703125,5.791949243545532,5.878498077392578
122,39.156,200,5,97.07325744628906,-236.0940704345703,-68.8021469116211,-249.4754638671875,23.86775779724121,-235.09979248046875,5.7913213634490965,5.800833225250244
123,39.479,200,5,97.07325744628906,-236.0940704345703,-67.78274536132812,-249.45962524414062,102.12200164794922,-249.4659423828125,5.796449737548828,5.701193332672119
124,39.787,200,5,97.07325744628906,-236.0940704345703,-67.78274536132812,-249.45962524414062,97.70221710205078,-251.38894653320312,5.795220251083374,5.958689212799072
125,40.104,200,4,97.07325744628906,-236.0940704345703,-69.30591583251953,-249.54913330078125,112.45464324951172,-250.7792510986328,5.804641695022583,5.749276161193848
126,40.412,200,4,97.07325744628906,-236.0940704345703,-69.30591583251953,-249.54913330078125,87.66216278076172,-240.541015625,5.7869766998291015,5.931446552276611
127,40.73,200,4,97.07325744628906,-236.0940704345703,-69.43421173095703,-249.54820251464844,20.91425132751465,-234.8560028076172,5.788260555267334,5.9185051918029785
128,41.038,200,4,97.07325744628906,-236.0940704345703,-69.43421173095703,-249.54820251464844,98.47993469238281,-251.07374572753906,5.807101049423218,5.688784599304199
129,41.355,200,4,97.07325744628906,-236.0940704345703,-70.60233306884766,-249.64230346679688,51.38786697387695,-238.3902130126953,5.794013328552246,5.881552219390869
130,41.662,200,4,97.07325744628906,-236.0940704345703,-70.60233306884766,-249.64230346679688,52.17518615722656,-238.46212768554688,5.800409107208252,5.867702007293701
131,41.983,200,4,97.07325744628906,-236.0940704345703,-68.46792602539062,-249.8527374267578,112.83169555664062,-251.02621459960938,5.784250631332397,5.79892635345459
132,42.297,200,4,97.07325744628906,-236.0940704345703,-68.46792602539062,-249.8527374267578,83.6914291381836,-240.58273315429688,5.7963847732543945,5.8463358879089355
133,42.616,200,4,97.07325744628906,-236.0940704345703,-69.43620300292969,-249.69937133789062,17.04205894470215,-234.85533142089844,5.78763557434082,5.718192100524902
134,42.925,200,4,97.07325744628906,-236.0940704345703,-69.43620300292969,-249.69937133789062,88.2171859741211,-239.93138122558594,5.7923518085479735,5.797605514526367
135,43.242,200,4,97.07325744628906,-236.0940704345703,-69.68328857421875,-249.84765625,108.76189422607422,-250.64395141601562,5.776775093078613,5.796441555023193
136,43.554,200,4,97.07325744628906,-236.0940704345703,-69.68328857421875,-249.84765625,20.78186798095703,-233.7830352783203,5.770494003295898,5.879376411437988
137,43.875,200,4,97.07325744628906,-236.0940704345703,-70.53427124023438,-249.6189422607422,18.10915184020996,-233.5069580078125,5.780435276031494,5.7476091384887695
138,44.199,200,4,97.07325744628906,-236.0940704345703,-70.53427124023438,-249.6189422607422,78.39501190185547,-239.9322967529297,5.791957817077637,5.816775798797607
139,44.528,200,5,97.07325744628906,-236.0940704345703,-69.58137512207031,-249.66595458984375,80.27980041503906,-240.07481384277344,5.7861980533599855,5.807995796203613
140,44.835,200,5,97.07325744628906,-236.0940704345703,-69.58137512207031,-249.66595458984375,111.922607421875,-248.2724609375,5.789578714370728,5.8037872314453125
141,45.155,200,6,97.07325744628906,-236.0940704345703,-69.26991271972656,-249.73394775390625,93.69386291503906,-239.6970672607422,5.776139488220215,5.7727460861206055
142,45.466,200,6,97.07325744628906,-236.0940704345703,-69.26991271972656,-249.73394775390625,82.36670684814453,-237.35166931152344,5.809189157485962,5.871824264526367
143,45.783,200,7,160.6846923828125,-236.0940704345703,-69.12225341796875,-249.64007568359375,84.09664916992188,-240.57362365722656,5.778692579269409,5.71140193939209
144,46.092,200,7,160.6846923828125,-236.0940704345703,-69.12225341796875,-249.64007568359375,162.3292236328125,-253.65684509277344,5.789150876998901,5.813040733337402
145,46.41,200,7,160.6846923828125,-236.0940704345703,-70.01669311523438,-249.60105895996094,93.3920669555664,-249.0511474609375,5.812910633087158,5.799121379852295
146,46.727,200,7,160.6846923828125,-236.0940704345703,-70.01669311523438,-249.60105895996094,124.69111633300781,-250.7124481201172,5.774742431640625,5.833386421203613
147,47.043,200,7,160.6846923828125,-236.0940704345703,-69.4769287109375,-249.67791748046875,18.139142990112305,-235.46839904785156,5.775836915969848,5.704957962036133
148,47.35,200,7,160.6846923828125,-236.0940704345703,-69.4769287109375,-249.67791748046875,80.29084014892578,-248.96044921875,5.779806623458862,5.879892349243164
149,47.666,200,8,160.6846923828125,-235.44012451171875,-70.0937271118164,-249.50103759765625,25.752151489257812,-233.6435089111328,5.770517778396607,5.718706130981445
150,47.974,200,8,160.6846923828125,-235.44012451171875,-70.0937271118164,-249.50103759765625,-118.52082061767578,-233.3201141357422,5.7758024883270265,5.682170867919922
151,48.294,200,8,160.6846923828125,-235.44012451171875,-69.99048614501953,-249.30496215820312,85.34143829345703,-247.27870178222656,5.7649170017242435,5.606971740722656
152,48.606,200,8,160.6846923828125,-235.44012451171875,-69.99048614501953,-249.30496215820312,-151.76910400390625,-235.0393829345703,5.77958041191101,5.8693037033081055
153,48.923,200,8,160.6846923828125,-235.44012451171875,-69.79757690429688,-249.20103454589844,221.3949432373047,-253.3158721923828,5.762853937149048,5.669926643371582
154,49.241,200,8,160.6846923828125,-235.44012451171875,-69.79757690429688,-249.20103454589844,-158.54296875,-231.88107299804688,5.775635499954223,5.6584391593933105
155,49.562,200,8,160.6846923828125,-235.44012451171875,-68.55656433105469,-249.16236877441406,122.4798812866211,-238.09771728515625,5.765152931213379,5.712559700012207
156,49.869,200,8,160.6846923828125,-235.44012451171875,-68.55656433105469,-249.16236877441406,-177.88906860351562,-235.24339294433594,5.775068893432617,5.708507537841797
157,50.187,200,8,160.6846923828125,-235.44012451171875,-69.626220703125,-249.2342529296875,191.76962280273438,-253.9047088623047,5.759691514968872,5.653219223022461
158,50.496,200,8,160.6846923828125,-235.44012451171875,-69.626220703125,-249.2342529296875,120.59811401367188,-249.4552764892578,5.77053786277771,5.829812049865723
159,50.813,200,9,160.6846923828125,-235.44012451171875,-68.46115112304688,-248.8524169921875,70.05579376220703,-238.7186279296875,5.7918779659271244,5.812351226806641
160,51.143,200,9,160.6846923828125,-235.44012451171875,-68.46115112304688,-248.8524169921875,-178.057373046875,-233.16012573242188,5.758819427490234,5.6661553382873535
161,51.459,200,9,160.6846923828125,-235.44012451171875,-69.14810943603516,-248.7781982421875,110.52056121826172,-249.65602111816406,5.755329160690308,5.741457462310791
162,51.77,200,9,160.6846923828125,-235.44012451171875,-69.14810943603516,-248.7781982421875,-155.65028381347656,-231.1585693359375,5.7731202030181885,5.666327476501465
163,52.086,200,9,160.6846923828125,-235.44012451171875,-68.7857437133789,-248.86312866210938,109.87318420410156,-247.8765106201172,5.751849384307861,5.737999439239502
164,52.393,200,9,160.6846923828125,-235.44012451171875,-68.7857437133789,-248.86312866210938,62.84109878540039,-238.57640075683594,5.740477180480957,5.703188419342041
165,52.71,200,9,160.6846923828125,-235.44012451171875,-69.61641693115234,-248.55596923828125,28.64458656311035,-231.35604858398438,5.777972049713135,5.885506629943848
166,53.019,200,9,160.6846923828125,-235.44012451171875,-69.61641693115234,-248.55596923828125,175.66514587402344,-253.14369201660156,5.738680877685547,5.720951080322266
167,53.349,200,9,160.6846923828125,-235.44012451171875,-67.20953369140625,-248.62725830078125,126.63935852050781,-249.3503875732422,5.763910884857178,5.768589973449707
168,53.656,200,9,160.6846923828125,-235.44012451171875,-67.20953369140625,-248.62725830078125,-139.3569793701172,-231.7410430908203,5.731097240447998,5.745697021484375
169,53.974,200,7,160.6846923828125,-235.44012451171875,-65.3051528930664,-248.5566864013672,201.05093383789062,-255.24037170410156,5.762862186431885,5.774784088134766
170,54.295,200,7,160.6846923828125,-235.44012451171875,-65.3051528930664,-248.5566864013672,-157.9816131591797,-232.43336486816406,5.7363686275482175,5.719339370727539
171,54.619,200,7,160.6846923828125,-233.21072387695312,-64.37118530273438,-248.1575927734375,-130.5262451171875,-234.48094177246094,5.730030241012574,5.7691731452941895
172,54.931,200,7,160.6846923828125,-233.21072387695312,-64.37118530273438,-248.1575927734375,190.92889404296875,-254.60911560058594,5.7642708587646485,5.797547340393066
173,55.247,200,7,160.6846923828125,-233.21072387695312,-63.543312072753906,-247.89923095703125,80.34941101074219,-240.42599487304688,5.741328687667846,5.7559309005737305
174,55.555,200,7,160.6846923828125,-233.21072387695312,-63.543312072753906,-247.89923095703125,-18.492813110351562,-232.27049255371094,5.727791624069214,5.779621601104736
175,55.941,200,7,160.6846923828125,-233.21072387695312,-62.824501037597656,-247.88230895996094,177.2415771484375,-254.84942626953125,5.735537061691284,5.76673698425293
176,56.248,200,7,160.6846923828125,-233.21072387695312,-62.824501037597656,-247.88230895996094,174.3032989501953,-253.8610076904297,5.738986778259277,5.691082000732422
177,56.564,200,8,160.6846923828125,-226.99513244628906,-64.43475341796875,-247.78004455566406,56.830718994140625,-231.4296875,5.730958576202393,5.828972816467285
178,56.873,200,8,160.6846923828125,-226.99513244628906,-64.43475341796875,-247.78004455566406,177.7696533203125,-248.6180877685547,5.722933006286621,5.666724681854248
179,57.19,200,8,160.6846923828125,-226.99513244628906,-63.518035888671875,-247.49928283691406,-166.36456298828125,-225.0682373046875,5.727841901779175,5.611302375793457
180,57.497,200,8,160.6846923828125,-226.99513244628906,-63.518035888671875,-247.49928283691406,-129.7180633544922,-225.7601776123047,5.713631935119629,5.717045783996582
181,57.817,200,8,160.6846923828125,-226.99513244628906,-63.51161193847656,-247.5037841796875,164.55152893066406,-252.5316162109375,5.728750524520874,5.771871566772461
182,58.128,200,8,160.6846923828125,-226.99513244628906,-63.51161193847656,-247.5037841796875,171.6918182373047,-254.04696655273438,5.737994451522827,5.767605304718018
183,58.445,200,8,160.6846923828125,-226.99513244628906,-63.11614227294922,-247.44308471679688,167.40151977539062,-253.05638122558594,5.714269313812256,5.544676780700684
184,58.755,200,8,160.6846923828125,-226.99513244628906,-63.11614227294922,-247.44308471679688,165.2196502685547,-254.7763671875,5.761152935028076,5.658451080322266
185,59.074,200,8,160.6846923828125,-226.99513244628906,-63.0951042175293,-247.50926208496094,162.75418090820312,-252.50685119628906,5.731596670150757,5.777186870574951
186,59.392,200,8,160.6846923828125,-226.99513244628906,-63.0951042175293,-247.50926208496094,177.2335662841797,-254.21142578125,5.728065013885498,5.787294387817383
187,59.71,200,8,160.6846923828125,-226.99513244628906,-64.10897827148438,-247.40609741210938,169.10464477539062,-254.68177795410156,5.714160346984864,5.775880336761475
188,60.018,200,8,160.6846923828125,-226.99513244628906,-64.10897827148438,-247.40609741210938,86.57777404785156,-238.70529174804688,5.732018566131591,5.687756061553955
189,60.335,200,9,160.6846923828125,-226.99513244628906,-60.855995178222656,-247.27879333496094,84.13465881347656,-235.84295654296875,5.718837280273437,5.691336154937744
190,60.643,200,9,160.6846923828125,-226.99513244628906,-60.855995178222656,-247.27879333496094,97.96100616455078,-235.70045471191406,5.714120359420776,5.745596885681152
191,60.963,200,9,160.6846923828125,-226.99513244628906,-62.359188079833984,-247.3975372314453,161.1717529296875,-253.1441192626953,5.7286989212036135,5.820899486541748
192,61.274,200,9,160.6846923828125,-226.99513244628906,-62.359188079833984,-247.3975372314453,120.58763885498047,-245.26353454589844,5.725146961212158,5.797120571136475
193,61.591,200,9,160.6846923828125,-226.99513244628906,-61.60714340209961,-247.29039001464844,127.56802368164062,-248.31716918945312,5.736170110702514,5.762823104858398
194,61.9,200,9,160.6846923828125,-226.99513244628906,-61.60714340209961,-247.29039001464844,94.51536560058594,-235.7025909423828,5.7103707981109615,5.709765911102295
195,62.218,200,9,160.6846923828125,-226.99513244628906,-61.12970733642578,-247.4384002685547,169.4947052001953,-252.60850524902344,5.729253063201904,5.803679466247559
196,62.526,200,9,160.6846923828125,-226.99513244628906,-61.12970733642578,-247.4384002685547,-163.86196899414062,-222.68447875976562,5.737813901901245,5.708648204803467
197,62.846,200,9,160.6846923828125,-226.99513244628906,-59.12126922607422,-247.44448852539062,78.63607788085938,-237.78318786621094,5.740149278640747,5.938474178314209
198,63.155,200,9,160.6846923828125,-226.99513244628906,-59.12126922607422,-247.44448852539062,186.53126525878906,-251.91004943847656,5.723545198440552,5.744009971618652
199,63.473,200,9,160.6846923828125,-226.99513244628906,-59.74208068847656,-247.40338134765625,192.12054443359375,-253.28546142578125,5.722856464385987,5.65734338760376
200,63.781,200,9,160.6846923828125,-226.99513244628906,-59.74208068847656,-247.40338134765625,-142.10235595703125,-224.9053955078125,5.712226753234863,5.7353057861328125
