iteration,wall_time_s,n_trajectories,pareto_front_size,best_obj0,best_obj1,mean_episode_return_obj0,mean_episode_return_obj1,target_obj0,target_obj1,bc_loss_mean,bc_loss_last
1,0.302,4,2,113.47636413574219,-304.5196838378906,49.311279296875,-309.2607727050781,9.323224067687988,-1.3484240770339966,6.580379581451416,6.493884086608887
2,0.595,4,2,113.47636413574219,-304.5196838378906,49.311279296875,-309.2607727050781,-5.265491962432861,14.585269927978516,6.520333728790283,6.456503868103027
3,0.895,8,4,113.47636413574219,-224.70721435546875,-19.396699905395508,-268.08782958984375,6.302014350891113,-24.201292037963867,6.0816696262359615,6.1363019943237305
4,1.188,8,4,113.47636413574219,-224.70721435546875,-19.396699905395508,-268.08782958984375,20.079059600830078,-225.34976196289062,6.049160852432251,6.119566917419434
5,1.487,12,4,113.47636413574219,-224.70721435546875,-52.21455383300781,-263.9276123046875,87.0521469116211,-299.70526123046875,6.043807210922242,6.042161464691162
6,1.783,12,4,113.47636413574219,-224.70721435546875,-52.21455383300781,-263.9276123046875,-40.18644332885742,-219.49844360351562,6.015434818267822,6.134481906890869
7,2.121,16,6,113.47636413574219,-224.70721435546875,-47.36638641357422,-263.35943603515625,128.93116760253906,-304.76324462890625,6.028015384674072,5.968036651611328
8,2.433,16,6,113.47636413574219,-224.70721435546875,-47.36638641357422,-263.35943603515625,-29.729734420776367,-219.37937927246094,5.999796199798584,5.91525411605835
9,2.735,20,7,113.47636413574219,-224.70721435546875,-59.08805465698242,-263.1358947753906,91.51791381835938,-297.9194030761719,6.0273097896575925,6.101751327514648
10,3.033,20,7,113.47636413574219,-224.70721435546875,-59.08805465698242,-263.1358947753906,-36.176177978515625,-222.8669891357422,6.019204378128052,5.971212387084961
11,3.356,24,7,113.47636413574219,-224.70721435546875,-73.4393081665039,-259.8039855957031,-43.75944900512695,-217.4461212158203,5.975469064712525,5.904851913452148
12,3.653,24,7,113.47636413574219,-224.70721435546875,-73.4393081665039,-259.8039855957031,-51.590431213378906,-223.353515625,5.974025316238404,6.00096321105957
13,3.956,28,7,113.47636413574219,-224.70721435546875,-77.7735824584961,-256.3177185058594,-45.34035110473633,-211.88809204101562,5.9538579940795895,5.941976070404053
14,4.251,28,7,113.47636413574219,-224.70721435546875,-77.7735824584961,-256.3177185058594,20.984785079956055,-222.23220825195312,5.937838554382324,5.942888259887695
15,4.557,32,5,113.47636413574219,-224.70721435546875,-75.8664321899414,-255.81210327148438,5.802008628845215,-227.8721466064453,5.94613748550415,5.916539669036865
16,4.858,32,5,113.47636413574219,-224.70721435546875,-75.8664321899414,-255.81210327148438,-45.26249694824219,-224.5689697265625,5.919615468978882,5.846199989318848
17,5.164,36,6,113.47636413574219,-224.70721435546875,-70.19025421142578,-253.10577392578125,-50.680667877197266,-213.10174560546875,5.903248863220215,5.91779899597168
18,5.462,36,6,113.47636413574219,-224.70721435546875,-70.19025421142578,-253.10577392578125,114.05946350097656,-302.7153015136719,5.878720741271973,5.933803558349609
19,5.767,40,6,113.47636413574219,-224.70721435546875,-70.26046752929688,-253.5691375732422,98.1326904296875,-299.3118896484375,5.897987575531006,5.904268741607666
20,6.064,40,6,113.47636413574219,-224.70721435546875,-70.26046752929688,-253.5691375732422,-42.353416442871094,-220.0428924560547,5.900832262039184,5.962446212768555
21,6.37,44,6,113.47636413574219,-224.70721435546875,-72.66522216796875,-251.56430053710938,-28.97976303100586,-214.20364379882812,5.868872699737548,5.891448020935059
22,6.666,44,6,113.47636413574219,-224.70721435546875,-72.66522216796875,-251.56430053710938,-16.140443801879883,-216.8302459716797,5.874002695083618,5.944074630737305
23,6.971,48,6,113.47636413574219,-224.70721435546875,-70.47396087646484,-251.6586151123047,92.95719909667969,-243.13644409179688,5.872332000732422,5.937085151672363
24,7.27,48,6,113.47636413574219,-224.70721435546875,-70.47396087646484,-251.6586151123047,-43.84964370727539,-223.20533752441406,5.880487623214722,5.873534202575684
25,7.58,52,6,113.47636413574219,-224.70721435546875,-70.50961303710938,-252.17742919921875,116.79595184326172,-300.5251770019531,5.899545040130615,6.0003886222839355
26,7.879,52,6,113.47636413574219,-224.70721435546875,-70.50961303710938,-252.17742919921875,59.9853515625,-226.15838623046875,5.8872018146514895,5.891031265258789
27,8.186,56,6,113.47636413574219,-224.70721435546875,-65.77800750732422,-251.04592895507812,-33.32072830200195,-220.69686889648438,5.8840097808837895,5.917566299438477
28,8.485,56,6,113.47636413574219,-224.70721435546875,-65.77800750732422,-251.04592895507812,3.7927067279815674,-225.6704559326172,5.861963939666748,5.93349027633667
29,8.79,60,6,113.47636413574219,-224.70721435546875,-69.57601928710938,-250.38804626464844,-38.04676055908203,-222.32688903808594,5.864729022979736,5.845016002655029
30,9.086,60,6,113.47636413574219,-224.70721435546875,-69.57601928710938,-250.38804626464844,4.695342063903809,-219.9539337158203,5.864691896438599,5.849937438964844
31,9.435,64,5,113.47636413574219,-224.70721435546875,-68.95706176757812,-249.24310302734375,-46.2597770690918,-216.83090209960938,5.851175718307495,5.890233516693115
32,9.754,64,5,113.47636413574219,-224.70721435546875,-68.95706176757812,-249.24310302734375,149.62388610839844,-309.3631896972656,5.8610802841186525,5.881301403045654
33,10.062,68,5,113.47636413574219,-224.70721435546875,-67.27245330810547,-248.4783172607422,86.07421875,-229.478271484375,5.8356178092956545,5.714507579803467
34,10.359,68,5,113.47636413574219,-224.70721435546875,-67.27245330810547,-248.4783172607422,-52.94538116455078,-224.66448974609375,5.8495879650115965,5.840038299560547
35,10.675,72,5,113.47636413574219,-224.70721435546875,-68.4266586303711,-248.67250061035156,117.76055908203125,-301.3839111328125,5.858417606353759,5.793880462646484
36,10.973,72,5,113.47636413574219,-224.70721435546875,-68.4266586303711,-248.67250061035156,115.04583740234375,-295.5343933105469,5.846306037902832,5.903316020965576
37,11.277,76,4,154.9108123779297,-224.70721435546875,-62.59978103637695,-248.09254455566406,3.158163547515869,-223.64453125,5.82877100944519,5.82252311706543
38,11.577,76,4,154.9108123779297,-224.70721435546875,-62.59978103637695,-248.09254455566406,-31.964725494384766,-221.79483032226562,5.8566442966461185,5.899819374084473
39,11.893,80,4,154.9108123779297,-224.70721435546875,-63.29057693481445,-247.3896942138672,100.6235122680664,-229.20437622070312,5.815464878082276,5.789482593536377
40,12.193,80,4,154.9108123779297,-224.70721435546875,-63.29057693481445,-247.3896942138672,171.2530975341797,-238.89932250976562,5.8354629707336425,5.874422550201416
41,12.5,84,4,154.9108123779297,-224.70721435546875,-62.96748352050781,-247.07614135742188,-41.99627685546875,-224.6260223388672,5.8307927799224855,5.916006565093994
42,12.802,84,4,154.9108123779297,-224.70721435546875,-62.96748352050781,-247.07614135742188,92.55907440185547,-228.9684600830078,5.826582841873169,5.92594575881958
43,13.121,88,4,154.9108123779297,-224.70721435546875,-63.4778938293457,-246.76202392578125,7.98335599899292,-226.08628845214844,5.8393343067169186,5.76448917388916
44,13.418,88,4,154.9108123779297,-224.70721435546875,-63.4778938293457,-246.76202392578125,181.994873046875,-237.50503540039062,5.8258358764648435,5.783324241638184
45,13.723,92,3,154.9108123779297,-224.70721435546875,-62.543907165527344,-245.97242736816406,-53.09780502319336,-221.58836364746094,5.814126167297363,5.810831069946289
46,14.026,92,3,154.9108123779297,-224.70721435546875,-62.543907165527344,-245.97242736816406,-43.910377502441406,-223.3567352294922,5.827703247070312,5.824869155883789
47,14.34,96,3,154.9108123779297,-224.70721435546875,-63.94232177734375,-245.62420654296875,95.75241088867188,-224.6959686279297,5.813163757324219,5.646803855895996
48,14.64,96,3,154.9108123779297,-224.70721435546875,-63.94232177734375,-245.62420654296875,-19.342138290405273,-222.36648559570312,5.813966598510742,5.883486270904541
49,15.005,100,3,154.9108123779297,-224.70721435546875,-62.876461029052734,-245.56146240234375,172.69114685058594,-239.07992553710938,5.7985913372039795,5.853705406188965
50,15.305,100,3,154.9108123779297,-224.70721435546875,-62.876461029052734,-245.56146240234375,-51.941184997558594,-224.68421936035156,5.795081701278686,5.80990743637085
51,15.623,104,3,154.9108123779297,-224.70721435546875,-63.436153411865234,-245.31832885742188,-25.058984756469727,-221.63525390625,5.807695169448852,5.711226463317871
52,15.924,104,3,154.9108123779297,-224.70721435546875,-63.436153411865234,-245.31832885742188,178.24571228027344,-236.45562744140625,5.797086477279663,5.793388843536377
53,16.235,108,3,154.9108123779297,-224.70721435546875,-64.28435516357422,-245.33558654785156,159.85519409179688,-237.4501190185547,5.793617191314698,5.942592144012451
54,16.536,108,3,154.9108123779297,-224.70721435546875,-64.28435516357422,-245.33558654785156,-46.43612289428711,-223.7038116455078,5.8080514049530025,5.825810432434082
55,16.85,112,3,154.9108123779297,-224.70721435546875,-62.928855895996094,-244.7562255859375,-45.43228530883789,-222.17373657226562,5.80358582496643,5.826038837432861
56,17.152,112,3,154.9108123779297,-224.70721435546875,-62.928855895996094,-244.7562255859375,-26.701322555541992,-224.5741729736328,5.800799140930176,5.698403835296631
57,17.458,116,3,154.9108123779297,-224.70721435546875,-62.12552261352539,-244.3643798828125,-36.259300231933594,-222.3572540283203,5.774642505645752,5.850407600402832
58,17.784,116,3,154.9108123779297,-224.70721435546875,-62.12552261352539,-244.3643798828125,-18.616979598999023,-224.03395080566406,5.789773769378662,5.68359899520874
59,18.102,120,3,154.9108123779297,-224.70721435546875,-61.048851013183594,-244.2788543701172,159.5468292236328,-238.9337615966797,5.791884679794311,5.694718837738037
60,18.407,120,3,154.9108123779297,-224.70721435546875,-61.048851013183594,-244.2788543701172,197.9636688232422,-237.09075927734375,5.781601486206054,5.727550983428955
61,18.716,124,3,154.9108123779297,-224.70721435546875,-61.551334381103516,-244.17300415039062,179.11305236816406,-239.00262451171875,5.811545362472534,5.8340911865234375
62,19.015,124,3,154.9108123779297,-224.70721435546875,-61.551334381103516,-244.17300415039062,174.0797882080078,-239.12493896484375,5.777970161437988,5.743163585662842
63,19.333,128,3,154.9108123779297,-224.70721435546875,-63.61537170410156,-243.70571899414062,-37.76924133300781,-223.9196319580078,5.779302501678467,5.710846424102783
64,19.635,128,3,154.9108123779297,-224.70721435546875,-63.61537170410156,-243.70571899414062,162.72982788085938,-238.21205139160156,5.786394128799438,5.82741641998291
65,19.943,132,3,154.9108123779297,-224.70721435546875,-64.26581573486328,-243.59573364257812,-45.89596939086914,-224.26156616210938,5.7830503463745115,5.712113380432129
66,20.244,132,3,154.9108123779297,-224.70721435546875,-64.26581573486328,-243.59573364257812,173.30718994140625,-238.69158935546875,5.76132061958313,5.908953666687012
67,20.561,136,3,154.9108123779297,-224.70721435546875,-63.84684371948242,-243.41761779785156,156.28419494628906,-236.63006591796875,5.7722197437286376,5.878740310668945
68,20.862,136,3,154.9108123779297,-224.70721435546875,-63.84684371948242,-243.41761779785156,155.07354736328125,-239.18881225585938,5.783797807693482,5.895206451416016
69,21.169,140,3,154.9108123779297,-224.70721435546875,-63.16326904296875,-243.29051208496094,176.34097290039062,-238.77023315429688,5.795887603759765,5.743595123291016
70,21.469,140,3,154.9108123779297,-224.70721435546875,-63.16326904296875,-243.29051208496094,169.3115692138672,-238.35784912109375,5.784390649795532,5.8809661865234375
71,21.79,144,3,154.9108123779297,-224.70721435546875,-63.131591796875,-243.35780334472656,97.50939178466797,-224.75173950195312,5.780916814804077,5.762555122375488
72,22.092,144,3,154.9108123779297,-224.70721435546875,-63.131591796875,-243.35780334472656,-32.285274505615234,-223.59512329101562,5.7889342212677,5.962284564971924
73,22.4,148,3,154.9108123779297,-224.70721435546875,-65.17402648925781,-243.0648193359375,-51.641151428222656,-223.83277893066406,5.765043926239014,5.863495826721191
74,22.703,148,3,154.9108123779297,-224.70721435546875,-65.17402648925781,-243.0648193359375,-44.6052131652832,-224.05519104003906,5.784062213897705,5.783252716064453
75,23.039,152,3,154.9108123779297,-224.70721435546875,-64.18511962890625,-242.93734741210938,-47.712303161621094,-223.93838500976562,5.762558202743531,5.854951858520508
76,23.372,152,3,154.9108123779297,-224.70721435546875,-64.18511962890625,-242.93734741210938,-46.975101470947266,-223.48031616210938,5.758683843612671,5.784834384918213
77,23.68,156,3,154.9108123779297,-224.70721435546875,-64.11300659179688,-242.61868286132812,-27.426162719726562,-224.2448272705078,5.761359739303589,5.6521735191345215
78,23.982,156,3,154.9108123779297,-224.70721435546875,-64.11300659179688,-242.61868286132812,164.6070556640625,-236.9456024169922,5.7484877395629885,5.794473648071289
79,24.3,160,3,154.9108123779297,-224.70721435546875,-66.4037857055664,-242.5402374267578,111.66242218017578,-224.15093994140625,5.772565860748291,5.7685770988464355
80,24.604,160,3,154.9108123779297,-224.70721435546875,-66.4037857055664,-242.5402374267578,-11.015867233276367,-223.80880737304688,5.764927711486816,5.81483268737793
81,24.926,164,3,154.9108123779297,-224.70721435546875,-67.64898681640625,-242.26248168945312,-38.917789459228516,-222.93191528320312,5.752765331268311,5.742454528808594
82,25.226,164,3,154.9108123779297,-224.70721435546875,-67.64898681640625,-242.26248168945312,-44.78510665893555,-223.90440368652344,5.777186260223389,5.880975246429443
83,25.545,168,3,154.9108123779297,-224.70721435546875,-67.79212951660156,-242.26478576660156,156.49485778808594,-238.08067321777344,5.767683029174805,5.712021827697754
84,25.847,168,3,154.9108123779297,-224.70721435546875,-67.79212951660156,-242.26478576660156,176.3810577392578,-235.7292022705078,5.771129703521728,5.8597412109375
85,26.177,172,3,154.9108123779297,-224.70721435546875,-66.36388397216797,-242.25694274902344,111.80473327636719,-223.90333557128906,5.762101774215698,5.762948989868164
86,26.48,172,3,154.9108123779297,-224.70721435546875,-66.36388397216797,-242.25694274902344,-30.113632202148438,-222.67071533203125,5.752488670349121,5.77841854095459
87,26.801,176,3,154.9108123779297,-224.70721435546875,-66.52831268310547,-242.33775329589844,156.013671875,-236.89227294921875,5.7663515853881835,5.710309982299805
88,27.104,176,3,154.9108123779297,-224.70721435546875,-66.52831268310547,-242.33775329589844,115.06262969970703,-223.20835876464844,5.762102127075195,5.795051574707031
89,27.414,180,3,154.9108123779297,-224.70721435546875,-65.81262969970703,-242.21514892578125,-18.375314712524414,-222.06625366210938,5.761124610900879,5.856400489807129
90,27.718,180,3,154.9108123779297,-224.70721435546875,-65.81262969970703,-242.21514892578125,189.5172576904297,-238.84129333496094,5.77484055519104,5.82332181930542
91,28.039,184,3,154.9108123779297,-224.70721435546875,-65.96160888671875,-242.0828094482422,-43.513206481933594,-224.46685791015625,5.753169469833374,5.8954010009765625
92,28.341,184,3,154.9108123779297,-224.70721435546875,-65.96160888671875,-242.0828094482422,157.2990264892578,-238.9698028564453,5.758231887817383,5.743596076965332
93,28.652,188,3,154.9108123779297,-224.01943969726562,-66.13832092285156,-241.76504516601562,-47.414634704589844,-224.63784790039062,5.763728656768799,5.790947914123535
94,28.954,188,3,154.9108123779297,-224.01943969726562,-66.13832092285156,-241.76504516601562,-30.683334350585938,-223.54661560058594,5.758672924041748,5.6715240478515625
95,29.275,192,3,154.9108123779297,-224.01943969726562,-66.84258270263672,-241.6990509033203,10.272770881652832,-221.2998504638672,5.769293756484985,5.781279563903809
96,29.578,192,3,154.9108123779297,-224.01943969726562,-66.84258270263672,-241.6990509033203,180.86953735351562,-239.25314331054688,5.754984931945801,5.718163967132568
97,29.888,196,3,154.9108123779297,-224.01943969726562,-66.57455444335938,-241.59735107421875,98.13739013671875,-224.7640838623047,5.780796985626221,5.890575408935547
98,30.315,196,3,154.9108123779297,-224.01943969726562,-66.57455444335938,-241.59735107421875,-21.5997314453125,-223.32916259765625,5.7763275623321535,5.602542877197266
99,30.73,200,3,154.9108123779297,-224.01943969726562,-66.17295837402344,-241.7589111328125,155.1383514404297,-238.91748046875,5.749697999954224,5.761198997497559
100,31.089,200,3,154.9108123779297,-224.01943969726562,-66.17295837402344,-241.7589111328125,-21.921754837036133,-222.44448852539062,5.762690048217774,5.806910037994385
101,31.451,200,3,154.9108123779297,-224.01943969726562,-67.61665344238281,-240.3153533935547,-47.724796295166016,-223.73895263671875,5.716326141357422,5.760581970214844
102,31.824,200,3,154.9108123779297,-224.01943969726562,-67.61665344238281,-240.3153533935547,163.07186889648438,-239.04396057128906,5.7520295429229735,5.654428482055664
103,32.142,200,3,154.9108123779297,-224.01943969726562,-67.3402328491211,-240.39813232421875,-19.67169761657715,-221.20814514160156,5.749107618331909,5.687136650085449
104,32.445,200,3,154.9108123779297,-224.01943969726562,-67.3402328491211,-240.39813232421875,98.07078552246094,-225.08949279785156,5.749720716476441,5.711906433105469
105,32.759,200,3,154.9108123779297,-224.01943969726562,-66.14199829101562,-240.03172302246094,163.85284423828125,-237.90109252929688,5.745477151870728,5.744124412536621
106,33.073,200,3,154.9108123779297,-224.01943969726562,-66.14199829101562,-240.03172302246094,-46.308570861816406,-221.3922119140625,5.7416113662719725,5.708014488220215
107,33.448,200,3,154.9108123779297,-224.01943969726562,-67.8105239868164,-239.53192138671875,103.01931762695312,-225.1388702392578,5.715314846038819,5.691845893859863
108,33.751,200,3,154.9108123779297,-224.01943969726562,-67.8105239868164,-239.53192138671875,216.6604766845703,-239.08938598632812,5.728063049316407,5.596418380737305
109,34.063,200,3,154.9108123779297,-224.01943969726562,-66.82415008544922,-239.0871124267578,161.8217315673828,-236.8443145751953,5.757019128799438,5.787647247314453
110,34.375,200,3,154.9108123779297,-224.01943969726562,-66.82415008544922,-239.0871124267578,159.61940002441406,-237.8900146484375,5.681141309738159,5.748908996582031
111,34.688,200,4,154.9108123779297,-224.01943969726562,-63.518348693847656,-238.97271728515625,93.0066146850586,-224.73284912109375,5.723824052810669,5.764045715332031
112,34.991,200,4,154.9108123779297,-224.01943969726562,-63.518348693847656,-238.97271728515625,100.6444320678711,-236.9873504638672,5.715376892089844,5.697030067443848
113,35.302,200,4,154.9108123779297,-224.01943969726562,-61.850223541259766,-239.10394287109375,182.15626525878906,-238.7053985595703,5.743215827941895,5.7661943435668945
114,35.619,200,4,154.9108123779297,-224.01943969726562,-61.850223541259766,-239.10394287109375,191.64527893066406,-238.3411865234375,5.721080856323242,5.617293357849121
115,35.93,200,4,154.9108123779297,-224.01943969726562,-62.982696533203125,-238.95704650878906,163.98007202148438,-238.56146240234375,5.714538869857788,5.701859474182129
116,36.238,200,4,154.9108123779297,-224.01943969726562,-62.982696533203125,-238.95704650878906,-47.06138610839844,-222.5527801513672,5.715454607009888,5.696290969848633
117,36.549,200,4,154.9108123779297,-224.01943969726562,-63.80428695678711,-239.22573852539062,106.45884704589844,-236.30406188964844,5.7094167137145995,5.7395501136779785
118,36.859,200,4,154.9108123779297,-224.01943969726562,-63.80428695678711,-239.22573852539062,166.58116149902344,-238.3050079345703,5.709492225646972,5.716389179229736
119,37.172,200,4,154.9108123779297,-224.01943969726562,-65.50619506835938,-238.74644470214844,-43.81990051269531,-222.12522888183594,5.685795068740845,5.713242053985596
120,37.476,200,4,154.9108123779297,-224.01943969726562,-65.50619506835938,-238.74644470214844,-41.30961608886719,-221.8169708251953,5.7008315944671635,5.70150089263916
121,37.788,200,4,154.9108123779297,-224.01943969726562,-64.60910034179688,-239.07054138183594,155.37318420410156,-236.2722930908203,5.704826879501343,5.728448867797852
122,38.145,200,4,154.9108123779297,-224.01943969726562,-64.60910034179688,-239.07054138183594,171.8273468017578,-239.00559997558594,5.714680891036988,5.760374546051025
123,38.457,200,4,154.9108123779297,-224.01943969726562,-66.91959381103516,-238.67041015625,-35.357025146484375,-223.42962646484375,5.686215648651123,5.711152076721191
124,38.759,200,4,154.9108123779297,-224.01943969726562,-66.91959381103516,-238.67041015625,204.3637237548828,-239.0336151123047,5.7116498851776125,5.62408447265625
125,39.07,200,4,154.9108123779297,-224.01943969726562,-67.67399597167969,-238.14454650878906,-10.62732219696045,-221.5873565673828,5.707459716796875,5.725385665893555
126,39.384,200,4,154.9108123779297,-224.01943969726562,-67.67399597167969,-238.14454650878906,182.57904052734375,-237.88343811035156,5.695513801574707,5.635892868041992
127,39.694,200,4,154.9108123779297,-224.01943969726562,-69.80756378173828,-238.1778106689453,178.8637237548828,-238.8465576171875,5.68865442276001,5.542402744293213
128,39.996,200,4,154.9108123779297,-224.01943969726562,-69.80756378173828,-238.1778106689453,171.86073303222656,-238.46304321289062,5.719544925689697,5.726414680480957
129,40.307,200,4,154.9108123779297,-224.01943969726562,-67.65544891357422,-238.0174560546875,97.49093627929688,-225.2514190673828,5.692506637573242,5.718334197998047
130,40.614,200,4,154.9108123779297,-224.01943969726562,-67.65544891357422,-238.0174560546875,106.52931213378906,-225.1456298828125,5.70018461227417,5.591037273406982
131,40.935,200,4,154.9108123779297,-224.01943969726562,-67.10688781738281,-238.16824340820312,116.49898529052734,-233.82810974121094,5.7201517295837405,5.734214782714844
132,41.24,200,4,154.9108123779297,-224.01943969726562,-67.10688781738281,-238.16824340820312,166.32679748535156,-238.89633178710938,5.695566425323486,5.841599941253662
133,41.551,200,4,154.9108123779297,-223.95587158203125,-66.60121154785156,-238.05108642578125,-37.87748718261719,-223.89317321777344,5.719855508804321,5.6802496910095215
134,41.854,200,4,154.9108123779297,-223.95587158203125,-66.60121154785156,-238.05108642578125,158.35330200195312,-238.87582397460938,5.726542158126831,5.702279090881348
135,42.173,200,4,154.9108123779297,-223.95587158203125,-66.11054992675781,-237.7713623046875,133.02410888671875,-236.32859802246094,5.693458948135376,5.550698757171631
136,42.476,200,4,154.9108123779297,-223.95587158203125,-66.11054992675781,-237.7713623046875,-26.115135192871094,-223.93679809570312,5.702153377532959,5.784738540649414
137,42.787,200,4,109.4839096069336,-223.95587158203125,-69.76679992675781,-237.5786590576172,-20.17093276977539,-222.77407836914062,5.698495225906372,5.694814682006836
138,43.09,200,4,109.4839096069336,-223.95587158203125,-69.76679992675781,-237.5786590576172,-22.882774353027344,-222.6565704345703,5.7013492679595945,5.667906761169434
139,43.408,200,4,109.4839096069336,-223.95587158203125,-70.01078033447266,-237.5449676513672,-35.549957275390625,-223.9094696044922,5.7040846729278565,5.8184919357299805
140,43.748,200,4,109.4839096069336,-223.95587158203125,-70.01078033447266,-237.5449676513672,113.87562561035156,-241.35464477539062,5.701185131072998,5.725147247314453
141,44.061,200,4,109.4839096069336,-223.95587158203125,-69.2272720336914,-237.55699157714844,111.64247131347656,-241.9230194091797,5.689473962783813,5.68756103515625
142,44.364,200,4,109.4839096069336,-223.95587158203125,-69.2272720336914,-237.55699157714844,114.83500671386719,-237.3286895751953,5.694295129776001,5.783139228820801
143,44.676,200,4,109.4839096069336,-223.95587158203125,-68.51708984375,-237.4199981689453,117.11556243896484,-234.05880737304688,5.68378716468811,5.589304447174072
144,44.989,200,4,109.4839096069336,-223.95587158203125,-68.51708984375,-237.4199981689453,140.13890075683594,-240.68283081054688,5.695187959671021,5.644308090209961
145,45.301,200,7,109.4839096069336,-223.95587158203125,-70.08755493164062,-237.55816650390625,102.93824768066406,-235.29930114746094,5.682650823593139,5.880130767822266
146,45.603,200,7,109.4839096069336,-223.95587158203125,-70.08755493164062,-237.55816650390625,47.65038299560547,-229.62879943847656,5.678720331192016,5.598161697387695
147,45.914,200,7,109.4839096069336,-223.95587158203125,-69.52305603027344,-237.58453369140625,119.33097076416016,-241.42539978027344,5.700531253814697,5.7437615394592285
148,46.223,200,7,109.4839096069336,-223.95587158203125,-69.52305603027344,-237.58453369140625,-23.135520935058594,-223.47450256347656,5.70129511833191,5.783372402191162
149,46.539,200,7,109.4839096069336,-223.95587158203125,-69.3352279663086,-237.38250732421875,44.68498611450195,-229.44467163085938,5.6873557662963865,5.695019721984863
150,46.843,200,7,109.4839096069336,-223.95587158203125,-69.3352279663086,-237.38250732421875,51.036720275878906,-225.33102416992188,5.701334342956543,5.532397747039795
151,47.155,200,8,109.4839096069336,-223.95587158203125,-68.61807250976562,-237.1228485107422,-21.237560272216797,-221.91468811035156,5.683750267028809,5.610487937927246
152,47.457,200,8,109.4839096069336,-223.95587158203125,-68.61807250976562,-237.1228485107422,103.2090072631836,-236.46275329589844,5.688769903182983,5.590285301208496
153,47.778,200,8,109.4839096069336,-223.95587158203125,-69.67793273925781,-237.05831909179688,122.0225830078125,-242.01962280273438,5.679744462966919,5.567004680633545
154,48.082,200,8,109.4839096069336,-223.95587158203125,-69.67793273925781,-237.05831909179688,115.3552017211914,-242.06964111328125,5.68626482963562,5.606239318847656
155,48.394,200,8,163.02662658691406,-223.95587158203125,-68.64630126953125,-237.4298095703125,133.2067413330078,-241.9219970703125,5.683276948928833,5.818673133850098
156,48.705,200,8,163.02662658691406,-223.95587158203125,-68.64630126953125,-237.4298095703125,129.3821563720703,-241.45274353027344,5.689831809997559,5.606444358825684
157,49.026,200,8,163.02662658691406,-223.95587158203125,-69.57084655761719,-237.34986877441406,84.38128662109375,-230.10537719726562,5.686040287017822,5.627049922943115
158,49.331,200,8,163.02662658691406,-223.95587158203125,-69.57084655761719,-237.34986877441406,182.38482666015625,-244.1919403076172,5.6774444675445555,5.621076583862305
159,49.643,200,8,163.02662658691406,-223.95587158203125,-69.87810516357422,-237.44085693359375,198.8360595703125,-246.45559692382812,5.702233972549439,5.699337005615234
160,49.946,200,8,163.02662658691406,-223.95587158203125,-69.87810516357422,-237.44085693359375,134.6985321044922,-241.06887817382812,5.665718183517456,5.565707683563232
161,50.268,200,8,163.02662658691406,-223.95587158203125,-69.52496337890625,-237.4356689453125,184.21107482910156,-246.8370361328125,5.680396633148193,5.626064777374268
162,50.571,200,8,163.02662658691406,-223.95587158203125,-69.52496337890625,-237.4356689453125,-1.7660436630249023,-225.21839904785156,5.696464891433716,5.644937515258789
163,50.882,200,9,163.02662658691406,-223.95587158203125,-67.14860534667969,-237.73724365234375,201.2857208251953,-246.5474395751953,5.711183423995972,5.812172889709473
164,51.184,200,9,163.02662658691406,-223.95587158203125,-67.14860534667969,-237.73724365234375,9.697382926940918,-227.55157470703125,5.687407445907593,5.665469169616699
165,51.503,200,9,163.02662658691406,-223.95587158203125,-66.91842651367188,-237.55963134765625,-22.699369430541992,-222.1361083984375,5.686048202514648,5.677452087402344
166,51.825,200,9,163.02662658691406,-223.95587158203125,-66.91842651367188,-237.55963134765625,-2.5958101749420166,-219.92323303222656,5.683370943069458,5.752294063568115
167,52.134,200,9,163.02662658691406,-223.95587158203125,-66.0304183959961,-237.48855590820312,-36.502628326416016,-223.8823699951172,5.688009223937988,5.658209800720215
168,52.438,200,9,163.02662658691406,-223.95587158203125,-66.0304183959961,-237.48855590820312,110.82660675048828,-235.62301635742188,5.681606292724609,5.7543816566467285
169,52.805,200,10,163.02662658691406,-223.95587158203125,-64.89936065673828,-237.41714477539062,198.12557983398438,-244.53453063964844,5.6793759822845455,5.69962739944458
170,53.109,200,10,163.02662658691406,-223.95587158203125,-64.89936065673828,-237.41714477539062,-37.50145721435547,-221.97108459472656,5.701309318542481,5.674554824829102
171,53.421,200,10,163.02662658691406,-223.95587158203125,-63.01182556152344,-237.32691955566406,131.87303161621094,-244.3611602783203,5.67957218170166,5.6252851486206055
172,53.727,200,10,163.02662658691406,-223.95587158203125,-63.01182556152344,-237.32691955566406,6.926486968994141,-229.5200958251953,5.6713060283660885,5.65199089050293
173,54.042,200,10,163.02662658691406,-223.95587158203125,-60.87904357910156,-237.31214904785156,-22.83889389038086,-222.94561767578125,5.669888000488282,5.721986293792725
174,54.345,200,10,163.02662658691406,-223.95587158203125,-60.87904357910156,-237.31214904785156,167.17984008789062,-245.7232666015625,5.6631951427459715,5.775796890258789
175,54.656,200,10,163.02662658691406,-223.95587158203125,-60.053524017333984,-237.3216552734375,-30.53924560546875,-223.3476104736328,5.697988700866699,5.709981441497803
176,54.966,200,10,163.02662658691406,-223.95587158203125,-60.053524017333984,-237.3216552734375,183.72720336914062,-244.99270629882812,5.675355033874512,5.689265251159668
177,55.278,200,10,163.02662658691406,-223.95587158203125,-59.235740661621094,-237.54685974121094,101.06280517578125,-237.42575073242188,5.683158826828003,5.532079219818115
178,55.581,200,10,163.02662658691406,-223.95587158203125,-59.235740661621094,-237.54685974121094,4.962899208068848,-223.6701202392578,5.68938943862915,5.721405982971191
179,55.958,200,10,163.02662658691406,-223.95587158203125,-57.62834930419922,-237.38555908203125,-2.7820675373077393,-223.15982055664062,5.6699730491638185,5.723158359527588
180,56.279,200,10,163.02662658691406,-223.95587158203125,-57.62834930419922,-237.38555908203125,4.751323699951172,-224.23785400390625,5.676830949783326,5.6600422859191895
181,56.593,200,10,163.02662658691406,-223.95587158203125,-55.52467727661133,-237.61776733398438,129.6600799560547,-244.34600830078125,5.692889013290405,5.610500335693359
182,56.896,200,10,163.02662658691406,-223.95587158203125,-55.52467727661133,-237.61776733398438,-38.126373291015625,-222.34832763671875,5.674973258972168,5.691128730773926
183,57.206,200,10,163.02662658691406,-223.95587158203125,-55.382625579833984,-237.54916381835938,115.25772094726562,-240.4574737548828,5.691334915161133,5.783108234405518
184,57.52,200,10,163.02662658691406,-223.95587158203125,-55.382625579833984,-237.54916381835938,-16.571624755859375,-222.7077178955078,5.676025562286377,5.707285404205322
185,57.832,200,10,163.02662658691406,-223.95587158203125,-55.530235290527344,-237.6747589111328,145.75674438476562,-244.28143310546875,5.685547523498535,5.652490615844727
186,58.134,200,10,163.02662658691406,-223.95587158203125,-55.530235290527344,-237.6747589111328,113.87696838378906,-236.84535217285156,5.694736566543579,5.736937046051025
187,58.445,200,10,163.02662658691406,-223.95587158203125,-56.24717712402344,-237.4851531982422,15.630426406860352,-219.94923400878906,5.676904659271241,5.662947654724121
188,58.756,200,10,163.02662658691406,-223.95587158203125,-56.24717712402344,-237.4851531982422,189.79905700683594,-241.73770141601562,5.662773017883301,5.653356075286865
189,59.096,200,10,163.02662658691406,-223.95587158203125,-56.992977142333984,-237.81227111816406,164.6765594482422,-245.74769592285156,5.688161249160767,5.805637359619141
190,59.401,200,10,163.02662658691406,-223.95587158203125,-56.992977142333984,-237.81227111816406,6.723485469818115,-223.5513153076172,5.683696956634521,5.7511396408081055
191,59.714,200,10,163.02662658691406,-223.95587158203125,-56.302371978759766,-237.74478149414062,-36.23041915893555,-223.42877197265625,5.678857879638672,5.625544548034668
192,60.067,200,10,163.02662658691406,-223.95587158203125,-56.302371978759766,-237.74478149414062,-34.669979095458984,-222.93331909179688,5.6815894508361815,5.624366760253906
193,60.533,200,9,163.02662658691406,-223.95587158203125,-55.79497528076172,-237.8965301513672,102.3194808959961,-230.42208862304688,5.676737003326416,5.474433422088623
194,60.979,200,9,163.02662658691406,-223.95587158203125,-55.79497528076172,-237.8965301513672,113.00186920166016,-230.89161682128906,5.682560682296753,5.553652763366699
195,61.41,200,9,163.02662658691406,-223.95587158203125,-54.57246017456055,-237.69757080078125,7.215714454650879,-223.92872619628906,5.657602872848511,5.561422824859619
196,61.804,200,9,163.02662658691406,-223.95587158203125,-54.57246017456055,-237.69757080078125,0.9969067573547363,-223.03211975097656,5.676038303375244,5.621426582336426
197,62.218,200,9,163.02662658691406,-223.95587158203125,-54.96049499511719,-237.87347412109375,199.46157836914062,-245.286865234375,5.682048282623291,5.675489902496338
198,62.61,200,9,163.02662658691406,-223.95587158203125,-54.96049499511719,-237.87347412109375,175.76229858398438,-245.40052795410156,5.677849082946778,5.63641881942749
199,63.009,200,9,163.02662658691406,-223.95587158203125,-54.795372009277344,-237.5353546142578,35.16156005859375,-222.4608154296875,5.646941118240356,5.546499729156494
200,63.386,200,9,163.02662658691406,-223.95587158203125,-54.795372009277344,-237.5353546142578,112.605224609375,-242.15216064453125,5.662484979629516,5.67006778717041
1,0.324,4,2,-23.721010208129883,-304.5106506347656,-48.409603118896484,-309.26116943359375,9.323224067687988,-1.3484240770339966,6.581543245315552,6.48643159866333
2,0.744,4,2,-23.721010208129883,-304.5106506347656,-48.409603118896484,-309.26116943359375,-5.265491962432861,14.585269927978516,6.518779830932617,6.461179733276367
3,1.272,8,2,35.698570251464844,-226.0297088623047,-45.709510803222656,-268.7665100097656,6.302014350891113,-24.201292037963867,6.0862620830535885,6.11831521987915
4,1.675,8,2,35.698570251464844,-226.0297088623047,-45.709510803222656,-268.7665100097656,41.54844284057617,-226.96910095214844,6.05157639503479,6.123225212097168
5,2.075,12,2,35.698570251464844,-226.0297088623047,-72.88147735595703,-259.8352966308594,36.25390625,-226.9827423095703,5.9910861587524415,5.9804253578186035
6,2.468,12,2,35.698570251464844,-226.0297088623047,-72.88147735595703,-259.8352966308594,37.02582550048828,-226.91690063476562,5.964840097427368,6.091290473937988
7,2.941,16,2,35.698570251464844,-226.0297088623047,-67.71360778808594,-258.37744140625,2.7187228202819824,-225.95672607421875,5.962519741058349,5.916369438171387
8,3.393,16,2,35.698570251464844,-226.0297088623047,-67.71360778808594,-258.37744140625,-1.8877469301223755,-226.00347900390625,5.935252246856689,5.843269348144531
9,3.795,20,3,62.913658142089844,-226.0297088623047,-66.35806274414062,-257.51629638671875,-2.0649173259735107,-225.8777618408203,5.957931699752808,6.0302276611328125
10,4.238,20,3,62.913658142089844,-226.0297088623047,-66.35806274414062,-257.51629638671875,64.54518127441406,-249.27589416503906,5.944747848510742,5.929114818572998
11,4.692,24,3,62.913658142089844,-226.0297088623047,-65.97782135009766,-258.53607177734375,72.69844055175781,-257.0747985839844,5.952079954147339,5.907812118530273
12,5.139,24,3,62.913658142089844,-226.0297088623047,-65.97782135009766,-258.53607177734375,15.490705490112305,-225.5110626220703,5.958194894790649,5.994847774505615
13,5.612,28,3,62.913658142089844,-226.0297088623047,-62.0886116027832,-257.5620422363281,36.77244186401367,-221.97723388671875,5.961626882553101,5.954184055328369
14,6.014,28,3,62.913658142089844,-226.0297088623047,-62.0886116027832,-257.5620422363281,76.95671081542969,-251.43545532226562,5.9455246734619145,5.983105182647705
15,6.413,32,3,62.913658142089844,-226.0297088623047,-59.49799346923828,-257.4883117675781,57.20668411254883,-220.0841827392578,5.9596508026123045,5.969622611999512
16,6.812,32,3,62.913658142089844,-226.0297088623047,-59.49799346923828,-257.4883117675781,36.34527587890625,-222.71151733398438,5.932656288146973,5.866384029388428
17,7.219,36,3,65.5283203125,-226.0297088623047,-54.755760192871094,-256.3262634277344,43.81660079956055,-224.70742797851562,5.933121185302735,5.909897804260254
18,7.605,36,3,65.5283203125,-226.0297088623047,-54.755760192871094,-256.3262634277344,41.850502014160156,-223.73757934570312,5.9099279880523685,5.9976911544799805
19,8.004,40,3,65.5283203125,-226.0297088623047,-49.883811950683594,-255.58505249023438,-1.8548622131347656,-222.12164306640625,5.9069004726409915,5.893319129943848
20,8.389,40,3,65.5283203125,-226.0297088623047,-49.883811950683594,-255.58505249023438,78.34521484375,-243.52456665039062,5.912149782180786,5.892070770263672
21,8.787,44,3,65.5283203125,-226.0297088623047,-54.507286071777344,-255.084716796875,69.78840637207031,-246.3369903564453,5.900840196609497,5.90720272064209
22,9.169,44,3,65.5283203125,-226.0297088623047,-54.507286071777344,-255.084716796875,2.247737407684326,-224.69989013671875,5.9003639411926265,6.007683753967285
23,9.489,48,4,103.29483795166016,-226.0297088623047,-50.38276290893555,-254.583251953125,40.08082962036133,-226.36415100097656,5.887305040359497,6.020378112792969
24,9.795,48,4,103.29483795166016,-226.0297088623047,-50.38276290893555,-254.583251953125,2.451472043991089,-224.04379272460938,5.897143907546997,5.871160507202148
25,10.112,52,4,103.29483795166016,-226.0297088623047,-44.68488311767578,-254.52334594726562,66.8419189453125,-239.25526428222656,5.901909008026123,6.0246195793151855
26,10.429,52,4,103.29483795166016,-226.0297088623047,-44.68488311767578,-254.52334594726562,106.727294921875,-246.8262176513672,5.885033264160156,5.880824089050293
27,10.75,56,4,103.29483795166016,-226.0297088623047,-44.94934844970703,-253.8972930908203,0.8205041885375977,-223.55435180664062,5.89222882270813,5.893290996551514
28,11.059,56,4,103.29483795166016,-226.0297088623047,-44.94934844970703,-253.8972930908203,8.61762523651123,-225.09523010253906,5.88083477973938,5.98324728012085
29,11.387,60,4,103.29483795166016,-226.0297088623047,-47.21470260620117,-253.8161163330078,-2.145118236541748,-225.3997802734375,5.875984296798706,5.907259941101074
30,11.697,60,4,103.29483795166016,-226.0297088623047,-47.21470260620117,-253.8161163330078,35.80483627319336,-225.61331176757812,5.878743162155152,5.860959529876709
31,12.015,64,5,103.29483795166016,-226.0297088623047,-42.7671012878418,-253.44125366210938,56.60446548461914,-226.1772003173828,5.872797737121582,5.868086814880371
32,12.334,64,5,103.29483795166016,-226.0297088623047,-42.7671012878418,-253.44125366210938,105.6030502319336,-248.3994598388672,5.879176902770996,5.87815523147583
33,12.646,68,5,103.29483795166016,-226.0297088623047,-39.900611877441406,-253.08811950683594,105.6038589477539,-245.43736267089844,5.862817621231079,5.74741792678833
34,12.955,68,5,103.29483795166016,-226.0297088623047,-39.900611877441406,-253.08811950683594,58.8315544128418,-243.4716339111328,5.869915370941162,5.837134838104248
35,13.276,72,5,103.29483795166016,-226.0297088623047,-38.676353454589844,-252.8557891845703,12.258694648742676,-225.5484161376953,5.866443643569946,5.801983833312988
36,13.583,72,5,103.29483795166016,-226.0297088623047,-38.676353454589844,-252.8557891845703,108.1500244140625,-248.862060546875,5.858711032867432,5.894896507263184
37,13.898,76,5,103.29483795166016,-226.0297088623047,-34.83111572265625,-252.8069305419922,106.93563079833984,-248.66285705566406,5.850081996917725,5.770808219909668
38,14.205,76,5,103.29483795166016,-226.0297088623047,-34.83111572265625,-252.8069305419922,66.76216888427734,-244.090576171875,5.86933500289917,5.907541751861572
39,14.522,80,5,103.29483795166016,-226.0297088623047,-34.33258819580078,-252.4327850341797,41.1653938293457,-226.6938934326172,5.8292945194244385,5.815094947814941
40,14.829,80,5,103.29483795166016,-226.0297088623047,-34.33258819580078,-252.4327850341797,45.044559478759766,-223.63412475585938,5.856067848205567,5.936097621917725
41,15.149,84,5,103.29483795166016,-226.0297088623047,-33.39116668701172,-252.8397979736328,104.86265563964844,-248.37838745117188,5.855658035278321,5.890555381774902
42,15.469,84,5,103.29483795166016,-226.0297088623047,-33.39116668701172,-252.8397979736328,5.082386493682861,-225.612548828125,5.847722730636597,5.98185396194458
43,15.825,88,5,103.29483795166016,-226.0297088623047,-35.72856903076172,-252.71974182128906,108.45856475830078,-248.3740692138672,5.8598786640167235,5.7422685623168945
44,16.133,88,5,103.29483795166016,-226.0297088623047,-35.72856903076172,-252.71974182128906,104.671875,-247.56378173828125,5.847982988357544,5.84099817276001
45,16.453,92,5,103.29483795166016,-226.0297088623047,-36.788516998291016,-252.08035278320312,51.733497619628906,-224.3273468017578,5.833948545455932,5.8022871017456055
46,16.76,92,5,103.29483795166016,-226.0297088623047,-36.788516998291016,-252.08035278320312,47.97127151489258,-223.77630615234375,5.8504698371887205,5.860991477966309
47,17.133,96,5,103.29483795166016,-226.0297088623047,-36.92793655395508,-251.6584014892578,44.86563491821289,-226.2016143798828,5.825653343200684,5.653682708740234
48,17.452,96,5,103.29483795166016,-226.0297088623047,-36.92793655395508,-251.6584014892578,113.76713562011719,-248.4507598876953,5.8308485317230225,5.861811637878418
49,17.766,100,5,103.29483795166016,-226.0297088623047,-35.38899612426758,-251.54327392578125,6.25039529800415,-221.5089874267578,5.808972597122192,5.84692907333374
50,18.072,100,5,103.29483795166016,-226.0297088623047,-35.38899612426758,-251.54327392578125,79.95429229736328,-245.5185546875,5.803451385498047,5.768878936767578
51,18.394,104,4,103.29483795166016,-226.0297088623047,-33.893253326416016,-251.18856811523438,41.88935852050781,-224.06275939941406,5.81098219871521,5.752137184143066
52,18.701,104,4,103.29483795166016,-226.0297088623047,-33.893253326416016,-251.18856811523438,75.79998016357422,-237.48670959472656,5.805364875793457,5.784375190734863
53,19.015,108,5,116.53804779052734,-226.0297088623047,-33.51124954223633,-251.22975158691406,114.76986694335938,-248.09182739257812,5.7964690399169925,5.896868705749512
54,19.401,108,5,116.53804779052734,-226.0297088623047,-33.51124954223633,-251.22975158691406,1.6614537239074707,-219.84033203125,5.8195923328399655,5.845355987548828
55,19.786,112,5,116.53804779052734,-226.0297088623047,-34.86042022705078,-250.7067413330078,8.577439308166504,-221.8986358642578,5.812659893035889,5.803473949432373
56,20.099,112,5,116.53804779052734,-226.0297088623047,-34.86042022705078,-250.7067413330078,76.01210021972656,-236.78582763671875,5.804784574508667,5.654283046722412
57,20.428,116,6,116.53804779052734,-226.0297088623047,-33.64006042480469,-250.46133422851562,78.76000213623047,-236.24803161621094,5.7802497673034665,5.780688762664795
58,20.743,116,6,116.53804779052734,-226.0297088623047,-33.64006042480469,-250.46133422851562,130.1571807861328,-254.59634399414062,5.796175374984741,5.667483806610107
59,21.063,120,6,116.53804779052734,-226.0297088623047,-34.08372497558594,-250.00221252441406,11.778721809387207,-224.29800415039062,5.787329511642456,5.730035781860352
60,21.372,120,6,116.53804779052734,-226.0297088623047,-34.08372497558594,-250.00221252441406,44.49605941772461,-224.63011169433594,5.774796094894409,5.732712745666504
61,21.691,124,7,116.53804779052734,-226.0297088623047,-34.023231506347656,-249.48550415039062,-1.3887361288070679,-221.4357147216797,5.799328460693359,5.829418182373047
62,22.008,124,7,116.53804779052734,-226.0297088623047,-34.023231506347656,-249.48550415039062,41.73107147216797,-225.8511962890625,5.7695210170745845,5.766218185424805
63,22.329,128,7,116.53804779052734,-226.0297088623047,-34.60436248779297,-249.10525512695312,53.456295013427734,-226.4199676513672,5.767425937652588,5.689537048339844
64,22.656,128,7,116.53804779052734,-226.0297088623047,-34.60436248779297,-249.10525512695312,127.08999633789062,-248.90621948242188,5.778966789245605,5.81070613861084
65,22.976,132,7,116.53804779052734,-226.0297088623047,-33.873416900634766,-248.94102478027344,28.857158660888672,-225.05210876464844,5.764884586334229,5.6841020584106445
66,23.297,132,7,116.53804779052734,-226.0297088623047,-33.873416900634766,-248.94102478027344,11.621203422546387,-225.0451202392578,5.743572692871094,5.921159267425537
67,23.618,136,7,116.53804779052734,-226.0297088623047,-34.818355560302734,-248.55422973632812,61.287803649902344,-228.43991088867188,5.752494812011719,5.878604888916016
68,23.924,136,7,116.53804779052734,-226.0297088623047,-34.818355560302734,-248.55422973632812,-2.3248255252838135,-221.85276794433594,5.760664005279541,5.837131500244141
69,24.252,140,7,116.53804779052734,-226.0297088623047,-34.48100662231445,-248.4564666748047,82.03919982910156,-236.93087768554688,5.765330724716186,5.773871421813965
70,24.566,140,7,116.53804779052734,-226.0297088623047,-34.48100662231445,-248.4564666748047,40.430397033691406,-221.89967346191406,5.760918521881104,5.8845038414001465
71,24.886,144,7,116.53804779052734,-226.0297088623047,-34.79972457885742,-248.21832275390625,5.714105606079102,-222.18885803222656,5.74892071723938,5.687617301940918
72,25.197,144,7,116.53804779052734,-226.0297088623047,-34.79972457885742,-248.21832275390625,-2.1677520275115967,-225.80136108398438,5.755340566635132,5.873227119445801
73,25.519,148,7,116.53804779052734,-226.0297088623047,-34.390785217285156,-248.18153381347656,130.14280700683594,-253.6891326904297,5.734979219436646,5.802289962768555
74,25.836,148,7,116.53804779052734,-226.0297088623047,-34.390785217285156,-248.18153381347656,46.9278450012207,-225.8905487060547,5.753525419235229,5.757623672485352
75,26.154,152,7,137.17295837402344,-226.0297088623047,-33.194915771484375,-248.14414978027344,79.82476043701172,-231.13502502441406,5.725979909896851,5.8042426109313965
76,26.568,152,7,137.17295837402344,-226.0297088623047,-33.194915771484375,-248.14414978027344,150.06626892089844,-249.3719482421875,5.730501508712768,5.755858421325684
77,26.909,156,7,137.17295837402344,-226.0297088623047,-33.17441177368164,-247.9501190185547,84.26824188232422,-236.06517028808594,5.725084276199341,5.620604515075684
78,27.227,156,7,137.17295837402344,-226.0297088623047,-33.17441177368164,-247.9501190185547,3.5734031200408936,-224.48458862304688,5.711457147598266,5.801234722137451
79,27.552,160,8,156.37652587890625,-226.0297088623047,-32.502174377441406,-247.9954071044922,153.23876953125,-248.75888061523438,5.732654733657837,5.709239959716797
80,27.862,160,8,156.37652587890625,-226.0297088623047,-32.502174377441406,-247.9954071044922,160.9495086669922,-250.9990692138672,5.724722757339477,5.770284652709961
81,28.194,164,8,156.37652587890625,-226.0297088623047,-32.78419876098633,-248.03392028808594,162.08291625976562,-254.2537384033203,5.7227003955841065,5.734057426452637
82,28.509,164,8,156.37652587890625,-226.0297088623047,-32.78419876098633,-248.03392028808594,7.69631814956665,-222.68922424316406,5.749394645690918,5.895386695861816
83,28.827,168,8,156.37652587890625,-226.0297088623047,-32.2796745300293,-247.88662719726562,5.617451190948486,-225.73846435546875,5.718401145935059,5.627352237701416
84,29.141,168,8,156.37652587890625,-226.0297088623047,-32.2796745300293,-247.88662719726562,159.9493865966797,-248.13641357421875,5.724052238464355,5.749463081359863
85,29.468,172,8,156.37652587890625,-226.0297088623047,-31.222288131713867,-247.80230712890625,75.08917236328125,-231.67225646972656,5.715830764770508,5.762602806091309
86,29.78,172,8,156.37652587890625,-226.0297088623047,-31.222288131713867,-247.80230712890625,144.9342041015625,-249.34909057617188,5.70617018699646,5.722356796264648
87,30.098,176,8,156.37652587890625,-226.0297088623047,-30.95220184326172,-247.55308532714844,80.99190521240234,-233.1597900390625,5.715495710372925,5.679386138916016
88,30.418,176,8,156.37652587890625,-226.0297088623047,-30.95220184326172,-247.55308532714844,162.16038513183594,-253.34115600585938,5.7062396144866945,5.684269905090332
89,30.745,180,6,156.37652587890625,-226.0297088623047,-30.115705490112305,-247.2342071533203,66.55489349365234,-218.77236938476562,5.7079104232788085,5.784904956817627
90,31.056,180,6,156.37652587890625,-226.0297088623047,-30.115705490112305,-247.2342071533203,11.645737648010254,-224.23252868652344,5.720305576324463,5.8265180587768555
91,31.383,184,6,156.37652587890625,-226.0297088623047,-29.78580665588379,-247.0539093017578,116.75348663330078,-228.0493927001953,5.698356828689575,5.837436199188232
92,31.701,184,6,156.37652587890625,-226.0297088623047,-29.78580665588379,-247.0539093017578,124.77164459228516,-246.31149291992188,5.707986354827881,5.684215068817139
93,32.072,188,6,156.37652587890625,-222.05186462402344,-29.56947135925293,-246.56687927246094,3.601447105407715,-225.47740173339844,5.697800321578979,5.748847961425781
94,32.389,188,6,156.37652587890625,-222.05186462402344,-29.56947135925293,-246.56687927246094,190.39418029785156,-251.6444091796875,5.696736364364624,5.598906517028809
95,32.71,192,6,156.37652587890625,-222.05186462402344,-28.769332885742188,-246.49757385253906,124.7667236328125,-223.65782165527344,5.711323070526123,5.806262016296387
96,33.021,192,6,156.37652587890625,-222.05186462402344,-28.769332885742188,-246.49757385253906,190.84368896484375,-253.2357635498047,5.680138626098633,5.691797256469727
97,33.349,196,6,156.37652587890625,-222.05186462402344,-27.595165252685547,-246.3830108642578,158.4547119140625,-246.73196411132812,5.707553043365478,5.807290077209473
98,33.66,196,6,156.37652587890625,-222.05186462402344,-27.595165252685547,-246.3830108642578,158.76992797851562,-254.00694274902344,5.711864929199219,5.5580973625183105
99,33.981,200,4,156.37652587890625,-222.05186462402344,-25.596458435058594,-246.12428283691406,-68.61385345458984,-220.614990234375,5.683747482299805,5.723725318908691
100,34.304,200,4,156.37652587890625,-222.05186462402344,-25.596458435058594,-246.12428283691406,-56.313106536865234,-216.19033813476562,5.695632886886597,5.767812728881836
101,34.827,200,4,156.37652587890625,-222.05186462402344,-24.695524215698242,-244.57504272460938,89.44529724121094,-223.7647247314453,5.643573942184449,5.664693355560303
102,35.14,200,4,156.37652587890625,-222.05186462402344,-24.695524215698242,-244.57504272460938,-70.37439727783203,-217.26393127441406,5.6777011489868165,5.6192169189453125
103,35.469,200,4,156.37652587890625,-222.05186462402344,-23.218524932861328,-244.73226928710938,114.70185852050781,-224.43055725097656,5.664098281860351,5.609456539154053
104,35.786,200,4,156.37652587890625,-222.05186462402344,-23.218524932861328,-244.73226928710938,-33.670936584472656,-220.8250732421875,5.664822397232055,5.589381217956543
105,36.21,200,4,156.37652587890625,-222.05186462402344,-21.769214630126953,-244.61642456054688,151.23379516601562,-229.93362426757812,5.658751564025879,5.666038513183594
106,36.535,200,4,156.37652587890625,-222.05186462402344,-21.769214630126953,-244.61642456054688,114.74667358398438,-219.0725555419922,5.655303688049316,5.632278919219971
107,36.867,200,4,156.37652587890625,-222.05186462402344,-21.482467651367188,-244.1404266357422,114.90170288085938,-220.23765563964844,5.615786027908325,5.54946231842041
108,37.182,200,4,156.37652587890625,-222.05186462402344,-21.482467651367188,-244.1404266357422,-63.730804443359375,-220.62437438964844,5.633963928222657,5.539495944976807
109,37.507,200,4,156.37652587890625,-222.05186462402344,-21.560598373413086,-243.60231018066406,-37.57081604003906,-220.0889892578125,5.6587683296203615,5.719120502471924
110,37.817,200,4,156.37652587890625,-222.05186462402344,-21.560598373413086,-243.60231018066406,129.26832580566406,-220.4789581298828,5.588431367874145,5.619503974914551
111,38.143,200,4,156.37652587890625,-222.05186462402344,-20.041725158691406,-243.2559051513672,160.1968536376953,-253.54759216308594,5.614213848114014,5.696203231811523
112,38.458,200,4,156.37652587890625,-222.05186462402344,-20.041725158691406,-243.2559051513672,156.67547607421875,-254.04063415527344,5.607814092636108,5.629277229309082
113,38.783,200,4,156.37652587890625,-222.05186462402344,-19.700393676757812,-242.7907257080078,-45.302589416503906,-215.09242248535156,5.627045650482177,5.641610145568848
114,39.095,200,4,156.37652587890625,-222.05186462402344,-19.700393676757812,-242.7907257080078,110.53794860839844,-222.10557556152344,5.603501949310303,5.531639099121094
115,39.427,200,4,156.37652587890625,-222.05186462402344,-18.103727340698242,-242.55125427246094,191.35606384277344,-253.18138122558594,5.582426614761353,5.609375
116,39.743,200,4,156.37652587890625,-222.05186462402344,-18.103727340698242,-242.55125427246094,158.52804565429688,-251.6919403076172,5.586600971221924,5.513247013092041
117,40.064,200,4,156.37652587890625,-222.05186462402344,-17.299579620361328,-242.47972106933594,185.69113159179688,-255.0179901123047,5.572564191818238,5.613253116607666
118,40.379,200,4,156.37652587890625,-222.05186462402344,-17.299579620361328,-242.47972106933594,180.4866485595703,-253.58486938476562,5.567222604751587,5.5495147705078125
119,40.704,200,4,156.37652587890625,-222.05186462402344,-16.953126907348633,-242.26748657226562,231.714111328125,-252.84661865234375,5.542382860183716,5.521643161773682
120,41.017,200,4,156.37652587890625,-222.05186462402344,-16.953126907348633,-242.26748657226562,171.4282989501953,-251.19961547851562,5.565150718688965,5.5467529296875
121,41.345,200,4,156.37652587890625,-222.05186462402344,-14.466121673583984,-242.0311279296875,152.7116241455078,-225.45913696289062,5.558012323379517,5.572038650512695
122,41.658,200,4,156.37652587890625,-222.05186462402344,-14.466121673583984,-242.0311279296875,148.9720916748047,-226.46788024902344,5.56578706741333,5.6182756423950195
123,41.981,200,4,156.37652587890625,-222.05186462402344,-16.334869384765625,-241.7449951171875,134.41050720214844,-223.15493774414062,5.52605896949768,5.508411884307861
124,42.381,200,4,156.37652587890625,-222.05186462402344,-16.334869384765625,-241.7449951171875,-74.85095977783203,-214.78416442871094,5.552890996932984,5.388319969177246
125,42.733,200,4,156.37652587890625,-222.05186462402344,-16.63827896118164,-241.2462921142578,-41.473270416259766,-220.44076538085938,5.551531429290772,5.557043552398682
126,43.043,200,4,156.37652587890625,-222.05186462402344,-16.63827896118164,-241.2462921142578,-70.7409896850586,-221.60020446777344,5.537016572952271,5.483510494232178
127,43.372,200,5,156.37652587890625,-222.05186462402344,-14.791728973388672,-240.9048614501953,199.1774444580078,-227.63258361816406,5.518068389892578,5.312369346618652
128,43.688,200,5,156.37652587890625,-222.05186462402344,-14.791728973388672,-240.9048614501953,-55.427181243896484,-221.9503936767578,5.554043788909912,5.543712615966797
129,44.009,200,5,156.37652587890625,-222.05186462402344,-13.929159164428711,-240.59230041503906,149.5428924560547,-229.9166259765625,5.5305226707458495,5.580679893493652
130,44.332,200,5,156.37652587890625,-222.05186462402344,-13.929159164428711,-240.59230041503906,183.046875,-229.80300903320312,5.530701379776001,5.4446516036987305
131,44.657,200,7,156.37652587890625,-222.05186462402344,-13.958850860595703,-240.1300048828125,92.14261627197266,-221.8766632080078,5.5332845687866214,5.514764785766602
132,44.99,200,7,156.37652587890625,-222.05186462402344,-13.958850860595703,-240.1300048828125,167.45028686523438,-253.7327423095703,5.504350347518921,5.668591499328613
133,45.316,200,8,156.37652587890625,-218.55076599121094,-15.112060546875,-239.63504028320312,-43.73850631713867,-216.4856719970703,5.526801481246948,5.529332160949707
134,45.625,200,8,156.37652587890625,-218.55076599121094,-15.112060546875,-239.63504028320312,-25.881004333496094,-218.05352783203125,5.532199478149414,5.522027969360352
135,45.946,200,8,156.37652587890625,-218.55076599121094,-14.71423053741455,-239.4098663330078,172.8965301513672,-253.98402404785156,5.49978328704834,5.355906009674072
136,46.262,200,8,156.37652587890625,-218.55076599121094,-14.71423053741455,-239.4098663330078,-22.756763458251953,-218.1024169921875,5.501116828918457,5.586597442626953
137,46.593,200,9,156.37652587890625,-218.55076599121094,-15.154008865356445,-238.95660400390625,103.66092681884766,-226.0067901611328,5.48924241065979,5.477301597595215
138,46.908,200,9,156.37652587890625,-218.55076599121094,-15.154008865356445,-238.95660400390625,111.51751708984375,-219.1573028564453,5.491806974411011,5.503366947174072
139,47.231,200,9,156.37652587890625,-218.55076599121094,-14.07822036743164,-238.95541381835938,184.84072875976562,-251.16268920898438,5.489829397201538,5.527029991149902
140,47.541,200,9,156.37652587890625,-218.55076599121094,-14.07822036743164,-238.95541381835938,-19.731122970581055,-215.4486846923828,5.490790939331054,5.489430904388428
141,47.864,200,9,156.37652587890625,-218.55076599121094,-13.758562088012695,-238.3193359375,49.73542022705078,-219.5867462158203,5.464699077606201,5.4647135734558105
142,48.177,200,9,156.37652587890625,-218.55076599121094,-13.758562088012695,-238.3193359375,157.86892700195312,-255.0003662109375,5.469037675857544,5.606720447540283
143,48.57,200,9,156.37652587890625,-218.55076599121094,-12.449226379394531,-238.14137268066406,165.4609375,-253.13877868652344,5.450241861343383,5.341883182525635
144,48.881,200,9,156.37652587890625,-218.55076599121094,-12.449226379394531,-238.14137268066406,-15.607280731201172,-214.99948120117188,5.469984798431397,5.415677070617676
145,49.208,200,8,156.37652587890625,-217.47222900390625,-11.753201484680176,-237.76348876953125,-32.11518096923828,-218.1754150390625,5.447753620147705,5.622942924499512
146,49.524,200,8,156.37652587890625,-217.47222900390625,-11.753201484680176,-237.76348876953125,80.8364028930664,-216.0788116455078,5.432164220809937,5.398653507232666
147,49.843,200,8,156.37652587890625,-217.47222900390625,-11.290510177612305,-237.4512481689453,119.89163208007812,-224.08377075195312,5.453235378265381,5.521147727966309
148,50.154,200,8,156.37652587890625,-217.47222900390625,-11.290510177612305,-237.4512481689453,176.80259704589844,-221.7681427001953,5.455664739608765,5.519101619720459
149,50.48,200,8,156.37652587890625,-217.47222900390625,-10.647534370422363,-237.22964477539062,99.190673828125,-224.4193572998047,5.429400281906128,5.4039483070373535
150,50.848,200,8,156.37652587890625,-217.47222900390625,-10.647534370422363,-237.22964477539062,165.7750244140625,-254.94911193847656,5.45151427268982,5.3335700035095215
151,51.176,200,8,156.37652587890625,-217.47222900390625,-9.45546817779541,-237.1980438232422,187.29159545898438,-249.65585327148438,5.425931959152222,5.317841529846191
152,51.493,200,8,156.37652587890625,-217.47222900390625,-9.45546817779541,-237.1980438232422,24.516077041625977,-217.35601806640625,5.426804437637329,5.334380149841309
153,51.819,200,8,156.37652587890625,-217.47222900390625,-10.37633991241455,-236.767578125,-6.806991100311279,-215.28591918945312,5.416729459762573,5.3676676750183105
154,52.137,200,8,156.37652587890625,-217.47222900390625,-10.37633991241455,-236.767578125,-4.938833236694336,-215.23129272460938,5.4193868160247805,5.354272842407227
155,52.463,200,8,156.37652587890625,-217.47222900390625,-8.212292671203613,-236.99783325195312,179.0726318359375,-252.01239013671875,5.415644235610962,5.467782497406006
156,52.775,200,8,156.37652587890625,-217.47222900390625,-8.212292671203613,-236.99783325195312,-3.3411667346954346,-214.31578063964844,5.406625127792358,5.293978691101074
157,53.1,200,8,156.37652587890625,-217.47222900390625,-7.590850353240967,-236.81707763671875,117.0830307006836,-224.2386016845703,5.401556081771851,5.362166881561279
158,53.424,200,8,156.37652587890625,-217.47222900390625,-7.590850353240967,-236.81707763671875,85.7712631225586,-218.38772583007812,5.391902694702148,5.369146823883057
159,53.745,200,8,156.37652587890625,-217.47222900390625,-5.608222484588623,-236.93328857421875,159.14077758789062,-253.24465942382812,5.409971799850464,5.370087623596191
160,54.056,200,8,156.37652587890625,-217.47222900390625,-5.608222484588623,-236.93328857421875,127.26939392089844,-227.5606689453125,5.378054895401001,5.355790138244629
161,54.387,200,8,156.37652587890625,-217.47222900390625,-5.074001312255859,-236.7810516357422,-0.3607217073440552,-207.75746154785156,5.385644016265869,5.291843891143799
162,54.7,200,8,156.37652587890625,-217.47222900390625,-5.074001312255859,-236.7810516357422,88.58419036865234,-220.7923583984375,5.4130391502380375,5.3480939865112305
163,55.021,200,8,156.37652587890625,-217.47222900390625,-4.431633949279785,-236.62452697753906,-9.820306777954102,-216.40269470214844,5.405804023742676,5.568416118621826
164,55.337,200,8,156.37652587890625,-217.47222900390625,-4.431633949279785,-236.62452697753906,171.29244995117188,-253.1702880859375,5.378964757919311,5.409724235534668
165,55.664,200,8,156.37652587890625,-217.47222900390625,-4.390139579772949,-236.3585205078125,123.85362243652344,-224.16561889648438,5.3727038383483885,5.47818660736084
166,56.094,200,8,156.37652587890625,-217.47222900390625,-4.390139579772949,-236.3585205078125,174.8353729248047,-252.24069213867188,5.378661527633667,5.470722198486328
167,56.426,200,8,156.37652587890625,-217.47222900390625,-2.7714896202087402,-236.4908447265625,174.02880859375,-253.79225158691406,5.369790391921997,5.346628189086914
168,56.739,200,8,156.37652587890625,-217.47222900390625,-2.7714896202087402,-236.4908447265625,168.12608337402344,-226.0839385986328,5.370775547027588,5.464296340942383
169,57.057,200,10,156.37652587890625,-209.0732879638672,-3.3952441215515137,-235.8813018798828,5.969980239868164,-213.0170440673828,5.352077074050904,5.365593910217285
170,57.373,200,10,156.37652587890625,-209.0732879638672,-3.3952441215515137,-235.8813018798828,167.9658660888672,-244.3926544189453,5.381150732040405,5.335942268371582
171,57.702,200,10,156.37652587890625,-209.0732879638672,-1.3126351833343506,-235.9150390625,183.0673828125,-254.2395782470703,5.356669502258301,5.312176704406738
172,58.013,200,10,156.37652587890625,-209.0732879638672,-1.3126351833343506,-235.9150390625,123.79743194580078,-228.65267944335938,5.346460399627685,5.333061218261719
173,58.337,200,10,156.37652587890625,-209.0732879638672,-0.45126402378082275,-235.88645935058594,185.04534912109375,-254.58460998535156,5.343040904998779,5.428590774536133
174,58.663,200,10,156.37652587890625,-209.0732879638672,-0.45126402378082275,-235.88645935058594,-9.459477424621582,-209.74166870117188,5.331131191253662,5.423205375671387
175,59.003,200,11,156.37652587890625,-209.0732879638672,-0.3169094920158386,-235.4746551513672,-2.602311611175537,-204.73062133789062,5.356169815063477,5.301685333251953
176,59.318,200,11,156.37652587890625,-209.0732879638672,-0.3169094920158386,-235.4746551513672,126.03842163085938,-221.63619995117188,5.3366694831848145,5.350279808044434
177,59.754,200,11,156.37652587890625,-209.0732879638672,0.8339807391166687,-235.55801391601562,172.50538635253906,-252.57455444335938,5.328909873962402,5.1939311027526855
178,60.094,200,11,156.37652587890625,-209.0732879638672,0.8339807391166687,-235.55801391601562,75.8528823852539,-212.4722900390625,5.336732387542725,5.29090690612793
179,60.44,200,8,145.66236877441406,-209.0732879638672,0.7762266397476196,-235.00714111328125,-39.43819808959961,-205.16575622558594,5.30906198501587,5.3335676193237305
180,60.767,200,8,145.66236877441406,-209.0732879638672,0.7762266397476196,-235.00714111328125,-19.1975154876709,-207.56179809570312,5.320810232162476,5.2200822830200195
181,61.098,200,8,145.66236877441406,-209.0732879638672,2.2817296981811523,-234.6556396484375,3.093691825866699,-216.58013916015625,5.334096384048462,5.283149242401123
182,61.413,200,8,145.66236877441406,-209.0732879638672,2.2817296981811523,-234.6556396484375,148.02566528320312,-227.4458770751953,5.29912335395813,5.298853874206543
183,61.741,200,8,145.66236877441406,-209.0732879638672,3.2396631240844727,-234.29647827148438,-9.542980194091797,-216.50881958007812,5.3253341388702395,5.460687637329102
184,62.053,200,8,145.66236877441406,-209.0732879638672,3.2396631240844727,-234.29647827148438,-27.048662185668945,-207.38864135742188,5.308855895996094,5.339109420776367
185,62.375,200,8,145.66236877441406,-209.0732879638672,4.237592697143555,-233.98651123046875,69.17111206054688,-219.88890075683594,5.290501928329467,5.255489349365234
186,62.689,200,8,145.66236877441406,-209.0732879638672,4.237592697143555,-233.98651123046875,146.1636505126953,-229.82003784179688,5.314300947189331,5.29868745803833
187,63.01,200,8,145.66236877441406,-209.0732879638672,4.413763999938965,-233.97096252441406,116.79896545410156,-220.9578857421875,5.293772897720337,5.256159782409668
188,63.321,200,8,145.66236877441406,-209.0732879638672,4.413763999938965,-233.97096252441406,157.41952514648438,-229.14451599121094,5.277039947509766,5.329426288604736
189,63.649,200,8,145.66236877441406,-209.0732879638672,5.025457859039307,-233.79249572753906,-38.35107421875,-207.06387329101562,5.286326103210449,5.406728267669678
190,63.963,200,8,145.66236877441406,-209.0732879638672,5.025457859039307,-233.79249572753906,135.37405395507812,-230.01535034179688,5.283963756561279,5.405858039855957
191,64.376,200,8,145.66236877441406,-209.0732879638672,4.515841007232666,-233.43035888671875,-44.22221755981445,-206.170166015625,5.268892669677735,5.2624969482421875
192,64.826,200,8,145.66236877441406,-209.0732879638672,4.515841007232666,-233.43035888671875,4.569811820983887,-209.06500244140625,5.2797067356109615,5.202327728271484
193,65.147,200,8,145.66236877441406,-209.0732879638672,5.056578159332275,-233.39035034179688,-42.84062194824219,-208.26779174804688,5.259933986663818,5.098049640655518
194,65.46,200,8,145.66236877441406,-209.0732879638672,5.056578159332275,-233.39035034179688,161.75550842285156,-228.65586853027344,5.27486572265625,5.0744524002075195
195,65.785,200,8,145.66236877441406,-209.0732879638672,5.9564642906188965,-233.02020263671875,-12.32211971282959,-212.90618896484375,5.241729602813721,5.18173360824585
196,66.16,200,8,145.66236877441406,-209.0732879638672,5.9564642906188965,-233.02020263671875,-42.902523040771484,-208.25242614746094,5.261253833770752,5.217919826507568
197,66.491,200,8,145.66236877441406,-209.0732879638672,6.295843601226807,-232.99234008789062,171.5499725341797,-230.2105255126953,5.24572645187378,5.320592880249023
198,66.803,200,8,145.66236877441406,-209.0732879638672,6.295843601226807,-232.99234008789062,-24.243228912353516,-206.1802978515625,5.250131063461303,5.26286506652832
199,67.127,200,11,141.80125427246094,-209.0732879638672,5.240779876708984,-232.94886779785156,120.39824676513672,-220.01229858398438,5.209928283691406,5.124932289123535
200,67.449,200,11,141.80125427246094,-209.0732879638672,5.240779876708984,-232.94886779785156,2.809236526489258,-216.67953491210938,5.234412574768067,5.276678085327148
1,0.304,4,2,-23.721010208129883,-304.5106506347656,-48.409603118896484,-309.26116943359375,9.323224067687988,-1.3484240770339966,6.581543245315552,6.48643159866333
2,0.599,4,2,-23.721010208129883,-304.5106506347656,-48.409603118896484,-309.26116943359375,-5.265491962432861,14.585269927978516,6.518779830932617,6.461179733276367
3,0.907,8,2,35.698570251464844,-226.0297088623047,-45.709510803222656,-268.7665100097656,6.302014350891113,-24.201292037963867,6.0862620830535885,6.11831521987915
4,1.303,8,2,35.698570251464844,-226.0297088623047,-45.709510803222656,-268.7665100097656,41.54844284057617,-226.96910095214844,6.05157639503479,6.123225212097168
5,1.605,12,2,35.698570251464844,-226.0297088623047,-72.88147735595703,-259.8352966308594,36.25390625,-226.9827423095703,5.9910861587524415,5.9804253578186035
6,1.899,12,2,35.698570251464844,-226.0297088623047,-72.88147735595703,-259.8352966308594,37.02582550048828,-226.91690063476562,5.964840097427368,6.091290473937988
7,2.209,16,2,35.698570251464844,-226.0297088623047,-67.71360778808594,-258.37744140625,2.7187228202819824,-225.95672607421875,5.962519741058349,5.916369438171387
8,2.51,16,2,35.698570251464844,-226.0297088623047,-67.71360778808594,-258.37744140625,-1.8877469301223755,-226.00347900390625,5.935252246856689,5.843269348144531
9,2.816,20,3,62.913658142089844,-226.0297088623047,-66.35806274414062,-257.51629638671875,-2.0649173259735107,-225.8777618408203,5.957931699752808,6.0302276611328125
10,3.112,20,3,62.913658142089844,-226.0297088623047,-66.35806274414062,-257.51629638671875,64.54518127441406,-249.27589416503906,5.944747848510742,5.929114818572998
11,3.418,24,3,62.913658142089844,-226.0297088623047,-65.97782135009766,-258.53607177734375,72.69844055175781,-257.0747985839844,5.952079954147339,5.907812118530273
12,3.717,24,3,62.913658142089844,-226.0297088623047,-65.97782135009766,-258.53607177734375,15.490705490112305,-225.5110626220703,5.958194894790649,5.994847774505615
13,4.029,28,3,62.913658142089844,-226.0297088623047,-62.0886116027832,-257.5620422363281,36.77244186401367,-221.97723388671875,5.961626882553101,5.954184055328369
14,4.327,28,3,62.913658142089844,-226.0297088623047,-62.0886116027832,-257.5620422363281,76.95671081542969,-251.43545532226562,5.9455246734619145,5.983105182647705
15,4.633,32,3,62.913658142089844,-226.0297088623047,-59.49799346923828,-257.4883117675781,57.20668411254883,-220.0841827392578,5.9596508026123045,5.969622611999512
16,4.942,32,3,62.913658142089844,-226.0297088623047,-59.49799346923828,-257.4883117675781,36.34527587890625,-222.71151733398438,5.932656288146973,5.866384029388428
17,5.26,36,3,65.5283203125,-226.0297088623047,-54.755760192871094,-256.3262634277344,43.81660079956055,-224.70742797851562,5.933121185302735,5.909897804260254
18,5.56,36,3,65.5283203125,-226.0297088623047,-54.755760192871094,-256.3262634277344,41.850502014160156,-223.73757934570312,5.9099279880523685,5.9976911544799805
19,5.922,40,3,65.5283203125,-226.0297088623047,-49.883811950683594,-255.58505249023438,-1.8548622131347656,-222.12164306640625,5.9069004726409915,5.893319129943848
20,6.228,40,3,65.5283203125,-226.0297088623047,-49.883811950683594,-255.58505249023438,78.34521484375,-243.52456665039062,5.912149782180786,5.892070770263672
21,6.538,44,3,65.5283203125,-226.0297088623047,-54.507286071777344,-255.084716796875,69.78840637207031,-246.3369903564453,5.900840196609497,5.90720272064209
22,6.843,44,3,65.5283203125,-226.0297088623047,-54.507286071777344,-255.084716796875,2.247737407684326,-224.69989013671875,5.9003639411926265,6.007683753967285
23,7.168,48,4,103.29483795166016,-226.0297088623047,-50.38276290893555,-254.583251953125,40.08082962036133,-226.36415100097656,5.887305040359497,6.020378112792969
24,7.467,48,4,103.29483795166016,-226.0297088623047,-50.38276290893555,-254.583251953125,2.451472043991089,-224.04379272460938,5.897143907546997,5.871160507202148
25,7.782,52,4,103.29483795166016,-226.0297088623047,-44.68488311767578,-254.52334594726562,66.8419189453125,-239.25526428222656,5.901909008026123,6.0246195793151855
26,8.088,52,4,103.29483795166016,-226.0297088623047,-44.68488311767578,-254.52334594726562,106.727294921875,-246.8262176513672,5.885033264160156,5.880824089050293
27,8.395,56,4,103.29483795166016,-226.0297088623047,-44.94934844970703,-253.8972930908203,0.8205041885375977,-223.55435180664062,5.89222882270813,5.893290996551514
28,8.696,56,4,103.29483795166016,-226.0297088623047,-44.94934844970703,-253.8972930908203,8.61762523651123,-225.09523010253906,5.88083477973938,5.98324728012085
29,9.003,60,4,103.29483795166016,-226.0297088623047,-47.21470260620117,-253.8161163330078,-2.145118236541748,-225.3997802734375,5.875984296798706,5.907259941101074
30,9.316,60,4,103.29483795166016,-226.0297088623047,-47.21470260620117,-253.8161163330078,35.80483627319336,-225.61331176757812,5.878743162155152,5.860959529876709
31,9.643,64,5,103.29483795166016,-226.0297088623047,-42.7671012878418,-253.44125366210938,56.60446548461914,-226.1772003173828,5.872797737121582,5.868086814880371
32,10.103,64,5,103.29483795166016,-226.0297088623047,-42.7671012878418,-253.44125366210938,105.6030502319336,-248.3994598388672,5.879176902770996,5.87815523147583
33,10.464,68,5,103.29483795166016,-226.0297088623047,-39.900611877441406,-253.08811950683594,105.6038589477539,-245.43736267089844,5.862817621231079,5.74741792678833
34,10.781,68,5,103.29483795166016,-226.0297088623047,-39.900611877441406,-253.08811950683594,58.8315544128418,-243.4716339111328,5.869915370941162,5.837134838104248
35,11.095,72,5,103.29483795166016,-226.0297088623047,-38.676353454589844,-252.8557891845703,12.258694648742676,-225.5484161376953,5.866443643569946,5.801983833312988
36,11.398,72,5,103.29483795166016,-226.0297088623047,-38.676353454589844,-252.8557891845703,108.1500244140625,-248.862060546875,5.858711032867432,5.894896507263184
37,11.707,76,5,103.29483795166016,-226.0297088623047,-34.83111572265625,-252.8069305419922,106.93563079833984,-248.66285705566406,5.850081996917725,5.770808219909668
38,12.017,76,5,103.29483795166016,-226.0297088623047,-34.83111572265625,-252.8069305419922,66.76216888427734,-244.090576171875,5.86933500289917,5.907541751861572
39,12.331,80,5,103.29483795166016,-226.0297088623047,-34.33258819580078,-252.4327850341797,41.1653938293457,-226.6938934326172,5.8292945194244385,5.815094947814941
40,12.634,80,5,103.29483795166016,-226.0297088623047,-34.33258819580078,-252.4327850341797,45.044559478759766,-223.63412475585938,5.856067848205567,5.936097621917725
41,12.947,84,5,103.29483795166016,-226.0297088623047,-33.39116668701172,-252.8397979736328,104.86265563964844,-248.37838745117188,5.855658035278321,5.890555381774902
42,13.256,84,5,103.29483795166016,-226.0297088623047,-33.39116668701172,-252.8397979736328,5.082386493682861,-225.612548828125,5.847722730636597,5.98185396194458
43,13.571,88,5,103.29483795166016,-226.0297088623047,-35.72856903076172,-252.71974182128906,108.45856475830078,-248.3740692138672,5.8598786640167235,5.7422685623168945
44,13.873,88,5,103.29483795166016,-226.0297088623047,-35.72856903076172,-252.71974182128906,104.671875,-247.56378173828125,5.847982988357544,5.84099817276001
45,14.184,92,5,103.29483795166016,-226.0297088623047,-36.788516998291016,-252.08035278320312,51.733497619628906,-224.3273468017578,5.833948545455932,5.8022871017456055
46,14.494,92,5,103.29483795166016,-226.0297088623047,-36.788516998291016,-252.08035278320312,47.97127151489258,-223.77630615234375,5.8504698371887205,5.860991477966309
47,14.874,96,5,103.29483795166016,-226.0297088623047,-36.92793655395508,-251.6584014892578,44.86563491821289,-226.2016143798828,5.825653343200684,5.653682708740234
48,15.175,96,5,103.29483795166016,-226.0297088623047,-36.92793655395508,-251.6584014892578,113.76713562011719,-248.4507598876953,5.8308485317230225,5.861811637878418
49,15.485,100,5,103.29483795166016,-226.0297088623047,-35.38899612426758,-251.54327392578125,6.25039529800415,-221.5089874267578,5.808972597122192,5.84692907333374
50,15.799,100,5,103.29483795166016,-226.0297088623047,-35.38899612426758,-251.54327392578125,79.95429229736328,-245.5185546875,5.803451385498047,5.768878936767578
51,16.114,104,4,103.29483795166016,-226.0297088623047,-33.893253326416016,-251.18856811523438,41.88935852050781,-224.06275939941406,5.81098219871521,5.752137184143066
52,16.417,104,4,103.29483795166016,-226.0297088623047,-33.893253326416016,-251.18856811523438,75.79998016357422,-237.48670959472656,5.805364875793457,5.784375190734863
53,16.728,108,5,116.53804779052734,-226.0297088623047,-33.51124954223633,-251.22975158691406,114.76986694335938,-248.09182739257812,5.7964690399169925,5.896868705749512
54,17.034,108,5,116.53804779052734,-226.0297088623047,-33.51124954223633,-251.22975158691406,1.6614537239074707,-219.84033203125,5.8195923328399655,5.845355987548828
55,17.351,112,5,116.53804779052734,-226.0297088623047,-34.86042022705078,-250.7067413330078,8.577439308166504,-221.8986358642578,5.812659893035889,5.803473949432373
56,17.655,112,5,116.53804779052734,-226.0297088623047,-34.86042022705078,-250.7067413330078,76.01210021972656,-236.78582763671875,5.804784574508667,5.654283046722412
57,17.967,116,6,116.53804779052734,-226.0297088623047,-33.64006042480469,-250.46133422851562,78.76000213623047,-236.24803161621094,5.7802497673034665,5.780688762664795
58,18.358,116,6,116.53804779052734,-226.0297088623047,-33.64006042480469,-250.46133422851562,130.1571807861328,-254.59634399414062,5.796175374984741,5.667483806610107
59,18.681,120,6,116.53804779052734,-226.0297088623047,-34.08372497558594,-250.00221252441406,11.778721809387207,-224.29800415039062,5.787329511642456,5.730035781860352
60,18.985,120,6,116.53804779052734,-226.0297088623047,-34.08372497558594,-250.00221252441406,44.49605941772461,-224.63011169433594,5.774796094894409,5.732712745666504
61,19.298,124,7,116.53804779052734,-226.0297088623047,-34.023231506347656,-249.48550415039062,-1.3887361288070679,-221.4357147216797,5.799328460693359,5.829418182373047
62,19.604,124,7,116.53804779052734,-226.0297088623047,-34.023231506347656,-249.48550415039062,41.73107147216797,-225.8511962890625,5.7695210170745845,5.766218185424805
63,19.925,128,7,116.53804779052734,-226.0297088623047,-34.60436248779297,-249.10525512695312,53.456295013427734,-226.4199676513672,5.767425937652588,5.689537048339844
64,20.231,128,7,116.53804779052734,-226.0297088623047,-34.60436248779297,-249.10525512695312,127.08999633789062,-248.90621948242188,5.778966789245605,5.81070613861084
65,20.543,132,7,116.53804779052734,-226.0297088623047,-33.873416900634766,-248.94102478027344,28.857158660888672,-225.05210876464844,5.764884586334229,5.6841020584106445
66,20.85,132,7,116.53804779052734,-226.0297088623047,-33.873416900634766,-248.94102478027344,11.621203422546387,-225.0451202392578,5.743572692871094,5.921159267425537
67,21.173,136,7,116.53804779052734,-226.0297088623047,-34.818355560302734,-248.55422973632812,61.287803649902344,-228.43991088867188,5.752494812011719,5.878604888916016
68,21.477,136,7,116.53804779052734,-226.0297088623047,-34.818355560302734,-248.55422973632812,-2.3248255252838135,-221.85276794433594,5.760664005279541,5.837131500244141
69,21.789,140,7,116.53804779052734,-226.0297088623047,-34.48100662231445,-248.4564666748047,82.03919982910156,-236.93087768554688,5.765330724716186,5.773871421813965
70,22.092,140,7,116.53804779052734,-226.0297088623047,-34.48100662231445,-248.4564666748047,40.430397033691406,-221.89967346191406,5.760918521881104,5.8845038414001465
71,22.411,144,7,116.53804779052734,-226.0297088623047,-34.79972457885742,-248.21832275390625,5.714105606079102,-222.18885803222656,5.74892071723938,5.687617301940918
72,22.716,144,7,116.53804779052734,-226.0297088623047,-34.79972457885742,-248.21832275390625,-2.1677520275115967,-225.80136108398438,5.755340566635132,5.873227119445801
73,23.031,148,7,116.53804779052734,-226.0297088623047,-34.390785217285156,-248.18153381347656,130.14280700683594,-253.6891326904297,5.734979219436646,5.802289962768555
74,23.337,148,7,116.53804779052734,-226.0297088623047,-34.390785217285156,-248.18153381347656,46.9278450012207,-225.8905487060547,5.753525419235229,5.757623672485352
75,23.657,152,7,137.17295837402344,-226.0297088623047,-33.194915771484375,-248.14414978027344,79.82476043701172,-231.13502502441406,5.725979909896851,5.8042426109313965
76,23.964,152,7,137.17295837402344,-226.0297088623047,-33.194915771484375,-248.14414978027344,150.06626892089844,-249.3719482421875,5.730501508712768,5.755858421325684
77,24.277,156,7,137.17295837402344,-226.0297088623047,-33.17441177368164,-247.9501190185547,84.26824188232422,-236.06517028808594,5.725084276199341,5.620604515075684
78,24.582,156,7,137.17295837402344,-226.0297088623047,-33.17441177368164,-247.9501190185547,3.5734031200408936,-224.48458862304688,5.711457147598266,5.801234722137451
79,24.921,160,8,156.37652587890625,-226.0297088623047,-32.502174377441406,-247.9954071044922,153.23876953125,-248.75888061523438,5.732654733657837,5.709239959716797
80,25.397,160,8,156.37652587890625,-226.0297088623047,-32.502174377441406,-247.9954071044922,160.9495086669922,-250.9990692138672,5.724722757339477,5.770284652709961
81,25.743,164,8,156.37652587890625,-226.0297088623047,-32.78419876098633,-248.03392028808594,162.08291625976562,-254.2537384033203,5.7227003955841065,5.734057426452637
82,26.192,164,8,156.37652587890625,-226.0297088623047,-32.78419876098633,-248.03392028808594,7.69631814956665,-222.68922424316406,5.749394645690918,5.895386695861816
83,26.578,168,8,156.37652587890625,-226.0297088623047,-32.2796745300293,-247.88662719726562,5.617451190948486,-225.73846435546875,5.718401145935059,5.627352237701416
84,26.917,168,8,156.37652587890625,-226.0297088623047,-32.2796745300293,-247.88662719726562,159.9493865966797,-248.13641357421875,5.724052238464355,5.749463081359863
85,27.23,172,8,156.37652587890625,-226.0297088623047,-31.222288131713867,-247.80230712890625,75.08917236328125,-231.67225646972656,5.715830764770508,5.762602806091309
86,27.535,172,8,156.37652587890625,-226.0297088623047,-31.222288131713867,-247.80230712890625,144.9342041015625,-249.34909057617188,5.70617018699646,5.722356796264648
87,27.857,176,8,156.37652587890625,-226.0297088623047,-30.95220184326172,-247.55308532714844,80.99190521240234,-233.1597900390625,5.715495710372925,5.679386138916016
88,28.164,176,8,156.37652587890625,-226.0297088623047,-30.95220184326172,-247.55308532714844,162.16038513183594,-253.34115600585938,5.7062396144866945,5.684269905090332
89,28.476,180,6,156.37652587890625,-226.0297088623047,-30.115705490112305,-247.2342071533203,66.55489349365234,-218.77236938476562,5.7079104232788085,5.784904956817627
90,28.781,180,6,156.37652587890625,-226.0297088623047,-30.115705490112305,-247.2342071533203,11.645737648010254,-224.23252868652344,5.720305576324463,5.8265180587768555
91,29.098,184,6,156.37652587890625,-226.0297088623047,-29.78580665588379,-247.0539093017578,116.75348663330078,-228.0493927001953,5.698356828689575,5.837436199188232
92,29.41,184,6,156.37652587890625,-226.0297088623047,-29.78580665588379,-247.0539093017578,124.77164459228516,-246.31149291992188,5.707986354827881,5.684215068817139
93,29.732,188,6,156.37652587890625,-222.05186462402344,-29.56947135925293,-246.56687927246094,3.601447105407715,-225.47740173339844,5.697800321578979,5.748847961425781
94,30.042,188,6,156.37652587890625,-222.05186462402344,-29.56947135925293,-246.56687927246094,190.39418029785156,-251.6444091796875,5.696736364364624,5.598906517028809
95,30.354,192,6,156.37652587890625,-222.05186462402344,-28.769332885742188,-246.49757385253906,124.7667236328125,-223.65782165527344,5.711323070526123,5.806262016296387
96,30.662,192,6,156.37652587890625,-222.05186462402344,-28.769332885742188,-246.49757385253906,190.84368896484375,-253.2357635498047,5.680138626098633,5.691797256469727
97,30.98,196,6,156.37652587890625,-222.05186462402344,-27.595165252685547,-246.3830108642578,158.4547119140625,-246.73196411132812,5.707553043365478,5.807290077209473
98,31.287,196,6,156.37652587890625,-222.05186462402344,-27.595165252685547,-246.3830108642578,158.76992797851562,-254.00694274902344,5.711864929199219,5.5580973625183105
99,31.599,200,4,156.37652587890625,-222.05186462402344,-25.596458435058594,-246.12428283691406,-68.61385345458984,-220.614990234375,5.683747482299805,5.723725318908691
100,31.906,200,4,156.37652587890625,-222.05186462402344,-25.596458435058594,-246.12428283691406,-56.313106536865234,-216.19033813476562,5.695632886886597,5.767812728881836
101,32.222,200,4,156.37652587890625,-222.05186462402344,-24.695524215698242,-244.57504272460938,89.44529724121094,-223.7647247314453,5.643573942184449,5.664693355560303
102,32.538,200,4,156.37652587890625,-222.05186462402344,-24.695524215698242,-244.57504272460938,-70.37439727783203,-217.26393127441406,5.6777011489868165,5.6192169189453125
103,32.854,200,4,156.37652587890625,-222.05186462402344,-23.218524932861328,-244.73226928710938,114.70185852050781,-224.43055725097656,5.664098281860351,5.609456539154053
104,33.161,200,4,156.37652587890625,-222.05186462402344,-23.218524932861328,-244.73226928710938,-33.670936584472656,-220.8250732421875,5.664822397232055,5.589381217956543
105,33.542,200,4,156.37652587890625,-222.05186462402344,-21.769214630126953,-244.61642456054688,151.23379516601562,-229.93362426757812,5.658751564025879,5.666038513183594
106,33.856,200,4,156.37652587890625,-222.05186462402344,-21.769214630126953,-244.61642456054688,114.74667358398438,-219.0725555419922,5.655303688049316,5.632278919219971
107,34.169,200,4,156.37652587890625,-222.05186462402344,-21.482467651367188,-244.1404266357422,114.90170288085938,-220.23765563964844,5.615786027908325,5.54946231842041
108,34.576,200,4,156.37652587890625,-222.05186462402344,-21.482467651367188,-244.1404266357422,-63.730804443359375,-220.62437438964844,5.633963928222657,5.539495944976807
109,34.893,200,4,156.37652587890625,-222.05186462402344,-21.560598373413086,-243.60231018066406,-37.57081604003906,-220.0889892578125,5.6587683296203615,5.719120502471924
110,35.215,200,4,156.37652587890625,-222.05186462402344,-21.560598373413086,-243.60231018066406,129.26832580566406,-220.4789581298828,5.588431367874145,5.619503974914551
111,35.533,200,4,156.37652587890625,-222.05186462402344,-20.041725158691406,-243.2559051513672,160.1968536376953,-253.54759216308594,5.614213848114014,5.696203231811523
112,35.841,200,4,156.37652587890625,-222.05186462402344,-20.041725158691406,-243.2559051513672,156.67547607421875,-254.04063415527344,5.607814092636108,5.629277229309082
113,36.157,200,4,156.37652587890625,-222.05186462402344,-19.700393676757812,-242.7907257080078,-45.302589416503906,-215.09242248535156,5.627045650482177,5.641610145568848
114,36.477,200,4,156.37652587890625,-222.05186462402344,-19.700393676757812,-242.7907257080078,110.53794860839844,-222.10557556152344,5.603501949310303,5.531639099121094
115,36.794,200,4,156.37652587890625,-222.05186462402344,-18.103727340698242,-242.55125427246094,191.35606384277344,-253.18138122558594,5.582426614761353,5.609375
116,37.101,200,4,156.37652587890625,-222.05186462402344,-18.103727340698242,-242.55125427246094,158.52804565429688,-251.6919403076172,5.586600971221924,5.513247013092041
117,37.42,200,4,156.37652587890625,-222.05186462402344,-17.299579620361328,-242.47972106933594,185.69113159179688,-255.0179901123047,5.572564191818238,5.613253116607666
118,37.735,200,4,156.37652587890625,-222.05186462402344,-17.299579620361328,-242.47972106933594,180.4866485595703,-253.58486938476562,5.567222604751587,5.5495147705078125
119,38.05,200,4,156.37652587890625,-222.05186462402344,-16.953126907348633,-242.26748657226562,231.714111328125,-252.84661865234375,5.542382860183716,5.521643161773682
120,38.356,200,4,156.37652587890625,-222.05186462402344,-16.953126907348633,-242.26748657226562,171.4282989501953,-251.19961547851562,5.565150718688965,5.5467529296875
121,38.674,200,4,156.37652587890625,-222.05186462402344,-14.466121673583984,-242.0311279296875,152.7116241455078,-225.45913696289062,5.558012323379517,5.572038650512695
122,38.99,200,4,156.37652587890625,-222.05186462402344,-14.466121673583984,-242.0311279296875,148.9720916748047,-226.46788024902344,5.56578706741333,5.6182756423950195
123,39.311,200,4,156.37652587890625,-222.05186462402344,-16.334869384765625,-241.7449951171875,134.41050720214844,-223.15493774414062,5.52605896949768,5.508411884307861
124,39.618,200,4,156.37652587890625,-222.05186462402344,-16.334869384765625,-241.7449951171875,-74.85095977783203,-214.78416442871094,5.552890996932984,5.388319969177246
125,39.932,200,4,156.37652587890625,-222.05186462402344,-16.63827896118164,-241.2462921142578,-41.473270416259766,-220.44076538085938,5.551531429290772,5.557043552398682
126,40.245,200,4,156.37652587890625,-222.05186462402344,-16.63827896118164,-241.2462921142578,-70.7409896850586,-221.60020446777344,5.537016572952271,5.483510494232178
127,40.56,200,5,156.37652587890625,-222.05186462402344,-14.791728973388672,-240.9048614501953,199.1774444580078,-227.63258361816406,5.518068389892578,5.312369346618652
128,40.869,200,5,156.37652587890625,-222.05186462402344,-14.791728973388672,-240.9048614501953,-55.427181243896484,-221.9503936767578,5.554043788909912,5.543712615966797
129,41.186,200,5,156.37652587890625,-222.05186462402344,-13.929159164428711,-240.59230041503906,149.5428924560547,-229.9166259765625,5.5305226707458495,5.580679893493652
130,41.493,200,5,156.37652587890625,-222.05186462402344,-13.929159164428711,-240.59230041503906,183.046875,-229.80300903320312,5.530701379776001,5.4446516036987305
131,41.809,200,7,156.37652587890625,-222.05186462402344,-13.958850860595703,-240.1300048828125,92.14261627197266,-221.8766632080078,5.5332845687866214,5.514764785766602
132,42.126,200,7,156.37652587890625,-222.05186462402344,-13.958850860595703,-240.1300048828125,167.45028686523438,-253.7327423095703,5.504350347518921,5.668591499328613
133,42.442,200,8,156.37652587890625,-218.55076599121094,-15.112060546875,-239.63504028320312,-43.73850631713867,-216.4856719970703,5.526801481246948,5.529332160949707
134,42.748,200,8,156.37652587890625,-218.55076599121094,-15.112060546875,-239.63504028320312,-25.881004333496094,-218.05352783203125,5.532199478149414,5.522027969360352
135,43.063,200,8,156.37652587890625,-218.55076599121094,-14.71423053741455,-239.4098663330078,172.8965301513672,-253.98402404785156,5.49978328704834,5.355906009674072
136,43.384,200,8,156.37652587890625,-218.55076599121094,-14.71423053741455,-239.4098663330078,-22.756763458251953,-218.1024169921875,5.501116828918457,5.586597442626953
137,43.844,200,9,156.37652587890625,-218.55076599121094,-15.154008865356445,-238.95660400390625,103.66092681884766,-226.0067901611328,5.48924241065979,5.477301597595215
138,44.195,200,9,156.37652587890625,-218.55076599121094,-15.154008865356445,-238.95660400390625,111.51751708984375,-219.1573028564453,5.491806974411011,5.503366947174072
139,44.512,200,9,156.37652587890625,-218.55076599121094,-14.07822036743164,-238.95541381835938,184.84072875976562,-251.16268920898438,5.489829397201538,5.527029991149902
140,44.817,200,9,156.37652587890625,-218.55076599121094,-14.07822036743164,-238.95541381835938,-19.731122970581055,-215.4486846923828,5.490790939331054,5.489430904388428
141,45.151,200,9,156.37652587890625,-218.55076599121094,-13.758562088012695,-238.3193359375,49.73542022705078,-219.5867462158203,5.464699077606201,5.4647135734558105
142,45.461,200,9,156.37652587890625,-218.55076599121094,-13.758562088012695,-238.3193359375,157.86892700195312,-255.0003662109375,5.469037675857544,5.606720447540283
143,45.778,200,9,156.37652587890625,-218.55076599121094,-12.449226379394531,-238.14137268066406,165.4609375,-253.13877868652344,5.450241861343383,5.341883182525635
144,46.086,200,9,156.37652587890625,-218.55076599121094,-12.449226379394531,-238.14137268066406,-15.607280731201172,-214.99948120117188,5.469984798431397,5.415677070617676
145,46.404,200,8,156.37652587890625,-217.47222900390625,-11.753201484680176,-237.76348876953125,-32.11518096923828,-218.1754150390625,5.447753620147705,5.622942924499512
146,46.721,200,8,156.37652587890625,-217.47222900390625,-11.753201484680176,-237.76348876953125,80.8364028930664,-216.0788116455078,5.432164220809937,5.398653507232666
147,47.038,200,8,156.37652587890625,-217.47222900390625,-11.290510177612305,-237.4512481689453,119.89163208007812,-224.08377075195312,5.453235378265381,5.521147727966309
148,47.344,200,8,156.37652587890625,-217.47222900390625,-11.290510177612305,-237.4512481689453,176.80259704589844,-221.7681427001953,5.455664739608765,5.519101619720459
149,47.66,200,8,156.37652587890625,-217.47222900390625,-10.647534370422363,-237.22964477539062,99.190673828125,-224.4193572998047,5.429400281906128,5.4039483070373535
150,47.976,200,8,156.37652587890625,-217.47222900390625,-10.647534370422363,-237.22964477539062,165.7750244140625,-254.94911193847656,5.45151427268982,5.3335700035095215
151,48.294,200,8,156.37652587890625,-217.47222900390625,-9.45546817779541,-237.1980438232422,187.29159545898438,-249.65585327148438,5.425931959152222,5.317841529846191
152,48.603,200,8,156.37652587890625,-217.47222900390625,-9.45546817779541,-237.1980438232422,24.516077041625977,-217.35601806640625,5.426804437637329,5.334380149841309
153,48.918,200,8,156.37652587890625,-217.47222900390625,-10.37633991241455,-236.767578125,-6.806991100311279,-215.28591918945312,5.416729459762573,5.3676676750183105
154,49.247,200,8,156.37652587890625,-217.47222900390625,-10.37633991241455,-236.767578125,-4.938833236694336,-215.23129272460938,5.4193868160247805,5.354272842407227
155,49.568,200,8,156.37652587890625,-217.47222900390625,-8.212292671203613,-236.99783325195312,179.0726318359375,-252.01239013671875,5.415644235610962,5.467782497406006
156,49.88,200,8,156.37652587890625,-217.47222900390625,-8.212292671203613,-236.99783325195312,-3.3411667346954346,-214.31578063964844,5.406625127792358,5.293978691101074
157,50.202,200,8,156.37652587890625,-217.47222900390625,-7.590850353240967,-236.81707763671875,117.0830307006836,-224.2386016845703,5.401556081771851,5.362166881561279
158,50.511,200,8,156.37652587890625,-217.47222900390625,-7.590850353240967,-236.81707763671875,85.7712631225586,-218.38772583007812,5.391902694702148,5.369146823883057
159,50.829,200,8,156.37652587890625,-217.47222900390625,-5.608222484588623,-236.93328857421875,159.14077758789062,-253.24465942382812,5.409971799850464,5.370087623596191
160,51.137,200,8,156.37652587890625,-217.47222900390625,-5.608222484588623,-236.93328857421875,127.26939392089844,-227.5606689453125,5.378054895401001,5.355790138244629
161,51.453,200,8,156.37652587890625,-217.47222900390625,-5.074001312255859,-236.7810516357422,-0.3607217073440552,-207.75746154785156,5.385644016265869,5.291843891143799
162,51.856,200,8,156.37652587890625,-217.47222900390625,-5.074001312255859,-236.7810516357422,88.58419036865234,-220.7923583984375,5.4130391502380375,5.3480939865112305
163,52.179,200,8,156.37652587890625,-217.47222900390625,-4.431633949279785,-236.62452697753906,-9.820306777954102,-216.40269470214844,5.405804023742676,5.568416118621826
164,52.489,200,8,156.37652587890625,-217.47222900390625,-4.431633949279785,-236.62452697753906,171.29244995117188,-253.1702880859375,5.378964757919311,5.409724235534668
165,52.798,200,8,156.37652587890625,-217.47222900390625,-4.390139579772949,-236.3585205078125,123.85362243652344,-224.16561889648438,5.3727038383483885,5.47818660736084
166,53.106,200,8,156.37652587890625,-217.47222900390625,-4.390139579772949,-236.3585205078125,174.8353729248047,-252.24069213867188,5.378661527633667,5.470722198486328
167,53.427,200,8,156.37652587890625,-217.47222900390625,-2.7714896202087402,-236.4908447265625,174.02880859375,-253.79225158691406,5.369790391921997,5.346628189086914
168,53.739,200,8,156.37652587890625,-217.47222900390625,-2.7714896202087402,-236.4908447265625,168.12608337402344,-226.0839385986328,5.370775547027588,5.464296340942383
169,54.058,200,10,156.37652587890625,-209.0732879638672,-3.3952441215515137,-235.8813018798828,5.969980239868164,-213.0170440673828,5.352077074050904,5.365593910217285
170,54.365,200,10,156.37652587890625,-209.0732879638672,-3.3952441215515137,-235.8813018798828,167.9658660888672,-244.3926544189453,5.381150732040405,5.335942268371582
171,54.682,200,10,156.37652587890625,-209.0732879638672,-1.3126351833343506,-235.9150390625,183.0673828125,-254.2395782470703,5.356669502258301,5.312176704406738
172,54.996,200,10,156.37652587890625,-209.0732879638672,-1.3126351833343506,-235.9150390625,123.79743194580078,-228.65267944335938,5.346460399627685,5.333061218261719
173,55.316,200,10,156.37652587890625,-209.0732879638672,-0.45126402378082275,-235.88645935058594,185.04534912109375,-254.58460998535156,5.343040904998779,5.428590774536133
174,55.629,200,10,156.37652587890625,-209.0732879638672,-0.45126402378082275,-235.88645935058594,-9.459477424621582,-209.74166870117188,5.331131191253662,5.423205375671387
175,55.946,200,11,156.37652587890625,-209.0732879638672,-0.3169094920158386,-235.4746551513672,-2.602311611175537,-204.73062133789062,5.356169815063477,5.301685333251953
176,56.254,200,11,156.37652587890625,-209.0732879638672,-0.3169094920158386,-235.4746551513672,126.03842163085938,-221.63619995117188,5.3366694831848145,5.350279808044434
177,56.687,200,11,156.37652587890625,-209.0732879638672,0.8339807391166687,-235.55801391601562,172.50538635253906,-252.57455444335938,5.328909873962402,5.1939311027526855
178,56.999,200,11,156.37652587890625,-209.0732879638672,0.8339807391166687,-235.55801391601562,75.8528823852539,-212.4722900390625,5.336732387542725,5.29090690612793
179,57.322,200,8,145.66236877441406,-209.0732879638672,0.7762266397476196,-235.00714111328125,-39.43819808959961,-205.16575622558594,5.30906198501587,5.3335676193237305
180,57.63,200,8,145.66236877441406,-209.0732879638672,0.7762266397476196,-235.00714111328125,-19.1975154876709,-207.56179809570312,5.320810232162476,5.2200822830200195
181,57.948,200,8,145.66236877441406,-209.0732879638672,2.2817296981811523,-234.6556396484375,3.093691825866699,-216.58013916015625,5.334096384048462,5.283149242401123
182,58.255,200,8,145.66236877441406,-209.0732879638672,2.2817296981811523,-234.6556396484375,148.02566528320312,-227.4458770751953,5.29912335395813,5.298853874206543
183,58.576,200,8,145.66236877441406,-209.0732879638672,3.2396631240844727,-234.29647827148438,-9.542980194091797,-216.50881958007812,5.3253341388702395,5.460687637329102
184,58.887,200,8,145.66236877441406,-209.0732879638672,3.2396631240844727,-234.29647827148438,-27.048662185668945,-207.38864135742188,5.308855895996094,5.339109420776367
185,59.205,200,8,145.66236877441406,-209.0732879638672,4.237592697143555,-233.98651123046875,69.17111206054688,-219.88890075683594,5.290501928329467,5.255489349365234
186,59.528,200,8,145.66236877441406,-209.0732879638672,4.237592697143555,-233.98651123046875,146.1636505126953,-229.82003784179688,5.314300947189331,5.29868745803833
187,59.848,200,8,145.66236877441406,-209.0732879638672,4.413763999938965,-233.97096252441406,116.79896545410156,-220.9578857421875,5.293772897720337,5.256159782409668
188,60.159,200,8,145.66236877441406,-209.0732879638672,4.413763999938965,-233.97096252441406,157.41952514648438,-229.14451599121094,5.277039947509766,5.329426288604736
189,60.478,200,8,145.66236877441406,-209.0732879638672,5.025457859039307,-233.79249572753906,-38.35107421875,-207.06387329101562,5.286326103210449,5.406728267669678
190,60.784,200,8,145.66236877441406,-209.0732879638672,5.025457859039307,-233.79249572753906,135.37405395507812,-230.01535034179688,5.283963756561279,5.405858039855957
191,61.101,200,8,145.66236877441406,-209.0732879638672,4.515841007232666,-233.43035888671875,-44.22221755981445,-206.170166015625,5.268892669677735,5.2624969482421875
192,61.408,200,8,145.66236877441406,-209.0732879638672,4.515841007232666,-233.43035888671875,4.569811820983887,-209.06500244140625,5.2797067356109615,5.202327728271484
193,61.732,200,8,145.66236877441406,-209.0732879638672,5.056578159332275,-233.39035034179688,-42.84062194824219,-208.26779174804688,5.259933986663818,5.098049640655518
194,62.039,200,8,145.66236877441406,-209.0732879638672,5.056578159332275,-233.39035034179688,161.75550842285156,-228.65586853027344,5.27486572265625,5.0744524002075195
195,62.356,200,8,145.66236877441406,-209.0732879638672,5.9564642906188965,-233.02020263671875,-12.32211971282959,-212.90618896484375,5.241729602813721,5.18173360824585
196,62.664,200,8,145.66236877441406,-209.0732879638672,5.9564642906188965,-233.02020263671875,-42.902523040771484,-208.25242614746094,5.261253833770752,5.217919826507568
197,62.986,200,8,145.66236877441406,-209.0732879638672,6.295843601226807,-232.99234008789062,171.5499725341797,-230.2105255126953,5.24572645187378,5.320592880249023
198,63.293,200,8,145.66236877441406,-209.0732879638672,6.295843601226807,-232.99234008789062,-24.243228912353516,-206.1802978515625,5.250131063461303,5.26286506652832
199,63.609,200,11,141.80125427246094,-209.0732879638672,5.240779876708984,-232.94886779785156,120.39824676513672,-220.01229858398438,5.209928283691406,5.124932289123535
200,64.043,200,11,141.80125427246094,-209.0732879638672,5.240779876708984,-232.94886779785156,2.809236526489258,-216.67953491210938,5.234412574768067,5.276678085327148
1,0.304,4,2,-23.721010208129883,-304.5106506347656,-48.409603118896484,-309.26116943359375,9.323224067687988,-1.3484240770339966,6.581543245315552,6.48643159866333
2,0.599,4,2,-23.721010208129883,-304.5106506347656,-48.409603118896484,-309.26116943359375,-5.265491962432861,14.585269927978516,6.518779830932617,6.461179733276367
3,0.911,8,2,35.698570251464844,-226.0297088623047,-45.709510803222656,-268.7665100097656,6.302014350891113,-24.201292037963867,6.0862620830535885,6.11831521987915
4,1.209,8,2,35.698570251464844,-226.0297088623047,-45.709510803222656,-268.7665100097656,41.54844284057617,-226.96910095214844,6.05157639503479,6.123225212097168
5,1.519,12,2,35.698570251464844,-226.0297088623047,-72.88147735595703,-259.8352966308594,36.25390625,-226.9827423095703,5.9910861587524415,5.9804253578186035
6,1.821,12,2,35.698570251464844,-226.0297088623047,-72.88147735595703,-259.8352966308594,37.02582550048828,-226.91690063476562,5.964840097427368,6.091290473937988
7,2.137,16,2,35.698570251464844,-226.0297088623047,-67.71360778808594,-258.37744140625,2.7187228202819824,-225.95672607421875,5.962519741058349,5.916369438171387
8,2.437,16,2,35.698570251464844,-226.0297088623047,-67.71360778808594,-258.37744140625,-1.8877469301223755,-226.00347900390625,5.935252246856689,5.843269348144531
9,2.742,20,3,62.913658142089844,-226.0297088623047,-66.35806274414062,-257.51629638671875,-2.0649173259735107,-225.8777618408203,5.957931699752808,6.0302276611328125
10,3.04,20,3,62.913658142089844,-226.0297088623047,-66.35806274414062,-257.51629638671875,64.54518127441406,-249.27589416503906,5.944747848510742,5.929114818572998
11,3.358,24,3,62.913658142089844,-226.0297088623047,-65.97782135009766,-258.53607177734375,72.69844055175781,-257.0747985839844,5.952079954147339,5.907812118530273
12,3.659,24,3,62.913658142089844,-226.0297088623047,-65.97782135009766,-258.53607177734375,15.490705490112305,-225.5110626220703,5.958194894790649,5.994847774505615
13,3.966,28,3,62.913658142089844,-226.0297088623047,-62.0886116027832,-257.5620422363281,36.77244186401367,-221.97723388671875,5.961626882553101,5.954184055328369
14,4.264,28,3,62.913658142089844,-226.0297088623047,-62.0886116027832,-257.5620422363281,76.95671081542969,-251.43545532226562,5.9455246734619145,5.983105182647705
15,4.578,32,3,62.913658142089844,-226.0297088623047,-59.49799346923828,-257.4883117675781,57.20668411254883,-220.0841827392578,5.9596508026123045,5.969622611999512
16,4.88,32,3,62.913658142089844,-226.0297088623047,-59.49799346923828,-257.4883117675781,36.34527587890625,-222.71151733398438,5.932656288146973,5.866384029388428
17,5.188,36,3,65.5283203125,-226.0297088623047,-54.755760192871094,-256.3262634277344,43.81660079956055,-224.70742797851562,5.933121185302735,5.909897804260254
18,5.488,36,3,65.5283203125,-226.0297088623047,-54.755760192871094,-256.3262634277344,41.850502014160156,-223.73757934570312,5.9099279880523685,5.9976911544799805
19,5.801,40,3,65.5283203125,-226.0297088623047,-49.883811950683594,-255.58505249023438,-1.8548622131347656,-222.12164306640625,5.9069004726409915,5.893319129943848
20,6.121,40,3,65.5283203125,-226.0297088623047,-49.883811950683594,-255.58505249023438,78.34521484375,-243.52456665039062,5.912149782180786,5.892070770263672
21,6.559,44,3,65.5283203125,-226.0297088623047,-54.507286071777344,-255.084716796875,69.78840637207031,-246.3369903564453,5.900840196609497,5.90720272064209
22,6.872,44,3,65.5283203125,-226.0297088623047,-54.507286071777344,-255.084716796875,2.247737407684326,-224.69989013671875,5.9003639411926265,6.007683753967285
23,7.191,48,4,103.29483795166016,-226.0297088623047,-50.38276290893555,-254.583251953125,40.08082962036133,-226.36415100097656,5.887305040359497,6.020378112792969
24,7.514,48,4,103.29483795166016,-226.0297088623047,-50.38276290893555,-254.583251953125,2.451472043991089,-224.04379272460938,5.897143907546997,5.871160507202148
25,7.823,52,4,103.29483795166016,-226.0297088623047,-44.68488311767578,-254.52334594726562,66.8419189453125,-239.25526428222656,5.901909008026123,6.0246195793151855
26,8.124,52,4,103.29483795166016,-226.0297088623047,-44.68488311767578,-254.52334594726562,106.727294921875,-246.8262176513672,5.885033264160156,5.880824089050293
27,8.435,56,4,103.29483795166016,-226.0297088623047,-44.94934844970703,-253.8972930908203,0.8205041885375977,-223.55435180664062,5.89222882270813,5.893290996551514
28,8.74,56,4,103.29483795166016,-226.0297088623047,-44.94934844970703,-253.8972930908203,8.61762523651123,-225.09523010253906,5.88083477973938,5.98324728012085
29,9.048,60,4,103.29483795166016,-226.0297088623047,-47.21470260620117,-253.8161163330078,-2.145118236541748,-225.3997802734375,5.875984296798706,5.907259941101074
30,9.35,60,4,103.29483795166016,-226.0297088623047,-47.21470260620117,-253.8161163330078,35.80483627319336,-225.61331176757812,5.878743162155152,5.860959529876709
31,9.665,64,5,103.29483795166016,-226.0297088623047,-42.7671012878418,-253.44125366210938,56.60446548461914,-226.1772003173828,5.872797737121582,5.868086814880371
32,9.972,64,5,103.29483795166016,-226.0297088623047,-42.7671012878418,-253.44125366210938,105.6030502319336,-248.3994598388672,5.879176902770996,5.87815523147583
33,10.279,68,5,103.29483795166016,-226.0297088623047,-39.900611877441406,-253.08811950683594,105.6038589477539,-245.43736267089844,5.862817621231079,5.74741792678833
34,10.582,68,5,103.29483795166016,-226.0297088623047,-39.900611877441406,-253.08811950683594,58.8315544128418,-243.4716339111328,5.869915370941162,5.837134838104248
35,10.893,72,5,103.29483795166016,-226.0297088623047,-38.676353454589844,-252.8557891845703,12.258694648742676,-225.5484161376953,5.866443643569946,5.801983833312988
36,11.205,72,5,103.29483795166016,-226.0297088623047,-38.676353454589844,-252.8557891845703,108.1500244140625,-248.862060546875,5.858711032867432,5.894896507263184
37,11.516,76,5,103.29483795166016,-226.0297088623047,-34.83111572265625,-252.8069305419922,106.93563079833984,-248.66285705566406,5.850081996917725,5.770808219909668
38,11.828,76,5,103.29483795166016,-226.0297088623047,-34.83111572265625,-252.8069305419922,66.76216888427734,-244.090576171875,5.86933500289917,5.907541751861572
39,12.139,80,5,103.29483795166016,-226.0297088623047,-34.33258819580078,-252.4327850341797,41.1653938293457,-226.6938934326172,5.8292945194244385,5.815094947814941
40,12.449,80,5,103.29483795166016,-226.0297088623047,-34.33258819580078,-252.4327850341797,45.044559478759766,-223.63412475585938,5.856067848205567,5.936097621917725
41,12.761,84,5,103.29483795166016,-226.0297088623047,-33.39116668701172,-252.8397979736328,104.86265563964844,-248.37838745117188,5.855658035278321,5.890555381774902
42,13.065,84,5,103.29483795166016,-226.0297088623047,-33.39116668701172,-252.8397979736328,5.082386493682861,-225.612548828125,5.847722730636597,5.98185396194458
43,13.377,88,5,103.29483795166016,-226.0297088623047,-35.72856903076172,-252.71974182128906,108.45856475830078,-248.3740692138672,5.8598786640167235,5.7422685623168945
44,13.685,88,5,103.29483795166016,-226.0297088623047,-35.72856903076172,-252.71974182128906,104.671875,-247.56378173828125,5.847982988357544,5.84099817276001
45,13.997,92,5,103.29483795166016,-226.0297088623047,-36.788516998291016,-252.08035278320312,51.733497619628906,-224.3273468017578,5.833948545455932,5.8022871017456055
46,14.302,92,5,103.29483795166016,-226.0297088623047,-36.788516998291016,-252.08035278320312,47.97127151489258,-223.77630615234375,5.8504698371887205,5.860991477966309
47,14.772,96,5,103.29483795166016,-226.0297088623047,-36.92793655395508,-251.6584014892578,44.86563491821289,-226.2016143798828,5.825653343200684,5.653682708740234
48,15.084,96,5,103.29483795166016,-226.0297088623047,-36.92793655395508,-251.6584014892578,113.76713562011719,-248.4507598876953,5.8308485317230225,5.861811637878418
49,15.396,100,5,103.29483795166016,-226.0297088623047,-35.38899612426758,-251.54327392578125,6.25039529800415,-221.5089874267578,5.808972597122192,5.84692907333374
50,15.7,100,5,103.29483795166016,-226.0297088623047,-35.38899612426758,-251.54327392578125,79.95429229736328,-245.5185546875,5.803451385498047,5.768878936767578
51,16.021,104,4,103.29483795166016,-226.0297088623047,-33.893253326416016,-251.18856811523438,41.88935852050781,-224.06275939941406,5.81098219871521,5.752137184143066
52,16.33,104,4,103.29483795166016,-226.0297088623047,-33.893253326416016,-251.18856811523438,75.79998016357422,-237.48670959472656,5.805364875793457,5.784375190734863
53,16.643,108,5,116.53804779052734,-226.0297088623047,-33.51124954223633,-251.22975158691406,114.76986694335938,-248.09182739257812,5.7964690399169925,5.896868705749512
54,16.951,108,5,116.53804779052734,-226.0297088623047,-33.51124954223633,-251.22975158691406,1.6614537239074707,-219.84033203125,5.8195923328399655,5.845355987548828
55,17.264,112,5,116.53804779052734,-226.0297088623047,-34.86042022705078,-250.7067413330078,8.577439308166504,-221.8986358642578,5.812659893035889,5.803473949432373
56,17.569,112,5,116.53804779052734,-226.0297088623047,-34.86042022705078,-250.7067413330078,76.01210021972656,-236.78582763671875,5.804784574508667,5.654283046722412
57,17.89,116,6,116.53804779052734,-226.0297088623047,-33.64006042480469,-250.46133422851562,78.76000213623047,-236.24803161621094,5.7802497673034665,5.780688762664795
58,18.197,116,6,116.53804779052734,-226.0297088623047,-33.64006042480469,-250.46133422851562,130.1571807861328,-254.59634399414062,5.796175374984741,5.667483806610107
59,18.512,120,6,116.53804779052734,-226.0297088623047,-34.08372497558594,-250.00221252441406,11.778721809387207,-224.29800415039062,5.787329511642456,5.730035781860352
60,18.942,120,6,116.53804779052734,-226.0297088623047,-34.08372497558594,-250.00221252441406,44.49605941772461,-224.63011169433594,5.774796094894409,5.732712745666504
61,19.274,124,7,116.53804779052734,-226.0297088623047,-34.023231506347656,-249.48550415039062,-1.3887361288070679,-221.4357147216797,5.799328460693359,5.829418182373047
62,19.584,124,7,116.53804779052734,-226.0297088623047,-34.023231506347656,-249.48550415039062,41.73107147216797,-225.8511962890625,5.7695210170745845,5.766218185424805
63,19.898,128,7,116.53804779052734,-226.0297088623047,-34.60436248779297,-249.10525512695312,53.456295013427734,-226.4199676513672,5.767425937652588,5.689537048339844
64,20.204,128,7,116.53804779052734,-226.0297088623047,-34.60436248779297,-249.10525512695312,127.08999633789062,-248.90621948242188,5.778966789245605,5.81070613861084
65,20.521,132,7,116.53804779052734,-226.0297088623047,-33.873416900634766,-248.94102478027344,28.857158660888672,-225.05210876464844,5.764884586334229,5.6841020584106445
66,20.832,132,7,116.53804779052734,-226.0297088623047,-33.873416900634766,-248.94102478027344,11.621203422546387,-225.0451202392578,5.743572692871094,5.921159267425537
67,21.146,136,7,116.53804779052734,-226.0297088623047,-34.818355560302734,-248.55422973632812,61.287803649902344,-228.43991088867188,5.752494812011719,5.878604888916016
68,21.453,136,7,116.53804779052734,-226.0297088623047,-34.818355560302734,-248.55422973632812,-2.3248255252838135,-221.85276794433594,5.760664005279541,5.837131500244141
69,21.768,140,7,116.53804779052734,-226.0297088623047,-34.48100662231445,-248.4564666748047,82.03919982910156,-236.93087768554688,5.765330724716186,5.773871421813965
70,22.086,140,7,116.53804779052734,-226.0297088623047,-34.48100662231445,-248.4564666748047,40.430397033691406,-221.89967346191406,5.760918521881104,5.8845038414001465
71,22.401,144,7,116.53804779052734,-226.0297088623047,-34.79972457885742,-248.21832275390625,5.714105606079102,-222.18885803222656,5.74892071723938,5.687617301940918
72,22.705,144,7,116.53804779052734,-226.0297088623047,-34.79972457885742,-248.21832275390625,-2.1677520275115967,-225.80136108398438,5.755340566635132,5.873227119445801
73,23.018,148,7,116.53804779052734,-226.0297088623047,-34.390785217285156,-248.18153381347656,130.14280700683594,-253.6891326904297,5.734979219436646,5.802289962768555
74,23.329,148,7,116.53804779052734,-226.0297088623047,-34.390785217285156,-248.18153381347656,46.9278450012207,-225.8905487060547,5.753525419235229,5.757623672485352
75,23.645,152,7,137.17295837402344,-226.0297088623047,-33.194915771484375,-248.14414978027344,79.82476043701172,-231.13502502441406,5.725979909896851,5.8042426109313965
76,23.952,152,7,137.17295837402344,-226.0297088623047,-33.194915771484375,-248.14414978027344,150.06626892089844,-249.3719482421875,5.730501508712768,5.755858421325684
77,24.265,156,7,137.17295837402344,-226.0297088623047,-33.17441177368164,-247.9501190185547,84.26824188232422,-236.06517028808594,5.725084276199341,5.620604515075684
78,24.574,156,7,137.17295837402344,-226.0297088623047,-33.17441177368164,-247.9501190185547,3.5734031200408936,-224.48458862304688,5.711457147598266,5.801234722137451
79,24.898,160,8,156.37652587890625,-226.0297088623047,-32.502174377441406,-247.9954071044922,153.23876953125,-248.75888061523438,5.732654733657837,5.709239959716797
80,25.206,160,8,156.37652587890625,-226.0297088623047,-32.502174377441406,-247.9954071044922,160.9495086669922,-250.9990692138672,5.724722757339477,5.770284652709961
81,25.522,164,8,156.37652587890625,-226.0297088623047,-32.78419876098633,-248.03392028808594,162.08291625976562,-254.2537384033203,5.7227003955841065,5.734057426452637
82,25.829,164,8,156.37652587890625,-226.0297088623047,-32.78419876098633,-248.03392028808594,7.69631814956665,-222.68922424316406,5.749394645690918,5.895386695861816
83,26.154,168,8,156.37652587890625,-226.0297088623047,-32.2796745300293,-247.88662719726562,5.617451190948486,-225.73846435546875,5.718401145935059,5.627352237701416
84,26.468,168,8,156.37652587890625,-226.0297088623047,-32.2796745300293,-247.88662719726562,159.9493865966797,-248.13641357421875,5.724052238464355,5.749463081359863
85,26.783,172,8,156.37652587890625,-226.0297088623047,-31.222288131713867,-247.80230712890625,75.08917236328125,-231.67225646972656,5.715830764770508,5.762602806091309
86,27.091,172,8,156.37652587890625,-226.0297088623047,-31.222288131713867,-247.80230712890625,144.9342041015625,-249.34909057617188,5.70617018699646,5.722356796264648
87,27.411,176,8,156.37652587890625,-226.0297088623047,-30.95220184326172,-247.55308532714844,80.99190521240234,-233.1597900390625,5.715495710372925,5.679386138916016
88,27.722,176,8,156.37652587890625,-226.0297088623047,-30.95220184326172,-247.55308532714844,162.16038513183594,-253.34115600585938,5.7062396144866945,5.684269905090332
89,28.037,180,6,156.37652587890625,-226.0297088623047,-30.115705490112305,-247.2342071533203,66.55489349365234,-218.77236938476562,5.7079104232788085,5.784904956817627
90,28.344,180,6,156.37652587890625,-226.0297088623047,-30.115705490112305,-247.2342071533203,11.645737648010254,-224.23252868652344,5.720305576324463,5.8265180587768555
91,28.665,184,6,156.37652587890625,-226.0297088623047,-29.78580665588379,-247.0539093017578,116.75348663330078,-228.0493927001953,5.698356828689575,5.837436199188232
92,28.98,184,6,156.37652587890625,-226.0297088623047,-29.78580665588379,-247.0539093017578,124.77164459228516,-246.31149291992188,5.707986354827881,5.684215068817139
93,29.296,188,6,156.37652587890625,-222.05186462402344,-29.56947135925293,-246.56687927246094,3.601447105407715,-225.47740173339844,5.697800321578979,5.748847961425781
94,29.603,188,6,156.37652587890625,-222.05186462402344,-29.56947135925293,-246.56687927246094,190.39418029785156,-251.6444091796875,5.696736364364624,5.598906517028809
95,29.924,192,6,156.37652587890625,-222.05186462402344,-28.769332885742188,-246.49757385253906,124.7667236328125,-223.65782165527344,5.711323070526123,5.806262016296387
96,30.239,192,6,156.37652587890625,-222.05186462402344,-28.769332885742188,-246.49757385253906,190.84368896484375,-253.2357635498047,5.680138626098633,5.691797256469727
97,30.554,196,6,156.37652587890625,-222.05186462402344,-27.595165252685547,-246.3830108642578,158.4547119140625,-246.73196411132812,5.707553043365478,5.807290077209473
98,30.882,196,6,156.37652587890625,-222.05186462402344,-27.595165252685547,-246.3830108642578,158.76992797851562,-254.00694274902344,5.711864929199219,5.5580973625183105
99,31.202,200,4,156.37652587890625,-222.05186462402344,-25.596458435058594,-246.12428283691406,-68.61385345458984,-220.614990234375,5.683747482299805,5.723725318908691
100,31.629,200,4,156.37652587890625,-222.05186462402344,-25.596458435058594,-246.12428283691406,-56.313106536865234,-216.19033813476562,5.695632886886597,5.767812728881836
101,31.95,200,4,156.37652587890625,-222.05186462402344,-24.695524215698242,-244.57504272460938,89.44529724121094,-223.7647247314453,5.643573942184449,5.664693355560303
102,32.257,200,4,156.37652587890625,-222.05186462402344,-24.695524215698242,-244.57504272460938,-70.37439727783203,-217.26393127441406,5.6777011489868165,5.6192169189453125
103,32.577,200,4,156.37652587890625,-222.05186462402344,-23.218524932861328,-244.73226928710938,114.70185852050781,-224.43055725097656,5.664098281860351,5.609456539154053
104,32.902,200,4,156.37652587890625,-222.05186462402344,-23.218524932861328,-244.73226928710938,-33.670936584472656,-220.8250732421875,5.664822397232055,5.589381217956543
105,33.28,200,4,156.37652587890625,-222.05186462402344,-21.769214630126953,-244.61642456054688,151.23379516601562,-229.93362426757812,5.658751564025879,5.666038513183594
106,33.598,200,4,156.37652587890625,-222.05186462402344,-21.769214630126953,-244.61642456054688,114.74667358398438,-219.0725555419922,5.655303688049316,5.632278919219971
107,34.043,200,4,156.37652587890625,-222.05186462402344,-21.482467651367188,-244.1404266357422,114.90170288085938,-220.23765563964844,5.615786027908325,5.54946231842041
108,34.35,200,4,156.37652587890625,-222.05186462402344,-21.482467651367188,-244.1404266357422,-63.730804443359375,-220.62437438964844,5.633963928222657,5.539495944976807
109,34.666,200,4,156.37652587890625,-222.05186462402344,-21.560598373413086,-243.60231018066406,-37.57081604003906,-220.0889892578125,5.6587683296203615,5.719120502471924
110,34.977,200,4,156.37652587890625,-222.05186462402344,-21.560598373413086,-243.60231018066406,129.26832580566406,-220.4789581298828,5.588431367874145,5.619503974914551
111,35.302,200,4,156.37652587890625,-222.05186462402344,-20.041725158691406,-243.2559051513672,160.1968536376953,-253.54759216308594,5.614213848114014,5.696203231811523
112,35.61,200,4,156.37652587890625,-222.05186462402344,-20.041725158691406,-243.2559051513672,156.67547607421875,-254.04063415527344,5.607814092636108,5.629277229309082
113,35.926,200,4,156.37652587890625,-222.05186462402344,-19.700393676757812,-242.7907257080078,-45.302589416503906,-215.09242248535156,5.627045650482177,5.641610145568848
114,36.236,200,4,156.37652587890625,-222.05186462402344,-19.700393676757812,-242.7907257080078,110.53794860839844,-222.10557556152344,5.603501949310303,5.531639099121094
115,36.561,200,4,156.37652587890625,-222.05186462402344,-18.103727340698242,-242.55125427246094,191.35606384277344,-253.18138122558594,5.582426614761353,5.609375
116,36.877,200,4,156.37652587890625,-222.05186462402344,-18.103727340698242,-242.55125427246094,158.52804565429688,-251.6919403076172,5.586600971221924,5.513247013092041
117,37.194,200,4,156.37652587890625,-222.05186462402344,-17.299579620361328,-242.47972106933594,185.69113159179688,-255.0179901123047,5.572564191818238,5.613253116607666
118,37.504,200,4,156.37652587890625,-222.05186462402344,-17.299579620361328,-242.47972106933594,180.4866485595703,-253.58486938476562,5.567222604751587,5.5495147705078125
119,37.822,200,4,156.37652587890625,-222.05186462402344,-16.953126907348633,-242.26748657226562,231.714111328125,-252.84661865234375,5.542382860183716,5.521643161773682
120,38.133,200,4,156.37652587890625,-222.05186462402344,-16.953126907348633,-242.26748657226562,171.4282989501953,-251.19961547851562,5.565150718688965,5.5467529296875
121,38.451,200,4,156.37652587890625,-222.05186462402344,-14.466121673583984,-242.0311279296875,152.7116241455078,-225.45913696289062,5.558012323379517,5.572038650512695
122,38.759,200,4,156.37652587890625,-222.05186462402344,-14.466121673583984,-242.0311279296875,148.9720916748047,-226.46788024902344,5.56578706741333,5.6182756423950195
123,39.083,200,4,156.37652587890625,-222.05186462402344,-16.334869384765625,-241.7449951171875,134.41050720214844,-223.15493774414062,5.52605896949768,5.508411884307861
124,39.394,200,4,156.37652587890625,-222.05186462402344,-16.334869384765625,-241.7449951171875,-74.85095977783203,-214.78416442871094,5.552890996932984,5.388319969177246
125,39.711,200,4,156.37652587890625,-222.05186462402344,-16.63827896118164,-241.2462921142578,-41.473270416259766,-220.44076538085938,5.551531429290772,5.557043552398682
126,40.019,200,4,156.37652587890625,-222.05186462402344,-16.63827896118164,-241.2462921142578,-70.7409896850586,-221.60020446777344,5.537016572952271,5.483510494232178
127,40.341,200,5,156.37652587890625,-222.05186462402344,-14.791728973388672,-240.9048614501953,199.1774444580078,-227.63258361816406,5.518068389892578,5.312369346618652
128,40.654,200,5,156.37652587890625,-222.05186462402344,-14.791728973388672,-240.9048614501953,-55.427181243896484,-221.9503936767578,5.554043788909912,5.543712615966797
129,40.972,200,5,156.37652587890625,-222.05186462402344,-13.929159164428711,-240.59230041503906,149.5428924560547,-229.9166259765625,5.5305226707458495,5.580679893493652
130,41.28,200,5,156.37652587890625,-222.05186462402344,-13.929159164428711,-240.59230041503906,183.046875,-229.80300903320312,5.530701379776001,5.4446516036987305
131,41.599,200,7,156.37652587890625,-222.05186462402344,-13.958850860595703,-240.1300048828125,92.14261627197266,-221.8766632080078,5.5332845687866214,5.514764785766602
132,41.912,200,7,156.37652587890625,-222.05186462402344,-13.958850860595703,-240.1300048828125,167.45028686523438,-253.7327423095703,5.504350347518921,5.668591499328613
133,42.234,200,8,156.37652587890625,-218.55076599121094,-15.112060546875,-239.63504028320312,-43.73850631713867,-216.4856719970703,5.526801481246948,5.529332160949707
134,42.541,200,8,156.37652587890625,-218.55076599121094,-15.112060546875,-239.63504028320312,-25.881004333496094,-218.05352783203125,5.532199478149414,5.522027969360352
135,42.858,200,8,156.37652587890625,-218.55076599121094,-14.71423053741455,-239.4098663330078,172.8965301513672,-253.98402404785156,5.49978328704834,5.355906009674072
136,43.168,200,8,156.37652587890625,-218.55076599121094,-14.71423053741455,-239.4098663330078,-22.756763458251953,-218.1024169921875,5.501116828918457,5.586597442626953
137,43.497,200,9,156.37652587890625,-218.55076599121094,-15.154008865356445,-238.95660400390625,103.66092681884766,-226.0067901611328,5.48924241065979,5.477301597595215
138,43.863,200,9,156.37652587890625,-218.55076599121094,-15.154008865356445,-238.95660400390625,111.51751708984375,-219.1573028564453,5.491806974411011,5.503366947174072
139,44.189,200,9,156.37652587890625,-218.55076599121094,-14.07822036743164,-238.95541381835938,184.84072875976562,-251.16268920898438,5.489829397201538,5.527029991149902
140,44.501,200,9,156.37652587890625,-218.55076599121094,-14.07822036743164,-238.95541381835938,-19.731122970581055,-215.4486846923828,5.490790939331054,5.489430904388428
141,44.828,200,9,156.37652587890625,-218.55076599121094,-13.758562088012695,-238.3193359375,49.73542022705078,-219.5867462158203,5.464699077606201,5.4647135734558105
142,45.135,200,9,156.37652587890625,-218.55076599121094,-13.758562088012695,-238.3193359375,157.86892700195312,-255.0003662109375,5.469037675857544,5.606720447540283
143,45.452,200,9,156.37652587890625,-218.55076599121094,-12.449226379394531,-238.14137268066406,165.4609375,-253.13877868652344,5.450241861343383,5.341883182525635
144,45.764,200,9,156.37652587890625,-218.55076599121094,-12.449226379394531,-238.14137268066406,-15.607280731201172,-214.99948120117188,5.469984798431397,5.415677070617676
145,46.088,200,8,156.37652587890625,-217.47222900390625,-11.753201484680176,-237.76348876953125,-32.11518096923828,-218.1754150390625,5.447753620147705,5.622942924499512
146,46.458,200,8,156.37652587890625,-217.47222900390625,-11.753201484680176,-237.76348876953125,80.8364028930664,-216.0788116455078,5.432164220809937,5.398653507232666
147,46.824,200,8,156.37652587890625,-217.47222900390625,-11.290510177612305,-237.4512481689453,119.89163208007812,-224.08377075195312,5.453235378265381,5.521147727966309
148,47.143,200,8,156.37652587890625,-217.47222900390625,-11.290510177612305,-237.4512481689453,176.80259704589844,-221.7681427001953,5.455664739608765,5.519101619720459
149,47.46,200,8,156.37652587890625,-217.47222900390625,-10.647534370422363,-237.22964477539062,99.190673828125,-224.4193572998047,5.429400281906128,5.4039483070373535
150,47.769,200,8,156.37652587890625,-217.47222900390625,-10.647534370422363,-237.22964477539062,165.7750244140625,-254.94911193847656,5.45151427268982,5.3335700035095215
151,48.087,200,8,156.37652587890625,-217.47222900390625,-9.45546817779541,-237.1980438232422,187.29159545898438,-249.65585327148438,5.425931959152222,5.317841529846191
152,48.413,200,8,156.37652587890625,-217.47222900390625,-9.45546817779541,-237.1980438232422,24.516077041625977,-217.35601806640625,5.426804437637329,5.334380149841309
153,48.849,200,8,156.37652587890625,-217.47222900390625,-10.37633991241455,-236.767578125,-6.806991100311279,-215.28591918945312,5.416729459762573,5.3676676750183105
154,49.157,200,8,156.37652587890625,-217.47222900390625,-10.37633991241455,-236.767578125,-4.938833236694336,-215.23129272460938,5.4193868160247805,5.354272842407227
155,49.475,200,8,156.37652587890625,-217.47222900390625,-8.212292671203613,-236.99783325195312,179.0726318359375,-252.01239013671875,5.415644235610962,5.467782497406006
156,49.783,200,8,156.37652587890625,-217.47222900390625,-8.212292671203613,-236.99783325195312,-3.3411667346954346,-214.31578063964844,5.406625127792358,5.293978691101074
157,50.11,200,8,156.37652587890625,-217.47222900390625,-7.590850353240967,-236.81707763671875,117.0830307006836,-224.2386016845703,5.401556081771851,5.362166881561279
158,50.419,200,8,156.37652587890625,-217.47222900390625,-7.590850353240967,-236.81707763671875,85.7712631225586,-218.38772583007812,5.391902694702148,5.369146823883057
159,50.737,200,8,156.37652587890625,-217.47222900390625,-5.608222484588623,-236.93328857421875,159.14077758789062,-253.24465942382812,5.409971799850464,5.370087623596191
160,51.048,200,8,156.37652587890625,-217.47222900390625,-5.608222484588623,-236.93328857421875,127.26939392089844,-227.5606689453125,5.378054895401001,5.355790138244629
161,51.372,200,8,156.37652587890625,-217.47222900390625,-5.074001312255859,-236.7810516357422,-0.3607217073440552,-207.75746154785156,5.385644016265869,5.291843891143799
162,51.683,200,8,156.37652587890625,-217.47222900390625,-5.074001312255859,-236.7810516357422,88.58419036865234,-220.7923583984375,5.4130391502380375,5.3480939865112305
163,52.002,200,8,156.37652587890625,-217.47222900390625,-4.431633949279785,-236.62452697753906,-9.820306777954102,-216.40269470214844,5.405804023742676,5.568416118621826
164,52.318,200,8,156.37652587890625,-217.47222900390625,-4.431633949279785,-236.62452697753906,171.29244995117188,-253.1702880859375,5.378964757919311,5.409724235534668
165,52.638,200,8,156.37652587890625,-217.47222900390625,-4.390139579772949,-236.3585205078125,123.85362243652344,-224.16561889648438,5.3727038383483885,5.47818660736084
166,52.947,200,8,156.37652587890625,-217.47222900390625,-4.390139579772949,-236.3585205078125,174.8353729248047,-252.24069213867188,5.378661527633667,5.470722198486328
167,53.264,200,8,156.37652587890625,-217.47222900390625,-2.7714896202087402,-236.4908447265625,174.02880859375,-253.79225158691406,5.369790391921997,5.346628189086914
168,53.648,200,8,156.37652587890625,-217.47222900390625,-2.7714896202087402,-236.4908447265625,168.12608337402344,-226.0839385986328,5.370775547027588,5.464296340942383
169,54.026,200,10,156.37652587890625,-209.0732879638672,-3.3952441215515137,-235.8813018798828,5.969980239868164,-213.0170440673828,5.352077074050904,5.365593910217285
170,54.337,200,10,156.37652587890625,-209.0732879638672,-3.3952441215515137,-235.8813018798828,167.9658660888672,-244.3926544189453,5.381150732040405,5.335942268371582
171,54.661,200,10,156.37652587890625,-209.0732879638672,-1.3126351833343506,-235.9150390625,183.0673828125,-254.2395782470703,5.356669502258301,5.312176704406738
172,54.971,200,10,156.37652587890625,-209.0732879638672,-1.3126351833343506,-235.9150390625,123.79743194580078,-228.65267944335938,5.346460399627685,5.333061218261719
173,55.289,200,10,156.37652587890625,-209.0732879638672,-0.45126402378082275,-235.88645935058594,185.04534912109375,-254.58460998535156,5.343040904998779,5.428590774536133
174,55.597,200,10,156.37652587890625,-209.0732879638672,-0.45126402378082275,-235.88645935058594,-9.459477424621582,-209.74166870117188,5.331131191253662,5.423205375671387
175,55.918,200,11,156.37652587890625,-209.0732879638672,-0.3169094920158386,-235.4746551513672,-2.602311611175537,-204.73062133789062,5.356169815063477,5.301685333251953
176,56.228,200,11,156.37652587890625,-209.0732879638672,-0.3169094920158386,-235.4746551513672,126.03842163085938,-221.63619995117188,5.3366694831848145,5.350279808044434
177,56.609,200,11,156.37652587890625,-209.0732879638672,0.8339807391166687,-235.55801391601562,172.50538635253906,-252.57455444335938,5.328909873962402,5.1939311027526855
178,56.92,200,11,156.37652587890625,-209.0732879638672,0.8339807391166687,-235.55801391601562,75.8528823852539,-212.4722900390625,5.336732387542725,5.29090690612793
179,57.242,200,8,145.66236877441406,-209.0732879638672,0.7762266397476196,-235.00714111328125,-39.43819808959961,-205.16575622558594,5.30906198501587,5.3335676193237305
180,57.551,200,8,145.66236877441406,-209.0732879638672,0.7762266397476196,-235.00714111328125,-19.1975154876709,-207.56179809570312,5.320810232162476,5.2200822830200195
181,57.888,200,8,145.66236877441406,-209.0732879638672,2.2817296981811523,-234.6556396484375,3.093691825866699,-216.58013916015625,5.334096384048462,5.283149242401123
182,58.196,200,8,145.66236877441406,-209.0732879638672,2.2817296981811523,-234.6556396484375,148.02566528320312,-227.4458770751953,5.29912335395813,5.298853874206543
183,58.522,200,8,145.66236877441406,-209.0732879638672,3.2396631240844727,-234.29647827148438,-9.542980194091797,-216.50881958007812,5.3253341388702395,5.460687637329102
184,58.83,200,8,145.66236877441406,-209.0732879638672,3.2396631240844727,-234.29647827148438,-27.048662185668945,-207.38864135742188,5.308855895996094,5.339109420776367
185,59.146,200,8,145.66236877441406,-209.0732879638672,4.237592697143555,-233.98651123046875,69.17111206054688,-219.88890075683594,5.290501928329467,5.255489349365234
186,59.457,200,8,145.66236877441406,-209.0732879638672,4.237592697143555,-233.98651123046875,146.1636505126953,-229.82003784179688,5.314300947189331,5.29868745803833
187,59.78,200,8,145.66236877441406,-209.0732879638672,4.413763999938965,-233.97096252441406,116.79896545410156,-220.9578857421875,5.293772897720337,5.256159782409668
188,60.089,200,8,145.66236877441406,-209.0732879638672,4.413763999938965,-233.97096252441406,157.41952514648438,-229.14451599121094,5.277039947509766,5.329426288604736
189,60.405,200,8,145.66236877441406,-209.0732879638672,5.025457859039307,-233.79249572753906,-38.35107421875,-207.06387329101562,5.286326103210449,5.406728267669678
190,60.72,200,8,145.66236877441406,-209.0732879638672,5.025457859039307,-233.79249572753906,135.37405395507812,-230.01535034179688,5.283963756561279,5.405858039855957
191,61.101,200,8,145.66236877441406,-209.0732879638672,4.515841007232666,-233.43035888671875,-44.22221755981445,-206.170166015625,5.268892669677735,5.2624969482421875
192,61.415,200,8,145.66236877441406,-209.0732879638672,4.515841007232666,-233.43035888671875,4.569811820983887,-209.06500244140625,5.2797067356109615,5.202327728271484
193,61.728,200,8,145.66236877441406,-209.0732879638672,5.056578159332275,-233.39035034179688,-42.84062194824219,-208.26779174804688,5.259933986663818,5.098049640655518
194,62.038,200,8,145.66236877441406,-209.0732879638672,5.056578159332275,-233.39035034179688,161.75550842285156,-228.65586853027344,5.27486572265625,5.0744524002075195
195,62.359,200,8,145.66236877441406,-209.0732879638672,5.9564642906188965,-233.02020263671875,-12.32211971282959,-212.90618896484375,5.241729602813721,5.18173360824585
196,62.668,200,8,145.66236877441406,-209.0732879638672,5.9564642906188965,-233.02020263671875,-42.902523040771484,-208.25242614746094,5.261253833770752,5.217919826507568
197,62.986,200,8,145.66236877441406,-209.0732879638672,6.295843601226807,-232.99234008789062,171.5499725341797,-230.2105255126953,5.24572645187378,5.320592880249023
198,63.31,200,8,145.66236877441406,-209.0732879638672,6.295843601226807,-232.99234008789062,-24.243228912353516,-206.1802978515625,5.250131063461303,5.26286506652832
199,63.754,200,11,141.80125427246094,-209.0732879638672,5.240779876708984,-232.94886779785156,120.39824676513672,-220.01229858398438,5.209928283691406,5.124932289123535
200,64.077,200,11,141.80125427246094,-209.0732879638672,5.240779876708984,-232.94886779785156,2.809236526489258,-216.67953491210938,5.234412574768067,5.276678085327148
1,0.336,4,2,-23.721010208129883,-304.5106506347656,-48.409603118896484,-309.26116943359375,9.323224067687988,-1.3484240770339966,6.581543245315552,6.48643159866333
2,0.635,4,2,-23.721010208129883,-304.5106506347656,-48.409603118896484,-309.26116943359375,-5.265491962432861,14.585269927978516,6.518779830932617,6.461179733276367
3,0.938,8,2,35.698570251464844,-226.0297088623047,-45.709510803222656,-268.7665100097656,6.302014350891113,-24.201292037963867,6.0862620830535885,6.11831521987915
4,1.232,8,2,35.698570251464844,-226.0297088623047,-45.709510803222656,-268.7665100097656,41.54844284057617,-226.96910095214844,6.05157639503479,6.123225212097168
5,1.549,12,2,35.698570251464844,-226.0297088623047,-72.88147735595703,-259.8352966308594,36.25390625,-226.9827423095703,5.9910861587524415,5.9804253578186035
6,1.853,12,2,35.698570251464844,-226.0297088623047,-72.88147735595703,-259.8352966308594,37.02582550048828,-226.91690063476562,5.964840097427368,6.091290473937988
7,2.16,16,2,35.698570251464844,-226.0297088623047,-67.71360778808594,-258.37744140625,2.7187228202819824,-225.95672607421875,5.962519741058349,5.916369438171387
8,2.457,16,2,35.698570251464844,-226.0297088623047,-67.71360778808594,-258.37744140625,-1.8877469301223755,-226.00347900390625,5.935252246856689,5.843269348144531
9,2.763,20,3,62.913658142089844,-226.0297088623047,-66.35806274414062,-257.51629638671875,-2.0649173259735107,-225.8777618408203,5.957931699752808,6.0302276611328125
10,3.073,20,3,62.913658142089844,-226.0297088623047,-66.35806274414062,-257.51629638671875,64.54518127441406,-249.27589416503906,5.944747848510742,5.929114818572998
11,3.384,24,3,62.913658142089844,-226.0297088623047,-65.97782135009766,-258.53607177734375,72.69844055175781,-257.0747985839844,5.952079954147339,5.907812118530273
12,3.684,24,3,62.913658142089844,-226.0297088623047,-65.97782135009766,-258.53607177734375,15.490705490112305,-225.5110626220703,5.958194894790649,5.994847774505615
13,4.0,28,3,62.913658142089844,-226.0297088623047,-62.0886116027832,-257.5620422363281,36.77244186401367,-221.97723388671875,5.961626882553101,5.954184055328369
14,4.311,28,3,62.913658142089844,-226.0297088623047,-62.0886116027832,-257.5620422363281,76.95671081542969,-251.43545532226562,5.9455246734619145,5.983105182647705
15,4.617,32,3,62.913658142089844,-226.0297088623047,-59.49799346923828,-257.4883117675781,57.20668411254883,-220.0841827392578,5.9596508026123045,5.969622611999512
16,4.918,32,3,62.913658142089844,-226.0297088623047,-59.49799346923828,-257.4883117675781,36.34527587890625,-222.71151733398438,5.932656288146973,5.866384029388428
17,5.225,36,3,65.5283203125,-226.0297088623047,-54.755760192871094,-256.3262634277344,43.81660079956055,-224.70742797851562,5.933121185302735,5.909897804260254
18,5.535,36,3,65.5283203125,-226.0297088623047,-54.755760192871094,-256.3262634277344,41.850502014160156,-223.73757934570312,5.9099279880523685,5.9976911544799805
19,5.845,40,3,65.5283203125,-226.0297088623047,-49.883811950683594,-255.58505249023438,-1.8548622131347656,-222.12164306640625,5.9069004726409915,5.893319129943848
20,6.146,40,3,65.5283203125,-226.0297088623047,-49.883811950683594,-255.58505249023438,78.34521484375,-243.52456665039062,5.912149782180786,5.892070770263672
21,6.459,44,3,65.5283203125,-226.0297088623047,-54.507286071777344,-255.084716796875,69.78840637207031,-246.3369903564453,5.900840196609497,5.90720272064209
22,6.773,44,3,65.5283203125,-226.0297088623047,-54.507286071777344,-255.084716796875,2.247737407684326,-224.69989013671875,5.9003639411926265,6.007683753967285
23,7.085,48,4,103.29483795166016,-226.0297088623047,-50.38276290893555,-254.583251953125,40.08082962036133,-226.36415100097656,5.887305040359497,6.020378112792969
24,7.389,48,4,103.29483795166016,-226.0297088623047,-50.38276290893555,-254.583251953125,2.451472043991089,-224.04379272460938,5.897143907546997,5.871160507202148
25,7.699,52,4,103.29483795166016,-226.0297088623047,-44.68488311767578,-254.52334594726562,66.8419189453125,-239.25526428222656,5.901909008026123,6.0246195793151855
26,8.01,52,4,103.29483795166016,-226.0297088623047,-44.68488311767578,-254.52334594726562,106.727294921875,-246.8262176513672,5.885033264160156,5.880824089050293
27,8.327,56,4,103.29483795166016,-226.0297088623047,-44.94934844970703,-253.8972930908203,0.8205041885375977,-223.55435180664062,5.89222882270813,5.893290996551514
28,8.63,56,4,103.29483795166016,-226.0297088623047,-44.94934844970703,-253.8972930908203,8.61762523651123,-225.09523010253906,5.88083477973938,5.98324728012085
29,8.943,60,4,103.29483795166016,-226.0297088623047,-47.21470260620117,-253.8161163330078,-2.145118236541748,-225.3997802734375,5.875984296798706,5.907259941101074
30,9.247,60,4,103.29483795166016,-226.0297088623047,-47.21470260620117,-253.8161163330078,35.80483627319336,-225.61331176757812,5.878743162155152,5.860959529876709
31,9.65,64,5,103.29483795166016,-226.0297088623047,-42.7671012878418,-253.44125366210938,56.60446548461914,-226.1772003173828,5.872797737121582,5.868086814880371
32,10.049,64,5,103.29483795166016,-226.0297088623047,-42.7671012878418,-253.44125366210938,105.6030502319336,-248.3994598388672,5.879176902770996,5.87815523147583
33,10.362,68,5,103.29483795166016,-226.0297088623047,-39.900611877441406,-253.08811950683594,105.6038589477539,-245.43736267089844,5.862817621231079,5.74741792678833
34,10.665,68,5,103.29483795166016,-226.0297088623047,-39.900611877441406,-253.08811950683594,58.8315544128418,-243.4716339111328,5.869915370941162,5.837134838104248
35,10.984,72,5,103.29483795166016,-226.0297088623047,-38.676353454589844,-252.8557891845703,12.258694648742676,-225.5484161376953,5.866443643569946,5.801983833312988
36,11.29,72,5,103.29483795166016,-226.0297088623047,-38.676353454589844,-252.8557891845703,108.1500244140625,-248.862060546875,5.858711032867432,5.894896507263184
37,11.602,76,5,103.29483795166016,-226.0297088623047,-34.83111572265625,-252.8069305419922,106.93563079833984,-248.66285705566406,5.850081996917725,5.770808219909668
38,11.908,76,5,103.29483795166016,-226.0297088623047,-34.83111572265625,-252.8069305419922,66.76216888427734,-244.090576171875,5.86933500289917,5.907541751861572
39,12.225,80,5,103.29483795166016,-226.0297088623047,-34.33258819580078,-252.4327850341797,41.1653938293457,-226.6938934326172,5.8292945194244385,5.815094947814941
40,12.532,80,5,103.29483795166016,-226.0297088623047,-34.33258819580078,-252.4327850341797,45.044559478759766,-223.63412475585938,5.856067848205567,5.936097621917725
41,12.846,84,5,103.29483795166016,-226.0297088623047,-33.39116668701172,-252.8397979736328,104.86265563964844,-248.37838745117188,5.855658035278321,5.890555381774902
42,13.151,84,5,103.29483795166016,-226.0297088623047,-33.39116668701172,-252.8397979736328,5.082386493682861,-225.612548828125,5.847722730636597,5.98185396194458
43,13.473,88,5,103.29483795166016,-226.0297088623047,-35.72856903076172,-252.71974182128906,108.45856475830078,-248.3740692138672,5.8598786640167235,5.7422685623168945
44,13.779,88,5,103.29483795166016,-226.0297088623047,-35.72856903076172,-252.71974182128906,104.671875,-247.56378173828125,5.847982988357544,5.84099817276001
45,14.094,92,5,103.29483795166016,-226.0297088623047,-36.788516998291016,-252.08035278320312,51.733497619628906,-224.3273468017578,5.833948545455932,5.8022871017456055
46,14.4,92,5,103.29483795166016,-226.0297088623047,-36.788516998291016,-252.08035278320312,47.97127151489258,-223.77630615234375,5.8504698371887205,5.860991477966309
47,14.777,96,5,103.29483795166016,-226.0297088623047,-36.92793655395508,-251.6584014892578,44.86563491821289,-226.2016143798828,5.825653343200684,5.653682708740234
48,15.083,96,5,103.29483795166016,-226.0297088623047,-36.92793655395508,-251.6584014892578,113.76713562011719,-248.4507598876953,5.8308485317230225,5.861811637878418
49,15.396,100,5,103.29483795166016,-226.0297088623047,-35.38899612426758,-251.54327392578125,6.25039529800415,-221.5089874267578,5.808972597122192,5.84692907333374
50,15.699,100,5,103.29483795166016,-226.0297088623047,-35.38899612426758,-251.54327392578125,79.95429229736328,-245.5185546875,5.803451385498047,5.768878936767578
51,16.015,104,4,103.29483795166016,-226.0297088623047,-33.893253326416016,-251.18856811523438,41.88935852050781,-224.06275939941406,5.81098219871521,5.752137184143066
52,16.359,104,4,103.29483795166016,-226.0297088623047,-33.893253326416016,-251.18856811523438,75.79998016357422,-237.48670959472656,5.805364875793457,5.784375190734863
53,16.682,108,5,116.53804779052734,-226.0297088623047,-33.51124954223633,-251.22975158691406,114.76986694335938,-248.09182739257812,5.7964690399169925,5.896868705749512
54,17.006,108,5,116.53804779052734,-226.0297088623047,-33.51124954223633,-251.22975158691406,1.6614537239074707,-219.84033203125,5.8195923328399655,5.845355987548828
55,17.32,112,5,116.53804779052734,-226.0297088623047,-34.86042022705078,-250.7067413330078,8.577439308166504,-221.8986358642578,5.812659893035889,5.803473949432373
56,17.654,112,5,116.53804779052734,-226.0297088623047,-34.86042022705078,-250.7067413330078,76.01210021972656,-236.78582763671875,5.804784574508667,5.654283046722412
57,17.968,116,6,116.53804779052734,-226.0297088623047,-33.64006042480469,-250.46133422851562,78.76000213623047,-236.24803161621094,5.7802497673034665,5.780688762664795
58,18.274,116,6,116.53804779052734,-226.0297088623047,-33.64006042480469,-250.46133422851562,130.1571807861328,-254.59634399414062,5.796175374984741,5.667483806610107
59,18.588,120,6,116.53804779052734,-226.0297088623047,-34.08372497558594,-250.00221252441406,11.778721809387207,-224.29800415039062,5.787329511642456,5.730035781860352
60,18.903,120,6,116.53804779052734,-226.0297088623047,-34.08372497558594,-250.00221252441406,44.49605941772461,-224.63011169433594,5.774796094894409,5.732712745666504
61,19.279,124,7,116.53804779052734,-226.0297088623047,-34.023231506347656,-249.48550415039062,-1.3887361288070679,-221.4357147216797,5.799328460693359,5.829418182373047
62,19.637,124,7,116.53804779052734,-226.0297088623047,-34.023231506347656,-249.48550415039062,41.73107147216797,-225.8511962890625,5.7695210170745845,5.766218185424805
63,19.955,128,7,116.53804779052734,-226.0297088623047,-34.60436248779297,-249.10525512695312,53.456295013427734,-226.4199676513672,5.767425937652588,5.689537048339844
64,20.266,128,7,116.53804779052734,-226.0297088623047,-34.60436248779297,-249.10525512695312,127.08999633789062,-248.90621948242188,5.778966789245605,5.81070613861084
65,20.579,132,7,116.53804779052734,-226.0297088623047,-33.873416900634766,-248.94102478027344,28.857158660888672,-225.05210876464844,5.764884586334229,5.6841020584106445
66,20.886,132,7,116.53804779052734,-226.0297088623047,-33.873416900634766,-248.94102478027344,11.621203422546387,-225.0451202392578,5.743572692871094,5.921159267425537
67,21.199,136,7,116.53804779052734,-226.0297088623047,-34.818355560302734,-248.55422973632812,61.287803649902344,-228.43991088867188,5.752494812011719,5.878604888916016
68,21.508,136,7,116.53804779052734,-226.0297088623047,-34.818355560302734,-248.55422973632812,-2.3248255252838135,-221.85276794433594,5.760664005279541,5.837131500244141
69,21.827,140,7,116.53804779052734,-226.0297088623047,-34.48100662231445,-248.4564666748047,82.03919982910156,-236.93087768554688,5.765330724716186,5.773871421813965
70,22.145,140,7,116.53804779052734,-226.0297088623047,-34.48100662231445,-248.4564666748047,40.430397033691406,-221.89967346191406,5.760918521881104,5.8845038414001465
71,22.461,144,7,116.53804779052734,-226.0297088623047,-34.79972457885742,-248.21832275390625,5.714105606079102,-222.18885803222656,5.74892071723938,5.687617301940918
72,22.771,144,7,116.53804779052734,-226.0297088623047,-34.79972457885742,-248.21832275390625,-2.1677520275115967,-225.80136108398438,5.755340566635132,5.873227119445801
73,23.089,148,7,116.53804779052734,-226.0297088623047,-34.390785217285156,-248.18153381347656,130.14280700683594,-253.6891326904297,5.734979219436646,5.802289962768555
74,23.395,148,7,116.53804779052734,-226.0297088623047,-34.390785217285156,-248.18153381347656,46.9278450012207,-225.8905487060547,5.753525419235229,5.757623672485352
75,23.709,152,7,137.17295837402344,-226.0297088623047,-33.194915771484375,-248.14414978027344,79.82476043701172,-231.13502502441406,5.725979909896851,5.8042426109313965
76,24.023,152,7,137.17295837402344,-226.0297088623047,-33.194915771484375,-248.14414978027344,150.06626892089844,-249.3719482421875,5.730501508712768,5.755858421325684
77,24.342,156,7,137.17295837402344,-226.0297088623047,-33.17441177368164,-247.9501190185547,84.26824188232422,-236.06517028808594,5.725084276199341,5.620604515075684
78,24.653,156,7,137.17295837402344,-226.0297088623047,-33.17441177368164,-247.9501190185547,3.5734031200408936,-224.48458862304688,5.711457147598266,5.801234722137451
79,24.971,160,8,156.37652587890625,-226.0297088623047,-32.502174377441406,-247.9954071044922,153.23876953125,-248.75888061523438,5.732654733657837,5.709239959716797
80,25.278,160,8,156.37652587890625,-226.0297088623047,-32.502174377441406,-247.9954071044922,160.9495086669922,-250.9990692138672,5.724722757339477,5.770284652709961
81,25.595,164,8,156.37652587890625,-226.0297088623047,-32.78419876098633,-248.03392028808594,162.08291625976562,-254.2537384033203,5.7227003955841065,5.734057426452637
82,25.906,164,8,156.37652587890625,-226.0297088623047,-32.78419876098633,-248.03392028808594,7.69631814956665,-222.68922424316406,5.749394645690918,5.895386695861816
83,26.226,168,8,156.37652587890625,-226.0297088623047,-32.2796745300293,-247.88662719726562,5.617451190948486,-225.73846435546875,5.718401145935059,5.627352237701416
84,26.536,168,8,156.37652587890625,-226.0297088623047,-32.2796745300293,-247.88662719726562,159.9493865966797,-248.13641357421875,5.724052238464355,5.749463081359863
85,26.895,172,8,156.37652587890625,-226.0297088623047,-31.222288131713867,-247.80230712890625,75.08917236328125,-231.67225646972656,5.715830764770508,5.762602806091309
86,27.206,172,8,156.37652587890625,-226.0297088623047,-31.222288131713867,-247.80230712890625,144.9342041015625,-249.34909057617188,5.70617018699646,5.722356796264648
87,27.53,176,8,156.37652587890625,-226.0297088623047,-30.95220184326172,-247.55308532714844,80.99190521240234,-233.1597900390625,5.715495710372925,5.679386138916016
88,27.839,176,8,156.37652587890625,-226.0297088623047,-30.95220184326172,-247.55308532714844,162.16038513183594,-253.34115600585938,5.7062396144866945,5.684269905090332
89,28.154,180,6,156.37652587890625,-226.0297088623047,-30.115705490112305,-247.2342071533203,66.55489349365234,-218.77236938476562,5.7079104232788085,5.784904956817627
90,28.461,180,6,156.37652587890625,-226.0297088623047,-30.115705490112305,-247.2342071533203,11.645737648010254,-224.23252868652344,5.720305576324463,5.8265180587768555
91,28.779,184,6,156.37652587890625,-226.0297088623047,-29.78580665588379,-247.0539093017578,116.75348663330078,-228.0493927001953,5.698356828689575,5.837436199188232
92,29.099,184,6,156.37652587890625,-226.0297088623047,-29.78580665588379,-247.0539093017578,124.77164459228516,-246.31149291992188,5.707986354827881,5.684215068817139
93,29.415,188,6,156.37652587890625,-222.05186462402344,-29.56947135925293,-246.56687927246094,3.601447105407715,-225.47740173339844,5.697800321578979,5.748847961425781
94,29.723,188,6,156.37652587890625,-222.05186462402344,-29.56947135925293,-246.56687927246094,190.39418029785156,-251.6444091796875,5.696736364364624,5.598906517028809
95,30.051,192,6,156.37652587890625,-222.05186462402344,-28.769332885742188,-246.49757385253906,124.7667236328125,-223.65782165527344,5.711323070526123,5.806262016296387
96,30.487,192,6,156.37652587890625,-222.05186462402344,-28.769332885742188,-246.49757385253906,190.84368896484375,-253.2357635498047,5.680138626098633,5.691797256469727
97,30.808,196,6,156.37652587890625,-222.05186462402344,-27.595165252685547,-246.3830108642578,158.4547119140625,-246.73196411132812,5.707553043365478,5.807290077209473
98,31.116,196,6,156.37652587890625,-222.05186462402344,-27.595165252685547,-246.3830108642578,158.76992797851562,-254.00694274902344,5.711864929199219,5.5580973625183105
99,31.435,200,4,156.37652587890625,-222.05186462402344,-25.596458435058594,-246.12428283691406,-68.61385345458984,-220.614990234375,5.683747482299805,5.723725318908691
100,31.741,200,4,156.37652587890625,-222.05186462402344,-25.596458435058594,-246.12428283691406,-56.313106536865234,-216.19033813476562,5.695632886886597,5.767812728881836
101,32.06,200,4,156.37652587890625,-222.05186462402344,-24.695524215698242,-244.57504272460938,89.44529724121094,-223.7647247314453,5.643573942184449,5.664693355560303
102,32.393,200,4,156.37652587890625,-222.05186462402344,-24.695524215698242,-244.57504272460938,-70.37439727783203,-217.26393127441406,5.6777011489868165,5.6192169189453125
103,32.712,200,4,156.37652587890625,-222.05186462402344,-23.218524932861328,-244.73226928710938,114.70185852050781,-224.43055725097656,5.664098281860351,5.609456539154053
104,33.028,200,4,156.37652587890625,-222.05186462402344,-23.218524932861328,-244.73226928710938,-33.670936584472656,-220.8250732421875,5.664822397232055,5.589381217956543
105,33.41,200,4,156.37652587890625,-222.05186462402344,-21.769214630126953,-244.61642456054688,151.23379516601562,-229.93362426757812,5.658751564025879,5.666038513183594
106,33.717,200,4,156.37652587890625,-222.05186462402344,-21.769214630126953,-244.61642456054688,114.74667358398438,-219.0725555419922,5.655303688049316,5.632278919219971
107,34.042,200,4,156.37652587890625,-222.05186462402344,-21.482467651367188,-244.1404266357422,114.90170288085938,-220.23765563964844,5.615786027908325,5.54946231842041
108,34.354,200,4,156.37652587890625,-222.05186462402344,-21.482467651367188,-244.1404266357422,-63.730804443359375,-220.62437438964844,5.633963928222657,5.539495944976807
109,34.673,200,4,156.37652587890625,-222.05186462402344,-21.560598373413086,-243.60231018066406,-37.57081604003906,-220.0889892578125,5.6587683296203615,5.719120502471924
110,34.981,200,4,156.37652587890625,-222.05186462402344,-21.560598373413086,-243.60231018066406,129.26832580566406,-220.4789581298828,5.588431367874145,5.619503974914551
111,35.3,200,4,156.37652587890625,-222.05186462402344,-20.041725158691406,-243.2559051513672,160.1968536376953,-253.54759216308594,5.614213848114014,5.696203231811523
112,35.617,200,4,156.37652587890625,-222.05186462402344,-20.041725158691406,-243.2559051513672,156.67547607421875,-254.04063415527344,5.607814092636108,5.629277229309082
113,35.938,200,4,156.37652587890625,-222.05186462402344,-19.700393676757812,-242.7907257080078,-45.302589416503906,-215.09242248535156,5.627045650482177,5.641610145568848
114,36.245,200,4,156.37652587890625,-222.05186462402344,-19.700393676757812,-242.7907257080078,110.53794860839844,-222.10557556152344,5.603501949310303,5.531639099121094
115,36.563,200,4,156.37652587890625,-222.05186462402344,-18.103727340698242,-242.55125427246094,191.35606384277344,-253.18138122558594,5.582426614761353,5.609375
116,36.872,200,4,156.37652587890625,-222.05186462402344,-18.103727340698242,-242.55125427246094,158.52804565429688,-251.6919403076172,5.586600971221924,5.513247013092041
117,37.192,200,4,156.37652587890625,-222.05186462402344,-17.299579620361328,-242.47972106933594,185.69113159179688,-255.0179901123047,5.572564191818238,5.613253116607666
118,37.505,200,4,156.37652587890625,-222.05186462402344,-17.299579620361328,-242.47972106933594,180.4866485595703,-253.58486938476562,5.567222604751587,5.5495147705078125
119,37.822,200,4,156.37652587890625,-222.05186462402344,-16.953126907348633,-242.26748657226562,231.714111328125,-252.84661865234375,5.542382860183716,5.521643161773682
120,38.129,200,4,156.37652587890625,-222.05186462402344,-16.953126907348633,-242.26748657226562,171.4282989501953,-251.19961547851562,5.565150718688965,5.5467529296875
121,38.454,200,4,156.37652587890625,-222.05186462402344,-14.466121673583984,-242.0311279296875,152.7116241455078,-225.45913696289062,5.558012323379517,5.572038650512695
122,38.77,200,4,156.37652587890625,-222.05186462402344,-14.466121673583984,-242.0311279296875,148.9720916748047,-226.46788024902344,5.56578706741333,5.6182756423950195
123,39.093,200,4,156.37652587890625,-222.05186462402344,-16.334869384765625,-241.7449951171875,134.41050720214844,-223.15493774414062,5.52605896949768,5.508411884307861
124,39.403,200,4,156.37652587890625,-222.05186462402344,-16.334869384765625,-241.7449951171875,-74.85095977783203,-214.78416442871094,5.552890996932984,5.388319969177246
125,39.727,200,4,156.37652587890625,-222.05186462402344,-16.63827896118164,-241.2462921142578,-41.473270416259766,-220.44076538085938,5.551531429290772,5.557043552398682
126,40.043,200,4,156.37652587890625,-222.05186462402344,-16.63827896118164,-241.2462921142578,-70.7409896850586,-221.60020446777344,5.537016572952271,5.483510494232178
127,40.361,200,5,156.37652587890625,-222.05186462402344,-14.791728973388672,-240.9048614501953,199.1774444580078,-227.63258361816406,5.518068389892578,5.312369346618652
128,40.669,200,5,156.37652587890625,-222.05186462402344,-14.791728973388672,-240.9048614501953,-55.427181243896484,-221.9503936767578,5.554043788909912,5.543712615966797
129,40.986,200,5,156.37652587890625,-222.05186462402344,-13.929159164428711,-240.59230041503906,149.5428924560547,-229.9166259765625,5.5305226707458495,5.580679893493652
130,41.302,200,5,156.37652587890625,-222.05186462402344,-13.929159164428711,-240.59230041503906,183.046875,-229.80300903320312,5.530701379776001,5.4446516036987305
131,41.621,200,7,156.37652587890625,-222.05186462402344,-13.958850860595703,-240.1300048828125,92.14261627197266,-221.8766632080078,5.5332845687866214,5.514764785766602
132,41.931,200,7,156.37652587890625,-222.05186462402344,-13.958850860595703,-240.1300048828125,167.45028686523438,-253.7327423095703,5.504350347518921,5.668591499328613
133,42.245,200,8,156.37652587890625,-218.55076599121094,-15.112060546875,-239.63504028320312,-43.73850631713867,-216.4856719970703,5.526801481246948,5.529332160949707
134,42.554,200,8,156.37652587890625,-218.55076599121094,-15.112060546875,-239.63504028320312,-25.881004333496094,-218.05352783203125,5.532199478149414,5.522027969360352
135,42.875,200,8,156.37652587890625,-218.55076599121094,-14.71423053741455,-239.4098663330078,172.8965301513672,-253.98402404785156,5.49978328704834,5.355906009674072
136,43.184,200,8,156.37652587890625,-218.55076599121094,-14.71423053741455,-239.4098663330078,-22.756763458251953,-218.1024169921875,5.501116828918457,5.586597442626953
137,43.501,200,9,156.37652587890625,-218.55076599121094,-15.154008865356445,-238.95660400390625,103.66092681884766,-226.0067901611328,5.48924241065979,5.477301597595215
138,43.809,200,9,156.37652587890625,-218.55076599121094,-15.154008865356445,-238.95660400390625,111.51751708984375,-219.1573028564453,5.491806974411011,5.503366947174072
139,44.129,200,9,156.37652587890625,-218.55076599121094,-14.07822036743164,-238.95541381835938,184.84072875976562,-251.16268920898438,5.489829397201538,5.527029991149902
140,44.442,200,9,156.37652587890625,-218.55076599121094,-14.07822036743164,-238.95541381835938,-19.731122970581055,-215.4486846923828,5.490790939331054,5.489430904388428
141,44.761,200,9,156.37652587890625,-218.55076599121094,-13.758562088012695,-238.3193359375,49.73542022705078,-219.5867462158203,5.464699077606201,5.4647135734558105
142,45.089,200,9,156.37652587890625,-218.55076599121094,-13.758562088012695,-238.3193359375,157.86892700195312,-255.0003662109375,5.469037675857544,5.606720447540283
143,45.405,200,9,156.37652587890625,-218.55076599121094,-12.449226379394531,-238.14137268066406,165.4609375,-253.13877868652344,5.450241861343383,5.341883182525635
144,45.724,200,9,156.37652587890625,-218.55076599121094,-12.449226379394531,-238.14137268066406,-15.607280731201172,-214.99948120117188,5.469984798431397,5.415677070617676
145,46.04,200,8,156.37652587890625,-217.47222900390625,-11.753201484680176,-237.76348876953125,-32.11518096923828,-218.1754150390625,5.447753620147705,5.622942924499512
146,46.348,200,8,156.37652587890625,-217.47222900390625,-11.753201484680176,-237.76348876953125,80.8364028930664,-216.0788116455078,5.432164220809937,5.398653507232666
147,46.67,200,8,156.37652587890625,-217.47222900390625,-11.290510177612305,-237.4512481689453,119.89163208007812,-224.08377075195312,5.453235378265381,5.521147727966309
148,46.979,200,8,156.37652587890625,-217.47222900390625,-11.290510177612305,-237.4512481689453,176.80259704589844,-221.7681427001953,5.455664739608765,5.519101619720459
149,47.295,200,8,156.37652587890625,-217.47222900390625,-10.647534370422363,-237.22964477539062,99.190673828125,-224.4193572998047,5.429400281906128,5.4039483070373535
150,47.607,200,8,156.37652587890625,-217.47222900390625,-10.647534370422363,-237.22964477539062,165.7750244140625,-254.94911193847656,5.45151427268982,5.3335700035095215
151,47.927,200,8,156.37652587890625,-217.47222900390625,-9.45546817779541,-237.1980438232422,187.29159545898438,-249.65585327148438,5.425931959152222,5.317841529846191
152,48.235,200,8,156.37652587890625,-217.47222900390625,-9.45546817779541,-237.1980438232422,24.516077041625977,-217.35601806640625,5.426804437637329,5.334380149841309
153,48.552,200,8,156.37652587890625,-217.47222900390625,-10.37633991241455,-236.767578125,-6.806991100311279,-215.28591918945312,5.416729459762573,5.3676676750183105
154,48.869,200,8,156.37652587890625,-217.47222900390625,-10.37633991241455,-236.767578125,-4.938833236694336,-215.23129272460938,5.4193868160247805,5.354272842407227
155,49.188,200,8,156.37652587890625,-217.47222900390625,-8.212292671203613,-236.99783325195312,179.0726318359375,-252.01239013671875,5.415644235610962,5.467782497406006
156,49.497,200,8,156.37652587890625,-217.47222900390625,-8.212292671203613,-236.99783325195312,-3.3411667346954346,-214.31578063964844,5.406625127792358,5.293978691101074
157,49.815,200,8,156.37652587890625,-217.47222900390625,-7.590850353240967,-236.81707763671875,117.0830307006836,-224.2386016845703,5.401556081771851,5.362166881561279
158,50.14,200,8,156.37652587890625,-217.47222900390625,-7.590850353240967,-236.81707763671875,85.7712631225586,-218.38772583007812,5.391902694702148,5.369146823883057
159,50.46,200,8,156.37652587890625,-217.47222900390625,-5.608222484588623,-236.93328857421875,159.14077758789062,-253.24465942382812,5.409971799850464,5.370087623596191
160,50.768,200,8,156.37652587890625,-217.47222900390625,-5.608222484588623,-236.93328857421875,127.26939392089844,-227.5606689453125,5.378054895401001,5.355790138244629
161,51.088,200,8,156.37652587890625,-217.47222900390625,-5.074001312255859,-236.7810516357422,-0.3607217073440552,-207.75746154785156,5.385644016265869,5.291843891143799
162,51.409,200,8,156.37652587890625,-217.47222900390625,-5.074001312255859,-236.7810516357422,88.58419036865234,-220.7923583984375,5.4130391502380375,5.3480939865112305
163,51.727,200,8,156.37652587890625,-217.47222900390625,-4.431633949279785,-236.62452697753906,-9.820306777954102,-216.40269470214844,5.405804023742676,5.568416118621826
164,52.037,200,8,156.37652587890625,-217.47222900390625,-4.431633949279785,-236.62452697753906,171.29244995117188,-253.1702880859375,5.378964757919311,5.409724235534668
165,52.355,200,8,156.37652587890625,-217.47222900390625,-4.390139579772949,-236.3585205078125,123.85362243652344,-224.16561889648438,5.3727038383483885,5.47818660736084
166,52.685,200,8,156.37652587890625,-217.47222900390625,-4.390139579772949,-236.3585205078125,174.8353729248047,-252.24069213867188,5.378661527633667,5.470722198486328
167,53.13,200,8,156.37652587890625,-217.47222900390625,-2.7714896202087402,-236.4908447265625,174.02880859375,-253.79225158691406,5.369790391921997,5.346628189086914
168,53.439,200,8,156.37652587890625,-217.47222900390625,-2.7714896202087402,-236.4908447265625,168.12608337402344,-226.0839385986328,5.370775547027588,5.464296340942383
169,53.754,200,10,156.37652587890625,-209.0732879638672,-3.3952441215515137,-235.8813018798828,5.969980239868164,-213.0170440673828,5.352077074050904,5.365593910217285
170,54.073,200,10,156.37652587890625,-209.0732879638672,-3.3952441215515137,-235.8813018798828,167.9658660888672,-244.3926544189453,5.381150732040405,5.335942268371582
171,54.396,200,10,156.37652587890625,-209.0732879638672,-1.3126351833343506,-235.9150390625,183.0673828125,-254.2395782470703,5.356669502258301,5.312176704406738
172,54.706,200,10,156.37652587890625,-209.0732879638672,-1.3126351833343506,-235.9150390625,123.79743194580078,-228.65267944335938,5.346460399627685,5.333061218261719
173,55.029,200,10,156.37652587890625,-209.0732879638672,-0.45126402378082275,-235.88645935058594,185.04534912109375,-254.58460998535156,5.343040904998779,5.428590774536133
174,55.342,200,10,156.37652587890625,-209.0732879638672,-0.45126402378082275,-235.88645935058594,-9.459477424621582,-209.74166870117188,5.331131191253662,5.423205375671387
175,55.658,200,11,156.37652587890625,-209.0732879638672,-0.3169094920158386,-235.4746551513672,-2.602311611175537,-204.73062133789062,5.356169815063477,5.301685333251953
176,55.968,200,11,156.37652587890625,-209.0732879638672,-0.3169094920158386,-235.4746551513672,126.03842163085938,-221.63619995117188,5.3366694831848145,5.350279808044434
177,56.359,200,11,156.37652587890625,-209.0732879638672,0.8339807391166687,-235.55801391601562,172.50538635253906,-252.57455444335938,5.328909873962402,5.1939311027526855
178,56.675,200,11,156.37652587890625,-209.0732879638672,0.8339807391166687,-235.55801391601562,75.8528823852539,-212.4722900390625,5.336732387542725,5.29090690612793
179,56.992,200,8,145.66236877441406,-209.0732879638672,0.7762266397476196,-235.00714111328125,-39.43819808959961,-205.16575622558594,5.30906198501587,5.3335676193237305
180,57.301,200,8,145.66236877441406,-209.0732879638672,0.7762266397476196,-235.00714111328125,-19.1975154876709,-207.56179809570312,5.320810232162476,5.2200822830200195
181,57.622,200,8,145.66236877441406,-209.0732879638672,2.2817296981811523,-234.6556396484375,3.093691825866699,-216.58013916015625,5.334096384048462,5.283149242401123
182,57.957,200,8,145.66236877441406,-209.0732879638672,2.2817296981811523,-234.6556396484375,148.02566528320312,-227.4458770751953,5.29912335395813,5.298853874206543
183,58.274,200,8,145.66236877441406,-209.0732879638672,3.2396631240844727,-234.29647827148438,-9.542980194091797,-216.50881958007812,5.3253341388702395,5.460687637329102
184,58.583,200,8,145.66236877441406,-209.0732879638672,3.2396631240844727,-234.29647827148438,-27.048662185668945,-207.38864135742188,5.308855895996094,5.339109420776367
185,58.901,200,8,145.66236877441406,-209.0732879638672,4.237592697143555,-233.98651123046875,69.17111206054688,-219.88890075683594,5.290501928329467,5.255489349365234
186,59.222,200,8,145.66236877441406,-209.0732879638672,4.237592697143555,-233.98651123046875,146.1636505126953,-229.82003784179688,5.314300947189331,5.29868745803833
187,59.539,200,8,145.66236877441406,-209.0732879638672,4.413763999938965,-233.97096252441406,116.79896545410156,-220.9578857421875,5.293772897720337,5.256159782409668
188,59.849,200,8,145.66236877441406,-209.0732879638672,4.413763999938965,-233.97096252441406,157.41952514648438,-229.14451599121094,5.277039947509766,5.329426288604736
189,60.166,200,8,145.66236877441406,-209.0732879638672,5.025457859039307,-233.79249572753906,-38.35107421875,-207.06387329101562,5.286326103210449,5.406728267669678
190,60.487,200,8,145.66236877441406,-209.0732879638672,5.025457859039307,-233.79249572753906,135.37405395507812,-230.01535034179688,5.283963756561279,5.405858039855957
191,60.807,200,8,145.66236877441406,-209.0732879638672,4.515841007232666,-233.43035888671875,-44.22221755981445,-206.170166015625,5.268892669677735,5.2624969482421875
192,61.119,200,8,145.66236877441406,-209.0732879638672,4.515841007232666,-233.43035888671875,4.569811820983887,-209.06500244140625,5.2797067356109615,5.202327728271484
193,61.434,200,8,145.66236877441406,-209.0732879638672,5.056578159332275,-233.39035034179688,-42.84062194824219,-208.26779174804688,5.259933986663818,5.098049640655518
194,61.751,200,8,145.66236877441406,-209.0732879638672,5.056578159332275,-233.39035034179688,161.75550842285156,-228.65586853027344,5.27486572265625,5.0744524002075195
195,62.072,200,8,145.66236877441406,-209.0732879638672,5.9564642906188965,-233.02020263671875,-12.32211971282959,-212.90618896484375,5.241729602813721,5.18173360824585
196,62.382,200,8,145.66236877441406,-209.0732879638672,5.9564642906188965,-233.02020263671875,-42.902523040771484,-208.25242614746094,5.261253833770752,5.217919826507568
197,62.7,200,8,145.66236877441406,-209.0732879638672,6.295843601226807,-232.99234008789062,171.5499725341797,-230.2105255126953,5.24572645187378,5.320592880249023
198,63.014,200,8,145.66236877441406,-209.0732879638672,6.295843601226807,-232.99234008789062,-24.243228912353516,-206.1802978515625,5.250131063461303,5.26286506652832
199,63.339,200,11,141.80125427246094,-209.0732879638672,5.240779876708984,-232.94886779785156,120.39824676513672,-220.01229858398438,5.209928283691406,5.124932289123535
200,63.648,200,11,141.80125427246094,-209.0732879638672,5.240779876708984,-232.94886779785156,2.809236526489258,-216.67953491210938,5.234412574768067,5.276678085327148
1,0.305,4,2,-23.721010208129883,-304.5106506347656,-48.409603118896484,-309.26116943359375,9.323224067687988,-1.3484240770339966,6.581543245315552,6.48643159866333
2,0.601,4,2,-23.721010208129883,-304.5106506347656,-48.409603118896484,-309.26116943359375,-5.265491962432861,14.585269927978516,6.518779830932617,6.461179733276367
3,0.903,8,2,35.698570251464844,-226.0297088623047,-45.709510803222656,-268.7665100097656,6.302014350891113,-24.201292037963867,6.0862620830535885,6.11831521987915
4,1.199,8,2,35.698570251464844,-226.0297088623047,-45.709510803222656,-268.7665100097656,41.54844284057617,-226.96910095214844,6.05157639503479,6.123225212097168
5,1.504,12,2,35.698570251464844,-226.0297088623047,-72.88147735595703,-259.8352966308594,36.25390625,-226.9827423095703,5.9910861587524415,5.9804253578186035
6,1.8,12,2,35.698570251464844,-226.0297088623047,-72.88147735595703,-259.8352966308594,37.02582550048828,-226.91690063476562,5.964840097427368,6.091290473937988
7,2.105,16,2,35.698570251464844,-226.0297088623047,-67.71360778808594,-258.37744140625,2.7187228202819824,-225.95672607421875,5.962519741058349,5.916369438171387
8,2.401,16,2,35.698570251464844,-226.0297088623047,-67.71360778808594,-258.37744140625,-1.8877469301223755,-226.00347900390625,5.935252246856689,5.843269348144531
9,2.706,20,3,62.913658142089844,-226.0297088623047,-66.35806274414062,-257.51629638671875,-2.0649173259735107,-225.8777618408203,5.957931699752808,6.0302276611328125
10,3.003,20,3,62.913658142089844,-226.0297088623047,-66.35806274414062,-257.51629638671875,64.54518127441406,-249.27589416503906,5.944747848510742,5.929114818572998
11,3.335,24,3,62.913658142089844,-226.0297088623047,-65.97782135009766,-258.53607177734375,72.69844055175781,-257.0747985839844,5.952079954147339,5.907812118530273
12,3.634,24,3,62.913658142089844,-226.0297088623047,-65.97782135009766,-258.53607177734375,15.490705490112305,-225.5110626220703,5.958194894790649,5.994847774505615
13,3.941,28,3,62.913658142089844,-226.0297088623047,-62.0886116027832,-257.5620422363281,36.77244186401367,-221.97723388671875,5.961626882553101,5.954184055328369
14,4.238,28,3,62.913658142089844,-226.0297088623047,-62.0886116027832,-257.5620422363281,76.95671081542969,-251.43545532226562,5.9455246734619145,5.983105182647705
15,4.56,32,3,62.913658142089844,-226.0297088623047,-59.49799346923828,-257.4883117675781,57.20668411254883,-220.0841827392578,5.9596508026123045,5.969622611999512
16,4.859,32,3,62.913658142089844,-226.0297088623047,-59.49799346923828,-257.4883117675781,36.34527587890625,-222.71151733398438,5.932656288146973,5.866384029388428
17,5.166,36,3,65.5283203125,-226.0297088623047,-54.755760192871094,-256.3262634277344,43.81660079956055,-224.70742797851562,5.933121185302735,5.909897804260254
18,5.47,36,3,65.5283203125,-226.0297088623047,-54.755760192871094,-256.3262634277344,41.850502014160156,-223.73757934570312,5.9099279880523685,5.9976911544799805
19,5.798,40,3,65.5283203125,-226.0297088623047,-49.883811950683594,-255.58505249023438,-1.8548622131347656,-222.12164306640625,5.9069004726409915,5.893319129943848
20,6.097,40,3,65.5283203125,-226.0297088623047,-49.883811950683594,-255.58505249023438,78.34521484375,-243.52456665039062,5.912149782180786,5.892070770263672
21,6.407,44,3,65.5283203125,-226.0297088623047,-54.507286071777344,-255.084716796875,69.78840637207031,-246.3369903564453,5.900840196609497,5.90720272064209
22,6.71,44,3,65.5283203125,-226.0297088623047,-54.507286071777344,-255.084716796875,2.247737407684326,-224.69989013671875,5.9003639411926265,6.007683753967285
23,7.02,48,4,103.29483795166016,-226.0297088623047,-50.38276290893555,-254.583251953125,40.08082962036133,-226.36415100097656,5.887305040359497,6.020378112792969
24,7.32,48,4,103.29483795166016,-226.0297088623047,-50.38276290893555,-254.583251953125,2.451472043991089,-224.04379272460938,5.897143907546997,5.871160507202148
25,7.629,52,4,103.29483795166016,-226.0297088623047,-44.68488311767578,-254.52334594726562,66.8419189453125,-239.25526428222656,5.901909008026123,6.0246195793151855
26,7.931,52,4,103.29483795166016,-226.0297088623047,-44.68488311767578,-254.52334594726562,106.727294921875,-246.8262176513672,5.885033264160156,5.880824089050293
27,8.241,56,4,103.29483795166016,-226.0297088623047,-44.94934844970703,-253.8972930908203,0.8205041885375977,-223.55435180664062,5.89222882270813,5.893290996551514
28,8.544,56,4,103.29483795166016,-226.0297088623047,-44.94934844970703,-253.8972930908203,8.61762523651123,-225.09523010253906,5.88083477973938,5.98324728012085
29,8.855,60,4,103.29483795166016,-226.0297088623047,-47.21470260620117,-253.8161163330078,-2.145118236541748,-225.3997802734375,5.875984296798706,5.907259941101074
30,9.158,60,4,103.29483795166016,-226.0297088623047,-47.21470260620117,-253.8161163330078,35.80483627319336,-225.61331176757812,5.878743162155152,5.860959529876709
31,9.469,64,5,103.29483795166016,-226.0297088623047,-42.7671012878418,-253.44125366210938,56.60446548461914,-226.1772003173828,5.872797737121582,5.868086814880371
32,9.8,64,5,103.29483795166016,-226.0297088623047,-42.7671012878418,-253.44125366210938,105.6030502319336,-248.3994598388672,5.879176902770996,5.87815523147583
33,10.111,68,5,103.29483795166016,-226.0297088623047,-39.900611877441406,-253.08811950683594,105.6038589477539,-245.43736267089844,5.862817621231079,5.74741792678833
34,10.413,68,5,103.29483795166016,-226.0297088623047,-39.900611877441406,-253.08811950683594,58.8315544128418,-243.4716339111328,5.869915370941162,5.837134838104248
35,10.765,72,5,103.29483795166016,-226.0297088623047,-38.676353454589844,-252.8557891845703,12.258694648742676,-225.5484161376953,5.866443643569946,5.801983833312988
36,11.076,72,5,103.29483795166016,-226.0297088623047,-38.676353454589844,-252.8557891845703,108.1500244140625,-248.862060546875,5.858711032867432,5.894896507263184
37,11.389,76,5,103.29483795166016,-226.0297088623047,-34.83111572265625,-252.8069305419922,106.93563079833984,-248.66285705566406,5.850081996917725,5.770808219909668
38,11.695,76,5,103.29483795166016,-226.0297088623047,-34.83111572265625,-252.8069305419922,66.76216888427734,-244.090576171875,5.86933500289917,5.907541751861572
39,12.027,80,5,103.29483795166016,-226.0297088623047,-34.33258819580078,-252.4327850341797,41.1653938293457,-226.6938934326172,5.8292945194244385,5.815094947814941
40,12.329,80,5,103.29483795166016,-226.0297088623047,-34.33258819580078,-252.4327850341797,45.044559478759766,-223.63412475585938,5.856067848205567,5.936097621917725
41,12.641,84,5,103.29483795166016,-226.0297088623047,-33.39116668701172,-252.8397979736328,104.86265563964844,-248.37838745117188,5.855658035278321,5.890555381774902
42,12.95,84,5,103.29483795166016,-226.0297088623047,-33.39116668701172,-252.8397979736328,5.082386493682861,-225.612548828125,5.847722730636597,5.98185396194458
43,13.262,88,5,103.29483795166016,-226.0297088623047,-35.72856903076172,-252.71974182128906,108.45856475830078,-248.3740692138672,5.8598786640167235,5.7422685623168945
44,13.566,88,5,103.29483795166016,-226.0297088623047,-35.72856903076172,-252.71974182128906,104.671875,-247.56378173828125,5.847982988357544,5.84099817276001
45,13.877,92,5,103.29483795166016,-226.0297088623047,-36.788516998291016,-252.08035278320312,51.733497619628906,-224.3273468017578,5.833948545455932,5.8022871017456055
46,14.181,92,5,103.29483795166016,-226.0297088623047,-36.788516998291016,-252.08035278320312,47.97127151489258,-223.77630615234375,5.8504698371887205,5.860991477966309
47,14.552,96,5,103.29483795166016,-226.0297088623047,-36.92793655395508,-251.6584014892578,44.86563491821289,-226.2016143798828,5.825653343200684,5.653682708740234
48,14.857,96,5,103.29483795166016,-226.0297088623047,-36.92793655395508,-251.6584014892578,113.76713562011719,-248.4507598876953,5.8308485317230225,5.861811637878418
49,15.169,100,5,103.29483795166016,-226.0297088623047,-35.38899612426758,-251.54327392578125,6.25039529800415,-221.5089874267578,5.808972597122192,5.84692907333374
50,15.473,100,5,103.29483795166016,-226.0297088623047,-35.38899612426758,-251.54327392578125,79.95429229736328,-245.5185546875,5.803451385498047,5.768878936767578
51,15.787,104,4,103.29483795166016,-226.0297088623047,-33.893253326416016,-251.18856811523438,41.88935852050781,-224.06275939941406,5.81098219871521,5.752137184143066
52,16.094,104,4,103.29483795166016,-226.0297088623047,-33.893253326416016,-251.18856811523438,75.79998016357422,-237.48670959472656,5.805364875793457,5.784375190734863
53,16.407,108,5,116.53804779052734,-226.0297088623047,-33.51124954223633,-251.22975158691406,114.76986694335938,-248.09182739257812,5.7964690399169925,5.896868705749512
54,16.713,108,5,116.53804779052734,-226.0297088623047,-33.51124954223633,-251.22975158691406,1.6614537239074707,-219.84033203125,5.8195923328399655,5.845355987548828
55,17.027,112,5,116.53804779052734,-226.0297088623047,-34.86042022705078,-250.7067413330078,8.577439308166504,-221.8986358642578,5.812659893035889,5.803473949432373
56,17.333,112,5,116.53804779052734,-226.0297088623047,-34.86042022705078,-250.7067413330078,76.01210021972656,-236.78582763671875,5.804784574508667,5.654283046722412
57,17.646,116,6,116.53804779052734,-226.0297088623047,-33.64006042480469,-250.46133422851562,78.76000213623047,-236.24803161621094,5.7802497673034665,5.780688762664795
58,17.951,116,6,116.53804779052734,-226.0297088623047,-33.64006042480469,-250.46133422851562,130.1571807861328,-254.59634399414062,5.796175374984741,5.667483806610107
59,18.264,120,6,116.53804779052734,-226.0297088623047,-34.08372497558594,-250.00221252441406,11.778721809387207,-224.29800415039062,5.787329511642456,5.730035781860352
60,18.57,120,6,116.53804779052734,-226.0297088623047,-34.08372497558594,-250.00221252441406,44.49605941772461,-224.63011169433594,5.774796094894409,5.732712745666504
61,18.884,124,7,116.53804779052734,-226.0297088623047,-34.023231506347656,-249.48550415039062,-1.3887361288070679,-221.4357147216797,5.799328460693359,5.829418182373047
62,19.192,124,7,116.53804779052734,-226.0297088623047,-34.023231506347656,-249.48550415039062,41.73107147216797,-225.8511962890625,5.7695210170745845,5.766218185424805
63,19.524,128,7,116.53804779052734,-226.0297088623047,-34.60436248779297,-249.10525512695312,53.456295013427734,-226.4199676513672,5.767425937652588,5.689537048339844
64,19.829,128,7,116.53804779052734,-226.0297088623047,-34.60436248779297,-249.10525512695312,127.08999633789062,-248.90621948242188,5.778966789245605,5.81070613861084
65,20.142,132,7,116.53804779052734,-226.0297088623047,-33.873416900634766,-248.94102478027344,28.857158660888672,-225.05210876464844,5.764884586334229,5.6841020584106445
66,20.446,132,7,116.53804779052734,-226.0297088623047,-33.873416900634766,-248.94102478027344,11.621203422546387,-225.0451202392578,5.743572692871094,5.921159267425537
67,20.759,136,7,116.53804779052734,-226.0297088623047,-34.818355560302734,-248.55422973632812,61.287803649902344,-228.43991088867188,5.752494812011719,5.878604888916016
68,21.089,136,7,116.53804779052734,-226.0297088623047,-34.818355560302734,-248.55422973632812,-2.3248255252838135,-221.85276794433594,5.760664005279541,5.837131500244141
69,21.402,140,7,116.53804779052734,-226.0297088623047,-34.48100662231445,-248.4564666748047,82.03919982910156,-236.93087768554688,5.765330724716186,5.773871421813965
70,21.707,140,7,116.53804779052734,-226.0297088623047,-34.48100662231445,-248.4564666748047,40.430397033691406,-221.89967346191406,5.760918521881104,5.8845038414001465
71,22.021,144,7,116.53804779052734,-226.0297088623047,-34.79972457885742,-248.21832275390625,5.714105606079102,-222.18885803222656,5.74892071723938,5.687617301940918
72,22.329,144,7,116.53804779052734,-226.0297088623047,-34.79972457885742,-248.21832275390625,-2.1677520275115967,-225.80136108398438,5.755340566635132,5.873227119445801
73,22.642,148,7,116.53804779052734,-226.0297088623047,-34.390785217285156,-248.18153381347656,130.14280700683594,-253.6891326904297,5.734979219436646,5.802289962768555
74,22.941,148,7,116.53804779052734,-226.0297088623047,-34.390785217285156,-248.18153381347656,46.9278450012207,-225.8905487060547,5.753525419235229,5.757623672485352
75,23.235,152,7,137.17295837402344,-226.0297088623047,-33.194915771484375,-248.14414978027344,79.82476043701172,-231.13502502441406,5.725979909896851,5.8042426109313965
76,23.522,152,7,137.17295837402344,-226.0297088623047,-33.194915771484375,-248.14414978027344,150.06626892089844,-249.3719482421875,5.730501508712768,5.755858421325684
77,23.824,156,7,137.17295837402344,-226.0297088623047,-33.17441177368164,-247.9501190185547,84.26824188232422,-236.06517028808594,5.725084276199341,5.620604515075684
78,24.131,156,7,137.17295837402344,-226.0297088623047,-33.17441177368164,-247.9501190185547,3.5734031200408936,-224.48458862304688,5.711457147598266,5.801234722137451
79,24.445,160,8,156.37652587890625,-226.0297088623047,-32.502174377441406,-247.9954071044922,153.23876953125,-248.75888061523438,5.732654733657837,5.709239959716797
80,24.751,160,8,156.37652587890625,-226.0297088623047,-32.502174377441406,-247.9954071044922,160.9495086669922,-250.9990692138672,5.724722757339477,5.770284652709961
81,25.066,164,8,156.37652587890625,-226.0297088623047,-32.78419876098633,-248.03392028808594,162.08291625976562,-254.2537384033203,5.7227003955841065,5.734057426452637
82,25.381,164,8,156.37652587890625,-226.0297088623047,-32.78419876098633,-248.03392028808594,7.69631814956665,-222.68922424316406,5.749394645690918,5.895386695861816
83,25.697,168,8,156.37652587890625,-226.0297088623047,-32.2796745300293,-247.88662719726562,5.617451190948486,-225.73846435546875,5.718401145935059,5.627352237701416
84,26.005,168,8,156.37652587890625,-226.0297088623047,-32.2796745300293,-247.88662719726562,159.9493865966797,-248.13641357421875,5.724052238464355,5.749463081359863
85,26.323,172,8,156.37652587890625,-226.0297088623047,-31.222288131713867,-247.80230712890625,75.08917236328125,-231.67225646972656,5.715830764770508,5.762602806091309
86,26.64,172,8,156.37652587890625,-226.0297088623047,-31.222288131713867,-247.80230712890625,144.9342041015625,-249.34909057617188,5.70617018699646,5.722356796264648
87,27.015,176,8,156.37652587890625,-226.0297088623047,-30.95220184326172,-247.55308532714844,80.99190521240234,-233.1597900390625,5.715495710372925,5.679386138916016
88,27.334,176,8,156.37652587890625,-226.0297088623047,-30.95220184326172,-247.55308532714844,162.16038513183594,-253.34115600585938,5.7062396144866945,5.684269905090332
89,27.708,180,6,156.37652587890625,-226.0297088623047,-30.115705490112305,-247.2342071533203,66.55489349365234,-218.77236938476562,5.7079104232788085,5.784904956817627
90,28.159,180,6,156.37652587890625,-226.0297088623047,-30.115705490112305,-247.2342071533203,11.645737648010254,-224.23252868652344,5.720305576324463,5.8265180587768555
91,28.499,184,6,156.37652587890625,-226.0297088623047,-29.78580665588379,-247.0539093017578,116.75348663330078,-228.0493927001953,5.698356828689575,5.837436199188232
92,28.81,184,6,156.37652587890625,-226.0297088623047,-29.78580665588379,-247.0539093017578,124.77164459228516,-246.31149291992188,5.707986354827881,5.684215068817139
93,29.128,188,6,156.37652587890625,-222.05186462402344,-29.56947135925293,-246.56687927246094,3.601447105407715,-225.47740173339844,5.697800321578979,5.748847961425781
94,29.436,188,6,156.37652587890625,-222.05186462402344,-29.56947135925293,-246.56687927246094,190.39418029785156,-251.6444091796875,5.696736364364624,5.598906517028809
95,29.758,192,6,156.37652587890625,-222.05186462402344,-28.769332885742188,-246.49757385253906,124.7667236328125,-223.65782165527344,5.711323070526123,5.806262016296387
96,30.066,192,6,156.37652587890625,-222.05186462402344,-28.769332885742188,-246.49757385253906,190.84368896484375,-253.2357635498047,5.680138626098633,5.691797256469727
97,30.381,196,6,156.37652587890625,-222.05186462402344,-27.595165252685547,-246.3830108642578,158.4547119140625,-246.73196411132812,5.707553043365478,5.807290077209473
98,30.689,196,6,156.37652587890625,-222.05186462402344,-27.595165252685547,-246.3830108642578,158.76992797851562,-254.00694274902344,5.711864929199219,5.5580973625183105
99,31.003,200,4,156.37652587890625,-222.05186462402344,-25.596458435058594,-246.12428283691406,-68.61385345458984,-220.614990234375,5.683747482299805,5.723725318908691
100,31.31,200,4,156.37652587890625,-222.05186462402344,-25.596458435058594,-246.12428283691406,-56.313106536865234,-216.19033813476562,5.695632886886597,5.767812728881836
101,31.635,200,4,156.37652587890625,-222.05186462402344,-24.695524215698242,-244.57504272460938,89.44529724121094,-223.7647247314453,5.643573942184449,5.664693355560303
102,31.963,200,4,156.37652587890625,-222.05186462402344,-24.695524215698242,-244.57504272460938,-70.37439727783203,-217.26393127441406,5.6777011489868165,5.6192169189453125
103,32.277,200,4,156.37652587890625,-222.05186462402344,-23.218524932861328,-244.73226928710938,114.70185852050781,-224.43055725097656,5.664098281860351,5.609456539154053
104,32.583,200,4,156.37652587890625,-222.05186462402344,-23.218524932861328,-244.73226928710938,-33.670936584472656,-220.8250732421875,5.664822397232055,5.589381217956543
105,32.961,200,4,156.37652587890625,-222.05186462402344,-21.769214630126953,-244.61642456054688,151.23379516601562,-229.93362426757812,5.658751564025879,5.666038513183594
106,33.267,200,4,156.37652587890625,-222.05186462402344,-21.769214630126953,-244.61642456054688,114.74667358398438,-219.0725555419922,5.655303688049316,5.632278919219971
107,33.582,200,4,156.37652587890625,-222.05186462402344,-21.482467651367188,-244.1404266357422,114.90170288085938,-220.23765563964844,5.615786027908325,5.54946231842041
108,33.887,200,4,156.37652587890625,-222.05186462402344,-21.482467651367188,-244.1404266357422,-63.730804443359375,-220.62437438964844,5.633963928222657,5.539495944976807
109,34.201,200,4,156.37652587890625,-222.05186462402344,-21.560598373413086,-243.60231018066406,-37.57081604003906,-220.0889892578125,5.6587683296203615,5.719120502471924
110,34.508,200,4,156.37652587890625,-222.05186462402344,-21.560598373413086,-243.60231018066406,129.26832580566406,-220.4789581298828,5.588431367874145,5.619503974914551
111,34.826,200,4,156.37652587890625,-222.05186462402344,-20.041725158691406,-243.2559051513672,160.1968536376953,-253.54759216308594,5.614213848114014,5.696203231811523
112,35.138,200,4,156.37652587890625,-222.05186462402344,-20.041725158691406,-243.2559051513672,156.67547607421875,-254.04063415527344,5.607814092636108,5.629277229309082
113,35.454,200,4,156.37652587890625,-222.05186462402344,-19.700393676757812,-242.7907257080078,-45.302589416503906,-215.09242248535156,5.627045650482177,5.641610145568848
114,35.761,200,4,156.37652587890625,-222.05186462402344,-19.700393676757812,-242.7907257080078,110.53794860839844,-222.10557556152344,5.603501949310303,5.531639099121094
115,36.077,200,4,156.37652587890625,-222.05186462402344,-18.103727340698242,-242.55125427246094,191.35606384277344,-253.18138122558594,5.582426614761353,5.609375
116,36.385,200,4,156.37652587890625,-222.05186462402344,-18.103727340698242,-242.55125427246094,158.52804565429688,-251.6919403076172,5.586600971221924,5.513247013092041
117,36.704,200,4,156.37652587890625,-222.05186462402344,-17.299579620361328,-242.47972106933594,185.69113159179688,-255.0179901123047,5.572564191818238,5.613253116607666
118,37.012,200,4,156.37652587890625,-222.05186462402344,-17.299579620361328,-242.47972106933594,180.4866485595703,-253.58486938476562,5.567222604751587,5.5495147705078125
119,37.328,200,4,156.37652587890625,-222.05186462402344,-16.953126907348633,-242.26748657226562,231.714111328125,-252.84661865234375,5.542382860183716,5.521643161773682
120,37.635,200,4,156.37652587890625,-222.05186462402344,-16.953126907348633,-242.26748657226562,171.4282989501953,-251.19961547851562,5.565150718688965,5.5467529296875
121,37.952,200,4,156.37652587890625,-222.05186462402344,-14.466121673583984,-242.0311279296875,152.7116241455078,-225.45913696289062,5.558012323379517,5.572038650512695
122,38.26,200,4,156.37652587890625,-222.05186462402344,-14.466121673583984,-242.0311279296875,148.9720916748047,-226.46788024902344,5.56578706741333,5.6182756423950195
123,38.576,200,4,156.37652587890625,-222.05186462402344,-16.334869384765625,-241.7449951171875,134.41050720214844,-223.15493774414062,5.52605896949768,5.508411884307861
124,38.882,200,4,156.37652587890625,-222.05186462402344,-16.334869384765625,-241.7449951171875,-74.85095977783203,-214.78416442871094,5.552890996932984,5.388319969177246
125,39.201,200,4,156.37652587890625,-222.05186462402344,-16.63827896118164,-241.2462921142578,-41.473270416259766,-220.44076538085938,5.551531429290772,5.557043552398682
126,39.509,200,4,156.37652587890625,-222.05186462402344,-16.63827896118164,-241.2462921142578,-70.7409896850586,-221.60020446777344,5.537016572952271,5.483510494232178
127,39.827,200,5,156.37652587890625,-222.05186462402344,-14.791728973388672,-240.9048614501953,199.1774444580078,-227.63258361816406,5.518068389892578,5.312369346618652
128,40.138,200,5,156.37652587890625,-222.05186462402344,-14.791728973388672,-240.9048614501953,-55.427181243896484,-221.9503936767578,5.554043788909912,5.543712615966797
129,40.451,200,5,156.37652587890625,-222.05186462402344,-13.929159164428711,-240.59230041503906,149.5428924560547,-229.9166259765625,5.5305226707458495,5.580679893493652
130,40.758,200,5,156.37652587890625,-222.05186462402344,-13.929159164428711,-240.59230041503906,183.046875,-229.80300903320312,5.530701379776001,5.4446516036987305
131,41.077,200,7,156.37652587890625,-222.05186462402344,-13.958850860595703,-240.1300048828125,92.14261627197266,-221.8766632080078,5.5332845687866214,5.514764785766602
132,41.387,200,7,156.37652587890625,-222.05186462402344,-13.958850860595703,-240.1300048828125,167.45028686523438,-253.7327423095703,5.504350347518921,5.668591499328613
133,41.712,200,8,156.37652587890625,-218.55076599121094,-15.112060546875,-239.63504028320312,-43.73850631713867,-216.4856719970703,5.526801481246948,5.529332160949707
134,42.021,200,8,156.37652587890625,-218.55076599121094,-15.112060546875,-239.63504028320312,-25.881004333496094,-218.05352783203125,5.532199478149414,5.522027969360352
135,42.339,200,8,156.37652587890625,-218.55076599121094,-14.71423053741455,-239.4098663330078,172.8965301513672,-253.98402404785156,5.49978328704834,5.355906009674072
136,42.65,200,8,156.37652587890625,-218.55076599121094,-14.71423053741455,-239.4098663330078,-22.756763458251953,-218.1024169921875,5.501116828918457,5.586597442626953
137,42.966,200,9,156.37652587890625,-218.55076599121094,-15.154008865356445,-238.95660400390625,103.66092681884766,-226.0067901611328,5.48924241065979,5.477301597595215
138,43.275,200,9,156.37652587890625,-218.55076599121094,-15.154008865356445,-238.95660400390625,111.51751708984375,-219.1573028564453,5.491806974411011,5.503366947174072
139,43.59,200,9,156.37652587890625,-218.55076599121094,-14.07822036743164,-238.95541381835938,184.84072875976562,-251.16268920898438,5.489829397201538,5.527029991149902
140,43.898,200,9,156.37652587890625,-218.55076599121094,-14.07822036743164,-238.95541381835938,-19.731122970581055,-215.4486846923828,5.490790939331054,5.489430904388428
141,44.218,200,9,156.37652587890625,-218.55076599121094,-13.758562088012695,-238.3193359375,49.73542022705078,-219.5867462158203,5.464699077606201,5.4647135734558105
142,44.536,200,9,156.37652587890625,-218.55076599121094,-13.758562088012695,-238.3193359375,157.86892700195312,-255.0003662109375,5.469037675857544,5.606720447540283
143,44.856,200,9,156.37652587890625,-218.55076599121094,-12.449226379394531,-238.14137268066406,165.4609375,-253.13877868652344,5.450241861343383,5.341883182525635
144,45.166,200,9,156.37652587890625,-218.55076599121094,-12.449226379394531,-238.14137268066406,-15.607280731201172,-214.99948120117188,5.469984798431397,5.415677070617676
145,45.487,200,8,156.37652587890625,-217.47222900390625,-11.753201484680176,-237.76348876953125,-32.11518096923828,-218.1754150390625,5.447753620147705,5.622942924499512
146,45.794,200,8,156.37652587890625,-217.47222900390625,-11.753201484680176,-237.76348876953125,80.8364028930664,-216.0788116455078,5.432164220809937,5.398653507232666
147,46.111,200,8,156.37652587890625,-217.47222900390625,-11.290510177612305,-237.4512481689453,119.89163208007812,-224.08377075195312,5.453235378265381,5.521147727966309
148,46.417,200,8,156.37652587890625,-217.47222900390625,-11.290510177612305,-237.4512481689453,176.80259704589844,-221.7681427001953,5.455664739608765,5.519101619720459
149,46.734,200,8,156.37652587890625,-217.47222900390625,-10.647534370422363,-237.22964477539062,99.190673828125,-224.4193572998047,5.429400281906128,5.4039483070373535
150,47.043,200,8,156.37652587890625,-217.47222900390625,-10.647534370422363,-237.22964477539062,165.7750244140625,-254.94911193847656,5.45151427268982,5.3335700035095215
151,47.387,200,8,156.37652587890625,-217.47222900390625,-9.45546817779541,-237.1980438232422,187.29159545898438,-249.65585327148438,5.425931959152222,5.317841529846191
152,47.696,200,8,156.37652587890625,-217.47222900390625,-9.45546817779541,-237.1980438232422,24.516077041625977,-217.35601806640625,5.426804437637329,5.334380149841309
153,48.011,200,8,156.37652587890625,-217.47222900390625,-10.37633991241455,-236.767578125,-6.806991100311279,-215.28591918945312,5.416729459762573,5.3676676750183105
154,48.319,200,8,156.37652587890625,-217.47222900390625,-10.37633991241455,-236.767578125,-4.938833236694336,-215.23129272460938,5.4193868160247805,5.354272842407227
155,48.637,200,8,156.37652587890625,-217.47222900390625,-8.212292671203613,-236.99783325195312,179.0726318359375,-252.01239013671875,5.415644235610962,5.467782497406006
156,48.944,200,8,156.37652587890625,-217.47222900390625,-8.212292671203613,-236.99783325195312,-3.3411667346954346,-214.31578063964844,5.406625127792358,5.293978691101074
157,49.261,200,8,156.37652587890625,-217.47222900390625,-7.590850353240967,-236.81707763671875,117.0830307006836,-224.2386016845703,5.401556081771851,5.362166881561279
158,49.569,200,8,156.37652587890625,-217.47222900390625,-7.590850353240967,-236.81707763671875,85.7712631225586,-218.38772583007812,5.391902694702148,5.369146823883057
159,49.885,200,8,156.37652587890625,-217.47222900390625,-5.608222484588623,-236.93328857421875,159.14077758789062,-253.24465942382812,5.409971799850464,5.370087623596191
160,50.194,200,8,156.37652587890625,-217.47222900390625,-5.608222484588623,-236.93328857421875,127.26939392089844,-227.5606689453125,5.378054895401001,5.355790138244629
161,50.512,200,8,156.37652587890625,-217.47222900390625,-5.074001312255859,-236.7810516357422,-0.3607217073440552,-207.75746154785156,5.385644016265869,5.291843891143799
162,50.827,200,8,156.37652587890625,-217.47222900390625,-5.074001312255859,-236.7810516357422,88.58419036865234,-220.7923583984375,5.4130391502380375,5.3480939865112305
163,51.144,200,8,156.37652587890625,-217.47222900390625,-4.431633949279785,-236.62452697753906,-9.820306777954102,-216.40269470214844,5.405804023742676,5.568416118621826
164,51.451,200,8,156.37652587890625,-217.47222900390625,-4.431633949279785,-236.62452697753906,171.29244995117188,-253.1702880859375,5.378964757919311,5.409724235534668
165,51.77,200,8,156.37652587890625,-217.47222900390625,-4.390139579772949,-236.3585205078125,123.85362243652344,-224.16561889648438,5.3727038383483885,5.47818660736084
166,52.077,200,8,156.37652587890625,-217.47222900390625,-4.390139579772949,-236.3585205078125,174.8353729248047,-252.24069213867188,5.378661527633667,5.470722198486328
167,52.395,200,8,156.37652587890625,-217.47222900390625,-2.7714896202087402,-236.4908447265625,174.02880859375,-253.79225158691406,5.369790391921997,5.346628189086914
168,52.703,200,8,156.37652587890625,-217.47222900390625,-2.7714896202087402,-236.4908447265625,168.12608337402344,-226.0839385986328,5.370775547027588,5.464296340942383
169,53.02,200,10,156.37652587890625,-209.0732879638672,-3.3952441215515137,-235.8813018798828,5.969980239868164,-213.0170440673828,5.352077074050904,5.365593910217285
170,53.328,200,10,156.37652587890625,-209.0732879638672,-3.3952441215515137,-235.8813018798828,167.9658660888672,-244.3926544189453,5.381150732040405,5.335942268371582
171,53.648,200,10,156.37652587890625,-209.0732879638672,-1.3126351833343506,-235.9150390625,183.0673828125,-254.2395782470703,5.356669502258301,5.312176704406738
172,53.978,200,10,156.37652587890625,-209.0732879638672,-1.3126351833343506,-235.9150390625,123.79743194580078,-228.65267944335938,5.346460399627685,5.333061218261719
173,54.294,200,10,156.37652587890625,-209.0732879638672,-0.45126402378082275,-235.88645935058594,185.04534912109375,-254.58460998535156,5.343040904998779,5.428590774536133
174,54.602,200,10,156.37652587890625,-209.0732879638672,-0.45126402378082275,-235.88645935058594,-9.459477424621582,-209.74166870117188,5.331131191253662,5.423205375671387
175,54.917,200,11,156.37652587890625,-209.0732879638672,-0.3169094920158386,-235.4746551513672,-2.602311611175537,-204.73062133789062,5.356169815063477,5.301685333251953
176,55.223,200,11,156.37652587890625,-209.0732879638672,-0.3169094920158386,-235.4746551513672,126.03842163085938,-221.63619995117188,5.3366694831848145,5.350279808044434
177,55.605,200,11,156.37652587890625,-209.0732879638672,0.8339807391166687,-235.55801391601562,172.50538635253906,-252.57455444335938,5.328909873962402,5.1939311027526855
178,55.913,200,11,156.37652587890625,-209.0732879638672,0.8339807391166687,-235.55801391601562,75.8528823852539,-212.4722900390625,5.336732387542725,5.29090690612793
179,56.228,200,8,145.66236877441406,-209.0732879638672,0.7762266397476196,-235.00714111328125,-39.43819808959961,-205.16575622558594,5.30906198501587,5.3335676193237305
180,56.536,200,8,145.66236877441406,-209.0732879638672,0.7762266397476196,-235.00714111328125,-19.1975154876709,-207.56179809570312,5.320810232162476,5.2200822830200195
181,56.856,200,8,145.66236877441406,-209.0732879638672,2.2817296981811523,-234.6556396484375,3.093691825866699,-216.58013916015625,5.334096384048462,5.283149242401123
182,57.205,200,8,145.66236877441406,-209.0732879638672,2.2817296981811523,-234.6556396484375,148.02566528320312,-227.4458770751953,5.29912335395813,5.298853874206543
183,57.591,200,8,145.66236877441406,-209.0732879638672,3.2396631240844727,-234.29647827148438,-9.542980194091797,-216.50881958007812,5.3253341388702395,5.460687637329102
184,57.928,200,8,145.66236877441406,-209.0732879638672,3.2396631240844727,-234.29647827148438,-27.048662185668945,-207.38864135742188,5.308855895996094,5.339109420776367
185,58.246,200,8,145.66236877441406,-209.0732879638672,4.237592697143555,-233.98651123046875,69.17111206054688,-219.88890075683594,5.290501928329467,5.255489349365234
186,58.553,200,8,145.66236877441406,-209.0732879638672,4.237592697143555,-233.98651123046875,146.1636505126953,-229.82003784179688,5.314300947189331,5.29868745803833
187,58.87,200,8,145.66236877441406,-209.0732879638672,4.413763999938965,-233.97096252441406,116.79896545410156,-220.9578857421875,5.293772897720337,5.256159782409668
188,59.179,200,8,145.66236877441406,-209.0732879638672,4.413763999938965,-233.97096252441406,157.41952514648438,-229.14451599121094,5.277039947509766,5.329426288604736
189,59.495,200,8,145.66236877441406,-209.0732879638672,5.025457859039307,-233.79249572753906,-38.35107421875,-207.06387329101562,5.286326103210449,5.406728267669678
190,59.803,200,8,145.66236877441406,-209.0732879638672,5.025457859039307,-233.79249572753906,135.37405395507812,-230.01535034179688,5.283963756561279,5.405858039855957
191,60.121,200,8,145.66236877441406,-209.0732879638672,4.515841007232666,-233.43035888671875,-44.22221755981445,-206.170166015625,5.268892669677735,5.2624969482421875
192,60.457,200,8,145.66236877441406,-209.0732879638672,4.515841007232666,-233.43035888671875,4.569811820983887,-209.06500244140625,5.2797067356109615,5.202327728271484
193,60.774,200,8,145.66236877441406,-209.0732879638672,5.056578159332275,-233.39035034179688,-42.84062194824219,-208.26779174804688,5.259933986663818,5.098049640655518
194,61.083,200,8,145.66236877441406,-209.0732879638672,5.056578159332275,-233.39035034179688,161.75550842285156,-228.65586853027344,5.27486572265625,5.0744524002075195
195,61.4,200,8,145.66236877441406,-209.0732879638672,5.9564642906188965,-233.02020263671875,-12.32211971282959,-212.90618896484375,5.241729602813721,5.18173360824585
196,61.709,200,8,145.66236877441406,-209.0732879638672,5.9564642906188965,-233.02020263671875,-42.902523040771484,-208.25242614746094,5.261253833770752,5.217919826507568
197,62.026,200,8,145.66236877441406,-209.0732879638672,6.295843601226807,-232.99234008789062,171.5499725341797,-230.2105255126953,5.24572645187378,5.320592880249023
198,62.334,200,8,145.66236877441406,-209.0732879638672,6.295843601226807,-232.99234008789062,-24.243228912353516,-206.1802978515625,5.250131063461303,5.26286506652832
199,62.651,200,11,141.80125427246094,-209.0732879638672,5.240779876708984,-232.94886779785156,120.39824676513672,-220.01229858398438,5.209928283691406,5.124932289123535
200,62.958,200,11,141.80125427246094,-209.0732879638672,5.240779876708984,-232.94886779785156,2.809236526489258,-216.67953491210938,5.234412574768067,5.276678085327148
1,0.304,4,2,-23.721010208129883,-304.5106506347656,-48.409603118896484,-309.26116943359375,9.323224067687988,-1.3484240770339966,6.581543245315552,6.48643159866333
2,0.596,4,2,-23.721010208129883,-304.5106506347656,-48.409603118896484,-309.26116943359375,-5.265491962432861,14.585269927978516,6.518779830932617,6.461179733276367
3,0.897,8,2,35.698570251464844,-226.0297088623047,-45.709510803222656,-268.7665100097656,6.302014350891113,-24.201292037963867,6.0862620830535885,6.11831521987915
4,1.192,8,2,35.698570251464844,-226.0297088623047,-45.709510803222656,-268.7665100097656,41.54844284057617,-226.96910095214844,6.05157639503479,6.123225212097168
5,1.495,12,2,35.698570251464844,-226.0297088623047,-72.88147735595703,-259.8352966308594,36.25390625,-226.9827423095703,5.9910861587524415,5.9804253578186035
6,1.791,12,2,35.698570251464844,-226.0297088623047,-72.88147735595703,-259.8352966308594,37.02582550048828,-226.91690063476562,5.964840097427368,6.091290473937988
7,2.094,16,2,35.698570251464844,-226.0297088623047,-67.71360778808594,-258.37744140625,2.7187228202819824,-225.95672607421875,5.962519741058349,5.916369438171387
8,2.398,16,2,35.698570251464844,-226.0297088623047,-67.71360778808594,-258.37744140625,-1.8877469301223755,-226.00347900390625,5.935252246856689,5.843269348144531
9,2.702,20,3,62.913658142089844,-226.0297088623047,-66.35806274414062,-257.51629638671875,-2.0649173259735107,-225.8777618408203,5.957931699752808,6.0302276611328125
10,2.998,20,3,62.913658142089844,-226.0297088623047,-66.35806274414062,-257.51629638671875,64.54518127441406,-249.27589416503906,5.944747848510742,5.929114818572998
11,3.304,24,3,62.913658142089844,-226.0297088623047,-65.97782135009766,-258.53607177734375,72.69844055175781,-257.0747985839844,5.952079954147339,5.907812118530273
12,3.604,24,3,62.913658142089844,-226.0297088623047,-65.97782135009766,-258.53607177734375,15.490705490112305,-225.5110626220703,5.958194894790649,5.994847774505615
13,3.909,28,3,62.913658142089844,-226.0297088623047,-62.0886116027832,-257.5620422363281,36.77244186401367,-221.97723388671875,5.961626882553101,5.954184055328369
14,4.223,28,3,62.913658142089844,-226.0297088623047,-62.0886116027832,-257.5620422363281,76.95671081542969,-251.43545532226562,5.9455246734619145,5.983105182647705
15,4.537,32,3,62.913658142089844,-226.0297088623047,-59.49799346923828,-257.4883117675781,57.20668411254883,-220.0841827392578,5.9596508026123045,5.969622611999512
16,4.842,32,3,62.913658142089844,-226.0297088623047,-59.49799346923828,-257.4883117675781,36.34527587890625,-222.71151733398438,5.932656288146973,5.866384029388428
17,5.162,36,3,65.5283203125,-226.0297088623047,-54.755760192871094,-256.3262634277344,43.81660079956055,-224.70742797851562,5.933121185302735,5.909897804260254
18,5.474,36,3,65.5283203125,-226.0297088623047,-54.755760192871094,-256.3262634277344,41.850502014160156,-223.73757934570312,5.9099279880523685,5.9976911544799805
19,5.797,40,3,65.5283203125,-226.0297088623047,-49.883811950683594,-255.58505249023438,-1.8548622131347656,-222.12164306640625,5.9069004726409915,5.893319129943848
20,6.095,40,3,65.5283203125,-226.0297088623047,-49.883811950683594,-255.58505249023438,78.34521484375,-243.52456665039062,5.912149782180786,5.892070770263672
21,6.404,44,3,65.5283203125,-226.0297088623047,-54.507286071777344,-255.084716796875,69.78840637207031,-246.3369903564453,5.900840196609497,5.90720272064209
22,6.711,44,3,65.5283203125,-226.0297088623047,-54.507286071777344,-255.084716796875,2.247737407684326,-224.69989013671875,5.9003639411926265,6.007683753967285
23,7.02,48,4,103.29483795166016,-226.0297088623047,-50.38276290893555,-254.583251953125,40.08082962036133,-226.36415100097656,5.887305040359497,6.020378112792969
24,7.32,48,4,103.29483795166016,-226.0297088623047,-50.38276290893555,-254.583251953125,2.451472043991089,-224.04379272460938,5.897143907546997,5.871160507202148
25,7.627,52,4,103.29483795166016,-226.0297088623047,-44.68488311767578,-254.52334594726562,66.8419189453125,-239.25526428222656,5.901909008026123,6.0246195793151855
26,7.927,52,4,103.29483795166016,-226.0297088623047,-44.68488311767578,-254.52334594726562,106.727294921875,-246.8262176513672,5.885033264160156,5.880824089050293
27,8.234,56,4,103.29483795166016,-226.0297088623047,-44.94934844970703,-253.8972930908203,0.8205041885375977,-223.55435180664062,5.89222882270813,5.893290996551514
28,8.536,56,4,103.29483795166016,-226.0297088623047,-44.94934844970703,-253.8972930908203,8.61762523651123,-225.09523010253906,5.88083477973938,5.98324728012085
29,8.844,60,4,103.29483795166016,-226.0297088623047,-47.21470260620117,-253.8161163330078,-2.145118236541748,-225.3997802734375,5.875984296798706,5.907259941101074
30,9.143,60,4,103.29483795166016,-226.0297088623047,-47.21470260620117,-253.8161163330078,35.80483627319336,-225.61331176757812,5.878743162155152,5.860959529876709
31,9.454,64,5,103.29483795166016,-226.0297088623047,-42.7671012878418,-253.44125366210938,56.60446548461914,-226.1772003173828,5.872797737121582,5.868086814880371
32,9.775,64,5,103.29483795166016,-226.0297088623047,-42.7671012878418,-253.44125366210938,105.6030502319336,-248.3994598388672,5.879176902770996,5.87815523147583
33,10.081,68,5,103.29483795166016,-226.0297088623047,-39.900611877441406,-253.08811950683594,105.6038589477539,-245.43736267089844,5.862817621231079,5.74741792678833
34,10.381,68,5,103.29483795166016,-226.0297088623047,-39.900611877441406,-253.08811950683594,58.8315544128418,-243.4716339111328,5.869915370941162,5.837134838104248
35,10.689,72,5,103.29483795166016,-226.0297088623047,-38.676353454589844,-252.8557891845703,12.258694648742676,-225.5484161376953,5.866443643569946,5.801983833312988
36,10.991,72,5,103.29483795166016,-226.0297088623047,-38.676353454589844,-252.8557891845703,108.1500244140625,-248.862060546875,5.858711032867432,5.894896507263184
37,11.3,76,5,103.29483795166016,-226.0297088623047,-34.83111572265625,-252.8069305419922,106.93563079833984,-248.66285705566406,5.850081996917725,5.770808219909668
38,11.601,76,5,103.29483795166016,-226.0297088623047,-34.83111572265625,-252.8069305419922,66.76216888427734,-244.090576171875,5.86933500289917,5.907541751861572
39,11.911,80,5,103.29483795166016,-226.0297088623047,-34.33258819580078,-252.4327850341797,41.1653938293457,-226.6938934326172,5.8292945194244385,5.815094947814941
40,12.214,80,5,103.29483795166016,-226.0297088623047,-34.33258819580078,-252.4327850341797,45.044559478759766,-223.63412475585938,5.856067848205567,5.936097621917725
41,12.526,84,5,103.29483795166016,-226.0297088623047,-33.39116668701172,-252.8397979736328,104.86265563964844,-248.37838745117188,5.855658035278321,5.890555381774902
42,12.828,84,5,103.29483795166016,-226.0297088623047,-33.39116668701172,-252.8397979736328,5.082386493682861,-225.612548828125,5.847722730636597,5.98185396194458
43,13.137,88,5,103.29483795166016,-226.0297088623047,-35.72856903076172,-252.71974182128906,108.45856475830078,-248.3740692138672,5.8598786640167235,5.7422685623168945
44,13.438,88,5,103.29483795166016,-226.0297088623047,-35.72856903076172,-252.71974182128906,104.671875,-247.56378173828125,5.847982988357544,5.84099817276001
45,13.748,92,5,103.29483795166016,-226.0297088623047,-36.788516998291016,-252.08035278320312,51.733497619628906,-224.3273468017578,5.833948545455932,5.8022871017456055
46,14.052,92,5,103.29483795166016,-226.0297088623047,-36.788516998291016,-252.08035278320312,47.97127151489258,-223.77630615234375,5.8504698371887205,5.860991477966309
47,14.419,96,5,103.29483795166016,-226.0297088623047,-36.92793655395508,-251.6584014892578,44.86563491821289,-226.2016143798828,5.825653343200684,5.653682708740234
48,14.72,96,5,103.29483795166016,-226.0297088623047,-36.92793655395508,-251.6584014892578,113.76713562011719,-248.4507598876953,5.8308485317230225,5.861811637878418
49,15.031,100,5,103.29483795166016,-226.0297088623047,-35.38899612426758,-251.54327392578125,6.25039529800415,-221.5089874267578,5.808972597122192,5.84692907333374
50,15.334,100,5,103.29483795166016,-226.0297088623047,-35.38899612426758,-251.54327392578125,79.95429229736328,-245.5185546875,5.803451385498047,5.768878936767578
51,15.647,104,4,103.29483795166016,-226.0297088623047,-33.893253326416016,-251.18856811523438,41.88935852050781,-224.06275939941406,5.81098219871521,5.752137184143066
52,15.954,104,4,103.29483795166016,-226.0297088623047,-33.893253326416016,-251.18856811523438,75.79998016357422,-237.48670959472656,5.805364875793457,5.784375190734863
53,16.265,108,5,116.53804779052734,-226.0297088623047,-33.51124954223633,-251.22975158691406,114.76986694335938,-248.09182739257812,5.7964690399169925,5.896868705749512
54,16.568,108,5,116.53804779052734,-226.0297088623047,-33.51124954223633,-251.22975158691406,1.6614537239074707,-219.84033203125,5.8195923328399655,5.845355987548828
55,16.88,112,5,116.53804779052734,-226.0297088623047,-34.86042022705078,-250.7067413330078,8.577439308166504,-221.8986358642578,5.812659893035889,5.803473949432373
56,17.183,112,5,116.53804779052734,-226.0297088623047,-34.86042022705078,-250.7067413330078,76.01210021972656,-236.78582763671875,5.804784574508667,5.654283046722412
57,17.509,116,6,116.53804779052734,-226.0297088623047,-33.64006042480469,-250.46133422851562,78.76000213623047,-236.24803161621094,5.7802497673034665,5.780688762664795
58,17.81,116,6,116.53804779052734,-226.0297088623047,-33.64006042480469,-250.46133422851562,130.1571807861328,-254.59634399414062,5.796175374984741,5.667483806610107
59,18.122,120,6,116.53804779052734,-226.0297088623047,-34.08372497558594,-250.00221252441406,11.778721809387207,-224.29800415039062,5.787329511642456,5.730035781860352
60,18.426,120,6,116.53804779052734,-226.0297088623047,-34.08372497558594,-250.00221252441406,44.49605941772461,-224.63011169433594,5.774796094894409,5.732712745666504
61,18.739,124,7,116.53804779052734,-226.0297088623047,-34.023231506347656,-249.48550415039062,-1.3887361288070679,-221.4357147216797,5.799328460693359,5.829418182373047
62,19.045,124,7,116.53804779052734,-226.0297088623047,-34.023231506347656,-249.48550415039062,41.73107147216797,-225.8511962890625,5.7695210170745845,5.766218185424805
63,19.355,128,7,116.53804779052734,-226.0297088623047,-34.60436248779297,-249.10525512695312,53.456295013427734,-226.4199676513672,5.767425937652588,5.689537048339844
64,19.658,128,7,116.53804779052734,-226.0297088623047,-34.60436248779297,-249.10525512695312,127.08999633789062,-248.90621948242188,5.778966789245605,5.81070613861084
65,19.969,132,7,116.53804779052734,-226.0297088623047,-33.873416900634766,-248.94102478027344,28.857158660888672,-225.05210876464844,5.764884586334229,5.6841020584106445
66,20.274,132,7,116.53804779052734,-226.0297088623047,-33.873416900634766,-248.94102478027344,11.621203422546387,-225.0451202392578,5.743572692871094,5.921159267425537
67,20.584,136,7,116.53804779052734,-226.0297088623047,-34.818355560302734,-248.55422973632812,61.287803649902344,-228.43991088867188,5.752494812011719,5.878604888916016
68,20.888,136,7,116.53804779052734,-226.0297088623047,-34.818355560302734,-248.55422973632812,-2.3248255252838135,-221.85276794433594,5.760664005279541,5.837131500244141
69,21.2,140,7,116.53804779052734,-226.0297088623047,-34.48100662231445,-248.4564666748047,82.03919982910156,-236.93087768554688,5.765330724716186,5.773871421813965
70,21.503,140,7,116.53804779052734,-226.0297088623047,-34.48100662231445,-248.4564666748047,40.430397033691406,-221.89967346191406,5.760918521881104,5.8845038414001465
71,21.818,144,7,116.53804779052734,-226.0297088623047,-34.79972457885742,-248.21832275390625,5.714105606079102,-222.18885803222656,5.74892071723938,5.687617301940918
72,22.146,144,7,116.53804779052734,-226.0297088623047,-34.79972457885742,-248.21832275390625,-2.1677520275115967,-225.80136108398438,5.755340566635132,5.873227119445801
73,22.468,148,7,116.53804779052734,-226.0297088623047,-34.390785217285156,-248.18153381347656,130.14280700683594,-253.6891326904297,5.734979219436646,5.802289962768555
74,22.772,148,7,116.53804779052734,-226.0297088623047,-34.390785217285156,-248.18153381347656,46.9278450012207,-225.8905487060547,5.753525419235229,5.757623672485352
75,23.084,152,7,137.17295837402344,-226.0297088623047,-33.194915771484375,-248.14414978027344,79.82476043701172,-231.13502502441406,5.725979909896851,5.8042426109313965
76,23.386,152,7,137.17295837402344,-226.0297088623047,-33.194915771484375,-248.14414978027344,150.06626892089844,-249.3719482421875,5.730501508712768,5.755858421325684
77,23.698,156,7,137.17295837402344,-226.0297088623047,-33.17441177368164,-247.9501190185547,84.26824188232422,-236.06517028808594,5.725084276199341,5.620604515075684
78,24.002,156,7,137.17295837402344,-226.0297088623047,-33.17441177368164,-247.9501190185547,3.5734031200408936,-224.48458862304688,5.711457147598266,5.801234722137451
79,24.367,160,8,156.37652587890625,-226.0297088623047,-32.502174377441406,-247.9954071044922,153.23876953125,-248.75888061523438,5.732654733657837,5.709239959716797
80,24.682,160,8,156.37652587890625,-226.0297088623047,-32.502174377441406,-247.9954071044922,160.9495086669922,-250.9990692138672,5.724722757339477,5.770284652709961
81,24.997,164,8,156.37652587890625,-226.0297088623047,-32.78419876098633,-248.03392028808594,162.08291625976562,-254.2537384033203,5.7227003955841065,5.734057426452637
82,25.303,164,8,156.37652587890625,-226.0297088623047,-32.78419876098633,-248.03392028808594,7.69631814956665,-222.68922424316406,5.749394645690918,5.895386695861816
83,25.615,168,8,156.37652587890625,-226.0297088623047,-32.2796745300293,-247.88662719726562,5.617451190948486,-225.73846435546875,5.718401145935059,5.627352237701416
84,25.921,168,8,156.37652587890625,-226.0297088623047,-32.2796745300293,-247.88662719726562,159.9493865966797,-248.13641357421875,5.724052238464355,5.749463081359863
85,26.234,172,8,156.37652587890625,-226.0297088623047,-31.222288131713867,-247.80230712890625,75.08917236328125,-231.67225646972656,5.715830764770508,5.762602806091309
86,26.541,172,8,156.37652587890625,-226.0297088623047,-31.222288131713867,-247.80230712890625,144.9342041015625,-249.34909057617188,5.70617018699646,5.722356796264648
87,26.856,176,8,156.37652587890625,-226.0297088623047,-30.95220184326172,-247.55308532714844,80.99190521240234,-233.1597900390625,5.715495710372925,5.679386138916016
88,27.162,176,8,156.37652587890625,-226.0297088623047,-30.95220184326172,-247.55308532714844,162.16038513183594,-253.34115600585938,5.7062396144866945,5.684269905090332
89,27.476,180,6,156.37652587890625,-226.0297088623047,-30.115705490112305,-247.2342071533203,66.55489349365234,-218.77236938476562,5.7079104232788085,5.784904956817627
90,27.782,180,6,156.37652587890625,-226.0297088623047,-30.115705490112305,-247.2342071533203,11.645737648010254,-224.23252868652344,5.720305576324463,5.8265180587768555
91,28.098,184,6,156.37652587890625,-226.0297088623047,-29.78580665588379,-247.0539093017578,116.75348663330078,-228.0493927001953,5.698356828689575,5.837436199188232
92,28.411,184,6,156.37652587890625,-226.0297088623047,-29.78580665588379,-247.0539093017578,124.77164459228516,-246.31149291992188,5.707986354827881,5.684215068817139
93,28.726,188,6,156.37652587890625,-222.05186462402344,-29.56947135925293,-246.56687927246094,3.601447105407715,-225.47740173339844,5.697800321578979,5.748847961425781
94,29.033,188,6,156.37652587890625,-222.05186462402344,-29.56947135925293,-246.56687927246094,190.39418029785156,-251.6444091796875,5.696736364364624,5.598906517028809
95,29.346,192,6,156.37652587890625,-222.05186462402344,-28.769332885742188,-246.49757385253906,124.7667236328125,-223.65782165527344,5.711323070526123,5.806262016296387
96,29.652,192,6,156.37652587890625,-222.05186462402344,-28.769332885742188,-246.49757385253906,190.84368896484375,-253.2357635498047,5.680138626098633,5.691797256469727
97,29.965,196,6,156.37652587890625,-222.05186462402344,-27.595165252685547,-246.3830108642578,158.4547119140625,-246.73196411132812,5.707553043365478,5.807290077209473
98,30.271,196,6,156.37652587890625,-222.05186462402344,-27.595165252685547,-246.3830108642578,158.76992797851562,-254.00694274902344,5.711864929199219,5.5580973625183105
99,30.584,200,4,156.37652587890625,-222.05186462402344,-25.596458435058594,-246.12428283691406,-68.61385345458984,-220.614990234375,5.683747482299805,5.723725318908691
100,30.891,200,4,156.37652587890625,-222.05186462402344,-25.596458435058594,-246.12428283691406,-56.313106536865234,-216.19033813476562,5.695632886886597,5.767812728881836
101,31.208,200,4,156.37652587890625,-222.05186462402344,-24.695524215698242,-244.57504272460938,89.44529724121094,-223.7647247314453,5.643573942184449,5.664693355560303
102,31.519,200,4,156.37652587890625,-222.05186462402344,-24.695524215698242,-244.57504272460938,-70.37439727783203,-217.26393127441406,5.6777011489868165,5.6192169189453125
103,31.835,200,4,156.37652587890625,-222.05186462402344,-23.218524932861328,-244.73226928710938,114.70185852050781,-224.43055725097656,5.664098281860351,5.609456539154053
104,32.141,200,4,156.37652587890625,-222.05186462402344,-23.218524932861328,-244.73226928710938,-33.670936584472656,-220.8250732421875,5.664822397232055,5.589381217956543
105,32.519,200,4,156.37652587890625,-222.05186462402344,-21.769214630126953,-244.61642456054688,151.23379516601562,-229.93362426757812,5.658751564025879,5.666038513183594
106,32.824,200,4,156.37652587890625,-222.05186462402344,-21.769214630126953,-244.61642456054688,114.74667358398438,-219.0725555419922,5.655303688049316,5.632278919219971
107,33.137,200,4,156.37652587890625,-222.05186462402344,-21.482467651367188,-244.1404266357422,114.90170288085938,-220.23765563964844,5.615786027908325,5.54946231842041
108,33.442,200,4,156.37652587890625,-222.05186462402344,-21.482467651367188,-244.1404266357422,-63.730804443359375,-220.62437438964844,5.633963928222657,5.539495944976807
109,33.755,200,4,156.37652587890625,-222.05186462402344,-21.560598373413086,-243.60231018066406,-37.57081604003906,-220.0889892578125,5.6587683296203615,5.719120502471924
110,34.069,200,4,156.37652587890625,-222.05186462402344,-21.560598373413086,-243.60231018066406,129.26832580566406,-220.4789581298828,5.588431367874145,5.619503974914551
111,34.416,200,4,156.37652587890625,-222.05186462402344,-20.041725158691406,-243.2559051513672,160.1968536376953,-253.54759216308594,5.614213848114014,5.696203231811523
112,34.725,200,4,156.37652587890625,-222.05186462402344,-20.041725158691406,-243.2559051513672,156.67547607421875,-254.04063415527344,5.607814092636108,5.629277229309082
113,35.042,200,4,156.37652587890625,-222.05186462402344,-19.700393676757812,-242.7907257080078,-45.302589416503906,-215.09242248535156,5.627045650482177,5.641610145568848
114,35.348,200,4,156.37652587890625,-222.05186462402344,-19.700393676757812,-242.7907257080078,110.53794860839844,-222.10557556152344,5.603501949310303,5.531639099121094
115,35.663,200,4,156.37652587890625,-222.05186462402344,-18.103727340698242,-242.55125427246094,191.35606384277344,-253.18138122558594,5.582426614761353,5.609375
116,35.969,200,4,156.37652587890625,-222.05186462402344,-18.103727340698242,-242.55125427246094,158.52804565429688,-251.6919403076172,5.586600971221924,5.513247013092041
117,36.284,200,4,156.37652587890625,-222.05186462402344,-17.299579620361328,-242.47972106933594,185.69113159179688,-255.0179901123047,5.572564191818238,5.613253116607666
118,36.59,200,4,156.37652587890625,-222.05186462402344,-17.299579620361328,-242.47972106933594,180.4866485595703,-253.58486938476562,5.567222604751587,5.5495147705078125
119,36.908,200,4,156.37652587890625,-222.05186462402344,-16.953126907348633,-242.26748657226562,231.714111328125,-252.84661865234375,5.542382860183716,5.521643161773682
120,37.216,200,4,156.37652587890625,-222.05186462402344,-16.953126907348633,-242.26748657226562,171.4282989501953,-251.19961547851562,5.565150718688965,5.5467529296875
121,37.534,200,4,156.37652587890625,-222.05186462402344,-14.466121673583984,-242.0311279296875,152.7116241455078,-225.45913696289062,5.558012323379517,5.572038650512695
122,37.845,200,4,156.37652587890625,-222.05186462402344,-14.466121673583984,-242.0311279296875,148.9720916748047,-226.46788024902344,5.56578706741333,5.6182756423950195
123,38.16,200,4,156.37652587890625,-222.05186462402344,-16.334869384765625,-241.7449951171875,134.41050720214844,-223.15493774414062,5.52605896949768,5.508411884307861
124,38.465,200,4,156.37652587890625,-222.05186462402344,-16.334869384765625,-241.7449951171875,-74.85095977783203,-214.78416442871094,5.552890996932984,5.388319969177246
125,38.781,200,4,156.37652587890625,-222.05186462402344,-16.63827896118164,-241.2462921142578,-41.473270416259766,-220.44076538085938,5.551531429290772,5.557043552398682
126,39.086,200,4,156.37652587890625,-222.05186462402344,-16.63827896118164,-241.2462921142578,-70.7409896850586,-221.60020446777344,5.537016572952271,5.483510494232178
127,39.401,200,5,156.37652587890625,-222.05186462402344,-14.791728973388672,-240.9048614501953,199.1774444580078,-227.63258361816406,5.518068389892578,5.312369346618652
128,39.708,200,5,156.37652587890625,-222.05186462402344,-14.791728973388672,-240.9048614501953,-55.427181243896484,-221.9503936767578,5.554043788909912,5.543712615966797
129,40.024,200,5,156.37652587890625,-222.05186462402344,-13.929159164428711,-240.59230041503906,149.5428924560547,-229.9166259765625,5.5305226707458495,5.580679893493652
130,40.33,200,5,156.37652587890625,-222.05186462402344,-13.929159164428711,-240.59230041503906,183.046875,-229.80300903320312,5.530701379776001,5.4446516036987305
131,40.666,200,7,156.37652587890625,-222.05186462402344,-13.958850860595703,-240.1300048828125,92.14261627197266,-221.8766632080078,5.5332845687866214,5.514764785766602
132,40.972,200,7,156.37652587890625,-222.05186462402344,-13.958850860595703,-240.1300048828125,167.45028686523438,-253.7327423095703,5.504350347518921,5.668591499328613
133,41.268,200,8,156.37652587890625,-218.55076599121094,-15.112060546875,-239.63504028320312,-43.73850631713867,-216.4856719970703,5.526801481246948,5.529332160949707
134,41.559,200,8,156.37652587890625,-218.55076599121094,-15.112060546875,-239.63504028320312,-25.881004333496094,-218.05352783203125,5.532199478149414,5.522027969360352
135,41.861,200,8,156.37652587890625,-218.55076599121094,-14.71423053741455,-239.4098663330078,172.8965301513672,-253.98402404785156,5.49978328704834,5.355906009674072
136,42.154,200,8,156.37652587890625,-218.55076599121094,-14.71423053741455,-239.4098663330078,-22.756763458251953,-218.1024169921875,5.501116828918457,5.586597442626953
137,42.452,200,9,156.37652587890625,-218.55076599121094,-15.154008865356445,-238.95660400390625,103.66092681884766,-226.0067901611328,5.48924241065979,5.477301597595215
138,42.758,200,9,156.37652587890625,-218.55076599121094,-15.154008865356445,-238.95660400390625,111.51751708984375,-219.1573028564453,5.491806974411011,5.503366947174072
139,43.074,200,9,156.37652587890625,-218.55076599121094,-14.07822036743164,-238.95541381835938,184.84072875976562,-251.16268920898438,5.489829397201538,5.527029991149902
140,43.38,200,9,156.37652587890625,-218.55076599121094,-14.07822036743164,-238.95541381835938,-19.731122970581055,-215.4486846923828,5.490790939331054,5.489430904388428
141,43.697,200,9,156.37652587890625,-218.55076599121094,-13.758562088012695,-238.3193359375,49.73542022705078,-219.5867462158203,5.464699077606201,5.4647135734558105
142,44.011,200,9,156.37652587890625,-218.55076599121094,-13.758562088012695,-238.3193359375,157.86892700195312,-255.0003662109375,5.469037675857544,5.606720447540283
143,44.326,200,9,156.37652587890625,-218.55076599121094,-12.449226379394531,-238.14137268066406,165.4609375,-253.13877868652344,5.450241861343383,5.341883182525635
144,44.634,200,9,156.37652587890625,-218.55076599121094,-12.449226379394531,-238.14137268066406,-15.607280731201172,-214.99948120117188,5.469984798431397,5.415677070617676
145,44.949,200,8,156.37652587890625,-217.47222900390625,-11.753201484680176,-237.76348876953125,-32.11518096923828,-218.1754150390625,5.447753620147705,5.622942924499512
146,45.255,200,8,156.37652587890625,-217.47222900390625,-11.753201484680176,-237.76348876953125,80.8364028930664,-216.0788116455078,5.432164220809937,5.398653507232666
147,45.571,200,8,156.37652587890625,-217.47222900390625,-11.290510177612305,-237.4512481689453,119.89163208007812,-224.08377075195312,5.453235378265381,5.521147727966309
148,45.875,200,8,156.37652587890625,-217.47222900390625,-11.290510177612305,-237.4512481689453,176.80259704589844,-221.7681427001953,5.455664739608765,5.519101619720459
149,46.192,200,8,156.37652587890625,-217.47222900390625,-10.647534370422363,-237.22964477539062,99.190673828125,-224.4193572998047,5.429400281906128,5.4039483070373535
150,46.498,200,8,156.37652587890625,-217.47222900390625,-10.647534370422363,-237.22964477539062,165.7750244140625,-254.94911193847656,5.45151427268982,5.3335700035095215
151,46.818,200,8,156.37652587890625,-217.47222900390625,-9.45546817779541,-237.1980438232422,187.29159545898438,-249.65585327148438,5.425931959152222,5.317841529846191
152,47.126,200,8,156.37652587890625,-217.47222900390625,-9.45546817779541,-237.1980438232422,24.516077041625977,-217.35601806640625,5.426804437637329,5.334380149841309
153,47.439,200,8,156.37652587890625,-217.47222900390625,-10.37633991241455,-236.767578125,-6.806991100311279,-215.28591918945312,5.416729459762573,5.3676676750183105
154,47.745,200,8,156.37652587890625,-217.47222900390625,-10.37633991241455,-236.767578125,-4.938833236694336,-215.23129272460938,5.4193868160247805,5.354272842407227
155,48.062,200,8,156.37652587890625,-217.47222900390625,-8.212292671203613,-236.99783325195312,179.0726318359375,-252.01239013671875,5.415644235610962,5.467782497406006
156,48.369,200,8,156.37652587890625,-217.47222900390625,-8.212292671203613,-236.99783325195312,-3.3411667346954346,-214.31578063964844,5.406625127792358,5.293978691101074
157,48.685,200,8,156.37652587890625,-217.47222900390625,-7.590850353240967,-236.81707763671875,117.0830307006836,-224.2386016845703,5.401556081771851,5.362166881561279
158,48.992,200,8,156.37652587890625,-217.47222900390625,-7.590850353240967,-236.81707763671875,85.7712631225586,-218.38772583007812,5.391902694702148,5.369146823883057
159,49.308,200,8,156.37652587890625,-217.47222900390625,-5.608222484588623,-236.93328857421875,159.14077758789062,-253.24465942382812,5.409971799850464,5.370087623596191
160,49.614,200,8,156.37652587890625,-217.47222900390625,-5.608222484588623,-236.93328857421875,127.26939392089844,-227.5606689453125,5.378054895401001,5.355790138244629
161,49.93,200,8,156.37652587890625,-217.47222900390625,-5.074001312255859,-236.7810516357422,-0.3607217073440552,-207.75746154785156,5.385644016265869,5.291843891143799
162,50.239,200,8,156.37652587890625,-217.47222900390625,-5.074001312255859,-236.7810516357422,88.58419036865234,-220.7923583984375,5.4130391502380375,5.3480939865112305
163,50.553,200,8,156.37652587890625,-217.47222900390625,-4.431633949279785,-236.62452697753906,-9.820306777954102,-216.40269470214844,5.405804023742676,5.568416118621826
164,50.859,200,8,156.37652587890625,-217.47222900390625,-4.431633949279785,-236.62452697753906,171.29244995117188,-253.1702880859375,5.378964757919311,5.409724235534668
165,51.176,200,8,156.37652587890625,-217.47222900390625,-4.390139579772949,-236.3585205078125,123.85362243652344,-224.16561889648438,5.3727038383483885,5.47818660736084
166,51.482,200,8,156.37652587890625,-217.47222900390625,-4.390139579772949,-236.3585205078125,174.8353729248047,-252.24069213867188,5.378661527633667,5.470722198486328
167,51.799,200,8,156.37652587890625,-217.47222900390625,-2.7714896202087402,-236.4908447265625,174.02880859375,-253.79225158691406,5.369790391921997,5.346628189086914
168,52.107,200,8,156.37652587890625,-217.47222900390625,-2.7714896202087402,-236.4908447265625,168.12608337402344,-226.0839385986328,5.370775547027588,5.464296340942383
169,52.422,200,10,156.37652587890625,-209.0732879638672,-3.3952441215515137,-235.8813018798828,5.969980239868164,-213.0170440673828,5.352077074050904,5.365593910217285
170,52.729,200,10,156.37652587890625,-209.0732879638672,-3.3952441215515137,-235.8813018798828,167.9658660888672,-244.3926544189453,5.381150732040405,5.335942268371582
171,53.049,200,10,156.37652587890625,-209.0732879638672,-1.3126351833343506,-235.9150390625,183.0673828125,-254.2395782470703,5.356669502258301,5.312176704406738
172,53.36,200,10,156.37652587890625,-209.0732879638672,-1.3126351833343506,-235.9150390625,123.79743194580078,-228.65267944335938,5.346460399627685,5.333061218261719
173,53.677,200,10,156.37652587890625,-209.0732879638672,-0.45126402378082275,-235.88645935058594,185.04534912109375,-254.58460998535156,5.343040904998779,5.428590774536133
174,53.983,200,10,156.37652587890625,-209.0732879638672,-0.45126402378082275,-235.88645935058594,-9.459477424621582,-209.74166870117188,5.331131191253662,5.423205375671387
175,54.298,200,11,156.37652587890625,-209.0732879638672,-0.3169094920158386,-235.4746551513672,-2.602311611175537,-204.73062133789062,5.356169815063477,5.301685333251953
176,54.605,200,11,156.37652587890625,-209.0732879638672,-0.3169094920158386,-235.4746551513672,126.03842163085938,-221.63619995117188,5.3366694831848145,5.350279808044434
177,54.985,200,11,156.37652587890625,-209.0732879638672,0.8339807391166687,-235.55801391601562,172.50538635253906,-252.57455444335938,5.328909873962402,5.1939311027526855
178,55.293,200,11,156.37652587890625,-209.0732879638672,0.8339807391166687,-235.55801391601562,75.8528823852539,-212.4722900390625,5.336732387542725,5.29090690612793
179,55.607,200,8,145.66236877441406,-209.0732879638672,0.7762266397476196,-235.00714111328125,-39.43819808959961,-205.16575622558594,5.30906198501587,5.3335676193237305
180,55.913,200,8,145.66236877441406,-209.0732879638672,0.7762266397476196,-235.00714111328125,-19.1975154876709,-207.56179809570312,5.320810232162476,5.2200822830200195
181,56.231,200,8,145.66236877441406,-209.0732879638672,2.2817296981811523,-234.6556396484375,3.093691825866699,-216.58013916015625,5.334096384048462,5.283149242401123
182,56.543,200,8,145.66236877441406,-209.0732879638672,2.2817296981811523,-234.6556396484375,148.02566528320312,-227.4458770751953,5.29912335395813,5.298853874206543
183,56.862,200,8,145.66236877441406,-209.0732879638672,3.2396631240844727,-234.29647827148438,-9.542980194091797,-216.50881958007812,5.3253341388702395,5.460687637329102
184,57.17,200,8,145.66236877441406,-209.0732879638672,3.2396631240844727,-234.29647827148438,-27.048662185668945,-207.38864135742188,5.308855895996094,5.339109420776367
185,57.486,200,8,145.66236877441406,-209.0732879638672,4.237592697143555,-233.98651123046875,69.17111206054688,-219.88890075683594,5.290501928329467,5.255489349365234
186,57.792,200,8,145.66236877441406,-209.0732879638672,4.237592697143555,-233.98651123046875,146.1636505126953,-229.82003784179688,5.314300947189331,5.29868745803833
187,58.117,200,8,145.66236877441406,-209.0732879638672,4.413763999938965,-233.97096252441406,116.79896545410156,-220.9578857421875,5.293772897720337,5.256159782409668
188,58.423,200,8,145.66236877441406,-209.0732879638672,4.413763999938965,-233.97096252441406,157.41952514648438,-229.14451599121094,5.277039947509766,5.329426288604736
189,58.76,200,8,145.66236877441406,-209.0732879638672,5.025457859039307,-233.79249572753906,-38.35107421875,-207.06387329101562,5.286326103210449,5.406728267669678
190,59.066,200,8,145.66236877441406,-209.0732879638672,5.025457859039307,-233.79249572753906,135.37405395507812,-230.01535034179688,5.283963756561279,5.405858039855957
191,59.381,200,8,145.66236877441406,-209.0732879638672,4.515841007232666,-233.43035888671875,-44.22221755981445,-206.170166015625,5.268892669677735,5.2624969482421875
192,59.692,200,8,145.66236877441406,-209.0732879638672,4.515841007232666,-233.43035888671875,4.569811820983887,-209.06500244140625,5.2797067356109615,5.202327728271484
193,60.006,200,8,145.66236877441406,-209.0732879638672,5.056578159332275,-233.39035034179688,-42.84062194824219,-208.26779174804688,5.259933986663818,5.098049640655518
194,60.316,200,8,145.66236877441406,-209.0732879638672,5.056578159332275,-233.39035034179688,161.75550842285156,-228.65586853027344,5.27486572265625,5.0744524002075195
195,60.632,200,8,145.66236877441406,-209.0732879638672,5.9564642906188965,-233.02020263671875,-12.32211971282959,-212.90618896484375,5.241729602813721,5.18173360824585
196,60.939,200,8,145.66236877441406,-209.0732879638672,5.9564642906188965,-233.02020263671875,-42.902523040771484,-208.25242614746094,5.261253833770752,5.217919826507568
197,61.255,200,8,145.66236877441406,-209.0732879638672,6.295843601226807,-232.99234008789062,171.5499725341797,-230.2105255126953,5.24572645187378,5.320592880249023
198,61.562,200,8,145.66236877441406,-209.0732879638672,6.295843601226807,-232.99234008789062,-24.243228912353516,-206.1802978515625,5.250131063461303,5.26286506652832
199,61.878,200,11,141.80125427246094,-209.0732879638672,5.240779876708984,-232.94886779785156,120.39824676513672,-220.01229858398438,5.209928283691406,5.124932289123535
200,62.186,200,11,141.80125427246094,-209.0732879638672,5.240779876708984,-232.94886779785156,2.809236526489258,-216.67953491210938,5.234412574768067,5.276678085327148
1,0.336,4,2,-23.721010208129883,-304.5106506347656,-48.409603118896484,-309.26116943359375,9.323224067687988,-1.3484240770339966,6.581543245315552,6.48643159866333
2,0.636,4,2,-23.721010208129883,-304.5106506347656,-48.409603118896484,-309.26116943359375,-5.265491962432861,14.585269927978516,6.518779830932617,6.461179733276367
3,0.94,8,2,35.698570251464844,-226.0297088623047,-45.709510803222656,-268.7665100097656,6.302014350891113,-24.201292037963867,6.0862620830535885,6.11831521987915
4,1.236,8,2,35.698570251464844,-226.0297088623047,-45.709510803222656,-268.7665100097656,41.54844284057617,-226.96910095214844,6.05157639503479,6.123225212097168
5,1.541,12,2,35.698570251464844,-226.0297088623047,-72.88147735595703,-259.8352966308594,36.25390625,-226.9827423095703,5.9910861587524415,5.9804253578186035
6,1.837,12,2,35.698570251464844,-226.0297088623047,-72.88147735595703,-259.8352966308594,37.02582550048828,-226.91690063476562,5.964840097427368,6.091290473937988
7,2.144,16,2,35.698570251464844,-226.0297088623047,-67.71360778808594,-258.37744140625,2.7187228202819824,-225.95672607421875,5.962519741058349,5.916369438171387
8,2.444,16,2,35.698570251464844,-226.0297088623047,-67.71360778808594,-258.37744140625,-1.8877469301223755,-226.00347900390625,5.935252246856689,5.843269348144531
9,2.751,20,3,62.913658142089844,-226.0297088623047,-66.35806274414062,-257.51629638671875,-2.0649173259735107,-225.8777618408203,5.957931699752808,6.0302276611328125
10,3.05,20,3,62.913658142089844,-226.0297088623047,-66.35806274414062,-257.51629638671875,64.54518127441406,-249.27589416503906,5.944747848510742,5.929114818572998
11,3.356,24,3,62.913658142089844,-226.0297088623047,-65.97782135009766,-258.53607177734375,72.69844055175781,-257.0747985839844,5.952079954147339,5.907812118530273
12,3.657,24,3,62.913658142089844,-226.0297088623047,-65.97782135009766,-258.53607177734375,15.490705490112305,-225.5110626220703,5.958194894790649,5.994847774505615
13,3.964,28,3,62.913658142089844,-226.0297088623047,-62.0886116027832,-257.5620422363281,36.77244186401367,-221.97723388671875,5.961626882553101,5.954184055328369
14,4.265,28,3,62.913658142089844,-226.0297088623047,-62.0886116027832,-257.5620422363281,76.95671081542969,-251.43545532226562,5.9455246734619145,5.983105182647705
15,4.574,32,3,62.913658142089844,-226.0297088623047,-59.49799346923828,-257.4883117675781,57.20668411254883,-220.0841827392578,5.9596508026123045,5.969622611999512
16,4.894,32,3,62.913658142089844,-226.0297088623047,-59.49799346923828,-257.4883117675781,36.34527587890625,-222.71151733398438,5.932656288146973,5.866384029388428
17,5.201,36,3,65.5283203125,-226.0297088623047,-54.755760192871094,-256.3262634277344,43.81660079956055,-224.70742797851562,5.933121185302735,5.909897804260254
18,5.503,36,3,65.5283203125,-226.0297088623047,-54.755760192871094,-256.3262634277344,41.850502014160156,-223.73757934570312,5.9099279880523685,5.9976911544799805
19,5.811,40,3,65.5283203125,-226.0297088623047,-49.883811950683594,-255.58505249023438,-1.8548622131347656,-222.12164306640625,5.9069004726409915,5.893319129943848
20,6.111,40,3,65.5283203125,-226.0297088623047,-49.883811950683594,-255.58505249023438,78.34521484375,-243.52456665039062,5.912149782180786,5.892070770263672
21,6.418,44,3,65.5283203125,-226.0297088623047,-54.507286071777344,-255.084716796875,69.78840637207031,-246.3369903564453,5.900840196609497,5.90720272064209
22,6.719,44,3,65.5283203125,-226.0297088623047,-54.507286071777344,-255.084716796875,2.247737407684326,-224.69989013671875,5.9003639411926265,6.007683753967285
23,7.029,48,4,103.29483795166016,-226.0297088623047,-50.38276290893555,-254.583251953125,40.08082962036133,-226.36415100097656,5.887305040359497,6.020378112792969
24,7.335,48,4,103.29483795166016,-226.0297088623047,-50.38276290893555,-254.583251953125,2.451472043991089,-224.04379272460938,5.897143907546997,5.871160507202148
25,7.646,52,4,103.29483795166016,-226.0297088623047,-44.68488311767578,-254.52334594726562,66.8419189453125,-239.25526428222656,5.901909008026123,6.0246195793151855
26,7.949,52,4,103.29483795166016,-226.0297088623047,-44.68488311767578,-254.52334594726562,106.727294921875,-246.8262176513672,5.885033264160156,5.880824089050293
27,8.259,56,4,103.29483795166016,-226.0297088623047,-44.94934844970703,-253.8972930908203,0.8205041885375977,-223.55435180664062,5.89222882270813,5.893290996551514
28,8.561,56,4,103.29483795166016,-226.0297088623047,-44.94934844970703,-253.8972930908203,8.61762523651123,-225.09523010253906,5.88083477973938,5.98324728012085
29,8.872,60,4,103.29483795166016,-226.0297088623047,-47.21470260620117,-253.8161163330078,-2.145118236541748,-225.3997802734375,5.875984296798706,5.907259941101074
30,9.175,60,4,103.29483795166016,-226.0297088623047,-47.21470260620117,-253.8161163330078,35.80483627319336,-225.61331176757812,5.878743162155152,5.860959529876709
31,9.485,64,5,103.29483795166016,-226.0297088623047,-42.7671012878418,-253.44125366210938,56.60446548461914,-226.1772003173828,5.872797737121582,5.868086814880371
32,9.792,64,5,103.29483795166016,-226.0297088623047,-42.7671012878418,-253.44125366210938,105.6030502319336,-248.3994598388672,5.879176902770996,5.87815523147583
33,10.103,68,5,103.29483795166016,-226.0297088623047,-39.900611877441406,-253.08811950683594,105.6038589477539,-245.43736267089844,5.862817621231079,5.74741792678833
34,10.407,68,5,103.29483795166016,-226.0297088623047,-39.900611877441406,-253.08811950683594,58.8315544128418,-243.4716339111328,5.869915370941162,5.837134838104248
35,10.716,72,5,103.29483795166016,-226.0297088623047,-38.676353454589844,-252.8557891845703,12.258694648742676,-225.5484161376953,5.866443643569946,5.801983833312988
36,11.019,72,5,103.29483795166016,-226.0297088623047,-38.676353454589844,-252.8557891845703,108.1500244140625,-248.862060546875,5.858711032867432,5.894896507263184
37,11.33,76,5,103.29483795166016,-226.0297088623047,-34.83111572265625,-252.8069305419922,106.93563079833984,-248.66285705566406,5.850081996917725,5.770808219909668
38,11.634,76,5,103.29483795166016,-226.0297088623047,-34.83111572265625,-252.8069305419922,66.76216888427734,-244.090576171875,5.86933500289917,5.907541751861572
39,11.948,80,5,103.29483795166016,-226.0297088623047,-34.33258819580078,-252.4327850341797,41.1653938293457,-226.6938934326172,5.8292945194244385,5.815094947814941
40,12.251,80,5,103.29483795166016,-226.0297088623047,-34.33258819580078,-252.4327850341797,45.044559478759766,-223.63412475585938,5.856067848205567,5.936097621917725
41,12.566,84,5,103.29483795166016,-226.0297088623047,-33.39116668701172,-252.8397979736328,104.86265563964844,-248.37838745117188,5.855658035278321,5.890555381774902
42,12.873,84,5,103.29483795166016,-226.0297088623047,-33.39116668701172,-252.8397979736328,5.082386493682861,-225.612548828125,5.847722730636597,5.98185396194458
43,13.187,88,5,103.29483795166016,-226.0297088623047,-35.72856903076172,-252.71974182128906,108.45856475830078,-248.3740692138672,5.8598786640167235,5.7422685623168945
44,13.492,88,5,103.29483795166016,-226.0297088623047,-35.72856903076172,-252.71974182128906,104.671875,-247.56378173828125,5.847982988357544,5.84099817276001
45,13.805,92,5,103.29483795166016,-226.0297088623047,-36.788516998291016,-252.08035278320312,51.733497619628906,-224.3273468017578,5.833948545455932,5.8022871017456055
46,14.11,92,5,103.29483795166016,-226.0297088623047,-36.788516998291016,-252.08035278320312,47.97127151489258,-223.77630615234375,5.8504698371887205,5.860991477966309
47,14.49,96,5,103.29483795166016,-226.0297088623047,-36.92793655395508,-251.6584014892578,44.86563491821289,-226.2016143798828,5.825653343200684,5.653682708740234
48,14.798,96,5,103.29483795166016,-226.0297088623047,-36.92793655395508,-251.6584014892578,113.76713562011719,-248.4507598876953,5.8308485317230225,5.861811637878418
49,15.109,100,5,103.29483795166016,-226.0297088623047,-35.38899612426758,-251.54327392578125,6.25039529800415,-221.5089874267578,5.808972597122192,5.84692907333374
50,15.414,100,5,103.29483795166016,-226.0297088623047,-35.38899612426758,-251.54327392578125,79.95429229736328,-245.5185546875,5.803451385498047,5.768878936767578
51,15.73,104,4,103.29483795166016,-226.0297088623047,-33.893253326416016,-251.18856811523438,41.88935852050781,-224.06275939941406,5.81098219871521,5.752137184143066
52,16.038,104,4,103.29483795166016,-226.0297088623047,-33.893253326416016,-251.18856811523438,75.79998016357422,-237.48670959472656,5.805364875793457,5.784375190734863
53,16.35,108,5,116.53804779052734,-226.0297088623047,-33.51124954223633,-251.22975158691406,114.76986694335938,-248.09182739257812,5.7964690399169925,5.896868705749512
54,16.656,108,5,116.53804779052734,-226.0297088623047,-33.51124954223633,-251.22975158691406,1.6614537239074707,-219.84033203125,5.8195923328399655,5.845355987548828
55,16.972,112,5,116.53804779052734,-226.0297088623047,-34.86042022705078,-250.7067413330078,8.577439308166504,-221.8986358642578,5.812659893035889,5.803473949432373
56,17.278,112,5,116.53804779052734,-226.0297088623047,-34.86042022705078,-250.7067413330078,76.01210021972656,-236.78582763671875,5.804784574508667,5.654283046722412
57,17.592,116,6,116.53804779052734,-226.0297088623047,-33.64006042480469,-250.46133422851562,78.76000213623047,-236.24803161621094,5.7802497673034665,5.780688762664795
58,17.898,116,6,116.53804779052734,-226.0297088623047,-33.64006042480469,-250.46133422851562,130.1571807861328,-254.59634399414062,5.796175374984741,5.667483806610107
59,18.212,120,6,116.53804779052734,-226.0297088623047,-34.08372497558594,-250.00221252441406,11.778721809387207,-224.29800415039062,5.787329511642456,5.730035781860352
60,18.517,120,6,116.53804779052734,-226.0297088623047,-34.08372497558594,-250.00221252441406,44.49605941772461,-224.63011169433594,5.774796094894409,5.732712745666504
61,18.831,124,7,116.53804779052734,-226.0297088623047,-34.023231506347656,-249.48550415039062,-1.3887361288070679,-221.4357147216797,5.799328460693359,5.829418182373047
62,19.137,124,7,116.53804779052734,-226.0297088623047,-34.023231506347656,-249.48550415039062,41.73107147216797,-225.8511962890625,5.7695210170745845,5.766218185424805
63,19.451,128,7,116.53804779052734,-226.0297088623047,-34.60436248779297,-249.10525512695312,53.456295013427734,-226.4199676513672,5.767425937652588,5.689537048339844
64,19.757,128,7,116.53804779052734,-226.0297088623047,-34.60436248779297,-249.10525512695312,127.08999633789062,-248.90621948242188,5.778966789245605,5.81070613861084
65,20.072,132,7,116.53804779052734,-226.0297088623047,-33.873416900634766,-248.94102478027344,28.857158660888672,-225.05210876464844,5.764884586334229,5.6841020584106445
66,20.378,132,7,116.53804779052734,-226.0297088623047,-33.873416900634766,-248.94102478027344,11.621203422546387,-225.0451202392578,5.743572692871094,5.921159267425537
67,20.693,136,7,116.53804779052734,-226.0297088623047,-34.818355560302734,-248.55422973632812,61.287803649902344,-228.43991088867188,5.752494812011719,5.878604888916016
68,21.0,136,7,116.53804779052734,-226.0297088623047,-34.818355560302734,-248.55422973632812,-2.3248255252838135,-221.85276794433594,5.760664005279541,5.837131500244141
69,21.315,140,7,116.53804779052734,-226.0297088623047,-34.48100662231445,-248.4564666748047,82.03919982910156,-236.93087768554688,5.765330724716186,5.773871421813965
70,21.622,140,7,116.53804779052734,-226.0297088623047,-34.48100662231445,-248.4564666748047,40.430397033691406,-221.89967346191406,5.760918521881104,5.8845038414001465
71,21.938,144,7,116.53804779052734,-226.0297088623047,-34.79972457885742,-248.21832275390625,5.714105606079102,-222.18885803222656,5.74892071723938,5.687617301940918
72,22.247,144,7,116.53804779052734,-226.0297088623047,-34.79972457885742,-248.21832275390625,-2.1677520275115967,-225.80136108398438,5.755340566635132,5.873227119445801
73,22.563,148,7,116.53804779052734,-226.0297088623047,-34.390785217285156,-248.18153381347656,130.14280700683594,-253.6891326904297,5.734979219436646,5.802289962768555
74,22.87,148,7,116.53804779052734,-226.0297088623047,-34.390785217285156,-248.18153381347656,46.9278450012207,-225.8905487060547,5.753525419235229,5.757623672485352
75,23.205,152,7,137.17295837402344,-226.0297088623047,-33.194915771484375,-248.14414978027344,79.82476043701172,-231.13502502441406,5.725979909896851,5.8042426109313965
76,23.512,152,7,137.17295837402344,-226.0297088623047,-33.194915771484375,-248.14414978027344,150.06626892089844,-249.3719482421875,5.730501508712768,5.755858421325684
77,23.825,156,7,137.17295837402344,-226.0297088623047,-33.17441177368164,-247.9501190185547,84.26824188232422,-236.06517028808594,5.725084276199341,5.620604515075684
78,24.132,156,7,137.17295837402344,-226.0297088623047,-33.17441177368164,-247.9501190185547,3.5734031200408936,-224.48458862304688,5.711457147598266,5.801234722137451
79,24.446,160,8,156.37652587890625,-226.0297088623047,-32.502174377441406,-247.9954071044922,153.23876953125,-248.75888061523438,5.732654733657837,5.709239959716797
80,24.755,160,8,156.37652587890625,-226.0297088623047,-32.502174377441406,-247.9954071044922,160.9495086669922,-250.9990692138672,5.724722757339477,5.770284652709961
81,25.072,164,8,156.37652587890625,-226.0297088623047,-32.78419876098633,-248.03392028808594,162.08291625976562,-254.2537384033203,5.7227003955841065,5.734057426452637
82,25.388,164,8,156.37652587890625,-226.0297088623047,-32.78419876098633,-248.03392028808594,7.69631814956665,-222.68922424316406,5.749394645690918,5.895386695861816
83,25.705,168,8,156.37652587890625,-226.0297088623047,-32.2796745300293,-247.88662719726562,5.617451190948486,-225.73846435546875,5.718401145935059,5.627352237701416
84,26.013,168,8,156.37652587890625,-226.0297088623047,-32.2796745300293,-247.88662719726562,159.9493865966797,-248.13641357421875,5.724052238464355,5.749463081359863
85,26.329,172,8,156.37652587890625,-226.0297088623047,-31.222288131713867,-247.80230712890625,75.08917236328125,-231.67225646972656,5.715830764770508,5.762602806091309
86,26.639,172,8,156.37652587890625,-226.0297088623047,-31.222288131713867,-247.80230712890625,144.9342041015625,-249.34909057617188,5.70617018699646,5.722356796264648
87,26.953,176,8,156.37652587890625,-226.0297088623047,-30.95220184326172,-247.55308532714844,80.99190521240234,-233.1597900390625,5.715495710372925,5.679386138916016
88,27.262,176,8,156.37652587890625,-226.0297088623047,-30.95220184326172,-247.55308532714844,162.16038513183594,-253.34115600585938,5.7062396144866945,5.684269905090332
89,27.581,180,6,156.37652587890625,-226.0297088623047,-30.115705490112305,-247.2342071533203,66.55489349365234,-218.77236938476562,5.7079104232788085,5.784904956817627
90,27.89,180,6,156.37652587890625,-226.0297088623047,-30.115705490112305,-247.2342071533203,11.645737648010254,-224.23252868652344,5.720305576324463,5.8265180587768555
91,28.21,184,6,156.37652587890625,-226.0297088623047,-29.78580665588379,-247.0539093017578,116.75348663330078,-228.0493927001953,5.698356828689575,5.837436199188232
92,28.519,184,6,156.37652587890625,-226.0297088623047,-29.78580665588379,-247.0539093017578,124.77164459228516,-246.31149291992188,5.707986354827881,5.684215068817139
93,28.835,188,6,156.37652587890625,-222.05186462402344,-29.56947135925293,-246.56687927246094,3.601447105407715,-225.47740173339844,5.697800321578979,5.748847961425781
94,29.144,188,6,156.37652587890625,-222.05186462402344,-29.56947135925293,-246.56687927246094,190.39418029785156,-251.6444091796875,5.696736364364624,5.598906517028809
95,29.461,192,6,156.37652587890625,-222.05186462402344,-28.769332885742188,-246.49757385253906,124.7667236328125,-223.65782165527344,5.711323070526123,5.806262016296387
96,29.77,192,6,156.37652587890625,-222.05186462402344,-28.769332885742188,-246.49757385253906,190.84368896484375,-253.2357635498047,5.680138626098633,5.691797256469727
97,30.087,196,6,156.37652587890625,-222.05186462402344,-27.595165252685547,-246.3830108642578,158.4547119140625,-246.73196411132812,5.707553043365478,5.807290077209473
98,30.397,196,6,156.37652587890625,-222.05186462402344,-27.595165252685547,-246.3830108642578,158.76992797851562,-254.00694274902344,5.711864929199219,5.5580973625183105
99,30.714,200,4,156.37652587890625,-222.05186462402344,-25.596458435058594,-246.12428283691406,-68.61385345458984,-220.614990234375,5.683747482299805,5.723725318908691
100,31.022,200,4,156.37652587890625,-222.05186462402344,-25.596458435058594,-246.12428283691406,-56.313106536865234,-216.19033813476562,5.695632886886597,5.767812728881836
101,31.342,200,4,156.37652587890625,-222.05186462402344,-24.695524215698242,-244.57504272460938,89.44529724121094,-223.7647247314453,5.643573942184449,5.664693355560303
102,31.652,200,4,156.37652587890625,-222.05186462402344,-24.695524215698242,-244.57504272460938,-70.37439727783203,-217.26393127441406,5.6777011489868165,5.6192169189453125
103,31.968,200,4,156.37652587890625,-222.05186462402344,-23.218524932861328,-244.73226928710938,114.70185852050781,-224.43055725097656,5.664098281860351,5.609456539154053
104,32.278,200,4,156.37652587890625,-222.05186462402344,-23.218524932861328,-244.73226928710938,-33.670936584472656,-220.8250732421875,5.664822397232055,5.589381217956543
105,32.659,200,4,156.37652587890625,-222.05186462402344,-21.769214630126953,-244.61642456054688,151.23379516601562,-229.93362426757812,5.658751564025879,5.666038513183594
106,32.967,200,4,156.37652587890625,-222.05186462402344,-21.769214630126953,-244.61642456054688,114.74667358398438,-219.0725555419922,5.655303688049316,5.632278919219971
107,33.284,200,4,156.37652587890625,-222.05186462402344,-21.482467651367188,-244.1404266357422,114.90170288085938,-220.23765563964844,5.615786027908325,5.54946231842041
108,33.593,200,4,156.37652587890625,-222.05186462402344,-21.482467651367188,-244.1404266357422,-63.730804443359375,-220.62437438964844,5.633963928222657,5.539495944976807
109,33.912,200,4,156.37652587890625,-222.05186462402344,-21.560598373413086,-243.60231018066406,-37.57081604003906,-220.0889892578125,5.6587683296203615,5.719120502471924
110,34.214,200,4,156.37652587890625,-222.05186462402344,-21.560598373413086,-243.60231018066406,129.26832580566406,-220.4789581298828,5.588431367874145,5.619503974914551
111,34.536,200,4,156.37652587890625,-222.05186462402344,-20.041725158691406,-243.2559051513672,160.1968536376953,-253.54759216308594,5.614213848114014,5.696203231811523
112,34.852,200,4,156.37652587890625,-222.05186462402344,-20.041725158691406,-243.2559051513672,156.67547607421875,-254.04063415527344,5.607814092636108,5.629277229309082
113,35.17,200,4,156.37652587890625,-222.05186462402344,-19.700393676757812,-242.7907257080078,-45.302589416503906,-215.09242248535156,5.627045650482177,5.641610145568848
114,35.479,200,4,156.37652587890625,-222.05186462402344,-19.700393676757812,-242.7907257080078,110.53794860839844,-222.10557556152344,5.603501949310303,5.531639099121094
115,35.798,200,4,156.37652587890625,-222.05186462402344,-18.103727340698242,-242.55125427246094,191.35606384277344,-253.18138122558594,5.582426614761353,5.609375
116,36.107,200,4,156.37652587890625,-222.05186462402344,-18.103727340698242,-242.55125427246094,158.52804565429688,-251.6919403076172,5.586600971221924,5.513247013092041
117,36.427,200,4,156.37652587890625,-222.05186462402344,-17.299579620361328,-242.47972106933594,185.69113159179688,-255.0179901123047,5.572564191818238,5.613253116607666
118,36.738,200,4,156.37652587890625,-222.05186462402344,-17.299579620361328,-242.47972106933594,180.4866485595703,-253.58486938476562,5.567222604751587,5.5495147705078125
119,37.055,200,4,156.37652587890625,-222.05186462402344,-16.953126907348633,-242.26748657226562,231.714111328125,-252.84661865234375,5.542382860183716,5.521643161773682
120,37.367,200,4,156.37652587890625,-222.05186462402344,-16.953126907348633,-242.26748657226562,171.4282989501953,-251.19961547851562,5.565150718688965,5.5467529296875
121,37.696,200,4,156.37652587890625,-222.05186462402344,-14.466121673583984,-242.0311279296875,152.7116241455078,-225.45913696289062,5.558012323379517,5.572038650512695
122,38.085,200,4,156.37652587890625,-222.05186462402344,-14.466121673583984,-242.0311279296875,148.9720916748047,-226.46788024902344,5.56578706741333,5.6182756423950195
123,38.511,200,4,156.37652587890625,-222.05186462402344,-16.334869384765625,-241.7449951171875,134.41050720214844,-223.15493774414062,5.52605896949768,5.508411884307861
124,38.859,200,4,156.37652587890625,-222.05186462402344,-16.334869384765625,-241.7449951171875,-74.85095977783203,-214.78416442871094,5.552890996932984,5.388319969177246
125,39.184,200,4,156.37652587890625,-222.05186462402344,-16.63827896118164,-241.2462921142578,-41.473270416259766,-220.44076538085938,5.551531429290772,5.557043552398682
126,39.525,200,4,156.37652587890625,-222.05186462402344,-16.63827896118164,-241.2462921142578,-70.7409896850586,-221.60020446777344,5.537016572952271,5.483510494232178
127,39.855,200,5,156.37652587890625,-222.05186462402344,-14.791728973388672,-240.9048614501953,199.1774444580078,-227.63258361816406,5.518068389892578,5.312369346618652
128,40.168,200,5,156.37652587890625,-222.05186462402344,-14.791728973388672,-240.9048614501953,-55.427181243896484,-221.9503936767578,5.554043788909912,5.543712615966797
129,40.486,200,5,156.37652587890625,-222.05186462402344,-13.929159164428711,-240.59230041503906,149.5428924560547,-229.9166259765625,5.5305226707458495,5.580679893493652
130,40.795,200,5,156.37652587890625,-222.05186462402344,-13.929159164428711,-240.59230041503906,183.046875,-229.80300903320312,5.530701379776001,5.4446516036987305
131,41.115,200,7,156.37652587890625,-222.05186462402344,-13.958850860595703,-240.1300048828125,92.14261627197266,-221.8766632080078,5.5332845687866214,5.514764785766602
132,41.425,200,7,156.37652587890625,-222.05186462402344,-13.958850860595703,-240.1300048828125,167.45028686523438,-253.7327423095703,5.504350347518921,5.668591499328613
133,41.747,200,8,156.37652587890625,-218.55076599121094,-15.112060546875,-239.63504028320312,-43.73850631713867,-216.4856719970703,5.526801481246948,5.529332160949707
134,42.059,200,8,156.37652587890625,-218.55076599121094,-15.112060546875,-239.63504028320312,-25.881004333496094,-218.05352783203125,5.532199478149414,5.522027969360352
135,42.384,200,8,156.37652587890625,-218.55076599121094,-14.71423053741455,-239.4098663330078,172.8965301513672,-253.98402404785156,5.49978328704834,5.355906009674072
136,42.696,200,8,156.37652587890625,-218.55076599121094,-14.71423053741455,-239.4098663330078,-22.756763458251953,-218.1024169921875,5.501116828918457,5.586597442626953
137,43.013,200,9,156.37652587890625,-218.55076599121094,-15.154008865356445,-238.95660400390625,103.66092681884766,-226.0067901611328,5.48924241065979,5.477301597595215
138,43.322,200,9,156.37652587890625,-218.55076599121094,-15.154008865356445,-238.95660400390625,111.51751708984375,-219.1573028564453,5.491806974411011,5.503366947174072
139,43.693,200,9,156.37652587890625,-218.55076599121094,-14.07822036743164,-238.95541381835938,184.84072875976562,-251.16268920898438,5.489829397201538,5.527029991149902
140,44.009,200,9,156.37652587890625,-218.55076599121094,-14.07822036743164,-238.95541381835938,-19.731122970581055,-215.4486846923828,5.490790939331054,5.489430904388428
141,44.356,200,9,156.37652587890625,-218.55076599121094,-13.758562088012695,-238.3193359375,49.73542022705078,-219.5867462158203,5.464699077606201,5.4647135734558105
142,44.709,200,9,156.37652587890625,-218.55076599121094,-13.758562088012695,-238.3193359375,157.86892700195312,-255.0003662109375,5.469037675857544,5.606720447540283
143,45.033,200,9,156.37652587890625,-218.55076599121094,-12.449226379394531,-238.14137268066406,165.4609375,-253.13877868652344,5.450241861343383,5.341883182525635
144,45.349,200,9,156.37652587890625,-218.55076599121094,-12.449226379394531,-238.14137268066406,-15.607280731201172,-214.99948120117188,5.469984798431397,5.415677070617676
145,45.671,200,8,156.37652587890625,-217.47222900390625,-11.753201484680176,-237.76348876953125,-32.11518096923828,-218.1754150390625,5.447753620147705,5.622942924499512
146,45.983,200,8,156.37652587890625,-217.47222900390625,-11.753201484680176,-237.76348876953125,80.8364028930664,-216.0788116455078,5.432164220809937,5.398653507232666
147,46.302,200,8,156.37652587890625,-217.47222900390625,-11.290510177612305,-237.4512481689453,119.89163208007812,-224.08377075195312,5.453235378265381,5.521147727966309
148,46.628,200,8,156.37652587890625,-217.47222900390625,-11.290510177612305,-237.4512481689453,176.80259704589844,-221.7681427001953,5.455664739608765,5.519101619720459
149,46.947,200,8,156.37652587890625,-217.47222900390625,-10.647534370422363,-237.22964477539062,99.190673828125,-224.4193572998047,5.429400281906128,5.4039483070373535
150,47.257,200,8,156.37652587890625,-217.47222900390625,-10.647534370422363,-237.22964477539062,165.7750244140625,-254.94911193847656,5.45151427268982,5.3335700035095215
151,47.577,200,8,156.37652587890625,-217.47222900390625,-9.45546817779541,-237.1980438232422,187.29159545898438,-249.65585327148438,5.425931959152222,5.317841529846191
152,47.887,200,8,156.37652587890625,-217.47222900390625,-9.45546817779541,-237.1980438232422,24.516077041625977,-217.35601806640625,5.426804437637329,5.334380149841309
153,48.211,200,8,156.37652587890625,-217.47222900390625,-10.37633991241455,-236.767578125,-6.806991100311279,-215.28591918945312,5.416729459762573,5.3676676750183105
154,48.522,200,8,156.37652587890625,-217.47222900390625,-10.37633991241455,-236.767578125,-4.938833236694336,-215.23129272460938,5.4193868160247805,5.354272842407227
155,48.841,200,8,156.37652587890625,-217.47222900390625,-8.212292671203613,-236.99783325195312,179.0726318359375,-252.01239013671875,5.415644235610962,5.467782497406006
156,49.151,200,8,156.37652587890625,-217.47222900390625,-8.212292671203613,-236.99783325195312,-3.3411667346954346,-214.31578063964844,5.406625127792358,5.293978691101074
157,49.47,200,8,156.37652587890625,-217.47222900390625,-7.590850353240967,-236.81707763671875,117.0830307006836,-224.2386016845703,5.401556081771851,5.362166881561279
158,49.78,200,8,156.37652587890625,-217.47222900390625,-7.590850353240967,-236.81707763671875,85.7712631225586,-218.38772583007812,5.391902694702148,5.369146823883057
159,50.099,200,8,156.37652587890625,-217.47222900390625,-5.608222484588623,-236.93328857421875,159.14077758789062,-253.24465942382812,5.409971799850464,5.370087623596191
160,50.409,200,8,156.37652587890625,-217.47222900390625,-5.608222484588623,-236.93328857421875,127.26939392089844,-227.5606689453125,5.378054895401001,5.355790138244629
161,50.729,200,8,156.37652587890625,-217.47222900390625,-5.074001312255859,-236.7810516357422,-0.3607217073440552,-207.75746154785156,5.385644016265869,5.291843891143799
162,51.039,200,8,156.37652587890625,-217.47222900390625,-5.074001312255859,-236.7810516357422,88.58419036865234,-220.7923583984375,5.4130391502380375,5.3480939865112305
163,51.358,200,8,156.37652587890625,-217.47222900390625,-4.431633949279785,-236.62452697753906,-9.820306777954102,-216.40269470214844,5.405804023742676,5.568416118621826
164,51.668,200,8,156.37652587890625,-217.47222900390625,-4.431633949279785,-236.62452697753906,171.29244995117188,-253.1702880859375,5.378964757919311,5.409724235534668
165,51.987,200,8,156.37652587890625,-217.47222900390625,-4.390139579772949,-236.3585205078125,123.85362243652344,-224.16561889648438,5.3727038383483885,5.47818660736084
166,52.302,200,8,156.37652587890625,-217.47222900390625,-4.390139579772949,-236.3585205078125,174.8353729248047,-252.24069213867188,5.378661527633667,5.470722198486328
167,52.632,200,8,156.37652587890625,-217.47222900390625,-2.7714896202087402,-236.4908447265625,174.02880859375,-253.79225158691406,5.369790391921997,5.346628189086914
168,52.963,200,8,156.37652587890625,-217.47222900390625,-2.7714896202087402,-236.4908447265625,168.12608337402344,-226.0839385986328,5.370775547027588,5.464296340942383
169,53.318,200,10,156.37652587890625,-209.0732879638672,-3.3952441215515137,-235.8813018798828,5.969980239868164,-213.0170440673828,5.352077074050904,5.365593910217285
170,53.646,200,10,156.37652587890625,-209.0732879638672,-3.3952441215515137,-235.8813018798828,167.9658660888672,-244.3926544189453,5.381150732040405,5.335942268371582
171,53.985,200,10,156.37652587890625,-209.0732879638672,-1.3126351833343506,-235.9150390625,183.0673828125,-254.2395782470703,5.356669502258301,5.312176704406738
172,54.307,200,10,156.37652587890625,-209.0732879638672,-1.3126351833343506,-235.9150390625,123.79743194580078,-228.65267944335938,5.346460399627685,5.333061218261719
173,54.644,200,10,156.37652587890625,-209.0732879638672,-0.45126402378082275,-235.88645935058594,185.04534912109375,-254.58460998535156,5.343040904998779,5.428590774536133
174,54.958,200,10,156.37652587890625,-209.0732879638672,-0.45126402378082275,-235.88645935058594,-9.459477424621582,-209.74166870117188,5.331131191253662,5.423205375671387
175,55.279,200,11,156.37652587890625,-209.0732879638672,-0.3169094920158386,-235.4746551513672,-2.602311611175537,-204.73062133789062,5.356169815063477,5.301685333251953
176,55.618,200,11,156.37652587890625,-209.0732879638672,-0.3169094920158386,-235.4746551513672,126.03842163085938,-221.63619995117188,5.3366694831848145,5.350279808044434
177,56.001,200,11,156.37652587890625,-209.0732879638672,0.8339807391166687,-235.55801391601562,172.50538635253906,-252.57455444335938,5.328909873962402,5.1939311027526855
178,56.312,200,11,156.37652587890625,-209.0732879638672,0.8339807391166687,-235.55801391601562,75.8528823852539,-212.4722900390625,5.336732387542725,5.29090690612793
179,56.63,200,8,145.66236877441406,-209.0732879638672,0.7762266397476196,-235.00714111328125,-39.43819808959961,-205.16575622558594,5.30906198501587,5.3335676193237305
180,56.94,200,8,145.66236877441406,-209.0732879638672,0.7762266397476196,-235.00714111328125,-19.1975154876709,-207.56179809570312,5.320810232162476,5.2200822830200195
181,57.259,200,8,145.66236877441406,-209.0732879638672,2.2817296981811523,-234.6556396484375,3.093691825866699,-216.58013916015625,5.334096384048462,5.283149242401123
182,57.569,200,8,145.66236877441406,-209.0732879638672,2.2817296981811523,-234.6556396484375,148.02566528320312,-227.4458770751953,5.29912335395813,5.298853874206543
183,57.887,200,8,145.66236877441406,-209.0732879638672,3.2396631240844727,-234.29647827148438,-9.542980194091797,-216.50881958007812,5.3253341388702395,5.460687637329102
184,58.198,200,8,145.66236877441406,-209.0732879638672,3.2396631240844727,-234.29647827148438,-27.048662185668945,-207.38864135742188,5.308855895996094,5.339109420776367
185,58.515,200,8,145.66236877441406,-209.0732879638672,4.237592697143555,-233.98651123046875,69.17111206054688,-219.88890075683594,5.290501928329467,5.255489349365234
186,58.823,200,8,145.66236877441406,-209.0732879638672,4.237592697143555,-233.98651123046875,146.1636505126953,-229.82003784179688,5.314300947189331,5.29868745803833
187,59.141,200,8,145.66236877441406,-209.0732879638672,4.413763999938965,-233.97096252441406,116.79896545410156,-220.9578857421875,5.293772897720337,5.256159782409668
188,59.451,200,8,145.66236877441406,-209.0732879638672,4.413763999938965,-233.97096252441406,157.41952514648438,-229.14451599121094,5.277039947509766,5.329426288604736
189,59.769,200,8,145.66236877441406,-209.0732879638672,5.025457859039307,-233.79249572753906,-38.35107421875,-207.06387329101562,5.286326103210449,5.406728267669678
190,60.078,200,8,145.66236877441406,-209.0732879638672,5.025457859039307,-233.79249572753906,135.37405395507812,-230.01535034179688,5.283963756561279,5.405858039855957
191,60.398,200,8,145.66236877441406,-209.0732879638672,4.515841007232666,-233.43035888671875,-44.22221755981445,-206.170166015625,5.268892669677735,5.2624969482421875
192,60.709,200,8,145.66236877441406,-209.0732879638672,4.515841007232666,-233.43035888671875,4.569811820983887,-209.06500244140625,5.2797067356109615,5.202327728271484
193,61.025,200,8,145.66236877441406,-209.0732879638672,5.056578159332275,-233.39035034179688,-42.84062194824219,-208.26779174804688,5.259933986663818,5.098049640655518
194,61.335,200,8,145.66236877441406,-209.0732879638672,5.056578159332275,-233.39035034179688,161.75550842285156,-228.65586853027344,5.27486572265625,5.0744524002075195
195,61.654,200,8,145.66236877441406,-209.0732879638672,5.9564642906188965,-233.02020263671875,-12.32211971282959,-212.90618896484375,5.241729602813721,5.18173360824585
196,61.962,200,8,145.66236877441406,-209.0732879638672,5.9564642906188965,-233.02020263671875,-42.902523040771484,-208.25242614746094,5.261253833770752,5.217919826507568
197,62.28,200,8,145.66236877441406,-209.0732879638672,6.295843601226807,-232.99234008789062,171.5499725341797,-230.2105255126953,5.24572645187378,5.320592880249023
198,62.591,200,8,145.66236877441406,-209.0732879638672,6.295843601226807,-232.99234008789062,-24.243228912353516,-206.1802978515625,5.250131063461303,5.26286506652832
199,62.909,200,11,141.80125427246094,-209.0732879638672,5.240779876708984,-232.94886779785156,120.39824676513672,-220.01229858398438,5.209928283691406,5.124932289123535
200,63.218,200,11,141.80125427246094,-209.0732879638672,5.240779876708984,-232.94886779785156,2.809236526489258,-216.67953491210938,5.234412574768067,5.276678085327148
1,0.329,4,2,-23.721010208129883,-304.5106506347656,-48.409603118896484,-309.26116943359375,9.323224067687988,-1.3484240770339966,6.581543245315552,6.48643159866333
2,0.635,4,2,-23.721010208129883,-304.5106506347656,-48.409603118896484,-309.26116943359375,-5.265491962432861,14.585269927978516,6.518779830932617,6.461179733276367
3,0.942,8,2,35.698570251464844,-226.0297088623047,-45.709510803222656,-268.7665100097656,6.302014350891113,-24.201292037963867,6.0862620830535885,6.11831521987915
4,1.24,8,2,35.698570251464844,-226.0297088623047,-45.709510803222656,-268.7665100097656,41.54844284057617,-226.96910095214844,6.05157639503479,6.123225212097168
5,1.549,12,2,35.698570251464844,-226.0297088623047,-72.88147735595703,-259.8352966308594,36.25390625,-226.9827423095703,5.9910861587524415,5.9804253578186035
6,1.874,12,2,35.698570251464844,-226.0297088623047,-72.88147735595703,-259.8352966308594,37.02582550048828,-226.91690063476562,5.964840097427368,6.091290473937988
7,2.184,16,2,35.698570251464844,-226.0297088623047,-67.71360778808594,-258.37744140625,2.7187228202819824,-225.95672607421875,5.962519741058349,5.916369438171387
8,2.486,16,2,35.698570251464844,-226.0297088623047,-67.71360778808594,-258.37744140625,-1.8877469301223755,-226.00347900390625,5.935252246856689,5.843269348144531
9,2.797,20,3,62.913658142089844,-226.0297088623047,-66.35806274414062,-257.51629638671875,-2.0649173259735107,-225.8777618408203,5.957931699752808,6.0302276611328125
10,3.101,20,3,62.913658142089844,-226.0297088623047,-66.35806274414062,-257.51629638671875,64.54518127441406,-249.27589416503906,5.944747848510742,5.929114818572998
11,3.413,24,3,62.913658142089844,-226.0297088623047,-65.97782135009766,-258.53607177734375,72.69844055175781,-257.0747985839844,5.952079954147339,5.907812118530273
12,3.719,24,3,62.913658142089844,-226.0297088623047,-65.97782135009766,-258.53607177734375,15.490705490112305,-225.5110626220703,5.958194894790649,5.994847774505615
13,4.032,28,3,62.913658142089844,-226.0297088623047,-62.0886116027832,-257.5620422363281,36.77244186401367,-221.97723388671875,5.961626882553101,5.954184055328369
14,4.339,28,3,62.913658142089844,-226.0297088623047,-62.0886116027832,-257.5620422363281,76.95671081542969,-251.43545532226562,5.9455246734619145,5.983105182647705
15,4.651,32,3,62.913658142089844,-226.0297088623047,-59.49799346923828,-257.4883117675781,57.20668411254883,-220.0841827392578,5.9596508026123045,5.969622611999512
16,4.964,32,3,62.913658142089844,-226.0297088623047,-59.49799346923828,-257.4883117675781,36.34527587890625,-222.71151733398438,5.932656288146973,5.866384029388428
17,5.283,36,3,65.5283203125,-226.0297088623047,-54.755760192871094,-256.3262634277344,43.81660079956055,-224.70742797851562,5.933121185302735,5.909897804260254
18,5.588,36,3,65.5283203125,-226.0297088623047,-54.755760192871094,-256.3262634277344,41.850502014160156,-223.73757934570312,5.9099279880523685,5.9976911544799805
19,5.899,40,3,65.5283203125,-226.0297088623047,-49.883811950683594,-255.58505249023438,-1.8548622131347656,-222.12164306640625,5.9069004726409915,5.893319129943848
20,6.213,40,3,65.5283203125,-226.0297088623047,-49.883811950683594,-255.58505249023438,78.34521484375,-243.52456665039062,5.912149782180786,5.892070770263672
21,6.548,44,3,65.5283203125,-226.0297088623047,-54.507286071777344,-255.084716796875,69.78840637207031,-246.3369903564453,5.900840196609497,5.90720272064209
22,6.853,44,3,65.5283203125,-226.0297088623047,-54.507286071777344,-255.084716796875,2.247737407684326,-224.69989013671875,5.9003639411926265,6.007683753967285
23,7.176,48,4,103.29483795166016,-226.0297088623047,-50.38276290893555,-254.583251953125,40.08082962036133,-226.36415100097656,5.887305040359497,6.020378112792969
24,7.48,48,4,103.29483795166016,-226.0297088623047,-50.38276290893555,-254.583251953125,2.451472043991089,-224.04379272460938,5.897143907546997,5.871160507202148
25,7.795,52,4,103.29483795166016,-226.0297088623047,-44.68488311767578,-254.52334594726562,66.8419189453125,-239.25526428222656,5.901909008026123,6.0246195793151855
26,8.122,52,4,103.29483795166016,-226.0297088623047,-44.68488311767578,-254.52334594726562,106.727294921875,-246.8262176513672,5.885033264160156,5.880824089050293
27,8.438,56,4,103.29483795166016,-226.0297088623047,-44.94934844970703,-253.8972930908203,0.8205041885375977,-223.55435180664062,5.89222882270813,5.893290996551514
28,8.745,56,4,103.29483795166016,-226.0297088623047,-44.94934844970703,-253.8972930908203,8.61762523651123,-225.09523010253906,5.88083477973938,5.98324728012085
29,9.059,60,4,103.29483795166016,-226.0297088623047,-47.21470260620117,-253.8161163330078,-2.145118236541748,-225.3997802734375,5.875984296798706,5.907259941101074
30,9.366,60,4,103.29483795166016,-226.0297088623047,-47.21470260620117,-253.8161163330078,35.80483627319336,-225.61331176757812,5.878743162155152,5.860959529876709
31,9.682,64,5,103.29483795166016,-226.0297088623047,-42.7671012878418,-253.44125366210938,56.60446548461914,-226.1772003173828,5.872797737121582,5.868086814880371
32,10.005,64,5,103.29483795166016,-226.0297088623047,-42.7671012878418,-253.44125366210938,105.6030502319336,-248.3994598388672,5.879176902770996,5.87815523147583
33,10.345,68,5,103.29483795166016,-226.0297088623047,-39.900611877441406,-253.08811950683594,105.6038589477539,-245.43736267089844,5.862817621231079,5.74741792678833
34,10.66,68,5,103.29483795166016,-226.0297088623047,-39.900611877441406,-253.08811950683594,58.8315544128418,-243.4716339111328,5.869915370941162,5.837134838104248
35,10.974,72,5,103.29483795166016,-226.0297088623047,-38.676353454589844,-252.8557891845703,12.258694648742676,-225.5484161376953,5.866443643569946,5.801983833312988
36,11.282,72,5,103.29483795166016,-226.0297088623047,-38.676353454589844,-252.8557891845703,108.1500244140625,-248.862060546875,5.858711032867432,5.894896507263184
37,11.597,76,5,103.29483795166016,-226.0297088623047,-34.83111572265625,-252.8069305419922,106.93563079833984,-248.66285705566406,5.850081996917725,5.770808219909668
38,11.905,76,5,103.29483795166016,-226.0297088623047,-34.83111572265625,-252.8069305419922,66.76216888427734,-244.090576171875,5.86933500289917,5.907541751861572
39,12.221,80,5,103.29483795166016,-226.0297088623047,-34.33258819580078,-252.4327850341797,41.1653938293457,-226.6938934326172,5.8292945194244385,5.815094947814941
40,12.546,80,5,103.29483795166016,-226.0297088623047,-34.33258819580078,-252.4327850341797,45.044559478759766,-223.63412475585938,5.856067848205567,5.936097621917725
41,12.866,84,5,103.29483795166016,-226.0297088623047,-33.39116668701172,-252.8397979736328,104.86265563964844,-248.37838745117188,5.855658035278321,5.890555381774902
42,13.177,84,5,103.29483795166016,-226.0297088623047,-33.39116668701172,-252.8397979736328,5.082386493682861,-225.612548828125,5.847722730636597,5.98185396194458
43,13.501,88,5,103.29483795166016,-226.0297088623047,-35.72856903076172,-252.71974182128906,108.45856475830078,-248.3740692138672,5.8598786640167235,5.7422685623168945
44,13.813,88,5,103.29483795166016,-226.0297088623047,-35.72856903076172,-252.71974182128906,104.671875,-247.56378173828125,5.847982988357544,5.84099817276001
45,14.128,92,5,103.29483795166016,-226.0297088623047,-36.788516998291016,-252.08035278320312,51.733497619628906,-224.3273468017578,5.833948545455932,5.8022871017456055
46,14.437,92,5,103.29483795166016,-226.0297088623047,-36.788516998291016,-252.08035278320312,47.97127151489258,-223.77630615234375,5.8504698371887205,5.860991477966309
47,14.82,96,5,103.29483795166016,-226.0297088623047,-36.92793655395508,-251.6584014892578,44.86563491821289,-226.2016143798828,5.825653343200684,5.653682708740234
48,15.131,96,5,103.29483795166016,-226.0297088623047,-36.92793655395508,-251.6584014892578,113.76713562011719,-248.4507598876953,5.8308485317230225,5.861811637878418
49,15.471,100,5,103.29483795166016,-226.0297088623047,-35.38899612426758,-251.54327392578125,6.25039529800415,-221.5089874267578,5.808972597122192,5.84692907333374
50,15.78,100,5,103.29483795166016,-226.0297088623047,-35.38899612426758,-251.54327392578125,79.95429229736328,-245.5185546875,5.803451385498047,5.768878936767578
51,16.105,104,4,103.29483795166016,-226.0297088623047,-33.893253326416016,-251.18856811523438,41.88935852050781,-224.06275939941406,5.81098219871521,5.752137184143066
52,16.418,104,4,103.29483795166016,-226.0297088623047,-33.893253326416016,-251.18856811523438,75.79998016357422,-237.48670959472656,5.805364875793457,5.784375190734863
53,16.732,108,5,116.53804779052734,-226.0297088623047,-33.51124954223633,-251.22975158691406,114.76986694335938,-248.09182739257812,5.7964690399169925,5.896868705749512
54,17.039,108,5,116.53804779052734,-226.0297088623047,-33.51124954223633,-251.22975158691406,1.6614537239074707,-219.84033203125,5.8195923328399655,5.845355987548828
55,17.356,112,5,116.53804779052734,-226.0297088623047,-34.86042022705078,-250.7067413330078,8.577439308166504,-221.8986358642578,5.812659893035889,5.803473949432373
56,17.665,112,5,116.53804779052734,-226.0297088623047,-34.86042022705078,-250.7067413330078,76.01210021972656,-236.78582763671875,5.804784574508667,5.654283046722412
57,17.979,116,6,116.53804779052734,-226.0297088623047,-33.64006042480469,-250.46133422851562,78.76000213623047,-236.24803161621094,5.7802497673034665,5.780688762664795
58,18.286,116,6,116.53804779052734,-226.0297088623047,-33.64006042480469,-250.46133422851562,130.1571807861328,-254.59634399414062,5.796175374984741,5.667483806610107
59,18.603,120,6,116.53804779052734,-226.0297088623047,-34.08372497558594,-250.00221252441406,11.778721809387207,-224.29800415039062,5.787329511642456,5.730035781860352
60,18.909,120,6,116.53804779052734,-226.0297088623047,-34.08372497558594,-250.00221252441406,44.49605941772461,-224.63011169433594,5.774796094894409,5.732712745666504
61,19.233,124,7,116.53804779052734,-226.0297088623047,-34.023231506347656,-249.48550415039062,-1.3887361288070679,-221.4357147216797,5.799328460693359,5.829418182373047
62,19.548,124,7,116.53804779052734,-226.0297088623047,-34.023231506347656,-249.48550415039062,41.73107147216797,-225.8511962890625,5.7695210170745845,5.766218185424805
63,19.873,128,7,116.53804779052734,-226.0297088623047,-34.60436248779297,-249.10525512695312,53.456295013427734,-226.4199676513672,5.767425937652588,5.689537048339844
64,20.187,128,7,116.53804779052734,-226.0297088623047,-34.60436248779297,-249.10525512695312,127.08999633789062,-248.90621948242188,5.778966789245605,5.81070613861084
65,20.503,132,7,116.53804779052734,-226.0297088623047,-33.873416900634766,-248.94102478027344,28.857158660888672,-225.05210876464844,5.764884586334229,5.6841020584106445
66,20.833,132,7,116.53804779052734,-226.0297088623047,-33.873416900634766,-248.94102478027344,11.621203422546387,-225.0451202392578,5.743572692871094,5.921159267425537
67,21.151,136,7,116.53804779052734,-226.0297088623047,-34.818355560302734,-248.55422973632812,61.287803649902344,-228.43991088867188,5.752494812011719,5.878604888916016
68,21.467,136,7,116.53804779052734,-226.0297088623047,-34.818355560302734,-248.55422973632812,-2.3248255252838135,-221.85276794433594,5.760664005279541,5.837131500244141
69,21.788,140,7,116.53804779052734,-226.0297088623047,-34.48100662231445,-248.4564666748047,82.03919982910156,-236.93087768554688,5.765330724716186,5.773871421813965
70,22.095,140,7,116.53804779052734,-226.0297088623047,-34.48100662231445,-248.4564666748047,40.430397033691406,-221.89967346191406,5.760918521881104,5.8845038414001465
71,22.414,144,7,116.53804779052734,-226.0297088623047,-34.79972457885742,-248.21832275390625,5.714105606079102,-222.18885803222656,5.74892071723938,5.687617301940918
72,22.726,144,7,116.53804779052734,-226.0297088623047,-34.79972457885742,-248.21832275390625,-2.1677520275115967,-225.80136108398438,5.755340566635132,5.873227119445801
73,23.042,148,7,116.53804779052734,-226.0297088623047,-34.390785217285156,-248.18153381347656,130.14280700683594,-253.6891326904297,5.734979219436646,5.802289962768555
74,23.349,148,7,116.53804779052734,-226.0297088623047,-34.390785217285156,-248.18153381347656,46.9278450012207,-225.8905487060547,5.753525419235229,5.757623672485352
75,23.667,152,7,137.17295837402344,-226.0297088623047,-33.194915771484375,-248.14414978027344,79.82476043701172,-231.13502502441406,5.725979909896851,5.8042426109313965
76,23.978,152,7,137.17295837402344,-226.0297088623047,-33.194915771484375,-248.14414978027344,150.06626892089844,-249.3719482421875,5.730501508712768,5.755858421325684
77,24.295,156,7,137.17295837402344,-226.0297088623047,-33.17441177368164,-247.9501190185547,84.26824188232422,-236.06517028808594,5.725084276199341,5.620604515075684
78,24.605,156,7,137.17295837402344,-226.0297088623047,-33.17441177368164,-247.9501190185547,3.5734031200408936,-224.48458862304688,5.711457147598266,5.801234722137451
79,24.927,160,8,156.37652587890625,-226.0297088623047,-32.502174377441406,-247.9954071044922,153.23876953125,-248.75888061523438,5.732654733657837,5.709239959716797
80,25.241,160,8,156.37652587890625,-226.0297088623047,-32.502174377441406,-247.9954071044922,160.9495086669922,-250.9990692138672,5.724722757339477,5.770284652709961
81,25.569,164,8,156.37652587890625,-226.0297088623047,-32.78419876098633,-248.03392028808594,162.08291625976562,-254.2537384033203,5.7227003955841065,5.734057426452637
82,25.879,164,8,156.37652587890625,-226.0297088623047,-32.78419876098633,-248.03392028808594,7.69631814956665,-222.68922424316406,5.749394645690918,5.895386695861816
83,26.195,168,8,156.37652587890625,-226.0297088623047,-32.2796745300293,-247.88662719726562,5.617451190948486,-225.73846435546875,5.718401145935059,5.627352237701416
84,26.505,168,8,156.37652587890625,-226.0297088623047,-32.2796745300293,-247.88662719726562,159.9493865966797,-248.13641357421875,5.724052238464355,5.749463081359863
85,26.845,172,8,156.37652587890625,-226.0297088623047,-31.222288131713867,-247.80230712890625,75.08917236328125,-231.67225646972656,5.715830764770508,5.762602806091309
86,27.163,172,8,156.37652587890625,-226.0297088623047,-31.222288131713867,-247.80230712890625,144.9342041015625,-249.34909057617188,5.70617018699646,5.722356796264648
87,27.481,176,8,156.37652587890625,-226.0297088623047,-30.95220184326172,-247.55308532714844,80.99190521240234,-233.1597900390625,5.715495710372925,5.679386138916016
88,27.791,176,8,156.37652587890625,-226.0297088623047,-30.95220184326172,-247.55308532714844,162.16038513183594,-253.34115600585938,5.7062396144866945,5.684269905090332
89,28.109,180,6,156.37652587890625,-226.0297088623047,-30.115705490112305,-247.2342071533203,66.55489349365234,-218.77236938476562,5.7079104232788085,5.784904956817627
90,28.42,180,6,156.37652587890625,-226.0297088623047,-30.115705490112305,-247.2342071533203,11.645737648010254,-224.23252868652344,5.720305576324463,5.8265180587768555
91,28.743,184,6,156.37652587890625,-226.0297088623047,-29.78580665588379,-247.0539093017578,116.75348663330078,-228.0493927001953,5.698356828689575,5.837436199188232
92,29.058,184,6,156.37652587890625,-226.0297088623047,-29.78580665588379,-247.0539093017578,124.77164459228516,-246.31149291992188,5.707986354827881,5.684215068817139
93,29.378,188,6,156.37652587890625,-222.05186462402344,-29.56947135925293,-246.56687927246094,3.601447105407715,-225.47740173339844,5.697800321578979,5.748847961425781
94,29.696,188,6,156.37652587890625,-222.05186462402344,-29.56947135925293,-246.56687927246094,190.39418029785156,-251.6444091796875,5.696736364364624,5.598906517028809
95,30.025,192,6,156.37652587890625,-222.05186462402344,-28.769332885742188,-246.49757385253906,124.7667236328125,-223.65782165527344,5.711323070526123,5.806262016296387
96,30.34,192,6,156.37652587890625,-222.05186462402344,-28.769332885742188,-246.49757385253906,190.84368896484375,-253.2357635498047,5.680138626098633,5.691797256469727
97,30.659,196,6,156.37652587890625,-222.05186462402344,-27.595165252685547,-246.3830108642578,158.4547119140625,-246.73196411132812,5.707553043365478,5.807290077209473
98,30.976,196,6,156.37652587890625,-222.05186462402344,-27.595165252685547,-246.3830108642578,158.76992797851562,-254.00694274902344,5.711864929199219,5.5580973625183105
99,31.313,200,4,156.37652587890625,-222.05186462402344,-25.596458435058594,-246.12428283691406,-68.61385345458984,-220.614990234375,5.683747482299805,5.723725318908691
100,31.626,200,4,156.37652587890625,-222.05186462402344,-25.596458435058594,-246.12428283691406,-56.313106536865234,-216.19033813476562,5.695632886886597,5.767812728881836
101,31.946,200,4,156.37652587890625,-222.05186462402344,-24.695524215698242,-244.57504272460938,89.44529724121094,-223.7647247314453,5.643573942184449,5.664693355560303
102,32.262,200,4,156.37652587890625,-222.05186462402344,-24.695524215698242,-244.57504272460938,-70.37439727783203,-217.26393127441406,5.6777011489868165,5.6192169189453125
103,32.585,200,4,156.37652587890625,-222.05186462402344,-23.218524932861328,-244.73226928710938,114.70185852050781,-224.43055725097656,5.664098281860351,5.609456539154053
104,32.919,200,4,156.37652587890625,-222.05186462402344,-23.218524932861328,-244.73226928710938,-33.670936584472656,-220.8250732421875,5.664822397232055,5.589381217956543
105,33.31,200,4,156.37652587890625,-222.05186462402344,-21.769214630126953,-244.61642456054688,151.23379516601562,-229.93362426757812,5.658751564025879,5.666038513183594
106,33.62,200,4,156.37652587890625,-222.05186462402344,-21.769214630126953,-244.61642456054688,114.74667358398438,-219.0725555419922,5.655303688049316,5.632278919219971
107,33.938,200,4,156.37652587890625,-222.05186462402344,-21.482467651367188,-244.1404266357422,114.90170288085938,-220.23765563964844,5.615786027908325,5.54946231842041
108,34.27,200,4,156.37652587890625,-222.05186462402344,-21.482467651367188,-244.1404266357422,-63.730804443359375,-220.62437438964844,5.633963928222657,5.539495944976807
109,34.59,200,4,156.37652587890625,-222.05186462402344,-21.560598373413086,-243.60231018066406,-37.57081604003906,-220.0889892578125,5.6587683296203615,5.719120502471924
110,34.909,200,4,156.37652587890625,-222.05186462402344,-21.560598373413086,-243.60231018066406,129.26832580566406,-220.4789581298828,5.588431367874145,5.619503974914551
111,35.286,200,4,156.37652587890625,-222.05186462402344,-20.041725158691406,-243.2559051513672,160.1968536376953,-253.54759216308594,5.614213848114014,5.696203231811523
112,35.619,200,4,156.37652587890625,-222.05186462402344,-20.041725158691406,-243.2559051513672,156.67547607421875,-254.04063415527344,5.607814092636108,5.629277229309082
113,35.939,200,4,156.37652587890625,-222.05186462402344,-19.700393676757812,-242.7907257080078,-45.302589416503906,-215.09242248535156,5.627045650482177,5.641610145568848
114,36.249,200,4,156.37652587890625,-222.05186462402344,-19.700393676757812,-242.7907257080078,110.53794860839844,-222.10557556152344,5.603501949310303,5.531639099121094
115,36.572,200,4,156.37652587890625,-222.05186462402344,-18.103727340698242,-242.55125427246094,191.35606384277344,-253.18138122558594,5.582426614761353,5.609375
116,36.883,200,4,156.37652587890625,-222.05186462402344,-18.103727340698242,-242.55125427246094,158.52804565429688,-251.6919403076172,5.586600971221924,5.513247013092041
117,37.2,200,4,156.37652587890625,-222.05186462402344,-17.299579620361328,-242.47972106933594,185.69113159179688,-255.0179901123047,5.572564191818238,5.613253116607666
118,37.572,200,4,156.37652587890625,-222.05186462402344,-17.299579620361328,-242.47972106933594,180.4866485595703,-253.58486938476562,5.567222604751587,5.5495147705078125
119,37.928,200,4,156.37652587890625,-222.05186462402344,-16.953126907348633,-242.26748657226562,231.714111328125,-252.84661865234375,5.542382860183716,5.521643161773682
120,38.275,200,4,156.37652587890625,-222.05186462402344,-16.953126907348633,-242.26748657226562,171.4282989501953,-251.19961547851562,5.565150718688965,5.5467529296875
121,38.601,200,4,156.37652587890625,-222.05186462402344,-14.466121673583984,-242.0311279296875,152.7116241455078,-225.45913696289062,5.558012323379517,5.572038650512695
122,38.912,200,4,156.37652587890625,-222.05186462402344,-14.466121673583984,-242.0311279296875,148.9720916748047,-226.46788024902344,5.56578706741333,5.6182756423950195
123,39.232,200,4,156.37652587890625,-222.05186462402344,-16.334869384765625,-241.7449951171875,134.41050720214844,-223.15493774414062,5.52605896949768,5.508411884307861
124,39.566,200,4,156.37652587890625,-222.05186462402344,-16.334869384765625,-241.7449951171875,-74.85095977783203,-214.78416442871094,5.552890996932984,5.388319969177246
125,39.893,200,4,156.37652587890625,-222.05186462402344,-16.63827896118164,-241.2462921142578,-41.473270416259766,-220.44076538085938,5.551531429290772,5.557043552398682
126,40.208,200,4,156.37652587890625,-222.05186462402344,-16.63827896118164,-241.2462921142578,-70.7409896850586,-221.60020446777344,5.537016572952271,5.483510494232178
127,40.526,200,5,156.37652587890625,-222.05186462402344,-14.791728973388672,-240.9048614501953,199.1774444580078,-227.63258361816406,5.518068389892578,5.312369346618652
128,40.833,200,5,156.37652587890625,-222.05186462402344,-14.791728973388672,-240.9048614501953,-55.427181243896484,-221.9503936767578,5.554043788909912,5.543712615966797
129,41.151,200,5,156.37652587890625,-222.05186462402344,-13.929159164428711,-240.59230041503906,149.5428924560547,-229.9166259765625,5.5305226707458495,5.580679893493652
130,41.461,200,5,156.37652587890625,-222.05186462402344,-13.929159164428711,-240.59230041503906,183.046875,-229.80300903320312,5.530701379776001,5.4446516036987305
131,41.834,200,7,156.37652587890625,-222.05186462402344,-13.958850860595703,-240.1300048828125,92.14261627197266,-221.8766632080078,5.5332845687866214,5.514764785766602
132,42.199,200,7,156.37652587890625,-222.05186462402344,-13.958850860595703,-240.1300048828125,167.45028686523438,-253.7327423095703,5.504350347518921,5.668591499328613
133,42.547,200,8,156.37652587890625,-218.55076599121094,-15.112060546875,-239.63504028320312,-43.73850631713867,-216.4856719970703,5.526801481246948,5.529332160949707
134,42.874,200,8,156.37652587890625,-218.55076599121094,-15.112060546875,-239.63504028320312,-25.881004333496094,-218.05352783203125,5.532199478149414,5.522027969360352
135,43.198,200,8,156.37652587890625,-218.55076599121094,-14.71423053741455,-239.4098663330078,172.8965301513672,-253.98402404785156,5.49978328704834,5.355906009674072
136,43.535,200,8,156.37652587890625,-218.55076599121094,-14.71423053741455,-239.4098663330078,-22.756763458251953,-218.1024169921875,5.501116828918457,5.586597442626953
137,43.905,200,9,156.37652587890625,-218.55076599121094,-15.154008865356445,-238.95660400390625,103.66092681884766,-226.0067901611328,5.48924241065979,5.477301597595215
138,44.216,200,9,156.37652587890625,-218.55076599121094,-15.154008865356445,-238.95660400390625,111.51751708984375,-219.1573028564453,5.491806974411011,5.503366947174072
139,44.54,200,9,156.37652587890625,-218.55076599121094,-14.07822036743164,-238.95541381835938,184.84072875976562,-251.16268920898438,5.489829397201538,5.527029991149902
140,44.855,200,9,156.37652587890625,-218.55076599121094,-14.07822036743164,-238.95541381835938,-19.731122970581055,-215.4486846923828,5.490790939331054,5.489430904388428
141,45.183,200,9,156.37652587890625,-218.55076599121094,-13.758562088012695,-238.3193359375,49.73542022705078,-219.5867462158203,5.464699077606201,5.4647135734558105
142,45.508,200,9,156.37652587890625,-218.55076599121094,-13.758562088012695,-238.3193359375,157.86892700195312,-255.0003662109375,5.469037675857544,5.606720447540283
143,45.95,200,9,156.37652587890625,-218.55076599121094,-12.449226379394531,-238.14137268066406,165.4609375,-253.13877868652344,5.450241861343383,5.341883182525635
144,46.351,200,9,156.37652587890625,-218.55076599121094,-12.449226379394531,-238.14137268066406,-15.607280731201172,-214.99948120117188,5.469984798431397,5.415677070617676
145,46.721,200,8,156.37652587890625,-217.47222900390625,-11.753201484680176,-237.76348876953125,-32.11518096923828,-218.1754150390625,5.447753620147705,5.622942924499512
146,47.081,200,8,156.37652587890625,-217.47222900390625,-11.753201484680176,-237.76348876953125,80.8364028930664,-216.0788116455078,5.432164220809937,5.398653507232666
147,47.42,200,8,156.37652587890625,-217.47222900390625,-11.290510177612305,-237.4512481689453,119.89163208007812,-224.08377075195312,5.453235378265381,5.521147727966309
148,47.736,200,8,156.37652587890625,-217.47222900390625,-11.290510177612305,-237.4512481689453,176.80259704589844,-221.7681427001953,5.455664739608765,5.519101619720459
149,48.126,200,8,156.37652587890625,-217.47222900390625,-10.647534370422363,-237.22964477539062,99.190673828125,-224.4193572998047,5.429400281906128,5.4039483070373535
150,48.5,200,8,156.37652587890625,-217.47222900390625,-10.647534370422363,-237.22964477539062,165.7750244140625,-254.94911193847656,5.45151427268982,5.3335700035095215
151,48.845,200,8,156.37652587890625,-217.47222900390625,-9.45546817779541,-237.1980438232422,187.29159545898438,-249.65585327148438,5.425931959152222,5.317841529846191
152,49.236,200,8,156.37652587890625,-217.47222900390625,-9.45546817779541,-237.1980438232422,24.516077041625977,-217.35601806640625,5.426804437637329,5.334380149841309
153,49.904,200,8,156.37652587890625,-217.47222900390625,-10.37633991241455,-236.767578125,-6.806991100311279,-215.28591918945312,5.416729459762573,5.3676676750183105
154,50.247,200,8,156.37652587890625,-217.47222900390625,-10.37633991241455,-236.767578125,-4.938833236694336,-215.23129272460938,5.4193868160247805,5.354272842407227
155,50.574,200,8,156.37652587890625,-217.47222900390625,-8.212292671203613,-236.99783325195312,179.0726318359375,-252.01239013671875,5.415644235610962,5.467782497406006
156,50.898,200,8,156.37652587890625,-217.47222900390625,-8.212292671203613,-236.99783325195312,-3.3411667346954346,-214.31578063964844,5.406625127792358,5.293978691101074
157,51.226,200,8,156.37652587890625,-217.47222900390625,-7.590850353240967,-236.81707763671875,117.0830307006836,-224.2386016845703,5.401556081771851,5.362166881561279
158,51.539,200,8,156.37652587890625,-217.47222900390625,-7.590850353240967,-236.81707763671875,85.7712631225586,-218.38772583007812,5.391902694702148,5.369146823883057
159,51.86,200,8,156.37652587890625,-217.47222900390625,-5.608222484588623,-236.93328857421875,159.14077758789062,-253.24465942382812,5.409971799850464,5.370087623596191
160,52.173,200,8,156.37652587890625,-217.47222900390625,-5.608222484588623,-236.93328857421875,127.26939392089844,-227.5606689453125,5.378054895401001,5.355790138244629
161,52.521,200,8,156.37652587890625,-217.47222900390625,-5.074001312255859,-236.7810516357422,-0.3607217073440552,-207.75746154785156,5.385644016265869,5.291843891143799
162,52.836,200,8,156.37652587890625,-217.47222900390625,-5.074001312255859,-236.7810516357422,88.58419036865234,-220.7923583984375,5.4130391502380375,5.3480939865112305
163,53.246,200,8,156.37652587890625,-217.47222900390625,-4.431633949279785,-236.62452697753906,-9.820306777954102,-216.40269470214844,5.405804023742676,5.568416118621826
164,53.611,200,8,156.37652587890625,-217.47222900390625,-4.431633949279785,-236.62452697753906,171.29244995117188,-253.1702880859375,5.378964757919311,5.409724235534668
165,53.933,200,8,156.37652587890625,-217.47222900390625,-4.390139579772949,-236.3585205078125,123.85362243652344,-224.16561889648438,5.3727038383483885,5.47818660736084
166,54.244,200,8,156.37652587890625,-217.47222900390625,-4.390139579772949,-236.3585205078125,174.8353729248047,-252.24069213867188,5.378661527633667,5.470722198486328
167,54.564,200,8,156.37652587890625,-217.47222900390625,-2.7714896202087402,-236.4908447265625,174.02880859375,-253.79225158691406,5.369790391921997,5.346628189086914
168,54.933,200,8,156.37652587890625,-217.47222900390625,-2.7714896202087402,-236.4908447265625,168.12608337402344,-226.0839385986328,5.370775547027588,5.464296340942383
169,55.259,200,10,156.37652587890625,-209.0732879638672,-3.3952441215515137,-235.8813018798828,5.969980239868164,-213.0170440673828,5.352077074050904,5.365593910217285
170,55.57,200,10,156.37652587890625,-209.0732879638672,-3.3952441215515137,-235.8813018798828,167.9658660888672,-244.3926544189453,5.381150732040405,5.335942268371582
171,55.894,200,10,156.37652587890625,-209.0732879638672,-1.3126351833343506,-235.9150390625,183.0673828125,-254.2395782470703,5.356669502258301,5.312176704406738
172,56.211,200,10,156.37652587890625,-209.0732879638672,-1.3126351833343506,-235.9150390625,123.79743194580078,-228.65267944335938,5.346460399627685,5.333061218261719
173,56.532,200,10,156.37652587890625,-209.0732879638672,-0.45126402378082275,-235.88645935058594,185.04534912109375,-254.58460998535156,5.343040904998779,5.428590774536133
174,56.844,200,10,156.37652587890625,-209.0732879638672,-0.45126402378082275,-235.88645935058594,-9.459477424621582,-209.74166870117188,5.331131191253662,5.423205375671387
175,57.164,200,11,156.37652587890625,-209.0732879638672,-0.3169094920158386,-235.4746551513672,-2.602311611175537,-204.73062133789062,5.356169815063477,5.301685333251953
176,57.476,200,11,156.37652587890625,-209.0732879638672,-0.3169094920158386,-235.4746551513672,126.03842163085938,-221.63619995117188,5.3366694831848145,5.350279808044434
177,57.865,200,11,156.37652587890625,-209.0732879638672,0.8339807391166687,-235.55801391601562,172.50538635253906,-252.57455444335938,5.328909873962402,5.1939311027526855
178,58.176,200,11,156.37652587890625,-209.0732879638672,0.8339807391166687,-235.55801391601562,75.8528823852539,-212.4722900390625,5.336732387542725,5.29090690612793
179,58.496,200,8,145.66236877441406,-209.0732879638672,0.7762266397476196,-235.00714111328125,-39.43819808959961,-205.16575622558594,5.30906198501587,5.3335676193237305
180,58.807,200,8,145.66236877441406,-209.0732879638672,0.7762266397476196,-235.00714111328125,-19.1975154876709,-207.56179809570312,5.320810232162476,5.2200822830200195
181,59.155,200,8,145.66236877441406,-209.0732879638672,2.2817296981811523,-234.6556396484375,3.093691825866699,-216.58013916015625,5.334096384048462,5.283149242401123
182,59.47,200,8,145.66236877441406,-209.0732879638672,2.2817296981811523,-234.6556396484375,148.02566528320312,-227.4458770751953,5.29912335395813,5.298853874206543
183,59.794,200,8,145.66236877441406,-209.0732879638672,3.2396631240844727,-234.29647827148438,-9.542980194091797,-216.50881958007812,5.3253341388702395,5.460687637329102
184,60.109,200,8,145.66236877441406,-209.0732879638672,3.2396631240844727,-234.29647827148438,-27.048662185668945,-207.38864135742188,5.308855895996094,5.339109420776367
185,60.433,200,8,145.66236877441406,-209.0732879638672,4.237592697143555,-233.98651123046875,69.17111206054688,-219.88890075683594,5.290501928329467,5.255489349365234
186,60.747,200,8,145.66236877441406,-209.0732879638672,4.237592697143555,-233.98651123046875,146.1636505126953,-229.82003784179688,5.314300947189331,5.29868745803833
187,61.068,200,8,145.66236877441406,-209.0732879638672,4.413763999938965,-233.97096252441406,116.79896545410156,-220.9578857421875,5.293772897720337,5.256159782409668
188,61.379,200,8,145.66236877441406,-209.0732879638672,4.413763999938965,-233.97096252441406,157.41952514648438,-229.14451599121094,5.277039947509766,5.329426288604736
189,61.767,200,8,145.66236877441406,-209.0732879638672,5.025457859039307,-233.79249572753906,-38.35107421875,-207.06387329101562,5.286326103210449,5.406728267669678
190,62.136,200,8,145.66236877441406,-209.0732879638672,5.025457859039307,-233.79249572753906,135.37405395507812,-230.01535034179688,5.283963756561279,5.405858039855957
191,62.519,200,8,145.66236877441406,-209.0732879638672,4.515841007232666,-233.43035888671875,-44.22221755981445,-206.170166015625,5.268892669677735,5.2624969482421875
192,62.886,200,8,145.66236877441406,-209.0732879638672,4.515841007232666,-233.43035888671875,4.569811820983887,-209.06500244140625,5.2797067356109615,5.202327728271484
193,63.241,200,8,145.66236877441406,-209.0732879638672,5.056578159332275,-233.39035034179688,-42.84062194824219,-208.26779174804688,5.259933986663818,5.098049640655518
194,63.63,200,8,145.66236877441406,-209.0732879638672,5.056578159332275,-233.39035034179688,161.75550842285156,-228.65586853027344,5.27486572265625,5.0744524002075195
195,63.96,200,8,145.66236877441406,-209.0732879638672,5.9564642906188965,-233.02020263671875,-12.32211971282959,-212.90618896484375,5.241729602813721,5.18173360824585
196,64.274,200,8,145.66236877441406,-209.0732879638672,5.9564642906188965,-233.02020263671875,-42.902523040771484,-208.25242614746094,5.261253833770752,5.217919826507568
197,64.598,200,8,145.66236877441406,-209.0732879638672,6.295843601226807,-232.99234008789062,171.5499725341797,-230.2105255126953,5.24572645187378,5.320592880249023
198,64.916,200,8,145.66236877441406,-209.0732879638672,6.295843601226807,-232.99234008789062,-24.243228912353516,-206.1802978515625,5.250131063461303,5.26286506652832
199,65.243,200,11,141.80125427246094,-209.0732879638672,5.240779876708984,-232.94886779785156,120.39824676513672,-220.01229858398438,5.209928283691406,5.124932289123535
200,65.574,200,11,141.80125427246094,-209.0732879638672,5.240779876708984,-232.94886779785156,2.809236526489258,-216.67953491210938,5.234412574768067,5.276678085327148
