iteration,wall_time_s,n_trajectories,pareto_front_size,best_obj0,best_obj1,mean_episode_return_obj0,mean_episode_return_obj1,target_obj0,target_obj1,bc_loss_mean,bc_loss_last
1,0.332,4,3,45.43213653564453,-309.0077819824219,18.434175491333008,-310.1141357421875,-3.2133021354675293,-4.856614589691162,6.595964193344116,6.652102470397949
2,0.622,4,3,45.43213653564453,-309.0077819824219,18.434175491333008,-310.1141357421875,9.54259204864502,8.56220531463623,6.526565771102906,6.480496883392334
3,0.916,8,6,45.43213653564453,-227.5689697265625,-36.41838073730469,-269.55657958984375,6.102784633636475,6.03409481048584,6.1041774559021,6.10905122756958
4,1.25,8,6,45.43213653564453,-227.5689697265625,-36.41838073730469,-269.55657958984375,68.6122817993164,-299.6453552246094,6.0761735725402835,6.010608196258545
5,1.548,12,6,45.43213653564453,-227.5689697265625,-33.54008102416992,-262.2074890136719,-9.112622261047363,-303.8851318359375,5.996007108688355,6.026613712310791
6,1.862,12,6,45.43213653564453,-227.5689697265625,-33.54008102416992,-262.2074890136719,-90.32585906982422,-219.38465881347656,6.00267879486084,5.938442230224609
7,2.16,16,6,45.43213653564453,-227.5689697265625,-32.31184005737305,-260.109130859375,78.84586334228516,-309.62322998046875,5.982501707077026,6.136367321014404
8,2.449,16,6,45.43213653564453,-227.5689697265625,-32.31184005737305,-260.109130859375,56.436031341552734,-297.82159423828125,5.9757660961151124,6.017756938934326
9,2.744,20,8,45.43213653564453,-227.5689697265625,-31.239673614501953,-255.2385711669922,-97.4270248413086,-225.7783966064453,5.920090913772583,5.891999244689941
10,3.034,20,8,45.43213653564453,-227.5689697265625,-31.239673614501953,-255.2385711669922,-12.113797187805176,-232.03213500976562,5.929618606567383,5.9404120445251465
11,3.333,24,6,45.43213653564453,-227.5689697265625,-37.9317626953125,-251.41688537597656,-98.91020965576172,-211.48162841796875,5.882150774002075,5.836489677429199
12,3.624,24,6,45.43213653564453,-227.5689697265625,-37.9317626953125,-251.41688537597656,-98.44784545898438,-218.76992797851562,5.880550947189331,5.855182647705078
13,3.927,28,6,45.43213653564453,-227.5689697265625,-46.906494140625,-249.6408233642578,21.496719360351562,-230.04782104492188,5.888124742507935,5.906010627746582
14,4.212,28,6,45.43213653564453,-227.5689697265625,-46.906494140625,-249.6408233642578,-84.28970336914062,-218.98655700683594,5.8715736770629885,5.79128885269165
15,4.511,32,4,127.50476837158203,-227.5689697265625,-39.296852111816406,-247.76617431640625,-98.93727111816406,-223.12356567382812,5.842420673370361,5.8017964363098145
16,4.802,32,4,127.50476837158203,-227.5689697265625,-39.296852111816406,-247.76617431640625,-82.5408706665039,-227.49440002441406,5.836055135726928,5.802273750305176
17,5.101,36,4,127.50476837158203,-227.5689697265625,-39.75560760498047,-247.55661010742188,-67.33367919921875,-227.3760986328125,5.809579648971558,5.758776664733887
18,5.405,36,4,127.50476837158203,-227.5689697265625,-39.75560760498047,-247.55661010742188,-92.29840087890625,-227.36109924316406,5.861200504302978,5.871906757354736
19,5.71,40,4,127.50476837158203,-227.5689697265625,-39.264564514160156,-247.0146942138672,26.349056243896484,-228.17172241210938,5.825982084274292,5.939101219177246
20,6.019,40,4,127.50476837158203,-227.5689697265625,-39.264564514160156,-247.0146942138672,-78.28594970703125,-226.8013153076172,5.826214838027954,5.78256893157959
21,6.344,44,4,127.50476837158203,-227.5689697265625,-38.3421630859375,-245.78582763671875,127.6065673828125,-233.8225860595703,5.811629314422607,5.895102500915527
22,6.671,44,4,127.50476837158203,-227.5689697265625,-38.3421630859375,-245.78582763671875,-93.82772827148438,-227.3387908935547,5.817317390441895,5.895752429962158
23,7.007,48,4,127.50476837158203,-227.5689697265625,-36.57318878173828,-244.91090393066406,31.91449737548828,-226.92514038085938,5.795080671310425,5.796575546264648
24,7.315,48,4,127.50476837158203,-227.5689697265625,-36.57318878173828,-244.91090393066406,38.15726089477539,-228.0192413330078,5.805659093856812,5.831859111785889
25,7.624,52,4,127.50476837158203,-227.5689697265625,-34.20852279663086,-244.77584838867188,-90.58721160888672,-227.00405883789062,5.806839408874512,5.8574748039245605
26,7.929,52,4,127.50476837158203,-227.5689697265625,-34.20852279663086,-244.77584838867188,66.25798034667969,-226.69500732421875,5.807304248809815,5.839293479919434
27,8.237,56,4,127.50476837158203,-227.5689697265625,-36.317508697509766,-244.21401977539062,160.11660766601562,-233.5132293701172,5.787096195220947,5.769027233123779
28,8.535,56,4,127.50476837158203,-227.5689697265625,-36.317508697509766,-244.21401977539062,149.342529296875,-234.1434783935547,5.8204566097259525,5.926278114318848
29,8.855,60,4,127.50476837158203,-227.5689697265625,-38.85846710205078,-244.03280639648438,-90.82872772216797,-227.31375122070312,5.787096099853516,5.787909507751465
30,9.16,60,4,127.50476837158203,-227.5689697265625,-38.85846710205078,-244.03280639648438,-92.88690948486328,-227.08773803710938,5.775688209533691,5.732400417327881
31,9.49,64,5,127.50476837158203,-227.5689697265625,-38.21626281738281,-243.51731872558594,149.5665740966797,-234.1437225341797,5.793393774032593,5.807491779327393
32,9.787,64,5,127.50476837158203,-227.5689697265625,-38.21626281738281,-243.51731872558594,-57.95391845703125,-227.15232849121094,5.758040542602539,5.743315696716309
33,10.091,68,5,127.50476837158203,-227.5689697265625,-37.27584457397461,-243.00146484375,138.51206970214844,-233.78883361816406,5.778123683929444,5.774746894836426
34,10.388,68,5,127.50476837158203,-227.5689697265625,-37.27584457397461,-243.00146484375,19.014039993286133,-228.01654052734375,5.784731664657593,5.846807479858398
35,10.706,72,5,127.50476837158203,-227.5689697265625,-40.69721603393555,-242.8905487060547,-84.09553527832031,-227.41067504882812,5.776007490158081,5.697549819946289
36,11.011,72,5,127.50476837158203,-227.5689697265625,-40.69721603393555,-242.8905487060547,-76.38262939453125,-226.9975128173828,5.787187376022339,5.753948211669922
37,11.318,76,5,127.50476837158203,-227.5689697265625,-40.86087417602539,-242.76426696777344,99.34888458251953,-229.50845336914062,5.776149129867553,5.8044843673706055
38,11.62,76,5,127.50476837158203,-227.5689697265625,-40.86087417602539,-242.76426696777344,-66.14383697509766,-226.5659637451172,5.784052190780639,5.753680229187012
39,11.957,80,5,127.50476837158203,-227.5689697265625,-44.8852424621582,-242.30322265625,186.258544921875,-233.73439025878906,5.789746685028076,5.864593982696533
40,12.254,80,5,127.50476837158203,-227.5689697265625,-44.8852424621582,-242.30322265625,-83.4994888305664,-227.04063415527344,5.7818509960174564,5.779720306396484
41,12.574,84,5,127.50476837158203,-227.5689697265625,-45.41698455810547,-242.09844970703125,19.883630752563477,-228.08743286132812,5.7787649536132815,5.760007381439209
42,12.882,84,5,127.50476837158203,-227.5689697265625,-45.41698455810547,-242.09844970703125,138.70518493652344,-234.24693298339844,5.803860893249512,5.800415992736816
43,13.195,88,5,127.50476837158203,-227.5689697265625,-46.247257232666016,-242.07470703125,129.81541442871094,-234.4434356689453,5.781398191452026,5.937788963317871
44,13.495,88,5,127.50476837158203,-227.5689697265625,-46.247257232666016,-242.07470703125,-60.56404495239258,-226.81472778320312,5.762210092544556,5.908816814422607
45,13.862,92,5,127.50476837158203,-227.5689697265625,-43.69053268432617,-241.78848266601562,-79.33297729492188,-227.0992889404297,5.76663950920105,5.691379070281982
46,14.191,92,5,127.50476837158203,-227.5689697265625,-43.69053268432617,-241.78848266601562,91.20953369140625,-230.22471618652344,5.763048467636108,5.696567535400391
47,14.495,96,6,171.42999267578125,-227.5689697265625,-41.374813079833984,-241.4603271484375,145.58782958984375,-234.55674743652344,5.761584281921387,5.909870147705078
48,14.804,96,6,171.42999267578125,-227.5689697265625,-41.374813079833984,-241.4603271484375,31.409887313842773,-227.95281982421875,5.74142632484436,5.756648063659668
49,15.119,100,6,171.42999267578125,-227.5689697265625,-41.737152099609375,-241.3306427001953,-90.99655151367188,-226.30020141601562,5.773347482681275,5.853231430053711
50,15.43,100,6,171.42999267578125,-227.5689697265625,-41.737152099609375,-241.3306427001953,55.385040283203125,-228.17440795898438,5.759590501785278,5.742908954620361
51,15.736,104,6,171.42999267578125,-227.5689697265625,-42.32375717163086,-241.16139221191406,130.17970275878906,-233.36598205566406,5.768541870117187,5.800715446472168
52,16.029,104,6,171.42999267578125,-227.5689697265625,-42.32375717163086,-241.16139221191406,190.96453857421875,-235.7441864013672,5.758860998153686,5.697508811950684
53,16.354,108,6,171.42999267578125,-227.5689697265625,-41.96013259887695,-240.8099365234375,111.1869125366211,-228.94053649902344,5.741778802871704,5.744236946105957
54,16.66,108,6,171.42999267578125,-227.5689697265625,-41.96013259887695,-240.8099365234375,212.37002563476562,-236.6243896484375,5.759174041748047,5.7457499504089355
55,16.967,112,6,171.42999267578125,-227.5689697265625,-42.36032485961914,-240.72218322753906,30.267240524291992,-226.71682739257812,5.746204414367676,5.836776256561279
56,17.262,112,6,171.42999267578125,-227.5689697265625,-42.36032485961914,-240.72218322753906,175.70504760742188,-235.99072265625,5.75723295211792,5.696862697601318
57,17.564,116,6,171.42999267578125,-227.5689697265625,-40.56635665893555,-240.4879150390625,115.60760498046875,-230.07606506347656,5.764670066833496,5.779376983642578
58,17.859,116,6,171.42999267578125,-227.5689697265625,-40.56635665893555,-240.4879150390625,33.67515182495117,-227.8145751953125,5.728591203689575,5.576018333435059
59,18.163,120,5,171.42999267578125,-226.77227783203125,-41.403499603271484,-240.17787170410156,28.630197525024414,-227.57395935058594,5.750145006179809,5.79064416885376
60,18.459,120,5,171.42999267578125,-226.77227783203125,-41.403499603271484,-240.17787170410156,-29.35359001159668,-225.9351043701172,5.7441572666168215,5.80626106262207
61,18.764,124,5,171.42999267578125,-226.77227783203125,-44.7834587097168,-239.8756866455078,183.24795532226562,-236.40591430664062,5.7308351516723635,5.820643424987793
62,19.1,124,5,171.42999267578125,-226.77227783203125,-44.7834587097168,-239.8756866455078,132.902099609375,-229.58209228515625,5.754720945358276,5.731479644775391
63,19.432,128,6,171.42999267578125,-226.77227783203125,-43.944580078125,-239.54714965820312,90.48069763183594,-230.13296508789062,5.752464065551758,5.603426933288574
64,19.732,128,6,171.42999267578125,-226.77227783203125,-43.944580078125,-239.54714965820312,196.09335327148438,-236.69619750976562,5.722936649322509,5.577210426330566
65,20.097,132,7,171.42999267578125,-225.08799743652344,-46.53992462158203,-239.2822265625,-59.70530700683594,-225.21295166015625,5.757500019073486,5.706450462341309
66,20.409,132,7,171.42999267578125,-225.08799743652344,-46.53992462158203,-239.2822265625,-49.61970138549805,-224.36019897460938,5.731626930236817,5.748955249786377
67,20.733,136,7,171.42999267578125,-225.08799743652344,-47.303619384765625,-238.9841766357422,177.4991912841797,-236.081787109375,5.720368967056275,5.632072925567627
68,21.034,136,7,171.42999267578125,-225.08799743652344,-47.303619384765625,-238.9841766357422,-45.61124801635742,-224.80276489257812,5.725864706039428,5.628374099731445
69,21.338,140,6,171.42999267578125,-224.5207061767578,-46.50456619262695,-238.7159881591797,200.3953094482422,-236.4947967529297,5.73062614440918,5.634022235870361
70,21.64,140,6,171.42999267578125,-224.5207061767578,-46.50456619262695,-238.7159881591797,4.764617443084717,-224.26220703125,5.739855518341065,5.764110088348389
71,21.951,144,5,171.42999267578125,-224.5207061767578,-45.713768005371094,-238.42127990722656,138.0264892578125,-234.4965362548828,5.719497985839844,5.746817111968994
72,22.254,144,5,171.42999267578125,-224.5207061767578,-45.713768005371094,-238.42127990722656,177.5728302001953,-235.27212524414062,5.712822341918946,5.673670768737793
73,22.563,148,6,171.42999267578125,-223.47463989257812,-45.009483337402344,-238.21664428710938,84.78970336914062,-229.5883026123047,5.727341194152832,5.770592212677002
74,22.88,148,6,171.42999267578125,-223.47463989257812,-45.009483337402344,-238.21664428710938,-28.3459415435791,-221.38055419921875,5.710037593841553,5.6784467697143555
75,23.193,152,6,171.42999267578125,-223.47463989257812,-46.99516677856445,-238.10325622558594,184.17530822753906,-236.58055114746094,5.711146144866944,5.630780220031738
76,23.502,152,6,171.42999267578125,-223.47463989257812,-46.99516677856445,-238.10325622558594,194.07913208007812,-236.35455322265625,5.732813091278076,5.832906723022461
77,23.812,156,6,171.42999267578125,-223.47463989257812,-46.20119857788086,-237.909423828125,149.24542236328125,-233.62374877929688,5.721694211959839,5.70556116104126
78,24.109,156,6,171.42999267578125,-223.47463989257812,-46.20119857788086,-237.909423828125,179.91688537597656,-236.1025848388672,5.717796583175659,5.677900791168213
79,24.419,160,6,171.42999267578125,-223.47463989257812,-45.15874099731445,-237.6508026123047,-18.68500328063965,-223.1032257080078,5.709494142532349,5.5552592277526855
80,24.72,160,6,171.42999267578125,-223.47463989257812,-45.15874099731445,-237.6508026123047,4.47895622253418,-224.51919555664062,5.730910310745239,5.669991493225098
81,25.029,164,6,171.42999267578125,-223.47463989257812,-46.638736724853516,-237.5633544921875,-26.813032150268555,-223.06173706054688,5.706171836853027,5.726517677307129
82,25.327,164,6,171.42999267578125,-223.47463989257812,-46.638736724853516,-237.5633544921875,-24.249637603759766,-222.9583282470703,5.705344638824463,5.756969928741455
83,25.633,168,6,171.42999267578125,-223.47463989257812,-47.34877014160156,-237.44699096679688,1.062469482421875,-224.0179901123047,5.730016107559204,5.719391822814941
84,25.933,168,6,171.42999267578125,-223.47463989257812,-47.34877014160156,-237.44699096679688,137.63967895507812,-232.79051208496094,5.708321533203125,5.828245639801025
85,26.24,172,6,171.42999267578125,-223.47463989257812,-48.35561752319336,-237.38536071777344,111.35261535644531,-230.18203735351562,5.726853456497192,5.790862083435059
86,26.555,172,6,171.42999267578125,-223.47463989257812,-48.35561752319336,-237.38536071777344,75.82442474365234,-224.229248046875,5.706701574325561,5.581726551055908
87,26.87,176,6,171.42999267578125,-223.47463989257812,-48.152610778808594,-237.3505401611328,133.43215942382812,-232.98353576660156,5.72199785232544,5.872844219207764
88,27.171,176,6,171.42999267578125,-223.47463989257812,-48.152610778808594,-237.3505401611328,25.18459701538086,-221.46664428710938,5.706257429122925,5.722945213317871
89,27.482,180,6,171.42999267578125,-223.47463989257812,-49.76262664794922,-237.20938110351562,92.07067108154297,-229.1004638671875,5.699085111618042,5.545928478240967
90,27.803,180,6,171.42999267578125,-223.47463989257812,-49.76262664794922,-237.20938110351562,107.5887222290039,-229.82276916503906,5.690216941833496,5.7274017333984375
91,28.126,184,6,171.42999267578125,-223.47463989257812,-49.344242095947266,-236.99830627441406,96.54027557373047,-223.448486328125,5.711797523498535,5.697094440460205
92,28.437,184,6,171.42999267578125,-223.47463989257812,-49.344242095947266,-236.99830627441406,98.62786865234375,-227.94729614257812,5.708907566070557,5.682099342346191
93,28.749,188,6,171.42999267578125,-221.8883514404297,-49.763816833496094,-236.8047637939453,218.6407470703125,-235.66217041015625,5.6768769359588624,5.743895053863525
94,29.052,188,6,171.42999267578125,-221.8883514404297,-49.763816833496094,-236.8047637939453,141.3761749267578,-234.33570861816406,5.685998706817627,5.650562286376953
95,29.36,192,6,171.42999267578125,-221.8883514404297,-50.70827865600586,-236.7847442626953,197.73704528808594,-233.0796661376953,5.701761131286621,5.716468811035156
96,29.661,192,6,171.42999267578125,-221.8883514404297,-50.70827865600586,-236.7847442626953,5.312211036682129,-221.31568908691406,5.706058731079102,5.713386058807373
97,29.97,196,6,171.42999267578125,-221.8883514404297,-50.79295349121094,-236.62448120117188,-10.21267032623291,-221.1322784423828,5.714222192764282,5.747783184051514
98,30.269,196,6,171.42999267578125,-221.8883514404297,-50.79295349121094,-236.62448120117188,33.018924713134766,-222.62730407714844,5.692778177261353,5.738241195678711
99,30.576,200,6,171.42999267578125,-221.8883514404297,-51.33369445800781,-236.62892150878906,175.42245483398438,-235.5667724609375,5.691836223602295,5.611066818237305
100,30.876,200,6,171.42999267578125,-221.8883514404297,-51.33369445800781,-236.62892150878906,-9.758646011352539,-221.4258575439453,5.722098054885865,5.7237019538879395
101,31.186,200,6,171.42999267578125,-221.8883514404297,-53.289791107177734,-235.17523193359375,172.44969177246094,-235.69468688964844,5.692140455245972,5.749484062194824
102,31.486,200,6,171.42999267578125,-221.8883514404297,-53.289791107177734,-235.17523193359375,182.30026245117188,-232.82623291015625,5.684805870056152,5.638268947601318
103,31.858,200,6,171.42999267578125,-221.8883514404297,-53.6435546875,-235.27027893066406,196.01719665527344,-236.11166381835938,5.693588647842407,5.718637466430664
104,32.159,200,6,171.42999267578125,-221.8883514404297,-53.6435546875,-235.27027893066406,81.37211608886719,-224.62245178222656,5.683713006973266,5.639986991882324
105,32.468,200,6,171.42999267578125,-221.8883514404297,-54.050148010253906,-234.9851531982422,-8.690855026245117,-221.26223754882812,5.680771389007568,5.7431721687316895
106,32.768,200,6,171.42999267578125,-221.8883514404297,-54.050148010253906,-234.9851531982422,186.1881561279297,-234.70880126953125,5.680055198669433,5.671626567840576
107,33.077,200,7,171.42999267578125,-221.8883514404297,-54.144657135009766,-234.5367431640625,175.39810180664062,-234.93002319335938,5.678037996292114,5.56989860534668
108,33.377,200,7,171.42999267578125,-221.8883514404297,-54.144657135009766,-234.5367431640625,-13.338613510131836,-221.36717224121094,5.656416578292847,5.581857681274414
109,33.685,200,8,171.42999267578125,-221.8883514404297,-52.94681167602539,-234.4940185546875,-23.674030303955078,-220.99024963378906,5.68921688079834,5.787384033203125
110,33.981,200,8,171.42999267578125,-221.8883514404297,-52.94681167602539,-234.4940185546875,88.46150970458984,-228.92771911621094,5.659431343078613,5.78316068649292
111,34.292,200,8,171.42999267578125,-221.8883514404297,-52.15886306762695,-234.57078552246094,181.90794372558594,-236.1322784423828,5.6724020195007325,5.755825042724609
112,34.593,200,8,171.42999267578125,-221.8883514404297,-52.15886306762695,-234.57078552246094,17.22461700439453,-222.93959045410156,5.665372858047485,5.612419128417969
113,34.902,200,8,171.42999267578125,-221.8883514404297,-49.47751998901367,-234.44285583496094,-19.13452911376953,-221.36083984375,5.655447759628296,5.684752464294434
114,35.202,200,8,171.42999267578125,-221.8883514404297,-49.47751998901367,-234.44285583496094,171.6778106689453,-236.32223510742188,5.665349416732788,5.778916358947754
115,35.519,200,6,171.42999267578125,-221.8883514404297,-49.924922943115234,-234.34034729003906,-16.86939811706543,-219.63946533203125,5.676064510345459,5.783621788024902
116,35.907,200,6,171.42999267578125,-221.8883514404297,-49.924922943115234,-234.34034729003906,-1.967384934425354,-220.14817810058594,5.66030951499939,5.4687371253967285
117,36.261,200,6,171.42999267578125,-221.8883514404297,-50.35025405883789,-234.0087432861328,197.24600219726562,-234.91111755371094,5.651990375518799,5.614428997039795
118,36.677,200,6,171.42999267578125,-221.8883514404297,-50.35025405883789,-234.0087432861328,192.127685546875,-235.08375549316406,5.683373794555664,5.623844146728516
119,37.094,200,6,171.42999267578125,-221.8883514404297,-49.36417007446289,-233.869140625,8.696449279785156,-221.70529174804688,5.642861118316651,5.547229766845703
120,37.397,200,6,171.42999267578125,-221.8883514404297,-49.36417007446289,-233.869140625,-19.270349502563477,-221.772216796875,5.659138708114624,5.693301200866699
121,37.712,200,6,171.42999267578125,-221.8883514404297,-50.65925598144531,-233.83135986328125,69.09212493896484,-224.49014282226562,5.660566310882569,5.703218460083008
122,38.015,200,6,171.42999267578125,-221.8883514404297,-50.65925598144531,-233.83135986328125,-22.355688095092773,-220.20614624023438,5.645769662857056,5.527520179748535
123,38.327,200,6,171.42999267578125,-221.8883514404297,-52.281883239746094,-233.69149780273438,82.41263580322266,-223.51138305664062,5.659508323669433,5.792738914489746
124,38.635,200,6,171.42999267578125,-221.8883514404297,-52.281883239746094,-233.69149780273438,25.16160011291504,-221.911865234375,5.66959439277649,5.642625331878662
125,38.948,200,6,171.42999267578125,-221.8883514404297,-52.1697883605957,-233.38426208496094,121.90734100341797,-228.1588134765625,5.657076015472412,5.732394695281982
126,39.254,200,6,171.42999267578125,-221.8883514404297,-52.1697883605957,-233.38426208496094,13.479897499084473,-221.85433959960938,5.6558648872375485,5.648726463317871
127,39.57,200,6,171.42999267578125,-221.8883514404297,-52.13664245605469,-233.20034790039062,17.820293426513672,-221.8292236328125,5.6430364513397215,5.72477388381958
128,39.888,200,6,171.42999267578125,-221.8883514404297,-52.13664245605469,-233.20034790039062,83.4374008178711,-223.19711303710938,5.6600706672668455,5.602217674255371
129,40.21,200,6,171.42999267578125,-221.8883514404297,-51.390628814697266,-233.04344177246094,171.5044708251953,-233.01055908203125,5.649843854904175,5.720296382904053
130,40.52,200,6,171.42999267578125,-221.8883514404297,-51.390628814697266,-233.04344177246094,121.39273071289062,-225.94898986816406,5.643082981109619,5.659084320068359
131,40.855,200,6,171.42999267578125,-221.8883514404297,-50.69648361206055,-233.04876708984375,181.8614501953125,-235.415283203125,5.644110164642334,5.6722798347473145
132,41.198,200,6,171.42999267578125,-221.8883514404297,-50.69648361206055,-233.04876708984375,23.381046295166016,-220.35232543945312,5.634358806610107,5.665652275085449
133,41.52,200,6,211.00909423828125,-221.8883514404297,-50.129974365234375,-232.9585723876953,1.4224841594696045,-220.8615264892578,5.625374145507813,5.497289180755615
134,41.825,200,6,211.00909423828125,-221.8883514404297,-50.129974365234375,-232.9585723876953,88.81970977783203,-224.82313537597656,5.653338356018066,5.730347633361816
135,42.138,200,6,211.00909423828125,-221.8883514404297,-48.370792388916016,-232.7499542236328,-7.044515132904053,-220.74517822265625,5.626810350418091,5.568780899047852
136,42.441,200,6,211.00909423828125,-221.8883514404297,-48.370792388916016,-232.7499542236328,250.56846618652344,-232.70892333984375,5.640081834793091,5.6927690505981445
137,42.758,200,6,211.00909423828125,-221.8883514404297,-48.61612319946289,-232.6619110107422,140.83787536621094,-226.75428771972656,5.629193830490112,5.747955799102783
138,43.062,200,6,211.00909423828125,-221.8883514404297,-48.61612319946289,-232.6619110107422,12.835153579711914,-222.9185333251953,5.656231136322021,5.600189208984375
139,43.373,200,6,211.00909423828125,-221.8883514404297,-46.2889289855957,-232.60372924804688,128.14132690429688,-231.19273376464844,5.6275981998443605,5.519746780395508
140,43.694,200,6,211.00909423828125,-221.8883514404297,-46.2889289855957,-232.60372924804688,119.15897369384766,-227.1301727294922,5.619459800720215,5.598453521728516
141,44.011,200,6,211.00909423828125,-221.8883514404297,-45.70066833496094,-232.5839080810547,127.00548553466797,-231.1363067626953,5.645723943710327,5.736008167266846
142,44.317,200,6,211.00909423828125,-221.8883514404297,-45.70066833496094,-232.5839080810547,238.38795471191406,-232.75103759765625,5.631932868957519,5.654757022857666
143,44.63,200,6,211.00909423828125,-221.8883514404297,-45.721435546875,-232.37948608398438,-21.784549713134766,-221.2640380859375,5.625977354049683,5.677777290344238
144,44.932,200,6,211.00909423828125,-221.8883514404297,-45.721435546875,-232.37948608398438,241.03341674804688,-232.1621856689453,5.630834236145019,5.709765434265137
145,45.248,200,6,211.00909423828125,-221.8883514404297,-46.683815002441406,-232.21534729003906,-11.374428749084473,-219.3603515625,5.634381875991822,5.60298490524292
146,45.553,200,6,211.00909423828125,-221.8883514404297,-46.683815002441406,-232.21534729003906,217.47987365722656,-233.25193786621094,5.63893419265747,5.793351173400879
147,45.863,200,6,211.00909423828125,-221.8883514404297,-47.653682708740234,-232.05149841308594,232.20143127441406,-229.64031982421875,5.613713121414184,5.70314884185791
148,46.179,200,6,211.00909423828125,-221.8883514404297,-47.653682708740234,-232.05149841308594,2.414499044418335,-220.55410766601562,5.609851236343384,5.541048526763916
149,46.535,200,6,211.00909423828125,-221.8883514404297,-47.260711669921875,-231.8798828125,124.44174194335938,-227.70973205566406,5.605950078964233,5.6257524490356445
150,46.841,200,6,211.00909423828125,-221.8883514404297,-47.260711669921875,-231.8798828125,116.64451599121094,-227.49929809570312,5.632076196670532,5.570130825042725
151,47.158,200,7,211.00909423828125,-221.8883514404297,-46.962711334228516,-231.64508056640625,-24.749258041381836,-218.86888122558594,5.6396801567077635,5.543554306030273
152,47.465,200,7,211.00909423828125,-221.8883514404297,-46.962711334228516,-231.64508056640625,125.00889587402344,-229.42796325683594,5.624748582839966,5.603507995605469
153,47.779,200,7,211.00909423828125,-221.8883514404297,-46.23188400268555,-231.68716430664062,148.74197387695312,-232.15975952148438,5.6231911087036135,5.602332592010498
154,48.086,200,7,211.00909423828125,-221.8883514404297,-46.23188400268555,-231.68716430664062,-22.784666061401367,-221.41542053222656,5.6121747684478756,5.6861572265625
155,48.399,200,7,211.00909423828125,-221.8883514404297,-45.65815353393555,-231.5614776611328,259.0843505859375,-230.9169921875,5.618671178817749,5.612288475036621
156,48.704,200,7,211.00909423828125,-221.8883514404297,-45.65815353393555,-231.5614776611328,7.576494216918945,-218.9862823486328,5.646003742218017,5.720550537109375
157,49.016,200,7,211.00909423828125,-221.8883514404297,-48.29316329956055,-231.59066772460938,133.1805419921875,-229.90188598632812,5.621506233215332,5.581145286560059
158,49.322,200,7,211.00909423828125,-221.8883514404297,-48.29316329956055,-231.59066772460938,1.362245798110962,-223.75901794433594,5.609957122802735,5.604471206665039
159,49.635,200,7,211.00909423828125,-221.8883514404297,-49.538482666015625,-231.6383056640625,229.6568145751953,-233.299560546875,5.607992200851441,5.60723352432251
160,49.94,200,7,211.00909423828125,-221.8883514404297,-49.538482666015625,-231.6383056640625,125.1606674194336,-231.4387664794922,5.623182058334351,5.608656406402588
161,50.257,200,7,211.00909423828125,-221.8883514404297,-45.83143997192383,-231.67750549316406,0.5971152782440186,-220.62037658691406,5.628943328857422,5.592319488525391
162,50.563,200,7,211.00909423828125,-221.8883514404297,-45.83143997192383,-231.67750549316406,225.80921936035156,-232.27407836914062,5.616226730346679,5.548230171203613
163,50.881,200,7,211.00909423828125,-221.8883514404297,-45.838035583496094,-231.59812927246094,-14.961432456970215,-221.81808471679688,5.631709728240967,5.627247333526611
164,51.195,200,7,211.00909423828125,-221.8883514404297,-45.838035583496094,-231.59812927246094,22.528154373168945,-221.21408081054688,5.619386854171753,5.591890811920166
165,51.508,200,7,211.00909423828125,-221.8883514404297,-43.872222900390625,-231.6242218017578,121.31468963623047,-231.39254760742188,5.604800233840942,5.5868024826049805
166,51.813,200,7,211.00909423828125,-221.8883514404297,-43.872222900390625,-231.6242218017578,221.3960723876953,-232.3276824951172,5.620159769058228,5.635930061340332
167,52.135,200,7,211.00909423828125,-221.8883514404297,-44.74928665161133,-231.77703857421875,227.95068359375,-232.92897033691406,5.624641094207764,5.642300605773926
168,52.445,200,7,211.00909423828125,-221.8883514404297,-44.74928665161133,-231.77703857421875,75.17498779296875,-225.2696075439453,5.606783895492554,5.483170509338379
169,52.757,200,7,211.00909423828125,-221.8883514404297,-44.43183517456055,-231.80215454101562,-22.406158447265625,-221.4586181640625,5.617688245773316,5.60438346862793
170,53.065,200,7,211.00909423828125,-221.8883514404297,-44.43183517456055,-231.80215454101562,221.81809997558594,-232.7296600341797,5.604956779479981,5.52144193649292
171,53.387,200,7,211.00909423828125,-221.8883514404297,-44.653682708740234,-231.9571533203125,235.17523193359375,-232.62181091308594,5.623402633666992,5.493667125701904
172,53.696,200,7,211.00909423828125,-221.8883514404297,-44.653682708740234,-231.9571533203125,118.7542953491211,-231.10116577148438,5.597715167999268,5.753861427307129
173,54.011,200,7,211.00909423828125,-221.8883514404297,-44.65373229980469,-231.96905517578125,123.55735778808594,-231.1963348388672,5.615713243484497,5.622376441955566
174,54.318,200,7,211.00909423828125,-221.8883514404297,-44.65373229980469,-231.96905517578125,138.26016235351562,-231.29344177246094,5.605175294876099,5.561305046081543
175,54.771,200,7,211.00909423828125,-221.8883514404297,-42.95442199707031,-231.9591064453125,127.63191986083984,-231.79559326171875,5.5954242610931395,5.447157859802246
176,55.081,200,7,211.00909423828125,-221.8883514404297,-42.95442199707031,-231.9591064453125,1.1762046813964844,-220.96456909179688,5.624314756393432,5.665797710418701
177,55.393,200,7,211.00909423828125,-221.8883514404297,-43.046268463134766,-232.14710998535156,137.5593719482422,-231.44635009765625,5.625612545013428,5.615113735198975
178,55.702,200,7,211.00909423828125,-221.8883514404297,-43.046268463134766,-232.14710998535156,120.79923248291016,-224.4165802001953,5.61183952331543,5.564536094665527
179,56.026,200,7,211.00909423828125,-221.8883514404297,-43.727725982666016,-232.1778564453125,55.938758850097656,-222.1537322998047,5.616860466003418,5.655074119567871
180,56.331,200,7,211.00909423828125,-221.8883514404297,-43.727725982666016,-232.1778564453125,57.96881103515625,-223.30567932128906,5.598319435119629,5.567040920257568
181,56.647,200,7,211.00909423828125,-221.8883514404297,-41.954559326171875,-232.11984252929688,127.53620147705078,-230.8716278076172,5.625533399581909,5.6354546546936035
182,56.961,200,7,211.00909423828125,-221.8883514404297,-41.954559326171875,-232.11984252929688,54.00379180908203,-221.8678741455078,5.630922079086304,5.530224800109863
183,57.28,200,7,211.00909423828125,-221.8883514404297,-40.75105285644531,-232.2015838623047,229.8878631591797,-232.04872131347656,5.609956817626953,5.658304214477539
184,57.585,200,7,211.00909423828125,-221.8883514404297,-40.75105285644531,-232.2015838623047,-6.791923999786377,-220.32716369628906,5.588204097747803,5.708730220794678
185,57.899,200,7,211.00909423828125,-221.8883514404297,-39.190799713134766,-232.23521423339844,132.8983917236328,-226.93768310546875,5.628522081375122,5.612037658691406
186,58.217,200,7,211.00909423828125,-221.8883514404297,-39.190799713134766,-232.23521423339844,115.26758575439453,-231.7998809814453,5.6228009223937985,5.631963729858398
187,58.541,200,7,211.00909423828125,-221.8883514404297,-39.066062927246094,-232.22824096679688,-16.753211975097656,-220.8904266357422,5.620026559829712,5.596531867980957
188,58.846,200,7,211.00909423828125,-221.8883514404297,-39.066062927246094,-232.22824096679688,65.82051086425781,-224.88330078125,5.6131633758544925,5.63602352142334
189,59.162,200,7,211.00909423828125,-221.8883514404297,-36.906288146972656,-232.2742919921875,244.91607666015625,-232.98654174804688,5.614604024887085,5.440512180328369
190,59.474,200,7,211.00909423828125,-221.8883514404297,-36.906288146972656,-232.2742919921875,-11.676226615905762,-221.36436462402344,5.608655738830566,5.616483688354492
191,59.791,200,7,211.00909423828125,-221.8883514404297,-36.526363372802734,-232.47640991210938,226.41372680664062,-233.01109313964844,5.600330743789673,5.692696571350098
192,60.1,200,7,211.00909423828125,-221.8883514404297,-36.526363372802734,-232.47640991210938,93.90565490722656,-227.11720275878906,5.593357248306274,5.575653076171875
193,60.41,200,7,211.00909423828125,-223.38677978515625,-36.036865234375,-232.51242065429688,3.4109764099121094,-220.80850219726562,5.594506587982178,5.545282363891602
194,60.719,200,7,211.00909423828125,-223.38677978515625,-36.036865234375,-232.51242065429688,213.03297424316406,-232.5636444091797,5.62587387084961,5.636118412017822
195,61.055,200,7,211.00909423828125,-223.38677978515625,-33.09600067138672,-232.53858947753906,222.03135681152344,-232.61058044433594,5.622793464660645,5.70665168762207
196,61.358,200,7,211.00909423828125,-223.38677978515625,-33.09600067138672,-232.53858947753906,132.06649780273438,-228.2262725830078,5.637086429595947,5.7173051834106445
197,61.672,200,7,211.00909423828125,-223.38677978515625,-31.411293029785156,-232.70359802246094,68.19154357910156,-223.3690948486328,5.62449010848999,5.691298484802246
198,61.987,200,7,211.00909423828125,-223.38677978515625,-31.411293029785156,-232.70359802246094,150.10426330566406,-225.72793579101562,5.607663259506226,5.630458354949951
199,62.302,200,7,211.00909423828125,-223.38677978515625,-29.627456665039062,-232.6913299560547,-123.7186508178711,-222.70472717285156,5.615926485061646,5.710483551025391
200,62.607,200,7,211.00909423828125,-223.38677978515625,-29.627456665039062,-232.6913299560547,-146.4359893798828,-222.7989044189453,5.619476909637451,5.491093158721924
1,0.345,4,2,47.4015007019043,-309.0077819824219,9.018614768981934,-310.10809326171875,-3.2133021354675293,-4.856614589691162,6.5967836093902585,6.655820369720459
2,0.634,4,2,47.4015007019043,-309.0077819824219,9.018614768981934,-310.10809326171875,9.54259204864502,8.56220531463623,6.527690238952637,6.486382484436035
3,0.932,8,5,47.4015007019043,-228.81076049804688,-33.61399841308594,-270.12701416015625,6.102784633636475,6.03409481048584,6.108187255859375,6.121306419372559
4,1.234,8,5,47.4015007019043,-228.81076049804688,-33.61399841308594,-270.12701416015625,76.01871490478516,-299.4509582519531,6.082649869918823,6.036479473114014
5,1.532,12,6,47.4015007019043,-228.81076049804688,-31.95699119567871,-260.9888610839844,-7.510380268096924,-303.9872131347656,5.9805457973480225,6.009335994720459
6,1.863,12,6,47.4015007019043,-228.81076049804688,-31.95699119567871,-260.9888610839844,-46.94247055053711,-221.20645141601562,5.9901018238067625,5.917024612426758
7,2.224,16,6,47.4015007019043,-228.81076049804688,-38.64638900756836,-256.3695068359375,88.65265655517578,-309.2300109863281,5.938637351989746,6.102592468261719
8,2.527,16,6,47.4015007019043,-228.81076049804688,-38.64638900756836,-256.3695068359375,60.9864387512207,-297.6635437011719,5.9282827568054195,5.956433296203613
9,2.834,20,7,47.4015007019043,-228.81076049804688,-52.267127990722656,-251.90963745117188,-55.709266662597656,-227.4727783203125,5.879023294448853,5.850429534912109
10,3.13,20,7,47.4015007019043,-228.81076049804688,-52.267127990722656,-251.90963745117188,41.536170959472656,-239.83506774902344,5.887672300338745,5.887818336486816
11,3.432,24,8,47.4015007019043,-222.1878204345703,-49.267242431640625,-247.60450744628906,-130.79737854003906,-213.04397583007812,5.83882266998291,5.784294605255127
12,3.725,24,8,47.4015007019043,-222.1878204345703,-49.267242431640625,-247.60450744628906,-23.03559684753418,-222.19168090820312,5.835658979415894,5.799870491027832
13,4.023,28,8,47.4015007019043,-222.1878204345703,-59.18068313598633,-245.15634155273438,-41.5720100402832,-216.25286865234375,5.834420013427734,5.837266445159912
14,4.314,28,8,47.4015007019043,-222.1878204345703,-59.18068313598633,-245.15634155273438,37.72162628173828,-233.037109375,5.81923204421997,5.754347801208496
15,4.675,32,8,47.4015007019043,-222.1878204345703,-57.14768981933594,-244.495361328125,-7.2641777992248535,-235.42286682128906,5.804336223602295,5.766079902648926
16,4.976,32,8,47.4015007019043,-222.1878204345703,-57.14768981933594,-244.495361328125,54.11181640625,-309.10113525390625,5.798459510803223,5.778351306915283
17,5.302,36,8,90.70817565917969,-222.1878204345703,-50.47032165527344,-246.31344604492188,60.254661560058594,-307.6146545410156,5.795380458831787,5.755618095397949
18,5.597,36,8,90.70817565917969,-222.1878204345703,-50.47032165527344,-246.31344604492188,-24.15980339050293,-223.48699951171875,5.846948413848877,5.838519096374512
19,5.902,40,8,90.70817565917969,-222.1878204345703,-58.8838005065918,-245.1859893798828,-37.12823486328125,-221.70301818847656,5.809176015853882,5.922739028930664
20,6.196,40,8,90.70817565917969,-222.1878204345703,-58.8838005065918,-245.1859893798828,40.72571563720703,-237.86468505859375,5.807530879974365,5.766121864318848
21,6.505,44,8,90.70817565917969,-222.1878204345703,-59.1103401184082,-244.7048797607422,90.76874542236328,-256.9700012207031,5.800906038284301,5.880800247192383
22,6.833,44,8,90.70817565917969,-222.1878204345703,-59.1103401184082,-244.7048797607422,-40.986846923828125,-220.9075469970703,5.801680488586426,5.8792924880981445
23,7.152,48,6,90.70817565917969,-222.1878204345703,-58.004940032958984,-243.39422607421875,-33.816741943359375,-214.76962280273438,5.77974575996399,5.755481719970703
24,7.477,48,6,90.70817565917969,-222.1878204345703,-58.004940032958984,-243.39422607421875,104.76131439208984,-259.74365234375,5.785059051513672,5.803716659545898
25,7.839,52,7,90.70817565917969,-222.1878204345703,-54.294212341308594,-242.70281982421875,-39.05870819091797,-219.0458526611328,5.78600380897522,5.84058952331543
26,8.15,52,7,90.70817565917969,-222.1878204345703,-54.294212341308594,-242.70281982421875,-13.382031440734863,-213.4896697998047,5.784192190170288,5.790399074554443
27,8.467,56,7,90.70817565917969,-222.1878204345703,-54.5704460144043,-242.35867309570312,32.43985366821289,-222.28419494628906,5.7657036876678465,5.76802396774292
28,8.769,56,7,90.70817565917969,-222.1878204345703,-54.5704460144043,-242.35867309570312,26.0291690826416,-225.7895965576172,5.801009397506714,5.9001946449279785
29,9.082,60,8,90.70817565917969,-222.1878204345703,-50.42361831665039,-242.12997436523438,-39.20241165161133,-220.768310546875,5.765231914520264,5.728011131286621
30,9.38,60,8,90.70817565917969,-222.1878204345703,-50.42361831665039,-242.12997436523438,-40.42704772949219,-219.5112762451172,5.752243089675903,5.707404136657715
31,9.687,64,8,90.70817565917969,-222.1878204345703,-49.81778335571289,-241.98072814941406,72.32683563232422,-239.35838317871094,5.774814167022705,5.81428337097168
32,9.986,64,8,90.70817565917969,-222.1878204345703,-49.81778335571289,-241.98072814941406,-19.64157485961914,-219.8704833984375,5.740026359558105,5.729413032531738
33,10.29,68,8,90.70817565917969,-222.1878204345703,-52.724735260009766,-241.79966735839844,97.25762176513672,-256.7822570800781,5.762997407913208,5.758513927459717
34,10.588,68,8,90.70817565917969,-222.1878204345703,-52.724735260009766,-241.79966735839844,93.37090301513672,-259.7286682128906,5.774335136413574,5.813252925872803
35,10.902,72,8,90.70817565917969,-222.1878204345703,-52.317752838134766,-241.34524536132812,-35.19609451293945,-221.3074188232422,5.761159257888794,5.693933963775635
36,11.199,72,8,90.70817565917969,-222.1878204345703,-52.317752838134766,-241.34524536132812,-30.606842041015625,-219.0093994140625,5.7722571754455565,5.767617225646973
37,11.508,76,8,90.70817565917969,-222.1878204345703,-53.21595001220703,-241.3063507080078,68.53189086914062,-237.4483184814453,5.763866786956787,5.790802001953125
38,11.834,76,8,90.70817565917969,-222.1878204345703,-53.21595001220703,-241.3063507080078,-24.51465606689453,-216.60914611816406,5.765612421035766,5.748218536376953
39,12.162,80,8,90.70817565917969,-222.1878204345703,-51.86906051635742,-241.42745971679688,125.66725158691406,-256.4794616699219,5.779039125442505,5.8075761795043945
40,12.49,80,8,90.70817565917969,-222.1878204345703,-51.86906051635742,-241.42745971679688,-34.8414421081543,-219.24928283691406,5.775042171478272,5.792913436889648
41,12.816,84,8,136.58848571777344,-222.1878204345703,-48.704627990722656,-241.55096435546875,93.88832092285156,-260.1228942871094,5.774928932189941,5.745633602142334
42,13.118,84,8,136.58848571777344,-222.1878204345703,-48.704627990722656,-241.55096435546875,68.13140106201172,-240.6959991455078,5.8039661884307865,5.776747703552246
43,13.487,88,8,136.58848571777344,-222.1878204345703,-50.058780670166016,-241.68008422851562,61.042415618896484,-241.31103515625,5.782214164733887,5.950687408447266
44,13.796,88,8,136.58848571777344,-222.1878204345703,-50.058780670166016,-241.68008422851562,-13.383426666259766,-219.8271484375,5.76142014503479,5.903923034667969
45,14.113,92,8,136.58848571777344,-222.1878204345703,-49.318511962890625,-241.34921264648438,18.027162551879883,-225.91661071777344,5.765847883224487,5.696907997131348
46,14.418,92,8,136.58848571777344,-222.1878204345703,-49.318511962890625,-241.34921264648438,142.60470581054688,-243.93301391601562,5.761754388809204,5.70924186706543
47,14.732,96,8,136.58848571777344,-222.1878204345703,-47.70549011230469,-241.32017517089844,151.00848388671875,-244.05877685546875,5.769279222488404,5.919449806213379
48,15.04,96,8,136.58848571777344,-222.1878204345703,-47.70549011230469,-241.32017517089844,32.58246612548828,-228.2510528564453,5.739059238433838,5.748366832733154
49,15.353,100,8,136.58848571777344,-222.1878204345703,-44.24180221557617,-241.09669494628906,-38.70710372924805,-219.14625549316406,5.772166481018067,5.85959529876709
50,15.661,100,8,136.58848571777344,-222.1878204345703,-44.24180221557617,-241.09669494628906,51.769981384277344,-232.06683349609375,5.756950578689575,5.727933406829834
51,15.981,104,8,136.58848571777344,-222.1878204345703,-45.01599884033203,-241.21165466308594,138.3752899169922,-241.20724487304688,5.76913122177124,5.8094682693481445
52,16.289,104,8,136.58848571777344,-222.1878204345703,-45.01599884033203,-241.21165466308594,97.6729736328125,-230.55020141601562,5.764428615570068,5.723973751068115
53,16.602,108,8,136.58848571777344,-222.1878204345703,-45.719818115234375,-240.9860076904297,154.97254943847656,-240.8870086669922,5.746012983322143,5.745817184448242
54,16.912,108,8,136.58848571777344,-222.1878204345703,-45.719818115234375,-240.9860076904297,111.97140502929688,-232.66024780273438,5.765846576690674,5.7604875564575195
55,17.228,112,8,136.58848571777344,-222.1878204345703,-47.20391082763672,-241.1426239013672,31.819204330444336,-225.28810119628906,5.7538909816741945,5.838153839111328
56,17.538,112,8,136.58848571777344,-222.1878204345703,-47.20391082763672,-241.1426239013672,87.47994995117188,-231.1411895751953,5.760126676559448,5.712259292602539
57,17.854,116,9,136.58848571777344,-222.1878204345703,-45.64460372924805,-241.13525390625,157.92547607421875,-243.60916137695312,5.773362455368042,5.787441730499268
58,18.165,116,9,136.58848571777344,-222.1878204345703,-45.64460372924805,-241.13525390625,25.818090438842773,-227.04620361328125,5.739660549163818,5.58532190322876
59,18.479,120,9,136.58848571777344,-222.1878204345703,-43.60642623901367,-240.97418212890625,22.448163986206055,-226.46939086914062,5.761899604797363,5.807683944702148
60,18.786,120,9,136.58848571777344,-222.1878204345703,-43.60642623901367,-240.97418212890625,162.24794006347656,-237.38917541503906,5.759041328430175,5.802577972412109
61,19.099,124,9,136.58848571777344,-222.1878204345703,-46.5355339050293,-241.07901000976562,29.950511932373047,-228.3412628173828,5.749257898330688,5.833873748779297
62,19.403,124,9,136.58848571777344,-222.1878204345703,-46.5355339050293,-241.07901000976562,49.021793365478516,-226.59669494628906,5.77421350479126,5.705267906188965
63,19.716,128,9,136.58848571777344,-222.1878204345703,-45.854068756103516,-240.85995483398438,18.01691436767578,-227.81126403808594,5.769942541122436,5.631495475769043
64,20.087,128,9,136.58848571777344,-222.1878204345703,-45.854068756103516,-240.85995483398438,39.33892822265625,-228.9812774658203,5.745692348480224,5.625331878662109
65,20.406,132,9,136.58848571777344,-222.1878204345703,-46.043785095214844,-240.6981201171875,140.0645294189453,-235.79693603515625,5.775614385604858,5.707938194274902
66,20.716,132,9,136.58848571777344,-222.1878204345703,-46.043785095214844,-240.6981201171875,111.7271957397461,-230.46426391601562,5.749760274887085,5.760969161987305
67,21.036,136,9,136.58848571777344,-222.1878204345703,-46.390926361083984,-240.61965942382812,17.00359535217285,-226.95021057128906,5.738489484786987,5.650663375854492
68,21.352,136,9,136.58848571777344,-222.1878204345703,-46.390926361083984,-240.61965942382812,123.46429443359375,-232.29852294921875,5.748731861114502,5.643310546875
69,21.672,140,9,136.58848571777344,-222.1878204345703,-46.89925003051758,-240.53713989257812,155.52630615234375,-243.68919372558594,5.753514595031739,5.667117118835449
70,21.982,140,9,136.58848571777344,-222.1878204345703,-46.89925003051758,-240.53713989257812,132.97128295898438,-238.7704315185547,5.765056953430176,5.789813995361328
71,22.301,144,9,136.58848571777344,-222.1878204345703,-47.64176559448242,-240.26597595214844,-33.04277038574219,-222.07212829589844,5.742109937667847,5.759249210357666
72,22.618,144,9,136.58848571777344,-222.1878204345703,-47.64176559448242,-240.26597595214844,27.800827026367188,-226.42266845703125,5.735028333663941,5.714014053344727
73,22.93,148,9,136.58848571777344,-222.1878204345703,-46.400787353515625,-240.0380401611328,-42.967533111572266,-220.96441650390625,5.750667524337769,5.767348289489746
74,23.242,148,9,136.58848571777344,-222.1878204345703,-46.400787353515625,-240.0380401611328,134.37522888183594,-235.76931762695312,5.732551212310791,5.710248947143555
75,23.559,152,9,136.58848571777344,-222.1878204345703,-47.00542068481445,-239.95913696289062,32.4535026550293,-228.790771484375,5.73051040649414,5.660429000854492
76,23.865,152,9,136.58848571777344,-222.1878204345703,-47.00542068481445,-239.95913696289062,41.11027908325195,-228.41673278808594,5.750532665252686,5.842915058135986
77,24.177,156,9,136.58848571777344,-222.1878204345703,-48.16797637939453,-239.7823028564453,-9.235129356384277,-223.09214782714844,5.748489322662354,5.711138725280762
78,24.486,156,9,136.58848571777344,-222.1878204345703,-48.16797637939453,-239.7823028564453,28.731279373168945,-227.99974060058594,5.7426021289825435,5.693193435668945
79,24.802,160,9,136.58848571777344,-222.1878204345703,-45.391700744628906,-239.76913452148438,142.8197021484375,-238.62030029296875,5.737055177688599,5.61225700378418
80,25.107,160,9,136.58848571777344,-222.1878204345703,-45.391700744628906,-239.76913452148438,140.24417114257812,-244.0692901611328,5.754660501480102,5.693790435791016
81,25.42,164,9,136.58848571777344,-222.1878204345703,-45.52062225341797,-239.8144989013672,135.71511840820312,-238.55165100097656,5.73253924369812,5.747096061706543
82,25.724,164,9,136.58848571777344,-222.1878204345703,-45.52062225341797,-239.8144989013672,94.32763671875,-231.981689453125,5.73472601890564,5.771777153015137
83,26.035,168,9,136.58848571777344,-222.1878204345703,-45.13849639892578,-239.81924438476562,137.25787353515625,-243.23980712890625,5.754511957168579,5.742161750793457
84,26.337,168,9,136.58848571777344,-222.1878204345703,-45.13849639892578,-239.81924438476562,-19.3795223236084,-221.71316528320312,5.734948358535767,5.851457118988037
85,26.648,172,9,136.58848571777344,-222.1878204345703,-46.45004653930664,-239.68429565429688,-19.95408058166504,-222.04379272460938,5.754471817016602,5.811994552612305
86,26.949,172,9,136.58848571777344,-222.1878204345703,-46.45004653930664,-239.68429565429688,123.618896484375,-235.60263061523438,5.732305536270141,5.602370738983154
87,27.259,176,9,136.58848571777344,-222.1878204345703,-45.519107818603516,-239.490966796875,-23.057254791259766,-222.03260803222656,5.746071004867554,5.907685279846191
88,27.56,176,9,136.58848571777344,-222.1878204345703,-45.519107818603516,-239.490966796875,95.50929260253906,-225.19642639160156,5.732862854003907,5.7509765625
89,27.87,180,9,136.58848571777344,-222.1878204345703,-47.317745208740234,-239.27578735351562,-36.80812454223633,-220.2538299560547,5.72362979888916,5.5657267570495605
90,28.172,180,9,136.58848571777344,-222.1878204345703,-47.317745208740234,-239.27578735351562,-23.244041442871094,-221.44921875,5.713163871765136,5.754867076873779
91,28.489,184,9,136.58848571777344,-222.1878204345703,-46.80390548706055,-239.17897033691406,105.8145751953125,-227.45848083496094,5.733108329772949,5.719264030456543
92,28.791,184,9,136.58848571777344,-222.1878204345703,-46.80390548706055,-239.17897033691406,-31.076583862304688,-218.34535217285156,5.73316312789917,5.683199882507324
93,29.099,188,10,136.58848571777344,-222.1878204345703,-45.07466506958008,-239.035888671875,54.301673889160156,-226.39743041992188,5.703088607788086,5.767362594604492
94,29.403,188,10,136.58848571777344,-222.1878204345703,-45.07466506958008,-239.035888671875,-31.42392349243164,-221.85504150390625,5.708380632400512,5.66910457611084
95,29.714,192,10,136.58848571777344,-222.1878204345703,-45.231781005859375,-239.1612091064453,160.73361206054688,-238.7252960205078,5.726798477172852,5.7526164054870605
96,30.019,192,10,136.58848571777344,-222.1878204345703,-45.231781005859375,-239.1612091064453,70.8740005493164,-227.67340087890625,5.7306841850280765,5.718996524810791
97,30.33,196,10,136.58848571777344,-222.1878204345703,-45.61370086669922,-239.02391052246094,93.48099517822266,-228.6287841796875,5.739491529464722,5.786800861358643
98,30.631,196,10,136.58848571777344,-222.1878204345703,-45.61370086669922,-239.02391052246094,114.65743255615234,-230.03826904296875,5.719574117660523,5.762735366821289
99,30.942,200,10,136.58848571777344,-222.1878204345703,-45.97419738769531,-239.12281799316406,140.25283813476562,-242.4005126953125,5.718324365615845,5.641509056091309
100,31.251,200,10,136.58848571777344,-222.1878204345703,-45.97419738769531,-239.12281799316406,93.89771270751953,-229.06260681152344,5.7465735530853275,5.736503601074219
101,31.646,200,10,136.58848571777344,-222.1878204345703,-48.11460494995117,-237.7482452392578,85.56019592285156,-231.35389709472656,5.714697656631469,5.765448093414307
102,31.956,200,10,136.58848571777344,-222.1878204345703,-48.11460494995117,-237.7482452392578,-34.178436279296875,-216.46681213378906,5.710025596618652,5.658512592315674
103,32.268,200,10,136.58848571777344,-222.1878204345703,-47.681148529052734,-237.9462127685547,159.1551055908203,-243.20570373535156,5.717331762313843,5.745478630065918
104,32.579,200,10,136.58848571777344,-222.1878204345703,-47.681148529052734,-237.9462127685547,129.1237030029297,-236.290283203125,5.711261339187622,5.664726257324219
105,32.892,200,10,136.58848571777344,-222.1878204345703,-47.50503921508789,-237.90016174316406,58.0217170715332,-227.5944061279297,5.7070188808441165,5.740928649902344
106,33.196,200,10,136.58848571777344,-222.1878204345703,-47.50503921508789,-237.90016174316406,150.13380432128906,-241.1326904296875,5.710448570251465,5.704222679138184
107,33.507,200,10,136.58848571777344,-222.1878204345703,-47.67095184326172,-237.67160034179688,-40.51336669921875,-219.5756072998047,5.706790113449097,5.584954261779785
108,33.81,200,10,136.58848571777344,-222.1878204345703,-47.67095184326172,-237.67160034179688,90.61194610595703,-228.97589111328125,5.6845596981048585,5.615623950958252
109,34.121,200,9,138.02325439453125,-222.1878204345703,-44.83002853393555,-237.77867126464844,44.269866943359375,-227.19248962402344,5.719679565429687,5.832640171051025
110,34.426,200,9,138.02325439453125,-222.1878204345703,-44.83002853393555,-237.77867126464844,-23.801040649414062,-223.17245483398438,5.689846382141114,5.802516937255859
111,34.739,200,8,138.02325439453125,-225.08982849121094,-44.254852294921875,-238.13461303710938,94.31751251220703,-232.21615600585938,5.703670835494995,5.805499076843262
112,35.043,200,8,138.02325439453125,-225.08982849121094,-44.254852294921875,-238.13461303710938,58.24300003051758,-227.09588623046875,5.697211637496948,5.649707794189453
113,35.354,200,9,149.82325744628906,-225.08982849121094,-41.783329010009766,-238.3962860107422,143.9046173095703,-237.95013427734375,5.687683305740356,5.732806205749512
114,35.654,200,9,149.82325744628906,-225.08982849121094,-41.783329010009766,-238.3962860107422,-43.75550842285156,-224.52210998535156,5.702231159210205,5.803814888000488
115,35.965,200,9,149.82325744628906,-225.08982849121094,-41.258888244628906,-238.2988739013672,29.94452476501465,-223.11900329589844,5.7090452194213865,5.817089080810547
116,36.271,200,9,149.82325744628906,-225.08982849121094,-41.258888244628906,-238.2988739013672,161.182373046875,-235.79440307617188,5.696324615478516,5.488948822021484
117,36.6,200,9,149.82325744628906,-225.08982849121094,-42.178436279296875,-237.76629638671875,110.03327941894531,-230.1351776123047,5.679508581161499,5.641785144805908
118,36.919,200,9,149.82325744628906,-225.08982849121094,-42.178436279296875,-237.76629638671875,-23.628042221069336,-222.64984130859375,5.71245400428772,5.633614540100098
119,37.246,200,9,149.82325744628906,-225.08982849121094,-38.411502838134766,-237.79376220703125,55.10729217529297,-226.2420196533203,5.676096773147583,5.582945823669434
120,37.559,200,9,149.82325744628906,-225.08982849121094,-38.411502838134766,-237.79376220703125,155.9522247314453,-247.30255126953125,5.689543581008911,5.744952201843262
121,37.919,200,11,149.82325744628906,-225.08982849121094,-36.25810623168945,-237.57972717285156,24.121435165405273,-226.00393676757812,5.687714776992798,5.729487419128418
122,38.242,200,11,149.82325744628906,-225.08982849121094,-36.25810623168945,-237.57972717285156,141.1155242919922,-235.8820343017578,5.671520128250122,5.551795482635498
123,38.591,200,11,149.82325744628906,-225.08982849121094,-35.04673385620117,-237.59515380859375,37.231929779052734,-224.52426147460938,5.68433952331543,5.81696891784668
124,38.929,200,11,149.82325744628906,-225.08982849121094,-35.04673385620117,-237.59515380859375,103.92520904541016,-225.8020782470703,5.692023286819458,5.681807518005371
125,39.245,200,8,149.82325744628906,-225.08982849121094,-34.289363861083984,-237.47784423828125,44.63147735595703,-228.2168426513672,5.682690954208374,5.758238792419434
126,39.584,200,8,149.82325744628906,-225.08982849121094,-34.289363861083984,-237.47784423828125,150.99864196777344,-234.3942108154297,5.68117919921875,5.664347171783447
127,39.899,200,8,149.82325744628906,-225.08982849121094,-33.37028503417969,-237.44822692871094,133.69700622558594,-229.09625244140625,5.668970012664795,5.750086307525635
128,40.206,200,8,149.82325744628906,-225.08982849121094,-33.37028503417969,-237.44822692871094,166.611328125,-245.00851440429688,5.6852083587646485,5.64913272857666
129,40.519,200,8,149.82325744628906,-225.08982849121094,-33.122230529785156,-237.30636596679688,21.525768280029297,-220.944580078125,5.6775203132629395,5.740297317504883
130,40.823,200,8,149.82325744628906,-225.08982849121094,-33.122230529785156,-237.30636596679688,84.15958404541016,-224.28099060058594,5.663481435775757,5.676641941070557
131,41.136,200,8,149.82325744628906,-225.08982849121094,-32.225181579589844,-237.2481231689453,31.719463348388672,-224.57997131347656,5.663786010742188,5.688060283660889
132,41.446,200,8,149.82325744628906,-225.08982849121094,-32.225181579589844,-237.2481231689453,178.89056396484375,-233.05398559570312,5.653973665237427,5.705427169799805
133,41.765,200,9,259.14556884765625,-225.08982849121094,-28.465974807739258,-237.36419677734375,176.3188018798828,-245.92579650878906,5.649108276367188,5.521973609924316
134,42.07,200,9,259.14556884765625,-225.08982849121094,-28.465974807739258,-237.36419677734375,-15.237581253051758,-225.07412719726562,5.674041090011596,5.757142543792725
135,42.393,200,9,259.14556884765625,-225.08982849121094,-28.370107650756836,-237.42710876464844,45.104774475097656,-224.1458282470703,5.651199989318847,5.600001335144043
136,42.704,200,9,259.14556884765625,-225.08982849121094,-28.370107650756836,-237.42710876464844,309.8512268066406,-247.55055236816406,5.668011837005615,5.731927394866943
137,43.02,200,9,259.14556884765625,-225.08982849121094,-26.838289260864258,-237.33070373535156,18.213167190551758,-223.3792724609375,5.645202989578247,5.774366855621338
138,43.325,200,9,259.14556884765625,-225.08982849121094,-26.838289260864258,-237.33070373535156,-27.928054809570312,-221.7641143798828,5.6784882164001464,5.6247711181640625
139,43.639,200,9,259.14556884765625,-225.08982849121094,-26.063291549682617,-237.2498779296875,111.41156768798828,-226.82260131835938,5.644133472442627,5.518115043640137
140,43.946,200,9,259.14556884765625,-225.08982849121094,-26.063291549682617,-237.2498779296875,84.77130889892578,-225.47216796875,5.640573501586914,5.631954193115234
141,44.259,200,9,259.14556884765625,-225.08982849121094,-25.408620834350586,-237.22816467285156,149.67617797851562,-232.8959197998047,5.657362480163574,5.744960308074951
142,44.563,200,9,259.14556884765625,-225.08982849121094,-25.408620834350586,-237.22816467285156,294.2387390136719,-247.63796997070312,5.648045797348022,5.656830787658691
143,44.875,200,9,259.14556884765625,-225.08982849121094,-22.608474731445312,-237.1544189453125,154.58236694335938,-246.1822052001953,5.641276407241821,5.696847438812256
144,45.179,200,9,259.14556884765625,-225.08982849121094,-22.608474731445312,-237.1544189453125,297.62957763671875,-246.4156494140625,5.646079225540161,5.723267555236816
145,45.49,200,9,259.14556884765625,-225.08982849121094,-21.430429458618164,-237.24777221679688,167.92564392089844,-242.23062133789062,5.649342880249024,5.593755722045898
146,45.791,200,9,259.14556884765625,-225.08982849121094,-21.430429458618164,-237.24777221679688,267.4395751953125,-248.6776885986328,5.652237749099731,5.794716835021973
147,46.104,200,9,259.14556884765625,-225.08982849121094,-22.26565170288086,-237.10140991210938,286.30908203125,-241.18092346191406,5.628604850769043,5.74432373046875
148,46.409,200,9,259.14556884765625,-225.08982849121094,-22.26565170288086,-237.10140991210938,185.59976196289062,-244.70855712890625,5.626486539840698,5.569670677185059
149,46.721,200,10,259.14556884765625,-225.08982849121094,-22.099159240722656,-237.11509704589844,109.94017028808594,-228.2006378173828,5.619046802520752,5.621594429016113
150,47.023,200,10,259.14556884765625,-225.08982849121094,-22.099159240722656,-237.11509704589844,-12.796943664550781,-224.9257354736328,5.644174575805664,5.602154731750488
151,47.336,200,10,259.14556884765625,-225.08982849121094,-19.999897003173828,-236.9289093017578,150.78231811523438,-241.21044921875,5.654849376678467,5.544393539428711
152,47.64,200,10,259.14556884765625,-225.08982849121094,-19.999897003173828,-236.9289093017578,147.11703491210938,-229.34983825683594,5.635988693237305,5.62812614440918
153,47.954,200,9,259.14556884765625,-225.08982849121094,-17.674760818481445,-236.97291564941406,137.81668090820312,-228.8298797607422,5.627936639785767,5.595871925354004
154,48.258,200,9,259.14556884765625,-225.08982849121094,-17.674760818481445,-236.97291564941406,134.2598419189453,-234.39439392089844,5.621900768280029,5.706725120544434
155,48.57,200,9,259.14556884765625,-225.08982849121094,-16.26666831970215,-236.83984375,320.7665710449219,-243.83096313476562,5.628986949920654,5.612990379333496
156,48.891,200,9,259.14556884765625,-225.08982849121094,-16.26666831970215,-236.83984375,173.1756134033203,-229.35214233398438,5.6485856342315675,5.713324546813965
157,49.213,200,9,259.14556884765625,-225.08982849121094,-16.508045196533203,-237.02029418945312,285.95404052734375,-243.89413452148438,5.626207141876221,5.564122200012207
158,49.532,200,9,259.14556884765625,-225.08982849121094,-16.508045196533203,-237.02029418945312,-42.633583068847656,-223.50875854492188,5.618641204833985,5.605999946594238
159,49.878,200,9,259.14556884765625,-225.08982849121094,-17.697677612304688,-237.17849731445312,139.32350158691406,-231.0487518310547,5.609116067886353,5.591069221496582
160,50.261,200,9,259.14556884765625,-225.08982849121094,-17.697677612304688,-237.17849731445312,89.19347381591797,-225.80784606933594,5.624466915130615,5.597696304321289
161,50.582,200,9,259.14556884765625,-225.08982849121094,-13.573254585266113,-237.04751586914062,-10.552361488342285,-222.45782470703125,5.629890928268432,5.596034049987793
162,50.922,200,9,259.14556884765625,-225.08982849121094,-13.573254585266113,-237.04751586914062,176.49998474121094,-234.4236297607422,5.617027740478516,5.551136016845703
163,51.246,200,8,259.14556884765625,-225.08982849121094,-10.743363380432129,-237.01515197753906,34.957176208496094,-226.3729248046875,5.627492370605469,5.635512351989746
164,51.556,200,8,259.14556884765625,-225.08982849121094,-10.743363380432129,-237.01515197753906,17.55799674987793,-223.69020080566406,5.615074234008789,5.567904472351074
165,51.871,200,8,259.14556884765625,-225.08982849121094,-9.240428924560547,-237.0224609375,84.26384735107422,-225.71188354492188,5.5955806064605715,5.568796634674072
166,52.177,200,8,259.14556884765625,-225.08982849121094,-9.240428924560547,-237.0224609375,272.4591979980469,-246.75918579101562,5.615575075149536,5.615549087524414
167,52.495,200,9,259.14556884765625,-225.08982849121094,-7.649276256561279,-237.01107788085938,137.13665771484375,-230.27952575683594,5.614675426483155,5.609342098236084
168,52.814,200,9,259.14556884765625,-225.08982849121094,-7.649276256561279,-237.01107788085938,178.3803253173828,-231.0144500732422,5.593579206466675,5.450256824493408
169,53.131,200,9,259.14556884765625,-225.08982849121094,-7.295331001281738,-236.95620727539062,25.414813995361328,-225.62673950195312,5.609859046936035,5.615927219390869
170,53.437,200,9,259.14556884765625,-225.08982849121094,-7.295331001281738,-236.95620727539062,273.0001220703125,-247.59359741210938,5.591722507476806,5.534371376037598
171,53.772,200,9,259.14556884765625,-225.08982849121094,-5.488677978515625,-237.27084350585938,290.12078857421875,-247.36972045898438,5.609724349975586,5.436938762664795
172,54.077,200,9,259.14556884765625,-225.08982849121094,-5.488677978515625,-237.27084350585938,80.98202514648438,-225.10707092285156,5.585091171264648,5.75593900680542
173,54.452,200,8,259.14556884765625,-226.34754943847656,-5.696195125579834,-237.36566162109375,87.13841247558594,-225.3046112060547,5.595657777786255,5.5807204246521
174,54.757,200,8,259.14556884765625,-226.34754943847656,-5.696195125579834,-237.36566162109375,9.185490608215332,-224.30715942382812,5.583049793243408,5.538205146789551
175,55.072,200,8,259.14556884765625,-226.34754943847656,-3.481826066970825,-237.42605590820312,-3.4344167709350586,-225.29452514648438,5.571123285293579,5.399566173553467
176,55.378,200,8,259.14556884765625,-226.34754943847656,-3.481826066970825,-237.42605590820312,9.991413116455078,-224.53115844726562,5.6053236389160155,5.6299238204956055
177,55.691,200,8,259.14556884765625,-226.34754943847656,-1.0071008205413818,-237.75608825683594,289.1796875,-247.19691467285156,5.598695774078369,5.57451057434082
178,55.998,200,8,259.14556884765625,-226.34754943847656,-1.0071008205413818,-237.75608825683594,86.06901550292969,-225.70448303222656,5.590754079818725,5.52560567855835
179,56.314,200,8,259.14556884765625,-226.34754943847656,-1.3443139791488647,-237.82308959960938,198.70501708984375,-238.27980041503906,5.593842821121216,5.607789993286133
180,56.621,200,8,259.14556884765625,-226.34754943847656,-1.3443139791488647,-237.82308959960938,201.11549377441406,-240.54483032226562,5.57209716796875,5.511649131774902
181,56.935,200,8,259.14556884765625,-226.34754943847656,-0.3365808129310608,-237.70863342285156,-3.5480713844299316,-223.47776794433594,5.5990445518493654,5.585331916809082
182,57.253,200,8,259.14556884765625,-226.34754943847656,-0.3365808129310608,-237.70863342285156,196.40745544433594,-237.7177276611328,5.601996393203735,5.458576202392578
183,57.569,200,8,259.14556884765625,-226.34754943847656,0.40180665254592896,-237.8671875,281.56207275390625,-246.3255157470703,5.578348884582519,5.583856582641602
184,57.878,200,8,259.14556884765625,-226.34754943847656,0.40180665254592896,-237.8671875,43.663326263427734,-223.44906616210938,5.55466510772705,5.66562032699585
185,58.192,200,8,259.14556884765625,-226.34754943847656,4.048617362976074,-238.11732482910156,246.5081329345703,-234.50634765625,5.599782686233521,5.587986469268799
186,58.501,200,8,259.14556884765625,-226.34754943847656,4.048617362976074,-238.11732482910156,-18.115741729736328,-225.3029327392578,5.590379409790039,5.6038312911987305
187,58.817,200,8,259.14556884765625,-226.34754943847656,4.375916957855225,-238.43841552734375,83.0474624633789,-225.69798278808594,5.593265275955201,5.580646514892578
188,59.125,200,8,259.14556884765625,-226.34754943847656,4.375916957855225,-238.43841552734375,181.27816772460938,-233.11090087890625,5.5861788082122805,5.594791889190674
189,59.441,200,8,259.14556884765625,-226.34754943847656,7.024472713470459,-238.92613220214844,299.406494140625,-248.16952514648438,5.587210941314697,5.365391731262207
190,59.745,200,8,259.14556884765625,-226.34754943847656,7.024472713470459,-238.92613220214844,-5.269477367401123,-225.31724548339844,5.583159065246582,5.568780899047852
191,60.148,200,8,259.14556884765625,-226.34754943847656,7.749786376953125,-239.12149047851562,133.7129364013672,-230.49002075195312,5.572277812957764,5.673065185546875
192,60.501,200,8,259.14556884765625,-226.34754943847656,7.749786376953125,-239.12149047851562,200.2084197998047,-234.85934448242188,5.564032363891601,5.5578765869140625
193,60.857,200,9,259.14556884765625,-226.34754943847656,8.30876350402832,-239.3612060546875,55.77818298339844,-224.3955078125,5.570929536819458,5.554790496826172
194,61.254,200,9,259.14556884765625,-226.34754943847656,8.30876350402832,-239.3612060546875,-20.11646270751953,-224.50909423828125,5.600415334701538,5.6299285888671875
195,61.643,200,9,259.14556884765625,-226.34754943847656,10.552285194396973,-239.3856964111328,-13.161483764648438,-224.61521911621094,5.596481885910034,5.686301231384277
196,62.014,200,9,259.14556884765625,-226.34754943847656,10.552285194396973,-239.3856964111328,209.2073211669922,-241.72410583496094,5.606187705993652,5.670775413513184
197,62.427,200,8,259.14556884765625,-226.34754943847656,11.918586730957031,-239.8751220703125,199.7378387451172,-240.630859375,5.600839233398437,5.608543872833252
198,62.9,200,8,259.14556884765625,-226.34754943847656,11.918586730957031,-239.8751220703125,122.28071594238281,-223.6313934326172,5.582971487045288,5.617789268493652
199,63.297,200,8,259.14556884765625,-226.34754943847656,13.884359359741211,-239.9893035888672,194.88697814941406,-233.4924774169922,5.594285507202148,5.699069023132324
200,63.686,200,8,259.14556884765625,-226.34754943847656,13.884359359741211,-239.9893035888672,263.6974792480469,-247.60736083984375,5.600157089233399,5.488095760345459
1,0.337,4,2,47.4015007019043,-309.0077819824219,9.018614768981934,-310.10809326171875,-3.2133021354675293,-4.856614589691162,6.5967836093902585,6.655820369720459
2,0.627,4,2,47.4015007019043,-309.0077819824219,9.018614768981934,-310.10809326171875,9.54259204864502,8.56220531463623,6.527690238952637,6.486382484436035
3,0.927,8,5,47.4015007019043,-228.81076049804688,-33.61399841308594,-270.12701416015625,6.102784633636475,6.03409481048584,6.108187255859375,6.121306419372559
4,1.22,8,5,47.4015007019043,-228.81076049804688,-33.61399841308594,-270.12701416015625,76.01871490478516,-299.4509582519531,6.082649869918823,6.036479473114014
5,1.582,12,6,47.4015007019043,-228.81076049804688,-31.95699119567871,-260.9888610839844,-7.510380268096924,-303.9872131347656,5.9805457973480225,6.009335994720459
6,1.889,12,6,47.4015007019043,-228.81076049804688,-31.95699119567871,-260.9888610839844,-46.94247055053711,-221.20645141601562,5.9901018238067625,5.917024612426758
7,2.196,16,6,47.4015007019043,-228.81076049804688,-38.64638900756836,-256.3695068359375,88.65265655517578,-309.2300109863281,5.938637351989746,6.102592468261719
8,2.486,16,6,47.4015007019043,-228.81076049804688,-38.64638900756836,-256.3695068359375,60.9864387512207,-297.6635437011719,5.9282827568054195,5.956433296203613
9,2.784,20,7,47.4015007019043,-228.81076049804688,-52.267127990722656,-251.90963745117188,-55.709266662597656,-227.4727783203125,5.879023294448853,5.850429534912109
10,3.073,20,7,47.4015007019043,-228.81076049804688,-52.267127990722656,-251.90963745117188,41.536170959472656,-239.83506774902344,5.887672300338745,5.887818336486816
11,3.384,24,8,47.4015007019043,-222.1878204345703,-49.267242431640625,-247.60450744628906,-130.79737854003906,-213.04397583007812,5.83882266998291,5.784294605255127
12,3.675,24,8,47.4015007019043,-222.1878204345703,-49.267242431640625,-247.60450744628906,-23.03559684753418,-222.19168090820312,5.835658979415894,5.799870491027832
13,3.974,28,8,47.4015007019043,-222.1878204345703,-59.18068313598633,-245.15634155273438,-41.5720100402832,-216.25286865234375,5.834420013427734,5.837266445159912
14,4.338,28,8,47.4015007019043,-222.1878204345703,-59.18068313598633,-245.15634155273438,37.72162628173828,-233.037109375,5.81923204421997,5.754347801208496
15,4.68,32,8,47.4015007019043,-222.1878204345703,-57.14768981933594,-244.495361328125,-7.2641777992248535,-235.42286682128906,5.804336223602295,5.766079902648926
16,4.973,32,8,47.4015007019043,-222.1878204345703,-57.14768981933594,-244.495361328125,54.11181640625,-309.10113525390625,5.798459510803223,5.778351306915283
17,5.273,36,8,90.70817565917969,-222.1878204345703,-50.47032165527344,-246.31344604492188,60.254661560058594,-307.6146545410156,5.795380458831787,5.755618095397949
18,5.57,36,8,90.70817565917969,-222.1878204345703,-50.47032165527344,-246.31344604492188,-24.15980339050293,-223.48699951171875,5.846948413848877,5.838519096374512
19,6.006,40,8,90.70817565917969,-222.1878204345703,-58.8838005065918,-245.1859893798828,-37.12823486328125,-221.70301818847656,5.809176015853882,5.922739028930664
20,6.306,40,8,90.70817565917969,-222.1878204345703,-58.8838005065918,-245.1859893798828,40.72571563720703,-237.86468505859375,5.807530879974365,5.766121864318848
21,6.611,44,8,90.70817565917969,-222.1878204345703,-59.1103401184082,-244.7048797607422,90.76874542236328,-256.9700012207031,5.800906038284301,5.880800247192383
22,6.908,44,8,90.70817565917969,-222.1878204345703,-59.1103401184082,-244.7048797607422,-40.986846923828125,-220.9075469970703,5.801680488586426,5.8792924880981445
23,7.222,48,6,90.70817565917969,-222.1878204345703,-58.004940032958984,-243.39422607421875,-33.816741943359375,-214.76962280273438,5.77974575996399,5.755481719970703
24,7.522,48,6,90.70817565917969,-222.1878204345703,-58.004940032958984,-243.39422607421875,104.76131439208984,-259.74365234375,5.785059051513672,5.803716659545898
25,7.827,52,7,90.70817565917969,-222.1878204345703,-54.294212341308594,-242.70281982421875,-39.05870819091797,-219.0458526611328,5.78600380897522,5.84058952331543
26,8.125,52,7,90.70817565917969,-222.1878204345703,-54.294212341308594,-242.70281982421875,-13.382031440734863,-213.4896697998047,5.784192190170288,5.790399074554443
27,8.439,56,7,90.70817565917969,-222.1878204345703,-54.5704460144043,-242.35867309570312,32.43985366821289,-222.28419494628906,5.7657036876678465,5.76802396774292
28,8.737,56,7,90.70817565917969,-222.1878204345703,-54.5704460144043,-242.35867309570312,26.0291690826416,-225.7895965576172,5.801009397506714,5.9001946449279785
29,9.042,60,8,90.70817565917969,-222.1878204345703,-50.42361831665039,-242.12997436523438,-39.20241165161133,-220.768310546875,5.765231914520264,5.728011131286621
30,9.341,60,8,90.70817565917969,-222.1878204345703,-50.42361831665039,-242.12997436523438,-40.42704772949219,-219.5112762451172,5.752243089675903,5.707404136657715
31,9.657,64,8,90.70817565917969,-222.1878204345703,-49.81778335571289,-241.98072814941406,72.32683563232422,-239.35838317871094,5.774814167022705,5.81428337097168
32,9.956,64,8,90.70817565917969,-222.1878204345703,-49.81778335571289,-241.98072814941406,-19.64157485961914,-219.8704833984375,5.740026359558105,5.729413032531738
33,10.261,68,8,90.70817565917969,-222.1878204345703,-52.724735260009766,-241.79966735839844,97.25762176513672,-256.7822570800781,5.762997407913208,5.758513927459717
34,10.558,68,8,90.70817565917969,-222.1878204345703,-52.724735260009766,-241.79966735839844,93.37090301513672,-259.7286682128906,5.774335136413574,5.813252925872803
35,10.873,72,8,90.70817565917969,-222.1878204345703,-52.317752838134766,-241.34524536132812,-35.19609451293945,-221.3074188232422,5.761159257888794,5.693933963775635
36,11.181,72,8,90.70817565917969,-222.1878204345703,-52.317752838134766,-241.34524536132812,-30.606842041015625,-219.0093994140625,5.7722571754455565,5.767617225646973
37,11.49,76,8,90.70817565917969,-222.1878204345703,-53.21595001220703,-241.3063507080078,68.53189086914062,-237.4483184814453,5.763866786956787,5.790802001953125
38,11.813,76,8,90.70817565917969,-222.1878204345703,-53.21595001220703,-241.3063507080078,-24.51465606689453,-216.60914611816406,5.765612421035766,5.748218536376953
39,12.126,80,8,90.70817565917969,-222.1878204345703,-51.86906051635742,-241.42745971679688,125.66725158691406,-256.4794616699219,5.779039125442505,5.8075761795043945
40,12.427,80,8,90.70817565917969,-222.1878204345703,-51.86906051635742,-241.42745971679688,-34.8414421081543,-219.24928283691406,5.775042171478272,5.792913436889648
41,12.743,84,8,136.58848571777344,-222.1878204345703,-48.704627990722656,-241.55096435546875,93.88832092285156,-260.1228942871094,5.774928932189941,5.745633602142334
42,13.058,84,8,136.58848571777344,-222.1878204345703,-48.704627990722656,-241.55096435546875,68.13140106201172,-240.6959991455078,5.8039661884307865,5.776747703552246
43,13.606,88,8,136.58848571777344,-222.1878204345703,-50.058780670166016,-241.68008422851562,61.042415618896484,-241.31103515625,5.782214164733887,5.950687408447266
44,13.943,88,8,136.58848571777344,-222.1878204345703,-50.058780670166016,-241.68008422851562,-13.383426666259766,-219.8271484375,5.76142014503479,5.903923034667969
45,14.254,92,8,136.58848571777344,-222.1878204345703,-49.318511962890625,-241.34921264648438,18.027162551879883,-225.91661071777344,5.765847883224487,5.696907997131348
46,14.555,92,8,136.58848571777344,-222.1878204345703,-49.318511962890625,-241.34921264648438,142.60470581054688,-243.93301391601562,5.761754388809204,5.70924186706543
47,14.867,96,8,136.58848571777344,-222.1878204345703,-47.70549011230469,-241.32017517089844,151.00848388671875,-244.05877685546875,5.769279222488404,5.919449806213379
48,15.174,96,8,136.58848571777344,-222.1878204345703,-47.70549011230469,-241.32017517089844,32.58246612548828,-228.2510528564453,5.739059238433838,5.748366832733154
49,15.486,100,8,136.58848571777344,-222.1878204345703,-44.24180221557617,-241.09669494628906,-38.70710372924805,-219.14625549316406,5.772166481018067,5.85959529876709
50,15.788,100,8,136.58848571777344,-222.1878204345703,-44.24180221557617,-241.09669494628906,51.769981384277344,-232.06683349609375,5.756950578689575,5.727933406829834
51,16.104,104,8,136.58848571777344,-222.1878204345703,-45.01599884033203,-241.21165466308594,138.3752899169922,-241.20724487304688,5.76913122177124,5.8094682693481445
52,16.41,104,8,136.58848571777344,-222.1878204345703,-45.01599884033203,-241.21165466308594,97.6729736328125,-230.55020141601562,5.764428615570068,5.723973751068115
53,16.72,108,8,136.58848571777344,-222.1878204345703,-45.719818115234375,-240.9860076904297,154.97254943847656,-240.8870086669922,5.746012983322143,5.745817184448242
54,17.023,108,8,136.58848571777344,-222.1878204345703,-45.719818115234375,-240.9860076904297,111.97140502929688,-232.66024780273438,5.765846576690674,5.7604875564575195
55,17.334,112,8,136.58848571777344,-222.1878204345703,-47.20391082763672,-241.1426239013672,31.819204330444336,-225.28810119628906,5.7538909816741945,5.838153839111328
56,17.645,112,8,136.58848571777344,-222.1878204345703,-47.20391082763672,-241.1426239013672,87.47994995117188,-231.1411895751953,5.760126676559448,5.712259292602539
57,17.959,116,9,136.58848571777344,-222.1878204345703,-45.64460372924805,-241.13525390625,157.92547607421875,-243.60916137695312,5.773362455368042,5.787441730499268
58,18.263,116,9,136.58848571777344,-222.1878204345703,-45.64460372924805,-241.13525390625,25.818090438842773,-227.04620361328125,5.739660549163818,5.58532190322876
59,18.572,120,9,136.58848571777344,-222.1878204345703,-43.60642623901367,-240.97418212890625,22.448163986206055,-226.46939086914062,5.761899604797363,5.807683944702148
60,18.883,120,9,136.58848571777344,-222.1878204345703,-43.60642623901367,-240.97418212890625,162.24794006347656,-237.38917541503906,5.759041328430175,5.802577972412109
61,19.195,124,9,136.58848571777344,-222.1878204345703,-46.5355339050293,-241.07901000976562,29.950511932373047,-228.3412628173828,5.749257898330688,5.833873748779297
62,19.498,124,9,136.58848571777344,-222.1878204345703,-46.5355339050293,-241.07901000976562,49.021793365478516,-226.59669494628906,5.77421350479126,5.705267906188965
63,19.807,128,9,136.58848571777344,-222.1878204345703,-45.854068756103516,-240.85995483398438,18.01691436767578,-227.81126403808594,5.769942541122436,5.631495475769043
64,20.112,128,9,136.58848571777344,-222.1878204345703,-45.854068756103516,-240.85995483398438,39.33892822265625,-228.9812774658203,5.745692348480224,5.625331878662109
65,20.428,132,9,136.58848571777344,-222.1878204345703,-46.043785095214844,-240.6981201171875,140.0645294189453,-235.79693603515625,5.775614385604858,5.707938194274902
66,20.73,132,9,136.58848571777344,-222.1878204345703,-46.043785095214844,-240.6981201171875,111.7271957397461,-230.46426391601562,5.749760274887085,5.760969161987305
67,21.04,136,9,136.58848571777344,-222.1878204345703,-46.390926361083984,-240.61965942382812,17.00359535217285,-226.95021057128906,5.738489484786987,5.650663375854492
68,21.35,136,9,136.58848571777344,-222.1878204345703,-46.390926361083984,-240.61965942382812,123.46429443359375,-232.29852294921875,5.748731861114502,5.643310546875
69,21.663,140,9,136.58848571777344,-222.1878204345703,-46.89925003051758,-240.53713989257812,155.52630615234375,-243.68919372558594,5.753514595031739,5.667117118835449
70,22.036,140,9,136.58848571777344,-222.1878204345703,-46.89925003051758,-240.53713989257812,132.97128295898438,-238.7704315185547,5.765056953430176,5.789813995361328
71,22.357,144,9,136.58848571777344,-222.1878204345703,-47.64176559448242,-240.26597595214844,-33.04277038574219,-222.07212829589844,5.742109937667847,5.759249210357666
72,22.658,144,9,136.58848571777344,-222.1878204345703,-47.64176559448242,-240.26597595214844,27.800827026367188,-226.42266845703125,5.735028333663941,5.714014053344727
73,22.981,148,9,136.58848571777344,-222.1878204345703,-46.400787353515625,-240.0380401611328,-42.967533111572266,-220.96441650390625,5.750667524337769,5.767348289489746
74,23.286,148,9,136.58848571777344,-222.1878204345703,-46.400787353515625,-240.0380401611328,134.37522888183594,-235.76931762695312,5.732551212310791,5.710248947143555
75,23.597,152,9,136.58848571777344,-222.1878204345703,-47.00542068481445,-239.95913696289062,32.4535026550293,-228.790771484375,5.73051040649414,5.660429000854492
76,23.916,152,9,136.58848571777344,-222.1878204345703,-47.00542068481445,-239.95913696289062,41.11027908325195,-228.41673278808594,5.750532665252686,5.842915058135986
77,24.27,156,9,136.58848571777344,-222.1878204345703,-48.16797637939453,-239.7823028564453,-9.235129356384277,-223.09214782714844,5.748489322662354,5.711138725280762
78,24.607,156,9,136.58848571777344,-222.1878204345703,-48.16797637939453,-239.7823028564453,28.731279373168945,-227.99974060058594,5.7426021289825435,5.693193435668945
79,24.929,160,9,136.58848571777344,-222.1878204345703,-45.391700744628906,-239.76913452148438,142.8197021484375,-238.62030029296875,5.737055177688599,5.61225700378418
80,25.241,160,9,136.58848571777344,-222.1878204345703,-45.391700744628906,-239.76913452148438,140.24417114257812,-244.0692901611328,5.754660501480102,5.693790435791016
81,25.59,164,9,136.58848571777344,-222.1878204345703,-45.52062225341797,-239.8144989013672,135.71511840820312,-238.55165100097656,5.73253924369812,5.747096061706543
82,25.918,164,9,136.58848571777344,-222.1878204345703,-45.52062225341797,-239.8144989013672,94.32763671875,-231.981689453125,5.73472601890564,5.771777153015137
83,26.267,168,9,136.58848571777344,-222.1878204345703,-45.13849639892578,-239.81924438476562,137.25787353515625,-243.23980712890625,5.754511957168579,5.742161750793457
84,26.662,168,9,136.58848571777344,-222.1878204345703,-45.13849639892578,-239.81924438476562,-19.3795223236084,-221.71316528320312,5.734948358535767,5.851457118988037
85,26.978,172,9,136.58848571777344,-222.1878204345703,-46.45004653930664,-239.68429565429688,-19.95408058166504,-222.04379272460938,5.754471817016602,5.811994552612305
86,27.283,172,9,136.58848571777344,-222.1878204345703,-46.45004653930664,-239.68429565429688,123.618896484375,-235.60263061523438,5.732305536270141,5.602370738983154
87,27.603,176,9,136.58848571777344,-222.1878204345703,-45.519107818603516,-239.490966796875,-23.057254791259766,-222.03260803222656,5.746071004867554,5.907685279846191
88,28.045,176,9,136.58848571777344,-222.1878204345703,-45.519107818603516,-239.490966796875,95.50929260253906,-225.19642639160156,5.732862854003907,5.7509765625
89,28.428,180,9,136.58848571777344,-222.1878204345703,-47.317745208740234,-239.27578735351562,-36.80812454223633,-220.2538299560547,5.72362979888916,5.5657267570495605
90,28.74,180,9,136.58848571777344,-222.1878204345703,-47.317745208740234,-239.27578735351562,-23.244041442871094,-221.44921875,5.713163871765136,5.754867076873779
91,29.064,184,9,136.58848571777344,-222.1878204345703,-46.80390548706055,-239.17897033691406,105.8145751953125,-227.45848083496094,5.733108329772949,5.719264030456543
92,29.369,184,9,136.58848571777344,-222.1878204345703,-46.80390548706055,-239.17897033691406,-31.076583862304688,-218.34535217285156,5.73316312789917,5.683199882507324
93,29.683,188,10,136.58848571777344,-222.1878204345703,-45.07466506958008,-239.035888671875,54.301673889160156,-226.39743041992188,5.703088607788086,5.767362594604492
94,29.989,188,10,136.58848571777344,-222.1878204345703,-45.07466506958008,-239.035888671875,-31.42392349243164,-221.85504150390625,5.708380632400512,5.66910457611084
95,30.313,192,10,136.58848571777344,-222.1878204345703,-45.231781005859375,-239.1612091064453,160.73361206054688,-238.7252960205078,5.726798477172852,5.7526164054870605
96,30.62,192,10,136.58848571777344,-222.1878204345703,-45.231781005859375,-239.1612091064453,70.8740005493164,-227.67340087890625,5.7306841850280765,5.718996524810791
97,30.934,196,10,136.58848571777344,-222.1878204345703,-45.61370086669922,-239.02391052246094,93.48099517822266,-228.6287841796875,5.739491529464722,5.786800861358643
98,31.251,196,10,136.58848571777344,-222.1878204345703,-45.61370086669922,-239.02391052246094,114.65743255615234,-230.03826904296875,5.719574117660523,5.762735366821289
99,31.574,200,10,136.58848571777344,-222.1878204345703,-45.97419738769531,-239.12281799316406,140.25283813476562,-242.4005126953125,5.718324365615845,5.641509056091309
100,31.88,200,10,136.58848571777344,-222.1878204345703,-45.97419738769531,-239.12281799316406,93.89771270751953,-229.06260681152344,5.7465735530853275,5.736503601074219
101,32.258,200,10,136.58848571777344,-222.1878204345703,-48.11460494995117,-237.7482452392578,85.56019592285156,-231.35389709472656,5.714697656631469,5.765448093414307
102,32.562,200,10,136.58848571777344,-222.1878204345703,-48.11460494995117,-237.7482452392578,-34.178436279296875,-216.46681213378906,5.710025596618652,5.658512592315674
103,32.876,200,10,136.58848571777344,-222.1878204345703,-47.681148529052734,-237.9462127685547,159.1551055908203,-243.20570373535156,5.717331762313843,5.745478630065918
104,33.191,200,10,136.58848571777344,-222.1878204345703,-47.681148529052734,-237.9462127685547,129.1237030029297,-236.290283203125,5.711261339187622,5.664726257324219
105,33.505,200,10,136.58848571777344,-222.1878204345703,-47.50503921508789,-237.90016174316406,58.0217170715332,-227.5944061279297,5.7070188808441165,5.740928649902344
106,33.811,200,10,136.58848571777344,-222.1878204345703,-47.50503921508789,-237.90016174316406,150.13380432128906,-241.1326904296875,5.710448570251465,5.704222679138184
107,34.134,200,10,136.58848571777344,-222.1878204345703,-47.67095184326172,-237.67160034179688,-40.51336669921875,-219.5756072998047,5.706790113449097,5.584954261779785
108,34.442,200,10,136.58848571777344,-222.1878204345703,-47.67095184326172,-237.67160034179688,90.61194610595703,-228.97589111328125,5.6845596981048585,5.615623950958252
109,34.756,200,9,138.02325439453125,-222.1878204345703,-44.83002853393555,-237.77867126464844,44.269866943359375,-227.19248962402344,5.719679565429687,5.832640171051025
110,35.061,200,9,138.02325439453125,-222.1878204345703,-44.83002853393555,-237.77867126464844,-23.801040649414062,-223.17245483398438,5.689846382141114,5.802516937255859
111,35.384,200,8,138.02325439453125,-225.08982849121094,-44.254852294921875,-238.13461303710938,94.31751251220703,-232.21615600585938,5.703670835494995,5.805499076843262
112,35.696,200,8,138.02325439453125,-225.08982849121094,-44.254852294921875,-238.13461303710938,58.24300003051758,-227.09588623046875,5.697211637496948,5.649707794189453
113,36.011,200,9,149.82325744628906,-225.08982849121094,-41.783329010009766,-238.3962860107422,143.9046173095703,-237.95013427734375,5.687683305740356,5.732806205749512
114,36.321,200,9,149.82325744628906,-225.08982849121094,-41.783329010009766,-238.3962860107422,-43.75550842285156,-224.52210998535156,5.702231159210205,5.803814888000488
115,36.634,200,9,149.82325744628906,-225.08982849121094,-41.258888244628906,-238.2988739013672,29.94452476501465,-223.11900329589844,5.7090452194213865,5.817089080810547
116,37.04,200,9,149.82325744628906,-225.08982849121094,-41.258888244628906,-238.2988739013672,161.182373046875,-235.79440307617188,5.696324615478516,5.488948822021484
117,37.353,200,9,149.82325744628906,-225.08982849121094,-42.178436279296875,-237.76629638671875,110.03327941894531,-230.1351776123047,5.679508581161499,5.641785144805908
118,37.657,200,9,149.82325744628906,-225.08982849121094,-42.178436279296875,-237.76629638671875,-23.628042221069336,-222.64984130859375,5.71245400428772,5.633614540100098
119,37.972,200,9,149.82325744628906,-225.08982849121094,-38.411502838134766,-237.79376220703125,55.10729217529297,-226.2420196533203,5.676096773147583,5.582945823669434
120,38.285,200,9,149.82325744628906,-225.08982849121094,-38.411502838134766,-237.79376220703125,155.9522247314453,-247.30255126953125,5.689543581008911,5.744952201843262
121,38.599,200,11,149.82325744628906,-225.08982849121094,-36.25810623168945,-237.57972717285156,24.121435165405273,-226.00393676757812,5.687714776992798,5.729487419128418
122,38.903,200,11,149.82325744628906,-225.08982849121094,-36.25810623168945,-237.57972717285156,141.1155242919922,-235.8820343017578,5.671520128250122,5.551795482635498
123,39.217,200,11,149.82325744628906,-225.08982849121094,-35.04673385620117,-237.59515380859375,37.231929779052734,-224.52426147460938,5.68433952331543,5.81696891784668
124,39.532,200,11,149.82325744628906,-225.08982849121094,-35.04673385620117,-237.59515380859375,103.92520904541016,-225.8020782470703,5.692023286819458,5.681807518005371
125,39.845,200,8,149.82325744628906,-225.08982849121094,-34.289363861083984,-237.47784423828125,44.63147735595703,-228.2168426513672,5.682690954208374,5.758238792419434
126,40.15,200,8,149.82325744628906,-225.08982849121094,-34.289363861083984,-237.47784423828125,150.99864196777344,-234.3942108154297,5.68117919921875,5.664347171783447
127,40.466,200,8,149.82325744628906,-225.08982849121094,-33.37028503417969,-237.44822692871094,133.69700622558594,-229.09625244140625,5.668970012664795,5.750086307525635
128,40.775,200,8,149.82325744628906,-225.08982849121094,-33.37028503417969,-237.44822692871094,166.611328125,-245.00851440429688,5.6852083587646485,5.64913272857666
129,41.09,200,8,149.82325744628906,-225.08982849121094,-33.122230529785156,-237.30636596679688,21.525768280029297,-220.944580078125,5.6775203132629395,5.740297317504883
130,41.396,200,8,149.82325744628906,-225.08982849121094,-33.122230529785156,-237.30636596679688,84.15958404541016,-224.28099060058594,5.663481435775757,5.676641941070557
131,41.712,200,8,149.82325744628906,-225.08982849121094,-32.225181579589844,-237.2481231689453,31.719463348388672,-224.57997131347656,5.663786010742188,5.688060283660889
132,42.026,200,8,149.82325744628906,-225.08982849121094,-32.225181579589844,-237.2481231689453,178.89056396484375,-233.05398559570312,5.653973665237427,5.705427169799805
133,42.349,200,9,259.14556884765625,-225.08982849121094,-28.465974807739258,-237.36419677734375,176.3188018798828,-245.92579650878906,5.649108276367188,5.521973609924316
134,42.659,200,9,259.14556884765625,-225.08982849121094,-28.465974807739258,-237.36419677734375,-15.237581253051758,-225.07412719726562,5.674041090011596,5.757142543792725
135,42.988,200,9,259.14556884765625,-225.08982849121094,-28.370107650756836,-237.42710876464844,45.104774475097656,-224.1458282470703,5.651199989318847,5.600001335144043
136,43.467,200,9,259.14556884765625,-225.08982849121094,-28.370107650756836,-237.42710876464844,309.8512268066406,-247.55055236816406,5.668011837005615,5.731927394866943
137,43.825,200,9,259.14556884765625,-225.08982849121094,-26.838289260864258,-237.33070373535156,18.213167190551758,-223.3792724609375,5.645202989578247,5.774366855621338
138,44.131,200,9,259.14556884765625,-225.08982849121094,-26.838289260864258,-237.33070373535156,-27.928054809570312,-221.7641143798828,5.6784882164001464,5.6247711181640625
139,44.446,200,9,259.14556884765625,-225.08982849121094,-26.063291549682617,-237.2498779296875,111.41156768798828,-226.82260131835938,5.644133472442627,5.518115043640137
140,44.75,200,9,259.14556884765625,-225.08982849121094,-26.063291549682617,-237.2498779296875,84.77130889892578,-225.47216796875,5.640573501586914,5.631954193115234
141,45.069,200,9,259.14556884765625,-225.08982849121094,-25.408620834350586,-237.22816467285156,149.67617797851562,-232.8959197998047,5.657362480163574,5.744960308074951
142,45.38,200,9,259.14556884765625,-225.08982849121094,-25.408620834350586,-237.22816467285156,294.2387390136719,-247.63796997070312,5.648045797348022,5.656830787658691
143,45.696,200,9,259.14556884765625,-225.08982849121094,-22.608474731445312,-237.1544189453125,154.58236694335938,-246.1822052001953,5.641276407241821,5.696847438812256
144,46.013,200,9,259.14556884765625,-225.08982849121094,-22.608474731445312,-237.1544189453125,297.62957763671875,-246.4156494140625,5.646079225540161,5.723267555236816
145,46.332,200,9,259.14556884765625,-225.08982849121094,-21.430429458618164,-237.24777221679688,167.92564392089844,-242.23062133789062,5.649342880249024,5.593755722045898
146,46.647,200,9,259.14556884765625,-225.08982849121094,-21.430429458618164,-237.24777221679688,267.4395751953125,-248.6776885986328,5.652237749099731,5.794716835021973
147,46.967,200,9,259.14556884765625,-225.08982849121094,-22.26565170288086,-237.10140991210938,286.30908203125,-241.18092346191406,5.628604850769043,5.74432373046875
148,47.293,200,9,259.14556884765625,-225.08982849121094,-22.26565170288086,-237.10140991210938,185.59976196289062,-244.70855712890625,5.626486539840698,5.569670677185059
149,47.611,200,10,259.14556884765625,-225.08982849121094,-22.099159240722656,-237.11509704589844,109.94017028808594,-228.2006378173828,5.619046802520752,5.621594429016113
150,47.938,200,10,259.14556884765625,-225.08982849121094,-22.099159240722656,-237.11509704589844,-12.796943664550781,-224.9257354736328,5.644174575805664,5.602154731750488
151,48.446,200,10,259.14556884765625,-225.08982849121094,-19.999897003173828,-236.9289093017578,150.78231811523438,-241.21044921875,5.654849376678467,5.544393539428711
152,48.768,200,10,259.14556884765625,-225.08982849121094,-19.999897003173828,-236.9289093017578,147.11703491210938,-229.34983825683594,5.635988693237305,5.62812614440918
153,49.09,200,9,259.14556884765625,-225.08982849121094,-17.674760818481445,-236.97291564941406,137.81668090820312,-228.8298797607422,5.627936639785767,5.595871925354004
154,49.401,200,9,259.14556884765625,-225.08982849121094,-17.674760818481445,-236.97291564941406,134.2598419189453,-234.39439392089844,5.621900768280029,5.706725120544434
155,49.732,200,9,259.14556884765625,-225.08982849121094,-16.26666831970215,-236.83984375,320.7665710449219,-243.83096313476562,5.628986949920654,5.612990379333496
156,50.04,200,9,259.14556884765625,-225.08982849121094,-16.26666831970215,-236.83984375,173.1756134033203,-229.35214233398438,5.6485856342315675,5.713324546813965
157,50.355,200,9,259.14556884765625,-225.08982849121094,-16.508045196533203,-237.02029418945312,285.95404052734375,-243.89413452148438,5.626207141876221,5.564122200012207
158,50.664,200,9,259.14556884765625,-225.08982849121094,-16.508045196533203,-237.02029418945312,-42.633583068847656,-223.50875854492188,5.618641204833985,5.605999946594238
159,50.991,200,9,259.14556884765625,-225.08982849121094,-17.697677612304688,-237.17849731445312,139.32350158691406,-231.0487518310547,5.609116067886353,5.591069221496582
160,51.315,200,9,259.14556884765625,-225.08982849121094,-17.697677612304688,-237.17849731445312,89.19347381591797,-225.80784606933594,5.624466915130615,5.597696304321289
161,51.727,200,9,259.14556884765625,-225.08982849121094,-13.573254585266113,-237.04751586914062,-10.552361488342285,-222.45782470703125,5.629890928268432,5.596034049987793
162,52.037,200,9,259.14556884765625,-225.08982849121094,-13.573254585266113,-237.04751586914062,176.49998474121094,-234.4236297607422,5.617027740478516,5.551136016845703
163,52.467,200,8,259.14556884765625,-225.08982849121094,-10.743363380432129,-237.01515197753906,34.957176208496094,-226.3729248046875,5.627492370605469,5.635512351989746
164,52.783,200,8,259.14556884765625,-225.08982849121094,-10.743363380432129,-237.01515197753906,17.55799674987793,-223.69020080566406,5.615074234008789,5.567904472351074
165,53.098,200,8,259.14556884765625,-225.08982849121094,-9.240428924560547,-237.0224609375,84.26384735107422,-225.71188354492188,5.5955806064605715,5.568796634674072
166,53.404,200,8,259.14556884765625,-225.08982849121094,-9.240428924560547,-237.0224609375,272.4591979980469,-246.75918579101562,5.615575075149536,5.615549087524414
167,53.722,200,9,259.14556884765625,-225.08982849121094,-7.649276256561279,-237.01107788085938,137.13665771484375,-230.27952575683594,5.614675426483155,5.609342098236084
168,54.031,200,9,259.14556884765625,-225.08982849121094,-7.649276256561279,-237.01107788085938,178.3803253173828,-231.0144500732422,5.593579206466675,5.450256824493408
169,54.347,200,9,259.14556884765625,-225.08982849121094,-7.295331001281738,-236.95620727539062,25.414813995361328,-225.62673950195312,5.609859046936035,5.615927219390869
170,54.654,200,9,259.14556884765625,-225.08982849121094,-7.295331001281738,-236.95620727539062,273.0001220703125,-247.59359741210938,5.591722507476806,5.534371376037598
171,54.977,200,9,259.14556884765625,-225.08982849121094,-5.488677978515625,-237.27084350585938,290.12078857421875,-247.36972045898438,5.609724349975586,5.436938762664795
172,55.288,200,9,259.14556884765625,-225.08982849121094,-5.488677978515625,-237.27084350585938,80.98202514648438,-225.10707092285156,5.585091171264648,5.75593900680542
173,55.669,200,8,259.14556884765625,-226.34754943847656,-5.696195125579834,-237.36566162109375,87.13841247558594,-225.3046112060547,5.595657777786255,5.5807204246521
174,55.976,200,8,259.14556884765625,-226.34754943847656,-5.696195125579834,-237.36566162109375,9.185490608215332,-224.30715942382812,5.583049793243408,5.538205146789551
175,56.298,200,8,259.14556884765625,-226.34754943847656,-3.481826066970825,-237.42605590820312,-3.4344167709350586,-225.29452514648438,5.571123285293579,5.399566173553467
176,56.613,200,8,259.14556884765625,-226.34754943847656,-3.481826066970825,-237.42605590820312,9.991413116455078,-224.53115844726562,5.6053236389160155,5.6299238204956055
177,56.927,200,8,259.14556884765625,-226.34754943847656,-1.0071008205413818,-237.75608825683594,289.1796875,-247.19691467285156,5.598695774078369,5.57451057434082
178,57.234,200,8,259.14556884765625,-226.34754943847656,-1.0071008205413818,-237.75608825683594,86.06901550292969,-225.70448303222656,5.590754079818725,5.52560567855835
179,57.552,200,8,259.14556884765625,-226.34754943847656,-1.3443139791488647,-237.82308959960938,198.70501708984375,-238.27980041503906,5.593842821121216,5.607789993286133
180,57.868,200,8,259.14556884765625,-226.34754943847656,-1.3443139791488647,-237.82308959960938,201.11549377441406,-240.54483032226562,5.57209716796875,5.511649131774902
181,58.184,200,8,259.14556884765625,-226.34754943847656,-0.3365808129310608,-237.70863342285156,-3.5480713844299316,-223.47776794433594,5.5990445518493654,5.585331916809082
182,58.501,200,8,259.14556884765625,-226.34754943847656,-0.3365808129310608,-237.70863342285156,196.40745544433594,-237.7177276611328,5.601996393203735,5.458576202392578
183,58.935,200,8,259.14556884765625,-226.34754943847656,0.40180665254592896,-237.8671875,281.56207275390625,-246.3255157470703,5.578348884582519,5.583856582641602
184,59.656,200,8,259.14556884765625,-226.34754943847656,0.40180665254592896,-237.8671875,43.663326263427734,-223.44906616210938,5.55466510772705,5.66562032699585
185,59.982,200,8,259.14556884765625,-226.34754943847656,4.048617362976074,-238.11732482910156,246.5081329345703,-234.50634765625,5.599782686233521,5.587986469268799
186,60.295,200,8,259.14556884765625,-226.34754943847656,4.048617362976074,-238.11732482910156,-18.115741729736328,-225.3029327392578,5.590379409790039,5.6038312911987305
187,60.62,200,8,259.14556884765625,-226.34754943847656,4.375916957855225,-238.43841552734375,83.0474624633789,-225.69798278808594,5.593265275955201,5.580646514892578
188,60.928,200,8,259.14556884765625,-226.34754943847656,4.375916957855225,-238.43841552734375,181.27816772460938,-233.11090087890625,5.5861788082122805,5.594791889190674
189,61.243,200,8,259.14556884765625,-226.34754943847656,7.024472713470459,-238.92613220214844,299.406494140625,-248.16952514648438,5.587210941314697,5.365391731262207
190,61.548,200,8,259.14556884765625,-226.34754943847656,7.024472713470459,-238.92613220214844,-5.269477367401123,-225.31724548339844,5.583159065246582,5.568780899047852
191,61.902,200,8,259.14556884765625,-226.34754943847656,7.749786376953125,-239.12149047851562,133.7129364013672,-230.49002075195312,5.572277812957764,5.673065185546875
192,62.241,200,8,259.14556884765625,-226.34754943847656,7.749786376953125,-239.12149047851562,200.2084197998047,-234.85934448242188,5.564032363891601,5.5578765869140625
193,62.563,200,9,259.14556884765625,-226.34754943847656,8.30876350402832,-239.3612060546875,55.77818298339844,-224.3955078125,5.570929536819458,5.554790496826172
194,62.869,200,9,259.14556884765625,-226.34754943847656,8.30876350402832,-239.3612060546875,-20.11646270751953,-224.50909423828125,5.600415334701538,5.6299285888671875
195,63.192,200,9,259.14556884765625,-226.34754943847656,10.552285194396973,-239.3856964111328,-13.161483764648438,-224.61521911621094,5.596481885910034,5.686301231384277
196,63.501,200,9,259.14556884765625,-226.34754943847656,10.552285194396973,-239.3856964111328,209.2073211669922,-241.72410583496094,5.606187705993652,5.670775413513184
197,63.815,200,8,259.14556884765625,-226.34754943847656,11.918586730957031,-239.8751220703125,199.7378387451172,-240.630859375,5.600839233398437,5.608543872833252
198,64.121,200,8,259.14556884765625,-226.34754943847656,11.918586730957031,-239.8751220703125,122.28071594238281,-223.6313934326172,5.582971487045288,5.617789268493652
199,64.438,200,8,259.14556884765625,-226.34754943847656,13.884359359741211,-239.9893035888672,194.88697814941406,-233.4924774169922,5.594285507202148,5.699069023132324
200,64.756,200,8,259.14556884765625,-226.34754943847656,13.884359359741211,-239.9893035888672,263.6974792480469,-247.60736083984375,5.600157089233399,5.488095760345459
1,0.332,4,2,47.4015007019043,-309.0077819824219,9.018614768981934,-310.10809326171875,-3.2133021354675293,-4.856614589691162,6.5967836093902585,6.655820369720459
2,0.621,4,2,47.4015007019043,-309.0077819824219,9.018614768981934,-310.10809326171875,9.54259204864502,8.56220531463623,6.527690238952637,6.486382484436035
3,0.914,8,5,47.4015007019043,-228.81076049804688,-33.61399841308594,-270.12701416015625,6.102784633636475,6.03409481048584,6.108187255859375,6.121306419372559
4,1.215,8,5,47.4015007019043,-228.81076049804688,-33.61399841308594,-270.12701416015625,76.01871490478516,-299.4509582519531,6.082649869918823,6.036479473114014
5,1.512,12,6,47.4015007019043,-228.81076049804688,-31.95699119567871,-260.9888610839844,-7.510380268096924,-303.9872131347656,5.9805457973480225,6.009335994720459
6,1.8,12,6,47.4015007019043,-228.81076049804688,-31.95699119567871,-260.9888610839844,-46.94247055053711,-221.20645141601562,5.9901018238067625,5.917024612426758
7,2.096,16,6,47.4015007019043,-228.81076049804688,-38.64638900756836,-256.3695068359375,88.65265655517578,-309.2300109863281,5.938637351989746,6.102592468261719
8,2.386,16,6,47.4015007019043,-228.81076049804688,-38.64638900756836,-256.3695068359375,60.9864387512207,-297.6635437011719,5.9282827568054195,5.956433296203613
9,2.693,20,7,47.4015007019043,-228.81076049804688,-52.267127990722656,-251.90963745117188,-55.709266662597656,-227.4727783203125,5.879023294448853,5.850429534912109
10,2.982,20,7,47.4015007019043,-228.81076049804688,-52.267127990722656,-251.90963745117188,41.536170959472656,-239.83506774902344,5.887672300338745,5.887818336486816
11,3.283,24,8,47.4015007019043,-222.1878204345703,-49.267242431640625,-247.60450744628906,-130.79737854003906,-213.04397583007812,5.83882266998291,5.784294605255127
12,3.574,24,8,47.4015007019043,-222.1878204345703,-49.267242431640625,-247.60450744628906,-23.03559684753418,-222.19168090820312,5.835658979415894,5.799870491027832
13,3.88,28,8,47.4015007019043,-222.1878204345703,-59.18068313598633,-245.15634155273438,-41.5720100402832,-216.25286865234375,5.834420013427734,5.837266445159912
14,4.172,28,8,47.4015007019043,-222.1878204345703,-59.18068313598633,-245.15634155273438,37.72162628173828,-233.037109375,5.81923204421997,5.754347801208496
15,4.469,32,8,47.4015007019043,-222.1878204345703,-57.14768981933594,-244.495361328125,-7.2641777992248535,-235.42286682128906,5.804336223602295,5.766079902648926
16,4.766,32,8,47.4015007019043,-222.1878204345703,-57.14768981933594,-244.495361328125,54.11181640625,-309.10113525390625,5.798459510803223,5.778351306915283
17,5.083,36,8,90.70817565917969,-222.1878204345703,-50.47032165527344,-246.31344604492188,60.254661560058594,-307.6146545410156,5.795380458831787,5.755618095397949
18,5.396,36,8,90.70817565917969,-222.1878204345703,-50.47032165527344,-246.31344604492188,-24.15980339050293,-223.48699951171875,5.846948413848877,5.838519096374512
19,5.699,40,8,90.70817565917969,-222.1878204345703,-58.8838005065918,-245.1859893798828,-37.12823486328125,-221.70301818847656,5.809176015853882,5.922739028930664
20,5.993,40,8,90.70817565917969,-222.1878204345703,-58.8838005065918,-245.1859893798828,40.72571563720703,-237.86468505859375,5.807530879974365,5.766121864318848
21,6.308,44,8,90.70817565917969,-222.1878204345703,-59.1103401184082,-244.7048797607422,90.76874542236328,-256.9700012207031,5.800906038284301,5.880800247192383
22,6.603,44,8,90.70817565917969,-222.1878204345703,-59.1103401184082,-244.7048797607422,-40.986846923828125,-220.9075469970703,5.801680488586426,5.8792924880981445
23,6.904,48,6,90.70817565917969,-222.1878204345703,-58.004940032958984,-243.39422607421875,-33.816741943359375,-214.76962280273438,5.77974575996399,5.755481719970703
24,7.199,48,6,90.70817565917969,-222.1878204345703,-58.004940032958984,-243.39422607421875,104.76131439208984,-259.74365234375,5.785059051513672,5.803716659545898
25,7.522,52,7,90.70817565917969,-222.1878204345703,-54.294212341308594,-242.70281982421875,-39.05870819091797,-219.0458526611328,5.78600380897522,5.84058952331543
26,7.816,52,7,90.70817565917969,-222.1878204345703,-54.294212341308594,-242.70281982421875,-13.382031440734863,-213.4896697998047,5.784192190170288,5.790399074554443
27,8.132,56,7,90.70817565917969,-222.1878204345703,-54.5704460144043,-242.35867309570312,32.43985366821289,-222.28419494628906,5.7657036876678465,5.76802396774292
28,8.431,56,7,90.70817565917969,-222.1878204345703,-54.5704460144043,-242.35867309570312,26.0291690826416,-225.7895965576172,5.801009397506714,5.9001946449279785
29,8.74,60,8,90.70817565917969,-222.1878204345703,-50.42361831665039,-242.12997436523438,-39.20241165161133,-220.768310546875,5.765231914520264,5.728011131286621
30,9.036,60,8,90.70817565917969,-222.1878204345703,-50.42361831665039,-242.12997436523438,-40.42704772949219,-219.5112762451172,5.752243089675903,5.707404136657715
31,9.373,64,8,90.70817565917969,-222.1878204345703,-49.81778335571289,-241.98072814941406,72.32683563232422,-239.35838317871094,5.774814167022705,5.81428337097168
32,9.694,64,8,90.70817565917969,-222.1878204345703,-49.81778335571289,-241.98072814941406,-19.64157485961914,-219.8704833984375,5.740026359558105,5.729413032531738
33,10.034,68,8,90.70817565917969,-222.1878204345703,-52.724735260009766,-241.79966735839844,97.25762176513672,-256.7822570800781,5.762997407913208,5.758513927459717
34,10.349,68,8,90.70817565917969,-222.1878204345703,-52.724735260009766,-241.79966735839844,93.37090301513672,-259.7286682128906,5.774335136413574,5.813252925872803
35,10.694,72,8,90.70817565917969,-222.1878204345703,-52.317752838134766,-241.34524536132812,-35.19609451293945,-221.3074188232422,5.761159257888794,5.693933963775635
36,11.009,72,8,90.70817565917969,-222.1878204345703,-52.317752838134766,-241.34524536132812,-30.606842041015625,-219.0093994140625,5.7722571754455565,5.767617225646973
37,11.505,76,8,90.70817565917969,-222.1878204345703,-53.21595001220703,-241.3063507080078,68.53189086914062,-237.4483184814453,5.763866786956787,5.790802001953125
38,11.808,76,8,90.70817565917969,-222.1878204345703,-53.21595001220703,-241.3063507080078,-24.51465606689453,-216.60914611816406,5.765612421035766,5.748218536376953
39,12.118,80,8,90.70817565917969,-222.1878204345703,-51.86906051635742,-241.42745971679688,125.66725158691406,-256.4794616699219,5.779039125442505,5.8075761795043945
40,12.425,80,8,90.70817565917969,-222.1878204345703,-51.86906051635742,-241.42745971679688,-34.8414421081543,-219.24928283691406,5.775042171478272,5.792913436889648
41,12.734,84,8,136.58848571777344,-222.1878204345703,-48.704627990722656,-241.55096435546875,93.88832092285156,-260.1228942871094,5.774928932189941,5.745633602142334
42,13.031,84,8,136.58848571777344,-222.1878204345703,-48.704627990722656,-241.55096435546875,68.13140106201172,-240.6959991455078,5.8039661884307865,5.776747703552246
43,13.388,88,8,136.58848571777344,-222.1878204345703,-50.058780670166016,-241.68008422851562,61.042415618896484,-241.31103515625,5.782214164733887,5.950687408447266
44,13.693,88,8,136.58848571777344,-222.1878204345703,-50.058780670166016,-241.68008422851562,-13.383426666259766,-219.8271484375,5.76142014503479,5.903923034667969
45,14.0,92,8,136.58848571777344,-222.1878204345703,-49.318511962890625,-241.34921264648438,18.027162551879883,-225.91661071777344,5.765847883224487,5.696907997131348
46,14.308,92,8,136.58848571777344,-222.1878204345703,-49.318511962890625,-241.34921264648438,142.60470581054688,-243.93301391601562,5.761754388809204,5.70924186706543
47,14.621,96,8,136.58848571777344,-222.1878204345703,-47.70549011230469,-241.32017517089844,151.00848388671875,-244.05877685546875,5.769279222488404,5.919449806213379
48,14.931,96,8,136.58848571777344,-222.1878204345703,-47.70549011230469,-241.32017517089844,32.58246612548828,-228.2510528564453,5.739059238433838,5.748366832733154
49,15.239,100,8,136.58848571777344,-222.1878204345703,-44.24180221557617,-241.09669494628906,-38.70710372924805,-219.14625549316406,5.772166481018067,5.85959529876709
50,15.54,100,8,136.58848571777344,-222.1878204345703,-44.24180221557617,-241.09669494628906,51.769981384277344,-232.06683349609375,5.756950578689575,5.727933406829834
51,15.849,104,8,136.58848571777344,-222.1878204345703,-45.01599884033203,-241.21165466308594,138.3752899169922,-241.20724487304688,5.76913122177124,5.8094682693481445
52,16.164,104,8,136.58848571777344,-222.1878204345703,-45.01599884033203,-241.21165466308594,97.6729736328125,-230.55020141601562,5.764428615570068,5.723973751068115
53,16.485,108,8,136.58848571777344,-222.1878204345703,-45.719818115234375,-240.9860076904297,154.97254943847656,-240.8870086669922,5.746012983322143,5.745817184448242
54,16.793,108,8,136.58848571777344,-222.1878204345703,-45.719818115234375,-240.9860076904297,111.97140502929688,-232.66024780273438,5.765846576690674,5.7604875564575195
55,17.118,112,8,136.58848571777344,-222.1878204345703,-47.20391082763672,-241.1426239013672,31.819204330444336,-225.28810119628906,5.7538909816741945,5.838153839111328
56,17.441,112,8,136.58848571777344,-222.1878204345703,-47.20391082763672,-241.1426239013672,87.47994995117188,-231.1411895751953,5.760126676559448,5.712259292602539
57,17.752,116,9,136.58848571777344,-222.1878204345703,-45.64460372924805,-241.13525390625,157.92547607421875,-243.60916137695312,5.773362455368042,5.787441730499268
58,18.056,116,9,136.58848571777344,-222.1878204345703,-45.64460372924805,-241.13525390625,25.818090438842773,-227.04620361328125,5.739660549163818,5.58532190322876
59,18.372,120,9,136.58848571777344,-222.1878204345703,-43.60642623901367,-240.97418212890625,22.448163986206055,-226.46939086914062,5.761899604797363,5.807683944702148
60,18.689,120,9,136.58848571777344,-222.1878204345703,-43.60642623901367,-240.97418212890625,162.24794006347656,-237.38917541503906,5.759041328430175,5.802577972412109
61,18.999,124,9,136.58848571777344,-222.1878204345703,-46.5355339050293,-241.07901000976562,29.950511932373047,-228.3412628173828,5.749257898330688,5.833873748779297
62,19.3,124,9,136.58848571777344,-222.1878204345703,-46.5355339050293,-241.07901000976562,49.021793365478516,-226.59669494628906,5.77421350479126,5.705267906188965
63,19.608,128,9,136.58848571777344,-222.1878204345703,-45.854068756103516,-240.85995483398438,18.01691436767578,-227.81126403808594,5.769942541122436,5.631495475769043
64,19.919,128,9,136.58848571777344,-222.1878204345703,-45.854068756103516,-240.85995483398438,39.33892822265625,-228.9812774658203,5.745692348480224,5.625331878662109
65,20.228,132,9,136.58848571777344,-222.1878204345703,-46.043785095214844,-240.6981201171875,140.0645294189453,-235.79693603515625,5.775614385604858,5.707938194274902
66,20.529,132,9,136.58848571777344,-222.1878204345703,-46.043785095214844,-240.6981201171875,111.7271957397461,-230.46426391601562,5.749760274887085,5.760969161987305
67,20.838,136,9,136.58848571777344,-222.1878204345703,-46.390926361083984,-240.61965942382812,17.00359535217285,-226.95021057128906,5.738489484786987,5.650663375854492
68,21.161,136,9,136.58848571777344,-222.1878204345703,-46.390926361083984,-240.61965942382812,123.46429443359375,-232.29852294921875,5.748731861114502,5.643310546875
69,21.497,140,9,136.58848571777344,-222.1878204345703,-46.89925003051758,-240.53713989257812,155.52630615234375,-243.68919372558594,5.753514595031739,5.667117118835449
70,21.83,140,9,136.58848571777344,-222.1878204345703,-46.89925003051758,-240.53713989257812,132.97128295898438,-238.7704315185547,5.765056953430176,5.789813995361328
71,22.16,144,9,136.58848571777344,-222.1878204345703,-47.64176559448242,-240.26597595214844,-33.04277038574219,-222.07212829589844,5.742109937667847,5.759249210357666
72,22.469,144,9,136.58848571777344,-222.1878204345703,-47.64176559448242,-240.26597595214844,27.800827026367188,-226.42266845703125,5.735028333663941,5.714014053344727
73,22.801,148,9,136.58848571777344,-222.1878204345703,-46.400787353515625,-240.0380401611328,-42.967533111572266,-220.96441650390625,5.750667524337769,5.767348289489746
74,23.119,148,9,136.58848571777344,-222.1878204345703,-46.400787353515625,-240.0380401611328,134.37522888183594,-235.76931762695312,5.732551212310791,5.710248947143555
75,23.427,152,9,136.58848571777344,-222.1878204345703,-47.00542068481445,-239.95913696289062,32.4535026550293,-228.790771484375,5.73051040649414,5.660429000854492
76,23.729,152,9,136.58848571777344,-222.1878204345703,-47.00542068481445,-239.95913696289062,41.11027908325195,-228.41673278808594,5.750532665252686,5.842915058135986
77,24.045,156,9,136.58848571777344,-222.1878204345703,-48.16797637939453,-239.7823028564453,-9.235129356384277,-223.09214782714844,5.748489322662354,5.711138725280762
78,24.349,156,9,136.58848571777344,-222.1878204345703,-48.16797637939453,-239.7823028564453,28.731279373168945,-227.99974060058594,5.7426021289825435,5.693193435668945
79,24.66,160,9,136.58848571777344,-222.1878204345703,-45.391700744628906,-239.76913452148438,142.8197021484375,-238.62030029296875,5.737055177688599,5.61225700378418
80,24.963,160,9,136.58848571777344,-222.1878204345703,-45.391700744628906,-239.76913452148438,140.24417114257812,-244.0692901611328,5.754660501480102,5.693790435791016
81,25.283,164,9,136.58848571777344,-222.1878204345703,-45.52062225341797,-239.8144989013672,135.71511840820312,-238.55165100097656,5.73253924369812,5.747096061706543
82,25.606,164,9,136.58848571777344,-222.1878204345703,-45.52062225341797,-239.8144989013672,94.32763671875,-231.981689453125,5.73472601890564,5.771777153015137
83,25.915,168,9,136.58848571777344,-222.1878204345703,-45.13849639892578,-239.81924438476562,137.25787353515625,-243.23980712890625,5.754511957168579,5.742161750793457
84,26.342,168,9,136.58848571777344,-222.1878204345703,-45.13849639892578,-239.81924438476562,-19.3795223236084,-221.71316528320312,5.734948358535767,5.851457118988037
85,26.673,172,9,136.58848571777344,-222.1878204345703,-46.45004653930664,-239.68429565429688,-19.95408058166504,-222.04379272460938,5.754471817016602,5.811994552612305
86,26.974,172,9,136.58848571777344,-222.1878204345703,-46.45004653930664,-239.68429565429688,123.618896484375,-235.60263061523438,5.732305536270141,5.602370738983154
87,27.285,176,9,136.58848571777344,-222.1878204345703,-45.519107818603516,-239.490966796875,-23.057254791259766,-222.03260803222656,5.746071004867554,5.907685279846191
88,27.598,176,9,136.58848571777344,-222.1878204345703,-45.519107818603516,-239.490966796875,95.50929260253906,-225.19642639160156,5.732862854003907,5.7509765625
89,27.908,180,9,136.58848571777344,-222.1878204345703,-47.317745208740234,-239.27578735351562,-36.80812454223633,-220.2538299560547,5.72362979888916,5.5657267570495605
90,28.21,180,9,136.58848571777344,-222.1878204345703,-47.317745208740234,-239.27578735351562,-23.244041442871094,-221.44921875,5.713163871765136,5.754867076873779
91,28.521,184,9,136.58848571777344,-222.1878204345703,-46.80390548706055,-239.17897033691406,105.8145751953125,-227.45848083496094,5.733108329772949,5.719264030456543
92,28.833,184,9,136.58848571777344,-222.1878204345703,-46.80390548706055,-239.17897033691406,-31.076583862304688,-218.34535217285156,5.73316312789917,5.683199882507324
93,29.143,188,10,136.58848571777344,-222.1878204345703,-45.07466506958008,-239.035888671875,54.301673889160156,-226.39743041992188,5.703088607788086,5.767362594604492
94,29.447,188,10,136.58848571777344,-222.1878204345703,-45.07466506958008,-239.035888671875,-31.42392349243164,-221.85504150390625,5.708380632400512,5.66910457611084
95,29.76,192,10,136.58848571777344,-222.1878204345703,-45.231781005859375,-239.1612091064453,160.73361206054688,-238.7252960205078,5.726798477172852,5.7526164054870605
96,30.075,192,10,136.58848571777344,-222.1878204345703,-45.231781005859375,-239.1612091064453,70.8740005493164,-227.67340087890625,5.7306841850280765,5.718996524810791
97,30.386,196,10,136.58848571777344,-222.1878204345703,-45.61370086669922,-239.02391052246094,93.48099517822266,-228.6287841796875,5.739491529464722,5.786800861358643
98,30.689,196,10,136.58848571777344,-222.1878204345703,-45.61370086669922,-239.02391052246094,114.65743255615234,-230.03826904296875,5.719574117660523,5.762735366821289
99,31.006,200,10,136.58848571777344,-222.1878204345703,-45.97419738769531,-239.12281799316406,140.25283813476562,-242.4005126953125,5.718324365615845,5.641509056091309
100,31.321,200,10,136.58848571777344,-222.1878204345703,-45.97419738769531,-239.12281799316406,93.89771270751953,-229.06260681152344,5.7465735530853275,5.736503601074219
101,31.698,200,10,136.58848571777344,-222.1878204345703,-48.11460494995117,-237.7482452392578,85.56019592285156,-231.35389709472656,5.714697656631469,5.765448093414307
102,32.001,200,10,136.58848571777344,-222.1878204345703,-48.11460494995117,-237.7482452392578,-34.178436279296875,-216.46681213378906,5.710025596618652,5.658512592315674
103,32.312,200,10,136.58848571777344,-222.1878204345703,-47.681148529052734,-237.9462127685547,159.1551055908203,-243.20570373535156,5.717331762313843,5.745478630065918
104,32.623,200,10,136.58848571777344,-222.1878204345703,-47.681148529052734,-237.9462127685547,129.1237030029297,-236.290283203125,5.711261339187622,5.664726257324219
105,32.937,200,10,136.58848571777344,-222.1878204345703,-47.50503921508789,-237.90016174316406,58.0217170715332,-227.5944061279297,5.7070188808441165,5.740928649902344
106,33.244,200,10,136.58848571777344,-222.1878204345703,-47.50503921508789,-237.90016174316406,150.13380432128906,-241.1326904296875,5.710448570251465,5.704222679138184
107,33.555,200,10,136.58848571777344,-222.1878204345703,-47.67095184326172,-237.67160034179688,-40.51336669921875,-219.5756072998047,5.706790113449097,5.584954261779785
108,33.865,200,10,136.58848571777344,-222.1878204345703,-47.67095184326172,-237.67160034179688,90.61194610595703,-228.97589111328125,5.6845596981048585,5.615623950958252
109,34.181,200,9,138.02325439453125,-222.1878204345703,-44.83002853393555,-237.77867126464844,44.269866943359375,-227.19248962402344,5.719679565429687,5.832640171051025
110,34.483,200,9,138.02325439453125,-222.1878204345703,-44.83002853393555,-237.77867126464844,-23.801040649414062,-223.17245483398438,5.689846382141114,5.802516937255859
111,34.797,200,8,138.02325439453125,-225.08982849121094,-44.254852294921875,-238.13461303710938,94.31751251220703,-232.21615600585938,5.703670835494995,5.805499076843262
112,35.108,200,8,138.02325439453125,-225.08982849121094,-44.254852294921875,-238.13461303710938,58.24300003051758,-227.09588623046875,5.697211637496948,5.649707794189453
113,35.422,200,9,149.82325744628906,-225.08982849121094,-41.783329010009766,-238.3962860107422,143.9046173095703,-237.95013427734375,5.687683305740356,5.732806205749512
114,35.725,200,9,149.82325744628906,-225.08982849121094,-41.783329010009766,-238.3962860107422,-43.75550842285156,-224.52210998535156,5.702231159210205,5.803814888000488
115,36.036,200,9,149.82325744628906,-225.08982849121094,-41.258888244628906,-238.2988739013672,29.94452476501465,-223.11900329589844,5.7090452194213865,5.817089080810547
116,36.353,200,9,149.82325744628906,-225.08982849121094,-41.258888244628906,-238.2988739013672,161.182373046875,-235.79440307617188,5.696324615478516,5.488948822021484
117,36.666,200,9,149.82325744628906,-225.08982849121094,-42.178436279296875,-237.76629638671875,110.03327941894531,-230.1351776123047,5.679508581161499,5.641785144805908
118,36.969,200,9,149.82325744628906,-225.08982849121094,-42.178436279296875,-237.76629638671875,-23.628042221069336,-222.64984130859375,5.71245400428772,5.633614540100098
119,37.282,200,9,149.82325744628906,-225.08982849121094,-38.411502838134766,-237.79376220703125,55.10729217529297,-226.2420196533203,5.676096773147583,5.582945823669434
120,37.592,200,9,149.82325744628906,-225.08982849121094,-38.411502838134766,-237.79376220703125,155.9522247314453,-247.30255126953125,5.689543581008911,5.744952201843262
121,37.906,200,11,149.82325744628906,-225.08982849121094,-36.25810623168945,-237.57972717285156,24.121435165405273,-226.00393676757812,5.687714776992798,5.729487419128418
122,38.21,200,11,149.82325744628906,-225.08982849121094,-36.25810623168945,-237.57972717285156,141.1155242919922,-235.8820343017578,5.671520128250122,5.551795482635498
123,38.521,200,11,149.82325744628906,-225.08982849121094,-35.04673385620117,-237.59515380859375,37.231929779052734,-224.52426147460938,5.68433952331543,5.81696891784668
124,38.833,200,11,149.82325744628906,-225.08982849121094,-35.04673385620117,-237.59515380859375,103.92520904541016,-225.8020782470703,5.692023286819458,5.681807518005371
125,39.152,200,8,149.82325744628906,-225.08982849121094,-34.289363861083984,-237.47784423828125,44.63147735595703,-228.2168426513672,5.682690954208374,5.758238792419434
126,39.454,200,8,149.82325744628906,-225.08982849121094,-34.289363861083984,-237.47784423828125,150.99864196777344,-234.3942108154297,5.68117919921875,5.664347171783447
127,39.766,200,8,149.82325744628906,-225.08982849121094,-33.37028503417969,-237.44822692871094,133.69700622558594,-229.09625244140625,5.668970012664795,5.750086307525635
128,40.076,200,8,149.82325744628906,-225.08982849121094,-33.37028503417969,-237.44822692871094,166.611328125,-245.00851440429688,5.6852083587646485,5.64913272857666
129,40.389,200,8,149.82325744628906,-225.08982849121094,-33.122230529785156,-237.30636596679688,21.525768280029297,-220.944580078125,5.6775203132629395,5.740297317504883
130,40.696,200,8,149.82325744628906,-225.08982849121094,-33.122230529785156,-237.30636596679688,84.15958404541016,-224.28099060058594,5.663481435775757,5.676641941070557
131,41.155,200,8,149.82325744628906,-225.08982849121094,-32.225181579589844,-237.2481231689453,31.719463348388672,-224.57997131347656,5.663786010742188,5.688060283660889
132,41.474,200,8,149.82325744628906,-225.08982849121094,-32.225181579589844,-237.2481231689453,178.89056396484375,-233.05398559570312,5.653973665237427,5.705427169799805
133,41.79,200,9,259.14556884765625,-225.08982849121094,-28.465974807739258,-237.36419677734375,176.3188018798828,-245.92579650878906,5.649108276367188,5.521973609924316
134,42.094,200,9,259.14556884765625,-225.08982849121094,-28.465974807739258,-237.36419677734375,-15.237581253051758,-225.07412719726562,5.674041090011596,5.757142543792725
135,42.411,200,9,259.14556884765625,-225.08982849121094,-28.370107650756836,-237.42710876464844,45.104774475097656,-224.1458282470703,5.651199989318847,5.600001335144043
136,42.719,200,9,259.14556884765625,-225.08982849121094,-28.370107650756836,-237.42710876464844,309.8512268066406,-247.55055236816406,5.668011837005615,5.731927394866943
137,43.03,200,9,259.14556884765625,-225.08982849121094,-26.838289260864258,-237.33070373535156,18.213167190551758,-223.3792724609375,5.645202989578247,5.774366855621338
138,43.334,200,9,259.14556884765625,-225.08982849121094,-26.838289260864258,-237.33070373535156,-27.928054809570312,-221.7641143798828,5.6784882164001464,5.6247711181640625
139,43.647,200,9,259.14556884765625,-225.08982849121094,-26.063291549682617,-237.2498779296875,111.41156768798828,-226.82260131835938,5.644133472442627,5.518115043640137
140,43.957,200,9,259.14556884765625,-225.08982849121094,-26.063291549682617,-237.2498779296875,84.77130889892578,-225.47216796875,5.640573501586914,5.631954193115234
141,44.272,200,9,259.14556884765625,-225.08982849121094,-25.408620834350586,-237.22816467285156,149.67617797851562,-232.8959197998047,5.657362480163574,5.744960308074951
142,44.575,200,9,259.14556884765625,-225.08982849121094,-25.408620834350586,-237.22816467285156,294.2387390136719,-247.63796997070312,5.648045797348022,5.656830787658691
143,44.893,200,9,259.14556884765625,-225.08982849121094,-22.608474731445312,-237.1544189453125,154.58236694335938,-246.1822052001953,5.641276407241821,5.696847438812256
144,45.201,200,9,259.14556884765625,-225.08982849121094,-22.608474731445312,-237.1544189453125,297.62957763671875,-246.4156494140625,5.646079225540161,5.723267555236816
145,45.514,200,9,259.14556884765625,-225.08982849121094,-21.430429458618164,-237.24777221679688,167.92564392089844,-242.23062133789062,5.649342880249024,5.593755722045898
146,45.819,200,9,259.14556884765625,-225.08982849121094,-21.430429458618164,-237.24777221679688,267.4395751953125,-248.6776885986328,5.652237749099731,5.794716835021973
147,46.142,200,9,259.14556884765625,-225.08982849121094,-22.26565170288086,-237.10140991210938,286.30908203125,-241.18092346191406,5.628604850769043,5.74432373046875
148,46.454,200,9,259.14556884765625,-225.08982849121094,-22.26565170288086,-237.10140991210938,185.59976196289062,-244.70855712890625,5.626486539840698,5.569670677185059
149,46.771,200,10,259.14556884765625,-225.08982849121094,-22.099159240722656,-237.11509704589844,109.94017028808594,-228.2006378173828,5.619046802520752,5.621594429016113
150,47.075,200,10,259.14556884765625,-225.08982849121094,-22.099159240722656,-237.11509704589844,-12.796943664550781,-224.9257354736328,5.644174575805664,5.602154731750488
151,47.398,200,10,259.14556884765625,-225.08982849121094,-19.999897003173828,-236.9289093017578,150.78231811523438,-241.21044921875,5.654849376678467,5.544393539428711
152,47.757,200,10,259.14556884765625,-225.08982849121094,-19.999897003173828,-236.9289093017578,147.11703491210938,-229.34983825683594,5.635988693237305,5.62812614440918
153,48.097,200,9,259.14556884765625,-225.08982849121094,-17.674760818481445,-236.97291564941406,137.81668090820312,-228.8298797607422,5.627936639785767,5.595871925354004
154,48.407,200,9,259.14556884765625,-225.08982849121094,-17.674760818481445,-236.97291564941406,134.2598419189453,-234.39439392089844,5.621900768280029,5.706725120544434
155,48.729,200,9,259.14556884765625,-225.08982849121094,-16.26666831970215,-236.83984375,320.7665710449219,-243.83096313476562,5.628986949920654,5.612990379333496
156,49.035,200,9,259.14556884765625,-225.08982849121094,-16.26666831970215,-236.83984375,173.1756134033203,-229.35214233398438,5.6485856342315675,5.713324546813965
157,49.348,200,9,259.14556884765625,-225.08982849121094,-16.508045196533203,-237.02029418945312,285.95404052734375,-243.89413452148438,5.626207141876221,5.564122200012207
158,49.656,200,9,259.14556884765625,-225.08982849121094,-16.508045196533203,-237.02029418945312,-42.633583068847656,-223.50875854492188,5.618641204833985,5.605999946594238
159,49.976,200,9,259.14556884765625,-225.08982849121094,-17.697677612304688,-237.17849731445312,139.32350158691406,-231.0487518310547,5.609116067886353,5.591069221496582
160,50.283,200,9,259.14556884765625,-225.08982849121094,-17.697677612304688,-237.17849731445312,89.19347381591797,-225.80784606933594,5.624466915130615,5.597696304321289
161,50.655,200,9,259.14556884765625,-225.08982849121094,-13.573254585266113,-237.04751586914062,-10.552361488342285,-222.45782470703125,5.629890928268432,5.596034049987793
162,50.987,200,9,259.14556884765625,-225.08982849121094,-13.573254585266113,-237.04751586914062,176.49998474121094,-234.4236297607422,5.617027740478516,5.551136016845703
163,51.302,200,8,259.14556884765625,-225.08982849121094,-10.743363380432129,-237.01515197753906,34.957176208496094,-226.3729248046875,5.627492370605469,5.635512351989746
164,51.61,200,8,259.14556884765625,-225.08982849121094,-10.743363380432129,-237.01515197753906,17.55799674987793,-223.69020080566406,5.615074234008789,5.567904472351074
165,51.923,200,8,259.14556884765625,-225.08982849121094,-9.240428924560547,-237.0224609375,84.26384735107422,-225.71188354492188,5.5955806064605715,5.568796634674072
166,52.237,200,8,259.14556884765625,-225.08982849121094,-9.240428924560547,-237.0224609375,272.4591979980469,-246.75918579101562,5.615575075149536,5.615549087524414
167,52.551,200,9,259.14556884765625,-225.08982849121094,-7.649276256561279,-237.01107788085938,137.13665771484375,-230.27952575683594,5.614675426483155,5.609342098236084
168,52.856,200,9,259.14556884765625,-225.08982849121094,-7.649276256561279,-237.01107788085938,178.3803253173828,-231.0144500732422,5.593579206466675,5.450256824493408
169,53.17,200,9,259.14556884765625,-225.08982849121094,-7.295331001281738,-236.95620727539062,25.414813995361328,-225.62673950195312,5.609859046936035,5.615927219390869
170,53.484,200,9,259.14556884765625,-225.08982849121094,-7.295331001281738,-236.95620727539062,273.0001220703125,-247.59359741210938,5.591722507476806,5.534371376037598
171,53.799,200,9,259.14556884765625,-225.08982849121094,-5.488677978515625,-237.27084350585938,290.12078857421875,-247.36972045898438,5.609724349975586,5.436938762664795
172,54.104,200,9,259.14556884765625,-225.08982849121094,-5.488677978515625,-237.27084350585938,80.98202514648438,-225.10707092285156,5.585091171264648,5.75593900680542
173,54.478,200,8,259.14556884765625,-226.34754943847656,-5.696195125579834,-237.36566162109375,87.13841247558594,-225.3046112060547,5.595657777786255,5.5807204246521
174,54.791,200,8,259.14556884765625,-226.34754943847656,-5.696195125579834,-237.36566162109375,9.185490608215332,-224.30715942382812,5.583049793243408,5.538205146789551
175,55.104,200,8,259.14556884765625,-226.34754943847656,-3.481826066970825,-237.42605590820312,-3.4344167709350586,-225.29452514648438,5.571123285293579,5.399566173553467
176,55.409,200,8,259.14556884765625,-226.34754943847656,-3.481826066970825,-237.42605590820312,9.991413116455078,-224.53115844726562,5.6053236389160155,5.6299238204956055
177,55.731,200,8,259.14556884765625,-226.34754943847656,-1.0071008205413818,-237.75608825683594,289.1796875,-247.19691467285156,5.598695774078369,5.57451057434082
178,56.17,200,8,259.14556884765625,-226.34754943847656,-1.0071008205413818,-237.75608825683594,86.06901550292969,-225.70448303222656,5.590754079818725,5.52560567855835
179,56.489,200,8,259.14556884765625,-226.34754943847656,-1.3443139791488647,-237.82308959960938,198.70501708984375,-238.27980041503906,5.593842821121216,5.607789993286133
180,56.794,200,8,259.14556884765625,-226.34754943847656,-1.3443139791488647,-237.82308959960938,201.11549377441406,-240.54483032226562,5.57209716796875,5.511649131774902
181,57.107,200,8,259.14556884765625,-226.34754943847656,-0.3365808129310608,-237.70863342285156,-3.5480713844299316,-223.47776794433594,5.5990445518493654,5.585331916809082
182,57.418,200,8,259.14556884765625,-226.34754943847656,-0.3365808129310608,-237.70863342285156,196.40745544433594,-237.7177276611328,5.601996393203735,5.458576202392578
183,57.736,200,8,259.14556884765625,-226.34754943847656,0.40180665254592896,-237.8671875,281.56207275390625,-246.3255157470703,5.578348884582519,5.583856582641602
184,58.081,200,8,259.14556884765625,-226.34754943847656,0.40180665254592896,-237.8671875,43.663326263427734,-223.44906616210938,5.55466510772705,5.66562032699585
185,58.396,200,8,259.14556884765625,-226.34754943847656,4.048617362976074,-238.11732482910156,246.5081329345703,-234.50634765625,5.599782686233521,5.587986469268799
186,58.705,200,8,259.14556884765625,-226.34754943847656,4.048617362976074,-238.11732482910156,-18.115741729736328,-225.3029327392578,5.590379409790039,5.6038312911987305
187,59.026,200,8,259.14556884765625,-226.34754943847656,4.375916957855225,-238.43841552734375,83.0474624633789,-225.69798278808594,5.593265275955201,5.580646514892578
188,59.333,200,8,259.14556884765625,-226.34754943847656,4.375916957855225,-238.43841552734375,181.27816772460938,-233.11090087890625,5.5861788082122805,5.594791889190674
189,59.645,200,8,259.14556884765625,-226.34754943847656,7.024472713470459,-238.92613220214844,299.406494140625,-248.16952514648438,5.587210941314697,5.365391731262207
190,59.949,200,8,259.14556884765625,-226.34754943847656,7.024472713470459,-238.92613220214844,-5.269477367401123,-225.31724548339844,5.583159065246582,5.568780899047852
191,60.27,200,8,259.14556884765625,-226.34754943847656,7.749786376953125,-239.12149047851562,133.7129364013672,-230.49002075195312,5.572277812957764,5.673065185546875
192,60.575,200,8,259.14556884765625,-226.34754943847656,7.749786376953125,-239.12149047851562,200.2084197998047,-234.85934448242188,5.564032363891601,5.5578765869140625
193,60.889,200,9,259.14556884765625,-226.34754943847656,8.30876350402832,-239.3612060546875,55.77818298339844,-224.3955078125,5.570929536819458,5.554790496826172
194,61.194,200,9,259.14556884765625,-226.34754943847656,8.30876350402832,-239.3612060546875,-20.11646270751953,-224.50909423828125,5.600415334701538,5.6299285888671875
195,61.508,200,9,259.14556884765625,-226.34754943847656,10.552285194396973,-239.3856964111328,-13.161483764648438,-224.61521911621094,5.596481885910034,5.686301231384277
196,61.822,200,9,259.14556884765625,-226.34754943847656,10.552285194396973,-239.3856964111328,209.2073211669922,-241.72410583496094,5.606187705993652,5.670775413513184
197,62.135,200,8,259.14556884765625,-226.34754943847656,11.918586730957031,-239.8751220703125,199.7378387451172,-240.630859375,5.600839233398437,5.608543872833252
198,62.441,200,8,259.14556884765625,-226.34754943847656,11.918586730957031,-239.8751220703125,122.28071594238281,-223.6313934326172,5.582971487045288,5.617789268493652
199,62.76,200,8,259.14556884765625,-226.34754943847656,13.884359359741211,-239.9893035888672,194.88697814941406,-233.4924774169922,5.594285507202148,5.699069023132324
200,63.07,200,8,259.14556884765625,-226.34754943847656,13.884359359741211,-239.9893035888672,263.6974792480469,-247.60736083984375,5.600157089233399,5.488095760345459
1,0.34,4,2,47.4015007019043,-309.0077819824219,9.018614768981934,-310.10809326171875,-3.2133021354675293,-4.856614589691162,6.5967836093902585,6.655820369720459
2,0.632,4,2,47.4015007019043,-309.0077819824219,9.018614768981934,-310.10809326171875,9.54259204864502,8.56220531463623,6.527690238952637,6.486382484436035
3,0.93,8,5,47.4015007019043,-228.81076049804688,-33.61399841308594,-270.12701416015625,6.102784633636475,6.03409481048584,6.108187255859375,6.121306419372559
4,1.219,8,5,47.4015007019043,-228.81076049804688,-33.61399841308594,-270.12701416015625,76.01871490478516,-299.4509582519531,6.082649869918823,6.036479473114014
5,1.615,12,6,47.4015007019043,-228.81076049804688,-31.95699119567871,-260.9888610839844,-7.510380268096924,-303.9872131347656,5.9805457973480225,6.009335994720459
6,1.961,12,6,47.4015007019043,-228.81076049804688,-31.95699119567871,-260.9888610839844,-46.94247055053711,-221.20645141601562,5.9901018238067625,5.917024612426758
7,2.261,16,6,47.4015007019043,-228.81076049804688,-38.64638900756836,-256.3695068359375,88.65265655517578,-309.2300109863281,5.938637351989746,6.102592468261719
8,2.552,16,6,47.4015007019043,-228.81076049804688,-38.64638900756836,-256.3695068359375,60.9864387512207,-297.6635437011719,5.9282827568054195,5.956433296203613
9,2.849,20,7,47.4015007019043,-228.81076049804688,-52.267127990722656,-251.90963745117188,-55.709266662597656,-227.4727783203125,5.879023294448853,5.850429534912109
10,3.153,20,7,47.4015007019043,-228.81076049804688,-52.267127990722656,-251.90963745117188,41.536170959472656,-239.83506774902344,5.887672300338745,5.887818336486816
11,3.456,24,8,47.4015007019043,-222.1878204345703,-49.267242431640625,-247.60450744628906,-130.79737854003906,-213.04397583007812,5.83882266998291,5.784294605255127
12,3.774,24,8,47.4015007019043,-222.1878204345703,-49.267242431640625,-247.60450744628906,-23.03559684753418,-222.19168090820312,5.835658979415894,5.799870491027832
13,4.076,28,8,47.4015007019043,-222.1878204345703,-59.18068313598633,-245.15634155273438,-41.5720100402832,-216.25286865234375,5.834420013427734,5.837266445159912
14,4.383,28,8,47.4015007019043,-222.1878204345703,-59.18068313598633,-245.15634155273438,37.72162628173828,-233.037109375,5.81923204421997,5.754347801208496
15,4.687,32,8,47.4015007019043,-222.1878204345703,-57.14768981933594,-244.495361328125,-7.2641777992248535,-235.42286682128906,5.804336223602295,5.766079902648926
16,4.981,32,8,47.4015007019043,-222.1878204345703,-57.14768981933594,-244.495361328125,54.11181640625,-309.10113525390625,5.798459510803223,5.778351306915283
17,5.283,36,8,90.70817565917969,-222.1878204345703,-50.47032165527344,-246.31344604492188,60.254661560058594,-307.6146545410156,5.795380458831787,5.755618095397949
18,5.584,36,8,90.70817565917969,-222.1878204345703,-50.47032165527344,-246.31344604492188,-24.15980339050293,-223.48699951171875,5.846948413848877,5.838519096374512
19,5.886,40,8,90.70817565917969,-222.1878204345703,-58.8838005065918,-245.1859893798828,-37.12823486328125,-221.70301818847656,5.809176015853882,5.922739028930664
20,6.182,40,8,90.70817565917969,-222.1878204345703,-58.8838005065918,-245.1859893798828,40.72571563720703,-237.86468505859375,5.807530879974365,5.766121864318848
21,6.49,44,8,90.70817565917969,-222.1878204345703,-59.1103401184082,-244.7048797607422,90.76874542236328,-256.9700012207031,5.800906038284301,5.880800247192383
22,6.799,44,8,90.70817565917969,-222.1878204345703,-59.1103401184082,-244.7048797607422,-40.986846923828125,-220.9075469970703,5.801680488586426,5.8792924880981445
23,7.107,48,6,90.70817565917969,-222.1878204345703,-58.004940032958984,-243.39422607421875,-33.816741943359375,-214.76962280273438,5.77974575996399,5.755481719970703
24,7.404,48,6,90.70817565917969,-222.1878204345703,-58.004940032958984,-243.39422607421875,104.76131439208984,-259.74365234375,5.785059051513672,5.803716659545898
25,7.708,52,7,90.70817565917969,-222.1878204345703,-54.294212341308594,-242.70281982421875,-39.05870819091797,-219.0458526611328,5.78600380897522,5.84058952331543
26,8.006,52,7,90.70817565917969,-222.1878204345703,-54.294212341308594,-242.70281982421875,-13.382031440734863,-213.4896697998047,5.784192190170288,5.790399074554443
27,8.318,56,7,90.70817565917969,-222.1878204345703,-54.5704460144043,-242.35867309570312,32.43985366821289,-222.28419494628906,5.7657036876678465,5.76802396774292
28,8.616,56,7,90.70817565917969,-222.1878204345703,-54.5704460144043,-242.35867309570312,26.0291690826416,-225.7895965576172,5.801009397506714,5.9001946449279785
29,8.933,60,8,90.70817565917969,-222.1878204345703,-50.42361831665039,-242.12997436523438,-39.20241165161133,-220.768310546875,5.765231914520264,5.728011131286621
30,9.23,60,8,90.70817565917969,-222.1878204345703,-50.42361831665039,-242.12997436523438,-40.42704772949219,-219.5112762451172,5.752243089675903,5.707404136657715
31,9.547,64,8,90.70817565917969,-222.1878204345703,-49.81778335571289,-241.98072814941406,72.32683563232422,-239.35838317871094,5.774814167022705,5.81428337097168
32,9.851,64,8,90.70817565917969,-222.1878204345703,-49.81778335571289,-241.98072814941406,-19.64157485961914,-219.8704833984375,5.740026359558105,5.729413032531738
33,10.154,68,8,90.70817565917969,-222.1878204345703,-52.724735260009766,-241.79966735839844,97.25762176513672,-256.7822570800781,5.762997407913208,5.758513927459717
34,10.449,68,8,90.70817565917969,-222.1878204345703,-52.724735260009766,-241.79966735839844,93.37090301513672,-259.7286682128906,5.774335136413574,5.813252925872803
35,10.762,72,8,90.70817565917969,-222.1878204345703,-52.317752838134766,-241.34524536132812,-35.19609451293945,-221.3074188232422,5.761159257888794,5.693933963775635
36,11.087,72,8,90.70817565917969,-222.1878204345703,-52.317752838134766,-241.34524536132812,-30.606842041015625,-219.0093994140625,5.7722571754455565,5.767617225646973
37,11.39,76,8,90.70817565917969,-222.1878204345703,-53.21595001220703,-241.3063507080078,68.53189086914062,-237.4483184814453,5.763866786956787,5.790802001953125
38,11.687,76,8,90.70817565917969,-222.1878204345703,-53.21595001220703,-241.3063507080078,-24.51465606689453,-216.60914611816406,5.765612421035766,5.748218536376953
39,12.0,80,8,90.70817565917969,-222.1878204345703,-51.86906051635742,-241.42745971679688,125.66725158691406,-256.4794616699219,5.779039125442505,5.8075761795043945
40,12.298,80,8,90.70817565917969,-222.1878204345703,-51.86906051635742,-241.42745971679688,-34.8414421081543,-219.24928283691406,5.775042171478272,5.792913436889648
41,12.607,84,8,136.58848571777344,-222.1878204345703,-48.704627990722656,-241.55096435546875,93.88832092285156,-260.1228942871094,5.774928932189941,5.745633602142334
42,12.909,84,8,136.58848571777344,-222.1878204345703,-48.704627990722656,-241.55096435546875,68.13140106201172,-240.6959991455078,5.8039661884307865,5.776747703552246
43,13.273,88,8,136.58848571777344,-222.1878204345703,-50.058780670166016,-241.68008422851562,61.042415618896484,-241.31103515625,5.782214164733887,5.950687408447266
44,13.572,88,8,136.58848571777344,-222.1878204345703,-50.058780670166016,-241.68008422851562,-13.383426666259766,-219.8271484375,5.76142014503479,5.903923034667969
45,13.88,92,8,136.58848571777344,-222.1878204345703,-49.318511962890625,-241.34921264648438,18.027162551879883,-225.91661071777344,5.765847883224487,5.696907997131348
46,14.17,92,8,136.58848571777344,-222.1878204345703,-49.318511962890625,-241.34921264648438,142.60470581054688,-243.93301391601562,5.761754388809204,5.70924186706543
47,14.487,96,8,136.58848571777344,-222.1878204345703,-47.70549011230469,-241.32017517089844,151.00848388671875,-244.05877685546875,5.769279222488404,5.919449806213379
48,14.793,96,8,136.58848571777344,-222.1878204345703,-47.70549011230469,-241.32017517089844,32.58246612548828,-228.2510528564453,5.739059238433838,5.748366832733154
49,15.1,100,8,136.58848571777344,-222.1878204345703,-44.24180221557617,-241.09669494628906,-38.70710372924805,-219.14625549316406,5.772166481018067,5.85959529876709
50,15.399,100,8,136.58848571777344,-222.1878204345703,-44.24180221557617,-241.09669494628906,51.769981384277344,-232.06683349609375,5.756950578689575,5.727933406829834
51,15.717,104,8,136.58848571777344,-222.1878204345703,-45.01599884033203,-241.21165466308594,138.3752899169922,-241.20724487304688,5.76913122177124,5.8094682693481445
52,16.022,104,8,136.58848571777344,-222.1878204345703,-45.01599884033203,-241.21165466308594,97.6729736328125,-230.55020141601562,5.764428615570068,5.723973751068115
53,16.33,108,8,136.58848571777344,-222.1878204345703,-45.719818115234375,-240.9860076904297,154.97254943847656,-240.8870086669922,5.746012983322143,5.745817184448242
54,16.634,108,8,136.58848571777344,-222.1878204345703,-45.719818115234375,-240.9860076904297,111.97140502929688,-232.66024780273438,5.765846576690674,5.7604875564575195
55,16.946,112,8,136.58848571777344,-222.1878204345703,-47.20391082763672,-241.1426239013672,31.819204330444336,-225.28810119628906,5.7538909816741945,5.838153839111328
56,17.245,112,8,136.58848571777344,-222.1878204345703,-47.20391082763672,-241.1426239013672,87.47994995117188,-231.1411895751953,5.760126676559448,5.712259292602539
57,17.552,116,9,136.58848571777344,-222.1878204345703,-45.64460372924805,-241.13525390625,157.92547607421875,-243.60916137695312,5.773362455368042,5.787441730499268
58,17.858,116,9,136.58848571777344,-222.1878204345703,-45.64460372924805,-241.13525390625,25.818090438842773,-227.04620361328125,5.739660549163818,5.58532190322876
59,18.173,120,9,136.58848571777344,-222.1878204345703,-43.60642623901367,-240.97418212890625,22.448163986206055,-226.46939086914062,5.761899604797363,5.807683944702148
60,18.471,120,9,136.58848571777344,-222.1878204345703,-43.60642623901367,-240.97418212890625,162.24794006347656,-237.38917541503906,5.759041328430175,5.802577972412109
61,18.782,124,9,136.58848571777344,-222.1878204345703,-46.5355339050293,-241.07901000976562,29.950511932373047,-228.3412628173828,5.749257898330688,5.833873748779297
62,19.094,124,9,136.58848571777344,-222.1878204345703,-46.5355339050293,-241.07901000976562,49.021793365478516,-226.59669494628906,5.77421350479126,5.705267906188965
63,19.422,128,9,136.58848571777344,-222.1878204345703,-45.854068756103516,-240.85995483398438,18.01691436767578,-227.81126403808594,5.769942541122436,5.631495475769043
64,19.852,128,9,136.58848571777344,-222.1878204345703,-45.854068756103516,-240.85995483398438,39.33892822265625,-228.9812774658203,5.745692348480224,5.625331878662109
65,20.161,132,9,136.58848571777344,-222.1878204345703,-46.043785095214844,-240.6981201171875,140.0645294189453,-235.79693603515625,5.775614385604858,5.707938194274902
66,20.517,132,9,136.58848571777344,-222.1878204345703,-46.043785095214844,-240.6981201171875,111.7271957397461,-230.46426391601562,5.749760274887085,5.760969161987305
67,20.892,136,9,136.58848571777344,-222.1878204345703,-46.390926361083984,-240.61965942382812,17.00359535217285,-226.95021057128906,5.738489484786987,5.650663375854492
68,21.197,136,9,136.58848571777344,-222.1878204345703,-46.390926361083984,-240.61965942382812,123.46429443359375,-232.29852294921875,5.748731861114502,5.643310546875
69,21.512,140,9,136.58848571777344,-222.1878204345703,-46.89925003051758,-240.53713989257812,155.52630615234375,-243.68919372558594,5.753514595031739,5.667117118835449
70,21.841,140,9,136.58848571777344,-222.1878204345703,-46.89925003051758,-240.53713989257812,132.97128295898438,-238.7704315185547,5.765056953430176,5.789813995361328
71,22.151,144,9,136.58848571777344,-222.1878204345703,-47.64176559448242,-240.26597595214844,-33.04277038574219,-222.07212829589844,5.742109937667847,5.759249210357666
72,22.451,144,9,136.58848571777344,-222.1878204345703,-47.64176559448242,-240.26597595214844,27.800827026367188,-226.42266845703125,5.735028333663941,5.714014053344727
73,22.766,148,9,136.58848571777344,-222.1878204345703,-46.400787353515625,-240.0380401611328,-42.967533111572266,-220.96441650390625,5.750667524337769,5.767348289489746
74,23.069,148,9,136.58848571777344,-222.1878204345703,-46.400787353515625,-240.0380401611328,134.37522888183594,-235.76931762695312,5.732551212310791,5.710248947143555
75,23.38,152,9,136.58848571777344,-222.1878204345703,-47.00542068481445,-239.95913696289062,32.4535026550293,-228.790771484375,5.73051040649414,5.660429000854492
76,23.707,152,9,136.58848571777344,-222.1878204345703,-47.00542068481445,-239.95913696289062,41.11027908325195,-228.41673278808594,5.750532665252686,5.842915058135986
77,24.03,156,9,136.58848571777344,-222.1878204345703,-48.16797637939453,-239.7823028564453,-9.235129356384277,-223.09214782714844,5.748489322662354,5.711138725280762
78,24.332,156,9,136.58848571777344,-222.1878204345703,-48.16797637939453,-239.7823028564453,28.731279373168945,-227.99974060058594,5.7426021289825435,5.693193435668945
79,24.643,160,9,136.58848571777344,-222.1878204345703,-45.391700744628906,-239.76913452148438,142.8197021484375,-238.62030029296875,5.737055177688599,5.61225700378418
80,24.943,160,9,136.58848571777344,-222.1878204345703,-45.391700744628906,-239.76913452148438,140.24417114257812,-244.0692901611328,5.754660501480102,5.693790435791016
81,25.262,164,9,136.58848571777344,-222.1878204345703,-45.52062225341797,-239.8144989013672,135.71511840820312,-238.55165100097656,5.73253924369812,5.747096061706543
82,25.568,164,9,136.58848571777344,-222.1878204345703,-45.52062225341797,-239.8144989013672,94.32763671875,-231.981689453125,5.73472601890564,5.771777153015137
83,25.877,168,9,136.58848571777344,-222.1878204345703,-45.13849639892578,-239.81924438476562,137.25787353515625,-243.23980712890625,5.754511957168579,5.742161750793457
84,26.187,168,9,136.58848571777344,-222.1878204345703,-45.13849639892578,-239.81924438476562,-19.3795223236084,-221.71316528320312,5.734948358535767,5.851457118988037
85,26.502,172,9,136.58848571777344,-222.1878204345703,-46.45004653930664,-239.68429565429688,-19.95408058166504,-222.04379272460938,5.754471817016602,5.811994552612305
86,26.805,172,9,136.58848571777344,-222.1878204345703,-46.45004653930664,-239.68429565429688,123.618896484375,-235.60263061523438,5.732305536270141,5.602370738983154
87,27.116,176,9,136.58848571777344,-222.1878204345703,-45.519107818603516,-239.490966796875,-23.057254791259766,-222.03260803222656,5.746071004867554,5.907685279846191
88,27.427,176,9,136.58848571777344,-222.1878204345703,-45.519107818603516,-239.490966796875,95.50929260253906,-225.19642639160156,5.732862854003907,5.7509765625
89,27.744,180,9,136.58848571777344,-222.1878204345703,-47.317745208740234,-239.27578735351562,-36.80812454223633,-220.2538299560547,5.72362979888916,5.5657267570495605
90,28.048,180,9,136.58848571777344,-222.1878204345703,-47.317745208740234,-239.27578735351562,-23.244041442871094,-221.44921875,5.713163871765136,5.754867076873779
91,28.361,184,9,136.58848571777344,-222.1878204345703,-46.80390548706055,-239.17897033691406,105.8145751953125,-227.45848083496094,5.733108329772949,5.719264030456543
92,28.675,184,9,136.58848571777344,-222.1878204345703,-46.80390548706055,-239.17897033691406,-31.076583862304688,-218.34535217285156,5.73316312789917,5.683199882507324
93,28.992,188,10,136.58848571777344,-222.1878204345703,-45.07466506958008,-239.035888671875,54.301673889160156,-226.39743041992188,5.703088607788086,5.767362594604492
94,29.297,188,10,136.58848571777344,-222.1878204345703,-45.07466506958008,-239.035888671875,-31.42392349243164,-221.85504150390625,5.708380632400512,5.66910457611084
95,29.61,192,10,136.58848571777344,-222.1878204345703,-45.231781005859375,-239.1612091064453,160.73361206054688,-238.7252960205078,5.726798477172852,5.7526164054870605
96,29.935,192,10,136.58848571777344,-222.1878204345703,-45.231781005859375,-239.1612091064453,70.8740005493164,-227.67340087890625,5.7306841850280765,5.718996524810791
97,30.252,196,10,136.58848571777344,-222.1878204345703,-45.61370086669922,-239.02391052246094,93.48099517822266,-228.6287841796875,5.739491529464722,5.786800861358643
98,30.559,196,10,136.58848571777344,-222.1878204345703,-45.61370086669922,-239.02391052246094,114.65743255615234,-230.03826904296875,5.719574117660523,5.762735366821289
99,30.925,200,10,136.58848571777344,-222.1878204345703,-45.97419738769531,-239.12281799316406,140.25283813476562,-242.4005126953125,5.718324365615845,5.641509056091309
100,31.25,200,10,136.58848571777344,-222.1878204345703,-45.97419738769531,-239.12281799316406,93.89771270751953,-229.06260681152344,5.7465735530853275,5.736503601074219
101,31.63,200,10,136.58848571777344,-222.1878204345703,-48.11460494995117,-237.7482452392578,85.56019592285156,-231.35389709472656,5.714697656631469,5.765448093414307
102,31.934,200,10,136.58848571777344,-222.1878204345703,-48.11460494995117,-237.7482452392578,-34.178436279296875,-216.46681213378906,5.710025596618652,5.658512592315674
103,32.247,200,10,136.58848571777344,-222.1878204345703,-47.681148529052734,-237.9462127685547,159.1551055908203,-243.20570373535156,5.717331762313843,5.745478630065918
104,32.56,200,10,136.58848571777344,-222.1878204345703,-47.681148529052734,-237.9462127685547,129.1237030029297,-236.290283203125,5.711261339187622,5.664726257324219
105,32.873,200,10,136.58848571777344,-222.1878204345703,-47.50503921508789,-237.90016174316406,58.0217170715332,-227.5944061279297,5.7070188808441165,5.740928649902344
106,33.177,200,10,136.58848571777344,-222.1878204345703,-47.50503921508789,-237.90016174316406,150.13380432128906,-241.1326904296875,5.710448570251465,5.704222679138184
107,33.489,200,10,136.58848571777344,-222.1878204345703,-47.67095184326172,-237.67160034179688,-40.51336669921875,-219.5756072998047,5.706790113449097,5.584954261779785
108,33.793,200,10,136.58848571777344,-222.1878204345703,-47.67095184326172,-237.67160034179688,90.61194610595703,-228.97589111328125,5.6845596981048585,5.615623950958252
109,34.115,200,9,138.02325439453125,-222.1878204345703,-44.83002853393555,-237.77867126464844,44.269866943359375,-227.19248962402344,5.719679565429687,5.832640171051025
110,34.421,200,9,138.02325439453125,-222.1878204345703,-44.83002853393555,-237.77867126464844,-23.801040649414062,-223.17245483398438,5.689846382141114,5.802516937255859
111,34.748,200,8,138.02325439453125,-225.08982849121094,-44.254852294921875,-238.13461303710938,94.31751251220703,-232.21615600585938,5.703670835494995,5.805499076843262
112,35.275,200,8,138.02325439453125,-225.08982849121094,-44.254852294921875,-238.13461303710938,58.24300003051758,-227.09588623046875,5.697211637496948,5.649707794189453
113,35.641,200,9,149.82325744628906,-225.08982849121094,-41.783329010009766,-238.3962860107422,143.9046173095703,-237.95013427734375,5.687683305740356,5.732806205749512
114,35.943,200,9,149.82325744628906,-225.08982849121094,-41.783329010009766,-238.3962860107422,-43.75550842285156,-224.52210998535156,5.702231159210205,5.803814888000488
115,36.249,200,9,149.82325744628906,-225.08982849121094,-41.258888244628906,-238.2988739013672,29.94452476501465,-223.11900329589844,5.7090452194213865,5.817089080810547
116,36.554,200,9,149.82325744628906,-225.08982849121094,-41.258888244628906,-238.2988739013672,161.182373046875,-235.79440307617188,5.696324615478516,5.488948822021484
117,36.876,200,9,149.82325744628906,-225.08982849121094,-42.178436279296875,-237.76629638671875,110.03327941894531,-230.1351776123047,5.679508581161499,5.641785144805908
118,37.183,200,9,149.82325744628906,-225.08982849121094,-42.178436279296875,-237.76629638671875,-23.628042221069336,-222.64984130859375,5.71245400428772,5.633614540100098
119,37.496,200,9,149.82325744628906,-225.08982849121094,-38.411502838134766,-237.79376220703125,55.10729217529297,-226.2420196533203,5.676096773147583,5.582945823669434
120,37.802,200,9,149.82325744628906,-225.08982849121094,-38.411502838134766,-237.79376220703125,155.9522247314453,-247.30255126953125,5.689543581008911,5.744952201843262
121,38.123,200,11,149.82325744628906,-225.08982849121094,-36.25810623168945,-237.57972717285156,24.121435165405273,-226.00393676757812,5.687714776992798,5.729487419128418
122,38.427,200,11,149.82325744628906,-225.08982849121094,-36.25810623168945,-237.57972717285156,141.1155242919922,-235.8820343017578,5.671520128250122,5.551795482635498
123,38.753,200,11,149.82325744628906,-225.08982849121094,-35.04673385620117,-237.59515380859375,37.231929779052734,-224.52426147460938,5.68433952331543,5.81696891784668
124,39.06,200,11,149.82325744628906,-225.08982849121094,-35.04673385620117,-237.59515380859375,103.92520904541016,-225.8020782470703,5.692023286819458,5.681807518005371
125,39.373,200,8,149.82325744628906,-225.08982849121094,-34.289363861083984,-237.47784423828125,44.63147735595703,-228.2168426513672,5.682690954208374,5.758238792419434
126,39.679,200,8,149.82325744628906,-225.08982849121094,-34.289363861083984,-237.47784423828125,150.99864196777344,-234.3942108154297,5.68117919921875,5.664347171783447
127,39.999,200,8,149.82325744628906,-225.08982849121094,-33.37028503417969,-237.44822692871094,133.69700622558594,-229.09625244140625,5.668970012664795,5.750086307525635
128,40.325,200,8,149.82325744628906,-225.08982849121094,-33.37028503417969,-237.44822692871094,166.611328125,-245.00851440429688,5.6852083587646485,5.64913272857666
129,40.639,200,8,149.82325744628906,-225.08982849121094,-33.122230529785156,-237.30636596679688,21.525768280029297,-220.944580078125,5.6775203132629395,5.740297317504883
130,40.942,200,8,149.82325744628906,-225.08982849121094,-33.122230529785156,-237.30636596679688,84.15958404541016,-224.28099060058594,5.663481435775757,5.676641941070557
131,41.261,200,8,149.82325744628906,-225.08982849121094,-32.225181579589844,-237.2481231689453,31.719463348388672,-224.57997131347656,5.663786010742188,5.688060283660889
132,41.572,200,8,149.82325744628906,-225.08982849121094,-32.225181579589844,-237.2481231689453,178.89056396484375,-233.05398559570312,5.653973665237427,5.705427169799805
133,41.89,200,9,259.14556884765625,-225.08982849121094,-28.465974807739258,-237.36419677734375,176.3188018798828,-245.92579650878906,5.649108276367188,5.521973609924316
134,42.196,200,9,259.14556884765625,-225.08982849121094,-28.465974807739258,-237.36419677734375,-15.237581253051758,-225.07412719726562,5.674041090011596,5.757142543792725
135,42.51,200,9,259.14556884765625,-225.08982849121094,-28.370107650756836,-237.42710876464844,45.104774475097656,-224.1458282470703,5.651199989318847,5.600001335144043
136,42.825,200,9,259.14556884765625,-225.08982849121094,-28.370107650756836,-237.42710876464844,309.8512268066406,-247.55055236816406,5.668011837005615,5.731927394866943
137,43.139,200,9,259.14556884765625,-225.08982849121094,-26.838289260864258,-237.33070373535156,18.213167190551758,-223.3792724609375,5.645202989578247,5.774366855621338
138,43.443,200,9,259.14556884765625,-225.08982849121094,-26.838289260864258,-237.33070373535156,-27.928054809570312,-221.7641143798828,5.6784882164001464,5.6247711181640625
139,43.765,200,9,259.14556884765625,-225.08982849121094,-26.063291549682617,-237.2498779296875,111.41156768798828,-226.82260131835938,5.644133472442627,5.518115043640137
140,44.077,200,9,259.14556884765625,-225.08982849121094,-26.063291549682617,-237.2498779296875,84.77130889892578,-225.47216796875,5.640573501586914,5.631954193115234
141,44.393,200,9,259.14556884765625,-225.08982849121094,-25.408620834350586,-237.22816467285156,149.67617797851562,-232.8959197998047,5.657362480163574,5.744960308074951
142,44.707,200,9,259.14556884765625,-225.08982849121094,-25.408620834350586,-237.22816467285156,294.2387390136719,-247.63796997070312,5.648045797348022,5.656830787658691
143,45.028,200,9,259.14556884765625,-225.08982849121094,-22.608474731445312,-237.1544189453125,154.58236694335938,-246.1822052001953,5.641276407241821,5.696847438812256
144,45.34,200,9,259.14556884765625,-225.08982849121094,-22.608474731445312,-237.1544189453125,297.62957763671875,-246.4156494140625,5.646079225540161,5.723267555236816
145,45.654,200,9,259.14556884765625,-225.08982849121094,-21.430429458618164,-237.24777221679688,167.92564392089844,-242.23062133789062,5.649342880249024,5.593755722045898
146,45.961,200,9,259.14556884765625,-225.08982849121094,-21.430429458618164,-237.24777221679688,267.4395751953125,-248.6776885986328,5.652237749099731,5.794716835021973
147,46.276,200,9,259.14556884765625,-225.08982849121094,-22.26565170288086,-237.10140991210938,286.30908203125,-241.18092346191406,5.628604850769043,5.74432373046875
148,46.588,200,9,259.14556884765625,-225.08982849121094,-22.26565170288086,-237.10140991210938,185.59976196289062,-244.70855712890625,5.626486539840698,5.569670677185059
149,46.901,200,10,259.14556884765625,-225.08982849121094,-22.099159240722656,-237.11509704589844,109.94017028808594,-228.2006378173828,5.619046802520752,5.621594429016113
150,47.208,200,10,259.14556884765625,-225.08982849121094,-22.099159240722656,-237.11509704589844,-12.796943664550781,-224.9257354736328,5.644174575805664,5.602154731750488
151,47.523,200,10,259.14556884765625,-225.08982849121094,-19.999897003173828,-236.9289093017578,150.78231811523438,-241.21044921875,5.654849376678467,5.544393539428711
152,47.839,200,10,259.14556884765625,-225.08982849121094,-19.999897003173828,-236.9289093017578,147.11703491210938,-229.34983825683594,5.635988693237305,5.62812614440918
153,48.157,200,9,259.14556884765625,-225.08982849121094,-17.674760818481445,-236.97291564941406,137.81668090820312,-228.8298797607422,5.627936639785767,5.595871925354004
154,48.463,200,9,259.14556884765625,-225.08982849121094,-17.674760818481445,-236.97291564941406,134.2598419189453,-234.39439392089844,5.621900768280029,5.706725120544434
155,48.789,200,9,259.14556884765625,-225.08982849121094,-16.26666831970215,-236.83984375,320.7665710449219,-243.83096313476562,5.628986949920654,5.612990379333496
156,49.103,200,9,259.14556884765625,-225.08982849121094,-16.26666831970215,-236.83984375,173.1756134033203,-229.35214233398438,5.6485856342315675,5.713324546813965
157,49.416,200,9,259.14556884765625,-225.08982849121094,-16.508045196533203,-237.02029418945312,285.95404052734375,-243.89413452148438,5.626207141876221,5.564122200012207
158,49.742,200,9,259.14556884765625,-225.08982849121094,-16.508045196533203,-237.02029418945312,-42.633583068847656,-223.50875854492188,5.618641204833985,5.605999946594238
159,50.061,200,9,259.14556884765625,-225.08982849121094,-17.697677612304688,-237.17849731445312,139.32350158691406,-231.0487518310547,5.609116067886353,5.591069221496582
160,50.373,200,9,259.14556884765625,-225.08982849121094,-17.697677612304688,-237.17849731445312,89.19347381591797,-225.80784606933594,5.624466915130615,5.597696304321289
161,50.689,200,9,259.14556884765625,-225.08982849121094,-13.573254585266113,-237.04751586914062,-10.552361488342285,-222.45782470703125,5.629890928268432,5.596034049987793
162,50.994,200,9,259.14556884765625,-225.08982849121094,-13.573254585266113,-237.04751586914062,176.49998474121094,-234.4236297607422,5.617027740478516,5.551136016845703
163,51.318,200,8,259.14556884765625,-225.08982849121094,-10.743363380432129,-237.01515197753906,34.957176208496094,-226.3729248046875,5.627492370605469,5.635512351989746
164,51.633,200,8,259.14556884765625,-225.08982849121094,-10.743363380432129,-237.01515197753906,17.55799674987793,-223.69020080566406,5.615074234008789,5.567904472351074
165,51.946,200,8,259.14556884765625,-225.08982849121094,-9.240428924560547,-237.0224609375,84.26384735107422,-225.71188354492188,5.5955806064605715,5.568796634674072
166,52.254,200,8,259.14556884765625,-225.08982849121094,-9.240428924560547,-237.0224609375,272.4591979980469,-246.75918579101562,5.615575075149536,5.615549087524414
167,52.575,200,9,259.14556884765625,-225.08982849121094,-7.649276256561279,-237.01107788085938,137.13665771484375,-230.27952575683594,5.614675426483155,5.609342098236084
168,52.888,200,9,259.14556884765625,-225.08982849121094,-7.649276256561279,-237.01107788085938,178.3803253173828,-231.0144500732422,5.593579206466675,5.450256824493408
169,53.204,200,9,259.14556884765625,-225.08982849121094,-7.295331001281738,-236.95620727539062,25.414813995361328,-225.62673950195312,5.609859046936035,5.615927219390869
170,53.507,200,9,259.14556884765625,-225.08982849121094,-7.295331001281738,-236.95620727539062,273.0001220703125,-247.59359741210938,5.591722507476806,5.534371376037598
171,53.978,200,9,259.14556884765625,-225.08982849121094,-5.488677978515625,-237.27084350585938,290.12078857421875,-247.36972045898438,5.609724349975586,5.436938762664795
172,54.297,200,9,259.14556884765625,-225.08982849121094,-5.488677978515625,-237.27084350585938,80.98202514648438,-225.10707092285156,5.585091171264648,5.75593900680542
173,54.678,200,8,259.14556884765625,-226.34754943847656,-5.696195125579834,-237.36566162109375,87.13841247558594,-225.3046112060547,5.595657777786255,5.5807204246521
174,54.988,200,8,259.14556884765625,-226.34754943847656,-5.696195125579834,-237.36566162109375,9.185490608215332,-224.30715942382812,5.583049793243408,5.538205146789551
175,55.302,200,8,259.14556884765625,-226.34754943847656,-3.481826066970825,-237.42605590820312,-3.4344167709350586,-225.29452514648438,5.571123285293579,5.399566173553467
176,55.616,200,8,259.14556884765625,-226.34754943847656,-3.481826066970825,-237.42605590820312,9.991413116455078,-224.53115844726562,5.6053236389160155,5.6299238204956055
177,55.929,200,8,259.14556884765625,-226.34754943847656,-1.0071008205413818,-237.75608825683594,289.1796875,-247.19691467285156,5.598695774078369,5.57451057434082
178,56.237,200,8,259.14556884765625,-226.34754943847656,-1.0071008205413818,-237.75608825683594,86.06901550292969,-225.70448303222656,5.590754079818725,5.52560567855835
179,56.556,200,8,259.14556884765625,-226.34754943847656,-1.3443139791488647,-237.82308959960938,198.70501708984375,-238.27980041503906,5.593842821121216,5.607789993286133
180,56.863,200,8,259.14556884765625,-226.34754943847656,-1.3443139791488647,-237.82308959960938,201.11549377441406,-240.54483032226562,5.57209716796875,5.511649131774902
181,57.182,200,8,259.14556884765625,-226.34754943847656,-0.3365808129310608,-237.70863342285156,-3.5480713844299316,-223.47776794433594,5.5990445518493654,5.585331916809082
182,57.488,200,8,259.14556884765625,-226.34754943847656,-0.3365808129310608,-237.70863342285156,196.40745544433594,-237.7177276611328,5.601996393203735,5.458576202392578
183,57.806,200,8,259.14556884765625,-226.34754943847656,0.40180665254592896,-237.8671875,281.56207275390625,-246.3255157470703,5.578348884582519,5.583856582641602
184,58.121,200,8,259.14556884765625,-226.34754943847656,0.40180665254592896,-237.8671875,43.663326263427734,-223.44906616210938,5.55466510772705,5.66562032699585
185,58.436,200,8,259.14556884765625,-226.34754943847656,4.048617362976074,-238.11732482910156,246.5081329345703,-234.50634765625,5.599782686233521,5.587986469268799
186,58.744,200,8,259.14556884765625,-226.34754943847656,4.048617362976074,-238.11732482910156,-18.115741729736328,-225.3029327392578,5.590379409790039,5.6038312911987305
187,59.061,200,8,259.14556884765625,-226.34754943847656,4.375916957855225,-238.43841552734375,83.0474624633789,-225.69798278808594,5.593265275955201,5.580646514892578
188,59.375,200,8,259.14556884765625,-226.34754943847656,4.375916957855225,-238.43841552734375,181.27816772460938,-233.11090087890625,5.5861788082122805,5.594791889190674
189,59.691,200,8,259.14556884765625,-226.34754943847656,7.024472713470459,-238.92613220214844,299.406494140625,-248.16952514648438,5.587210941314697,5.365391731262207
190,59.996,200,8,259.14556884765625,-226.34754943847656,7.024472713470459,-238.92613220214844,-5.269477367401123,-225.31724548339844,5.583159065246582,5.568780899047852
191,60.312,200,8,259.14556884765625,-226.34754943847656,7.749786376953125,-239.12149047851562,133.7129364013672,-230.49002075195312,5.572277812957764,5.673065185546875
192,60.625,200,8,259.14556884765625,-226.34754943847656,7.749786376953125,-239.12149047851562,200.2084197998047,-234.85934448242188,5.564032363891601,5.5578765869140625
193,60.962,200,9,259.14556884765625,-226.34754943847656,8.30876350402832,-239.3612060546875,55.77818298339844,-224.3955078125,5.570929536819458,5.554790496826172
194,61.269,200,9,259.14556884765625,-226.34754943847656,8.30876350402832,-239.3612060546875,-20.11646270751953,-224.50909423828125,5.600415334701538,5.6299285888671875
195,61.584,200,9,259.14556884765625,-226.34754943847656,10.552285194396973,-239.3856964111328,-13.161483764648438,-224.61521911621094,5.596481885910034,5.686301231384277
196,61.892,200,9,259.14556884765625,-226.34754943847656,10.552285194396973,-239.3856964111328,209.2073211669922,-241.72410583496094,5.606187705993652,5.670775413513184
197,62.216,200,8,259.14556884765625,-226.34754943847656,11.918586730957031,-239.8751220703125,199.7378387451172,-240.630859375,5.600839233398437,5.608543872833252
198,62.523,200,8,259.14556884765625,-226.34754943847656,11.918586730957031,-239.8751220703125,122.28071594238281,-223.6313934326172,5.582971487045288,5.617789268493652
199,62.837,200,8,259.14556884765625,-226.34754943847656,13.884359359741211,-239.9893035888672,194.88697814941406,-233.4924774169922,5.594285507202148,5.699069023132324
200,63.147,200,8,259.14556884765625,-226.34754943847656,13.884359359741211,-239.9893035888672,263.6974792480469,-247.60736083984375,5.600157089233399,5.488095760345459
1,0.393,4,2,47.4015007019043,-309.0077819824219,9.018614768981934,-310.10809326171875,-3.2133021354675293,-4.856614589691162,6.5967836093902585,6.655820369720459
2,0.698,4,2,47.4015007019043,-309.0077819824219,9.018614768981934,-310.10809326171875,9.54259204864502,8.56220531463623,6.527690238952637,6.486382484436035
3,1.002,8,5,47.4015007019043,-228.81076049804688,-33.61399841308594,-270.12701416015625,6.102784633636475,6.03409481048584,6.108187255859375,6.121306419372559
4,1.364,8,5,47.4015007019043,-228.81076049804688,-33.61399841308594,-270.12701416015625,76.01871490478516,-299.4509582519531,6.082649869918823,6.036479473114014
5,1.705,12,6,47.4015007019043,-228.81076049804688,-31.95699119567871,-260.9888610839844,-7.510380268096924,-303.9872131347656,5.9805457973480225,6.009335994720459
6,2.012,12,6,47.4015007019043,-228.81076049804688,-31.95699119567871,-260.9888610839844,-46.94247055053711,-221.20645141601562,5.9901018238067625,5.917024612426758
7,2.314,16,6,47.4015007019043,-228.81076049804688,-38.64638900756836,-256.3695068359375,88.65265655517578,-309.2300109863281,5.938637351989746,6.102592468261719
8,2.612,16,6,47.4015007019043,-228.81076049804688,-38.64638900756836,-256.3695068359375,60.9864387512207,-297.6635437011719,5.9282827568054195,5.956433296203613
9,2.916,20,7,47.4015007019043,-228.81076049804688,-52.267127990722656,-251.90963745117188,-55.709266662597656,-227.4727783203125,5.879023294448853,5.850429534912109
10,3.214,20,7,47.4015007019043,-228.81076049804688,-52.267127990722656,-251.90963745117188,41.536170959472656,-239.83506774902344,5.887672300338745,5.887818336486816
11,3.521,24,8,47.4015007019043,-222.1878204345703,-49.267242431640625,-247.60450744628906,-130.79737854003906,-213.04397583007812,5.83882266998291,5.784294605255127
12,3.821,24,8,47.4015007019043,-222.1878204345703,-49.267242431640625,-247.60450744628906,-23.03559684753418,-222.19168090820312,5.835658979415894,5.799870491027832
13,4.127,28,8,47.4015007019043,-222.1878204345703,-59.18068313598633,-245.15634155273438,-41.5720100402832,-216.25286865234375,5.834420013427734,5.837266445159912
14,4.431,28,8,47.4015007019043,-222.1878204345703,-59.18068313598633,-245.15634155273438,37.72162628173828,-233.037109375,5.81923204421997,5.754347801208496
15,4.738,32,8,47.4015007019043,-222.1878204345703,-57.14768981933594,-244.495361328125,-7.2641777992248535,-235.42286682128906,5.804336223602295,5.766079902648926
16,5.035,32,8,47.4015007019043,-222.1878204345703,-57.14768981933594,-244.495361328125,54.11181640625,-309.10113525390625,5.798459510803223,5.778351306915283
17,5.342,36,8,90.70817565917969,-222.1878204345703,-50.47032165527344,-246.31344604492188,60.254661560058594,-307.6146545410156,5.795380458831787,5.755618095397949
18,5.642,36,8,90.70817565917969,-222.1878204345703,-50.47032165527344,-246.31344604492188,-24.15980339050293,-223.48699951171875,5.846948413848877,5.838519096374512
19,5.949,40,8,90.70817565917969,-222.1878204345703,-58.8838005065918,-245.1859893798828,-37.12823486328125,-221.70301818847656,5.809176015853882,5.922739028930664
20,6.249,40,8,90.70817565917969,-222.1878204345703,-58.8838005065918,-245.1859893798828,40.72571563720703,-237.86468505859375,5.807530879974365,5.766121864318848
21,6.557,44,8,90.70817565917969,-222.1878204345703,-59.1103401184082,-244.7048797607422,90.76874542236328,-256.9700012207031,5.800906038284301,5.880800247192383
22,6.86,44,8,90.70817565917969,-222.1878204345703,-59.1103401184082,-244.7048797607422,-40.986846923828125,-220.9075469970703,5.801680488586426,5.8792924880981445
23,7.167,48,6,90.70817565917969,-222.1878204345703,-58.004940032958984,-243.39422607421875,-33.816741943359375,-214.76962280273438,5.77974575996399,5.755481719970703
24,7.466,48,6,90.70817565917969,-222.1878204345703,-58.004940032958984,-243.39422607421875,104.76131439208984,-259.74365234375,5.785059051513672,5.803716659545898
25,7.773,52,7,90.70817565917969,-222.1878204345703,-54.294212341308594,-242.70281982421875,-39.05870819091797,-219.0458526611328,5.78600380897522,5.84058952331543
26,8.074,52,7,90.70817565917969,-222.1878204345703,-54.294212341308594,-242.70281982421875,-13.382031440734863,-213.4896697998047,5.784192190170288,5.790399074554443
27,8.383,56,7,90.70817565917969,-222.1878204345703,-54.5704460144043,-242.35867309570312,32.43985366821289,-222.28419494628906,5.7657036876678465,5.76802396774292
28,8.686,56,7,90.70817565917969,-222.1878204345703,-54.5704460144043,-242.35867309570312,26.0291690826416,-225.7895965576172,5.801009397506714,5.9001946449279785
29,9.021,60,8,90.70817565917969,-222.1878204345703,-50.42361831665039,-242.12997436523438,-39.20241165161133,-220.768310546875,5.765231914520264,5.728011131286621
30,9.324,60,8,90.70817565917969,-222.1878204345703,-50.42361831665039,-242.12997436523438,-40.42704772949219,-219.5112762451172,5.752243089675903,5.707404136657715
31,9.634,64,8,90.70817565917969,-222.1878204345703,-49.81778335571289,-241.98072814941406,72.32683563232422,-239.35838317871094,5.774814167022705,5.81428337097168
32,9.941,64,8,90.70817565917969,-222.1878204345703,-49.81778335571289,-241.98072814941406,-19.64157485961914,-219.8704833984375,5.740026359558105,5.729413032531738
33,10.251,68,8,90.70817565917969,-222.1878204345703,-52.724735260009766,-241.79966735839844,97.25762176513672,-256.7822570800781,5.762997407913208,5.758513927459717
34,10.557,68,8,90.70817565917969,-222.1878204345703,-52.724735260009766,-241.79966735839844,93.37090301513672,-259.7286682128906,5.774335136413574,5.813252925872803
35,10.867,72,8,90.70817565917969,-222.1878204345703,-52.317752838134766,-241.34524536132812,-35.19609451293945,-221.3074188232422,5.761159257888794,5.693933963775635
36,11.169,72,8,90.70817565917969,-222.1878204345703,-52.317752838134766,-241.34524536132812,-30.606842041015625,-219.0093994140625,5.7722571754455565,5.767617225646973
37,11.477,76,8,90.70817565917969,-222.1878204345703,-53.21595001220703,-241.3063507080078,68.53189086914062,-237.4483184814453,5.763866786956787,5.790802001953125
38,11.784,76,8,90.70817565917969,-222.1878204345703,-53.21595001220703,-241.3063507080078,-24.51465606689453,-216.60914611816406,5.765612421035766,5.748218536376953
39,12.094,80,8,90.70817565917969,-222.1878204345703,-51.86906051635742,-241.42745971679688,125.66725158691406,-256.4794616699219,5.779039125442505,5.8075761795043945
40,12.397,80,8,90.70817565917969,-222.1878204345703,-51.86906051635742,-241.42745971679688,-34.8414421081543,-219.24928283691406,5.775042171478272,5.792913436889648
41,12.709,84,8,136.58848571777344,-222.1878204345703,-48.704627990722656,-241.55096435546875,93.88832092285156,-260.1228942871094,5.774928932189941,5.745633602142334
42,13.041,84,8,136.58848571777344,-222.1878204345703,-48.704627990722656,-241.55096435546875,68.13140106201172,-240.6959991455078,5.8039661884307865,5.776747703552246
43,13.403,88,8,136.58848571777344,-222.1878204345703,-50.058780670166016,-241.68008422851562,61.042415618896484,-241.31103515625,5.782214164733887,5.950687408447266
44,13.705,88,8,136.58848571777344,-222.1878204345703,-50.058780670166016,-241.68008422851562,-13.383426666259766,-219.8271484375,5.76142014503479,5.903923034667969
45,14.014,92,8,136.58848571777344,-222.1878204345703,-49.318511962890625,-241.34921264648438,18.027162551879883,-225.91661071777344,5.765847883224487,5.696907997131348
46,14.314,92,8,136.58848571777344,-222.1878204345703,-49.318511962890625,-241.34921264648438,142.60470581054688,-243.93301391601562,5.761754388809204,5.70924186706543
47,14.625,96,8,136.58848571777344,-222.1878204345703,-47.70549011230469,-241.32017517089844,151.00848388671875,-244.05877685546875,5.769279222488404,5.919449806213379
48,14.927,96,8,136.58848571777344,-222.1878204345703,-47.70549011230469,-241.32017517089844,32.58246612548828,-228.2510528564453,5.739059238433838,5.748366832733154
49,15.239,100,8,136.58848571777344,-222.1878204345703,-44.24180221557617,-241.09669494628906,-38.70710372924805,-219.14625549316406,5.772166481018067,5.85959529876709
50,15.54,100,8,136.58848571777344,-222.1878204345703,-44.24180221557617,-241.09669494628906,51.769981384277344,-232.06683349609375,5.756950578689575,5.727933406829834
51,15.853,104,8,136.58848571777344,-222.1878204345703,-45.01599884033203,-241.21165466308594,138.3752899169922,-241.20724487304688,5.76913122177124,5.8094682693481445
52,16.163,104,8,136.58848571777344,-222.1878204345703,-45.01599884033203,-241.21165466308594,97.6729736328125,-230.55020141601562,5.764428615570068,5.723973751068115
53,16.475,108,8,136.58848571777344,-222.1878204345703,-45.719818115234375,-240.9860076904297,154.97254943847656,-240.8870086669922,5.746012983322143,5.745817184448242
54,16.79,108,8,136.58848571777344,-222.1878204345703,-45.719818115234375,-240.9860076904297,111.97140502929688,-232.66024780273438,5.765846576690674,5.7604875564575195
55,17.103,112,8,136.58848571777344,-222.1878204345703,-47.20391082763672,-241.1426239013672,31.819204330444336,-225.28810119628906,5.7538909816741945,5.838153839111328
56,17.405,112,8,136.58848571777344,-222.1878204345703,-47.20391082763672,-241.1426239013672,87.47994995117188,-231.1411895751953,5.760126676559448,5.712259292602539
57,17.717,116,9,136.58848571777344,-222.1878204345703,-45.64460372924805,-241.13525390625,157.92547607421875,-243.60916137695312,5.773362455368042,5.787441730499268
58,18.02,116,9,136.58848571777344,-222.1878204345703,-45.64460372924805,-241.13525390625,25.818090438842773,-227.04620361328125,5.739660549163818,5.58532190322876
59,18.332,120,9,136.58848571777344,-222.1878204345703,-43.60642623901367,-240.97418212890625,22.448163986206055,-226.46939086914062,5.761899604797363,5.807683944702148
60,18.637,120,9,136.58848571777344,-222.1878204345703,-43.60642623901367,-240.97418212890625,162.24794006347656,-237.38917541503906,5.759041328430175,5.802577972412109
61,18.949,124,9,136.58848571777344,-222.1878204345703,-46.5355339050293,-241.07901000976562,29.950511932373047,-228.3412628173828,5.749257898330688,5.833873748779297
62,19.253,124,9,136.58848571777344,-222.1878204345703,-46.5355339050293,-241.07901000976562,49.021793365478516,-226.59669494628906,5.77421350479126,5.705267906188965
63,19.565,128,9,136.58848571777344,-222.1878204345703,-45.854068756103516,-240.85995483398438,18.01691436767578,-227.81126403808594,5.769942541122436,5.631495475769043
64,19.87,128,9,136.58848571777344,-222.1878204345703,-45.854068756103516,-240.85995483398438,39.33892822265625,-228.9812774658203,5.745692348480224,5.625331878662109
65,20.183,132,9,136.58848571777344,-222.1878204345703,-46.043785095214844,-240.6981201171875,140.0645294189453,-235.79693603515625,5.775614385604858,5.707938194274902
66,20.486,132,9,136.58848571777344,-222.1878204345703,-46.043785095214844,-240.6981201171875,111.7271957397461,-230.46426391601562,5.749760274887085,5.760969161987305
67,20.799,136,9,136.58848571777344,-222.1878204345703,-46.390926361083984,-240.61965942382812,17.00359535217285,-226.95021057128906,5.738489484786987,5.650663375854492
68,21.104,136,9,136.58848571777344,-222.1878204345703,-46.390926361083984,-240.61965942382812,123.46429443359375,-232.29852294921875,5.748731861114502,5.643310546875
69,21.415,140,9,136.58848571777344,-222.1878204345703,-46.89925003051758,-240.53713989257812,155.52630615234375,-243.68919372558594,5.753514595031739,5.667117118835449
70,21.724,140,9,136.58848571777344,-222.1878204345703,-46.89925003051758,-240.53713989257812,132.97128295898438,-238.7704315185547,5.765056953430176,5.789813995361328
71,22.04,144,9,136.58848571777344,-222.1878204345703,-47.64176559448242,-240.26597595214844,-33.04277038574219,-222.07212829589844,5.742109937667847,5.759249210357666
72,22.349,144,9,136.58848571777344,-222.1878204345703,-47.64176559448242,-240.26597595214844,27.800827026367188,-226.42266845703125,5.735028333663941,5.714014053344727
73,22.661,148,9,136.58848571777344,-222.1878204345703,-46.400787353515625,-240.0380401611328,-42.967533111572266,-220.96441650390625,5.750667524337769,5.767348289489746
74,22.966,148,9,136.58848571777344,-222.1878204345703,-46.400787353515625,-240.0380401611328,134.37522888183594,-235.76931762695312,5.732551212310791,5.710248947143555
75,23.279,152,9,136.58848571777344,-222.1878204345703,-47.00542068481445,-239.95913696289062,32.4535026550293,-228.790771484375,5.73051040649414,5.660429000854492
76,23.584,152,9,136.58848571777344,-222.1878204345703,-47.00542068481445,-239.95913696289062,41.11027908325195,-228.41673278808594,5.750532665252686,5.842915058135986
77,23.897,156,9,136.58848571777344,-222.1878204345703,-48.16797637939453,-239.7823028564453,-9.235129356384277,-223.09214782714844,5.748489322662354,5.711138725280762
78,24.202,156,9,136.58848571777344,-222.1878204345703,-48.16797637939453,-239.7823028564453,28.731279373168945,-227.99974060058594,5.7426021289825435,5.693193435668945
79,24.515,160,9,136.58848571777344,-222.1878204345703,-45.391700744628906,-239.76913452148438,142.8197021484375,-238.62030029296875,5.737055177688599,5.61225700378418
80,24.82,160,9,136.58848571777344,-222.1878204345703,-45.391700744628906,-239.76913452148438,140.24417114257812,-244.0692901611328,5.754660501480102,5.693790435791016
81,25.134,164,9,136.58848571777344,-222.1878204345703,-45.52062225341797,-239.8144989013672,135.71511840820312,-238.55165100097656,5.73253924369812,5.747096061706543
82,25.441,164,9,136.58848571777344,-222.1878204345703,-45.52062225341797,-239.8144989013672,94.32763671875,-231.981689453125,5.73472601890564,5.771777153015137
83,25.754,168,9,136.58848571777344,-222.1878204345703,-45.13849639892578,-239.81924438476562,137.25787353515625,-243.23980712890625,5.754511957168579,5.742161750793457
84,26.061,168,9,136.58848571777344,-222.1878204345703,-45.13849639892578,-239.81924438476562,-19.3795223236084,-221.71316528320312,5.734948358535767,5.851457118988037
85,26.374,172,9,136.58848571777344,-222.1878204345703,-46.45004653930664,-239.68429565429688,-19.95408058166504,-222.04379272460938,5.754471817016602,5.811994552612305
86,26.682,172,9,136.58848571777344,-222.1878204345703,-46.45004653930664,-239.68429565429688,123.618896484375,-235.60263061523438,5.732305536270141,5.602370738983154
87,26.996,176,9,136.58848571777344,-222.1878204345703,-45.519107818603516,-239.490966796875,-23.057254791259766,-222.03260803222656,5.746071004867554,5.907685279846191
88,27.304,176,9,136.58848571777344,-222.1878204345703,-45.519107818603516,-239.490966796875,95.50929260253906,-225.19642639160156,5.732862854003907,5.7509765625
89,27.618,180,9,136.58848571777344,-222.1878204345703,-47.317745208740234,-239.27578735351562,-36.80812454223633,-220.2538299560547,5.72362979888916,5.5657267570495605
90,27.924,180,9,136.58848571777344,-222.1878204345703,-47.317745208740234,-239.27578735351562,-23.244041442871094,-221.44921875,5.713163871765136,5.754867076873779
91,28.238,184,9,136.58848571777344,-222.1878204345703,-46.80390548706055,-239.17897033691406,105.8145751953125,-227.45848083496094,5.733108329772949,5.719264030456543
92,28.546,184,9,136.58848571777344,-222.1878204345703,-46.80390548706055,-239.17897033691406,-31.076583862304688,-218.34535217285156,5.73316312789917,5.683199882507324
93,28.862,188,10,136.58848571777344,-222.1878204345703,-45.07466506958008,-239.035888671875,54.301673889160156,-226.39743041992188,5.703088607788086,5.767362594604492
94,29.17,188,10,136.58848571777344,-222.1878204345703,-45.07466506958008,-239.035888671875,-31.42392349243164,-221.85504150390625,5.708380632400512,5.66910457611084
95,29.485,192,10,136.58848571777344,-222.1878204345703,-45.231781005859375,-239.1612091064453,160.73361206054688,-238.7252960205078,5.726798477172852,5.7526164054870605
96,29.792,192,10,136.58848571777344,-222.1878204345703,-45.231781005859375,-239.1612091064453,70.8740005493164,-227.67340087890625,5.7306841850280765,5.718996524810791
97,30.106,196,10,136.58848571777344,-222.1878204345703,-45.61370086669922,-239.02391052246094,93.48099517822266,-228.6287841796875,5.739491529464722,5.786800861358643
98,30.421,196,10,136.58848571777344,-222.1878204345703,-45.61370086669922,-239.02391052246094,114.65743255615234,-230.03826904296875,5.719574117660523,5.762735366821289
99,30.736,200,10,136.58848571777344,-222.1878204345703,-45.97419738769531,-239.12281799316406,140.25283813476562,-242.4005126953125,5.718324365615845,5.641509056091309
100,31.054,200,10,136.58848571777344,-222.1878204345703,-45.97419738769531,-239.12281799316406,93.89771270751953,-229.06260681152344,5.7465735530853275,5.736503601074219
101,31.472,200,10,136.58848571777344,-222.1878204345703,-48.11460494995117,-237.7482452392578,85.56019592285156,-231.35389709472656,5.714697656631469,5.765448093414307
102,31.789,200,10,136.58848571777344,-222.1878204345703,-48.11460494995117,-237.7482452392578,-34.178436279296875,-216.46681213378906,5.710025596618652,5.658512592315674
103,32.107,200,10,136.58848571777344,-222.1878204345703,-47.681148529052734,-237.9462127685547,159.1551055908203,-243.20570373535156,5.717331762313843,5.745478630065918
104,32.416,200,10,136.58848571777344,-222.1878204345703,-47.681148529052734,-237.9462127685547,129.1237030029297,-236.290283203125,5.711261339187622,5.664726257324219
105,32.735,200,10,136.58848571777344,-222.1878204345703,-47.50503921508789,-237.90016174316406,58.0217170715332,-227.5944061279297,5.7070188808441165,5.740928649902344
106,33.044,200,10,136.58848571777344,-222.1878204345703,-47.50503921508789,-237.90016174316406,150.13380432128906,-241.1326904296875,5.710448570251465,5.704222679138184
107,33.361,200,10,136.58848571777344,-222.1878204345703,-47.67095184326172,-237.67160034179688,-40.51336669921875,-219.5756072998047,5.706790113449097,5.584954261779785
108,33.668,200,10,136.58848571777344,-222.1878204345703,-47.67095184326172,-237.67160034179688,90.61194610595703,-228.97589111328125,5.6845596981048585,5.615623950958252
109,33.998,200,9,138.02325439453125,-222.1878204345703,-44.83002853393555,-237.77867126464844,44.269866943359375,-227.19248962402344,5.719679565429687,5.832640171051025
110,34.322,200,9,138.02325439453125,-222.1878204345703,-44.83002853393555,-237.77867126464844,-23.801040649414062,-223.17245483398438,5.689846382141114,5.802516937255859
111,34.664,200,8,138.02325439453125,-225.08982849121094,-44.254852294921875,-238.13461303710938,94.31751251220703,-232.21615600585938,5.703670835494995,5.805499076843262
112,35.025,200,8,138.02325439453125,-225.08982849121094,-44.254852294921875,-238.13461303710938,58.24300003051758,-227.09588623046875,5.697211637496948,5.649707794189453
113,35.347,200,9,149.82325744628906,-225.08982849121094,-41.783329010009766,-238.3962860107422,143.9046173095703,-237.95013427734375,5.687683305740356,5.732806205749512
114,35.672,200,9,149.82325744628906,-225.08982849121094,-41.783329010009766,-238.3962860107422,-43.75550842285156,-224.52210998535156,5.702231159210205,5.803814888000488
115,36.034,200,9,149.82325744628906,-225.08982849121094,-41.258888244628906,-238.2988739013672,29.94452476501465,-223.11900329589844,5.7090452194213865,5.817089080810547
116,36.356,200,9,149.82325744628906,-225.08982849121094,-41.258888244628906,-238.2988739013672,161.182373046875,-235.79440307617188,5.696324615478516,5.488948822021484
117,36.674,200,9,149.82325744628906,-225.08982849121094,-42.178436279296875,-237.76629638671875,110.03327941894531,-230.1351776123047,5.679508581161499,5.641785144805908
118,36.985,200,9,149.82325744628906,-225.08982849121094,-42.178436279296875,-237.76629638671875,-23.628042221069336,-222.64984130859375,5.71245400428772,5.633614540100098
119,37.301,200,9,149.82325744628906,-225.08982849121094,-38.411502838134766,-237.79376220703125,55.10729217529297,-226.2420196533203,5.676096773147583,5.582945823669434
120,37.825,200,9,149.82325744628906,-225.08982849121094,-38.411502838134766,-237.79376220703125,155.9522247314453,-247.30255126953125,5.689543581008911,5.744952201843262
121,38.189,200,11,149.82325744628906,-225.08982849121094,-36.25810623168945,-237.57972717285156,24.121435165405273,-226.00393676757812,5.687714776992798,5.729487419128418
122,38.528,200,11,149.82325744628906,-225.08982849121094,-36.25810623168945,-237.57972717285156,141.1155242919922,-235.8820343017578,5.671520128250122,5.551795482635498
123,38.877,200,11,149.82325744628906,-225.08982849121094,-35.04673385620117,-237.59515380859375,37.231929779052734,-224.52426147460938,5.68433952331543,5.81696891784668
124,39.273,200,11,149.82325744628906,-225.08982849121094,-35.04673385620117,-237.59515380859375,103.92520904541016,-225.8020782470703,5.692023286819458,5.681807518005371
125,39.716,200,8,149.82325744628906,-225.08982849121094,-34.289363861083984,-237.47784423828125,44.63147735595703,-228.2168426513672,5.682690954208374,5.758238792419434
126,40.046,200,8,149.82325744628906,-225.08982849121094,-34.289363861083984,-237.47784423828125,150.99864196777344,-234.3942108154297,5.68117919921875,5.664347171783447
127,40.365,200,8,149.82325744628906,-225.08982849121094,-33.37028503417969,-237.44822692871094,133.69700622558594,-229.09625244140625,5.668970012664795,5.750086307525635
128,40.673,200,8,149.82325744628906,-225.08982849121094,-33.37028503417969,-237.44822692871094,166.611328125,-245.00851440429688,5.6852083587646485,5.64913272857666
129,40.99,200,8,149.82325744628906,-225.08982849121094,-33.122230529785156,-237.30636596679688,21.525768280029297,-220.944580078125,5.6775203132629395,5.740297317504883
130,41.303,200,8,149.82325744628906,-225.08982849121094,-33.122230529785156,-237.30636596679688,84.15958404541016,-224.28099060058594,5.663481435775757,5.676641941070557
131,41.632,200,8,149.82325744628906,-225.08982849121094,-32.225181579589844,-237.2481231689453,31.719463348388672,-224.57997131347656,5.663786010742188,5.688060283660889
132,41.946,200,8,149.82325744628906,-225.08982849121094,-32.225181579589844,-237.2481231689453,178.89056396484375,-233.05398559570312,5.653973665237427,5.705427169799805
133,42.264,200,9,259.14556884765625,-225.08982849121094,-28.465974807739258,-237.36419677734375,176.3188018798828,-245.92579650878906,5.649108276367188,5.521973609924316
134,42.574,200,9,259.14556884765625,-225.08982849121094,-28.465974807739258,-237.36419677734375,-15.237581253051758,-225.07412719726562,5.674041090011596,5.757142543792725
135,42.888,200,9,259.14556884765625,-225.08982849121094,-28.370107650756836,-237.42710876464844,45.104774475097656,-224.1458282470703,5.651199989318847,5.600001335144043
136,43.195,200,9,259.14556884765625,-225.08982849121094,-28.370107650756836,-237.42710876464844,309.8512268066406,-247.55055236816406,5.668011837005615,5.731927394866943
137,43.512,200,9,259.14556884765625,-225.08982849121094,-26.838289260864258,-237.33070373535156,18.213167190551758,-223.3792724609375,5.645202989578247,5.774366855621338
138,43.819,200,9,259.14556884765625,-225.08982849121094,-26.838289260864258,-237.33070373535156,-27.928054809570312,-221.7641143798828,5.6784882164001464,5.6247711181640625
139,44.157,200,9,259.14556884765625,-225.08982849121094,-26.063291549682617,-237.2498779296875,111.41156768798828,-226.82260131835938,5.644133472442627,5.518115043640137
140,44.465,200,9,259.14556884765625,-225.08982849121094,-26.063291549682617,-237.2498779296875,84.77130889892578,-225.47216796875,5.640573501586914,5.631954193115234
141,44.778,200,9,259.14556884765625,-225.08982849121094,-25.408620834350586,-237.22816467285156,149.67617797851562,-232.8959197998047,5.657362480163574,5.744960308074951
142,45.078,200,9,259.14556884765625,-225.08982849121094,-25.408620834350586,-237.22816467285156,294.2387390136719,-247.63796997070312,5.648045797348022,5.656830787658691
143,45.403,200,9,259.14556884765625,-225.08982849121094,-22.608474731445312,-237.1544189453125,154.58236694335938,-246.1822052001953,5.641276407241821,5.696847438812256
144,45.726,200,9,259.14556884765625,-225.08982849121094,-22.608474731445312,-237.1544189453125,297.62957763671875,-246.4156494140625,5.646079225540161,5.723267555236816
145,46.057,200,9,259.14556884765625,-225.08982849121094,-21.430429458618164,-237.24777221679688,167.92564392089844,-242.23062133789062,5.649342880249024,5.593755722045898
146,46.384,200,9,259.14556884765625,-225.08982849121094,-21.430429458618164,-237.24777221679688,267.4395751953125,-248.6776885986328,5.652237749099731,5.794716835021973
147,46.72,200,9,259.14556884765625,-225.08982849121094,-22.26565170288086,-237.10140991210938,286.30908203125,-241.18092346191406,5.628604850769043,5.74432373046875
148,47.039,200,9,259.14556884765625,-225.08982849121094,-22.26565170288086,-237.10140991210938,185.59976196289062,-244.70855712890625,5.626486539840698,5.569670677185059
149,47.364,200,10,259.14556884765625,-225.08982849121094,-22.099159240722656,-237.11509704589844,109.94017028808594,-228.2006378173828,5.619046802520752,5.621594429016113
150,47.673,200,10,259.14556884765625,-225.08982849121094,-22.099159240722656,-237.11509704589844,-12.796943664550781,-224.9257354736328,5.644174575805664,5.602154731750488
151,48.013,200,10,259.14556884765625,-225.08982849121094,-19.999897003173828,-236.9289093017578,150.78231811523438,-241.21044921875,5.654849376678467,5.544393539428711
152,48.44,200,10,259.14556884765625,-225.08982849121094,-19.999897003173828,-236.9289093017578,147.11703491210938,-229.34983825683594,5.635988693237305,5.62812614440918
153,48.785,200,9,259.14556884765625,-225.08982849121094,-17.674760818481445,-236.97291564941406,137.81668090820312,-228.8298797607422,5.627936639785767,5.595871925354004
154,49.092,200,9,259.14556884765625,-225.08982849121094,-17.674760818481445,-236.97291564941406,134.2598419189453,-234.39439392089844,5.621900768280029,5.706725120544434
155,49.407,200,9,259.14556884765625,-225.08982849121094,-16.26666831970215,-236.83984375,320.7665710449219,-243.83096313476562,5.628986949920654,5.612990379333496
156,49.715,200,9,259.14556884765625,-225.08982849121094,-16.26666831970215,-236.83984375,173.1756134033203,-229.35214233398438,5.6485856342315675,5.713324546813965
157,50.03,200,9,259.14556884765625,-225.08982849121094,-16.508045196533203,-237.02029418945312,285.95404052734375,-243.89413452148438,5.626207141876221,5.564122200012207
158,50.339,200,9,259.14556884765625,-225.08982849121094,-16.508045196533203,-237.02029418945312,-42.633583068847656,-223.50875854492188,5.618641204833985,5.605999946594238
159,50.66,200,9,259.14556884765625,-225.08982849121094,-17.697677612304688,-237.17849731445312,139.32350158691406,-231.0487518310547,5.609116067886353,5.591069221496582
160,50.968,200,9,259.14556884765625,-225.08982849121094,-17.697677612304688,-237.17849731445312,89.19347381591797,-225.80784606933594,5.624466915130615,5.597696304321289
161,51.287,200,9,259.14556884765625,-225.08982849121094,-13.573254585266113,-237.04751586914062,-10.552361488342285,-222.45782470703125,5.629890928268432,5.596034049987793
162,51.594,200,9,259.14556884765625,-225.08982849121094,-13.573254585266113,-237.04751586914062,176.49998474121094,-234.4236297607422,5.617027740478516,5.551136016845703
163,51.912,200,8,259.14556884765625,-225.08982849121094,-10.743363380432129,-237.01515197753906,34.957176208496094,-226.3729248046875,5.627492370605469,5.635512351989746
164,52.215,200,8,259.14556884765625,-225.08982849121094,-10.743363380432129,-237.01515197753906,17.55799674987793,-223.69020080566406,5.615074234008789,5.567904472351074
165,52.532,200,8,259.14556884765625,-225.08982849121094,-9.240428924560547,-237.0224609375,84.26384735107422,-225.71188354492188,5.5955806064605715,5.568796634674072
166,52.839,200,8,259.14556884765625,-225.08982849121094,-9.240428924560547,-237.0224609375,272.4591979980469,-246.75918579101562,5.615575075149536,5.615549087524414
167,53.174,200,9,259.14556884765625,-225.08982849121094,-7.649276256561279,-237.01107788085938,137.13665771484375,-230.27952575683594,5.614675426483155,5.609342098236084
168,53.479,200,9,259.14556884765625,-225.08982849121094,-7.649276256561279,-237.01107788085938,178.3803253173828,-231.0144500732422,5.593579206466675,5.450256824493408
169,53.795,200,9,259.14556884765625,-225.08982849121094,-7.295331001281738,-236.95620727539062,25.414813995361328,-225.62673950195312,5.609859046936035,5.615927219390869
170,54.1,200,9,259.14556884765625,-225.08982849121094,-7.295331001281738,-236.95620727539062,273.0001220703125,-247.59359741210938,5.591722507476806,5.534371376037598
171,54.417,200,9,259.14556884765625,-225.08982849121094,-5.488677978515625,-237.27084350585938,290.12078857421875,-247.36972045898438,5.609724349975586,5.436938762664795
172,54.724,200,9,259.14556884765625,-225.08982849121094,-5.488677978515625,-237.27084350585938,80.98202514648438,-225.10707092285156,5.585091171264648,5.75593900680542
173,55.107,200,8,259.14556884765625,-226.34754943847656,-5.696195125579834,-237.36566162109375,87.13841247558594,-225.3046112060547,5.595657777786255,5.5807204246521
174,55.419,200,8,259.14556884765625,-226.34754943847656,-5.696195125579834,-237.36566162109375,9.185490608215332,-224.30715942382812,5.583049793243408,5.538205146789551
175,55.756,200,8,259.14556884765625,-226.34754943847656,-3.481826066970825,-237.42605590820312,-3.4344167709350586,-225.29452514648438,5.571123285293579,5.399566173553467
176,56.061,200,8,259.14556884765625,-226.34754943847656,-3.481826066970825,-237.42605590820312,9.991413116455078,-224.53115844726562,5.6053236389160155,5.6299238204956055
177,56.376,200,8,259.14556884765625,-226.34754943847656,-1.0071008205413818,-237.75608825683594,289.1796875,-247.19691467285156,5.598695774078369,5.57451057434082
178,56.683,200,8,259.14556884765625,-226.34754943847656,-1.0071008205413818,-237.75608825683594,86.06901550292969,-225.70448303222656,5.590754079818725,5.52560567855835
179,57.0,200,8,259.14556884765625,-226.34754943847656,-1.3443139791488647,-237.82308959960938,198.70501708984375,-238.27980041503906,5.593842821121216,5.607789993286133
180,57.306,200,8,259.14556884765625,-226.34754943847656,-1.3443139791488647,-237.82308959960938,201.11549377441406,-240.54483032226562,5.57209716796875,5.511649131774902
181,57.623,200,8,259.14556884765625,-226.34754943847656,-0.3365808129310608,-237.70863342285156,-3.5480713844299316,-223.47776794433594,5.5990445518493654,5.585331916809082
182,57.93,200,8,259.14556884765625,-226.34754943847656,-0.3365808129310608,-237.70863342285156,196.40745544433594,-237.7177276611328,5.601996393203735,5.458576202392578
183,58.249,200,8,259.14556884765625,-226.34754943847656,0.40180665254592896,-237.8671875,281.56207275390625,-246.3255157470703,5.578348884582519,5.583856582641602
184,58.557,200,8,259.14556884765625,-226.34754943847656,0.40180665254592896,-237.8671875,43.663326263427734,-223.44906616210938,5.55466510772705,5.66562032699585
185,58.873,200,8,259.14556884765625,-226.34754943847656,4.048617362976074,-238.11732482910156,246.5081329345703,-234.50634765625,5.599782686233521,5.587986469268799
186,59.229,200,8,259.14556884765625,-226.34754943847656,4.048617362976074,-238.11732482910156,-18.115741729736328,-225.3029327392578,5.590379409790039,5.6038312911987305
187,59.586,200,8,259.14556884765625,-226.34754943847656,4.375916957855225,-238.43841552734375,83.0474624633789,-225.69798278808594,5.593265275955201,5.580646514892578
188,59.896,200,8,259.14556884765625,-226.34754943847656,4.375916957855225,-238.43841552734375,181.27816772460938,-233.11090087890625,5.5861788082122805,5.594791889190674
189,60.212,200,8,259.14556884765625,-226.34754943847656,7.024472713470459,-238.92613220214844,299.406494140625,-248.16952514648438,5.587210941314697,5.365391731262207
190,60.518,200,8,259.14556884765625,-226.34754943847656,7.024472713470459,-238.92613220214844,-5.269477367401123,-225.31724548339844,5.583159065246582,5.568780899047852
191,60.836,200,8,259.14556884765625,-226.34754943847656,7.749786376953125,-239.12149047851562,133.7129364013672,-230.49002075195312,5.572277812957764,5.673065185546875
192,61.142,200,8,259.14556884765625,-226.34754943847656,7.749786376953125,-239.12149047851562,200.2084197998047,-234.85934448242188,5.564032363891601,5.5578765869140625
193,61.458,200,9,259.14556884765625,-226.34754943847656,8.30876350402832,-239.3612060546875,55.77818298339844,-224.3955078125,5.570929536819458,5.554790496826172
194,61.77,200,9,259.14556884765625,-226.34754943847656,8.30876350402832,-239.3612060546875,-20.11646270751953,-224.50909423828125,5.600415334701538,5.6299285888671875
195,62.086,200,9,259.14556884765625,-226.34754943847656,10.552285194396973,-239.3856964111328,-13.161483764648438,-224.61521911621094,5.596481885910034,5.686301231384277
196,62.396,200,9,259.14556884765625,-226.34754943847656,10.552285194396973,-239.3856964111328,209.2073211669922,-241.72410583496094,5.606187705993652,5.670775413513184
197,62.712,200,8,259.14556884765625,-226.34754943847656,11.918586730957031,-239.8751220703125,199.7378387451172,-240.630859375,5.600839233398437,5.608543872833252
198,63.017,200,8,259.14556884765625,-226.34754943847656,11.918586730957031,-239.8751220703125,122.28071594238281,-223.6313934326172,5.582971487045288,5.617789268493652
199,63.333,200,8,259.14556884765625,-226.34754943847656,13.884359359741211,-239.9893035888672,194.88697814941406,-233.4924774169922,5.594285507202148,5.699069023132324
200,63.643,200,8,259.14556884765625,-226.34754943847656,13.884359359741211,-239.9893035888672,263.6974792480469,-247.60736083984375,5.600157089233399,5.488095760345459
1,0.319,4,2,47.4015007019043,-309.0077819824219,9.018614768981934,-310.10809326171875,-3.2133021354675293,-4.856614589691162,6.5967836093902585,6.655820369720459
2,0.615,4,2,47.4015007019043,-309.0077819824219,9.018614768981934,-310.10809326171875,9.54259204864502,8.56220531463623,6.527690238952637,6.486382484436035
3,0.916,8,5,47.4015007019043,-228.81076049804688,-33.61399841308594,-270.12701416015625,6.102784633636475,6.03409481048584,6.108187255859375,6.121306419372559
4,1.212,8,5,47.4015007019043,-228.81076049804688,-33.61399841308594,-270.12701416015625,76.01871490478516,-299.4509582519531,6.082649869918823,6.036479473114014
5,1.57,12,6,47.4015007019043,-228.81076049804688,-31.95699119567871,-260.9888610839844,-7.510380268096924,-303.9872131347656,5.9805457973480225,6.009335994720459
6,1.911,12,6,47.4015007019043,-228.81076049804688,-31.95699119567871,-260.9888610839844,-46.94247055053711,-221.20645141601562,5.9901018238067625,5.917024612426758
7,2.227,16,6,47.4015007019043,-228.81076049804688,-38.64638900756836,-256.3695068359375,88.65265655517578,-309.2300109863281,5.938637351989746,6.102592468261719
8,2.561,16,6,47.4015007019043,-228.81076049804688,-38.64638900756836,-256.3695068359375,60.9864387512207,-297.6635437011719,5.9282827568054195,5.956433296203613
9,2.904,20,7,47.4015007019043,-228.81076049804688,-52.267127990722656,-251.90963745117188,-55.709266662597656,-227.4727783203125,5.879023294448853,5.850429534912109
10,3.235,20,7,47.4015007019043,-228.81076049804688,-52.267127990722656,-251.90963745117188,41.536170959472656,-239.83506774902344,5.887672300338745,5.887818336486816
11,3.572,24,8,47.4015007019043,-222.1878204345703,-49.267242431640625,-247.60450744628906,-130.79737854003906,-213.04397583007812,5.83882266998291,5.784294605255127
12,3.876,24,8,47.4015007019043,-222.1878204345703,-49.267242431640625,-247.60450744628906,-23.03559684753418,-222.19168090820312,5.835658979415894,5.799870491027832
13,4.185,28,8,47.4015007019043,-222.1878204345703,-59.18068313598633,-245.15634155273438,-41.5720100402832,-216.25286865234375,5.834420013427734,5.837266445159912
14,4.487,28,8,47.4015007019043,-222.1878204345703,-59.18068313598633,-245.15634155273438,37.72162628173828,-233.037109375,5.81923204421997,5.754347801208496
15,4.833,32,8,47.4015007019043,-222.1878204345703,-57.14768981933594,-244.495361328125,-7.2641777992248535,-235.42286682128906,5.804336223602295,5.766079902648926
16,5.143,32,8,47.4015007019043,-222.1878204345703,-57.14768981933594,-244.495361328125,54.11181640625,-309.10113525390625,5.798459510803223,5.778351306915283
17,5.473,36,8,90.70817565917969,-222.1878204345703,-50.47032165527344,-246.31344604492188,60.254661560058594,-307.6146545410156,5.795380458831787,5.755618095397949
18,5.837,36,8,90.70817565917969,-222.1878204345703,-50.47032165527344,-246.31344604492188,-24.15980339050293,-223.48699951171875,5.846948413848877,5.838519096374512
19,6.151,40,8,90.70817565917969,-222.1878204345703,-58.8838005065918,-245.1859893798828,-37.12823486328125,-221.70301818847656,5.809176015853882,5.922739028930664
20,6.452,40,8,90.70817565917969,-222.1878204345703,-58.8838005065918,-245.1859893798828,40.72571563720703,-237.86468505859375,5.807530879974365,5.766121864318848
21,6.765,44,8,90.70817565917969,-222.1878204345703,-59.1103401184082,-244.7048797607422,90.76874542236328,-256.9700012207031,5.800906038284301,5.880800247192383
22,7.073,44,8,90.70817565917969,-222.1878204345703,-59.1103401184082,-244.7048797607422,-40.986846923828125,-220.9075469970703,5.801680488586426,5.8792924880981445
23,7.382,48,6,90.70817565917969,-222.1878204345703,-58.004940032958984,-243.39422607421875,-33.816741943359375,-214.76962280273438,5.77974575996399,5.755481719970703
24,7.682,48,6,90.70817565917969,-222.1878204345703,-58.004940032958984,-243.39422607421875,104.76131439208984,-259.74365234375,5.785059051513672,5.803716659545898
25,7.991,52,7,90.70817565917969,-222.1878204345703,-54.294212341308594,-242.70281982421875,-39.05870819091797,-219.0458526611328,5.78600380897522,5.84058952331543
26,8.291,52,7,90.70817565917969,-222.1878204345703,-54.294212341308594,-242.70281982421875,-13.382031440734863,-213.4896697998047,5.784192190170288,5.790399074554443
27,8.6,56,7,90.70817565917969,-222.1878204345703,-54.5704460144043,-242.35867309570312,32.43985366821289,-222.28419494628906,5.7657036876678465,5.76802396774292
28,8.921,56,7,90.70817565917969,-222.1878204345703,-54.5704460144043,-242.35867309570312,26.0291690826416,-225.7895965576172,5.801009397506714,5.9001946449279785
29,9.226,60,8,90.70817565917969,-222.1878204345703,-50.42361831665039,-242.12997436523438,-39.20241165161133,-220.768310546875,5.765231914520264,5.728011131286621
30,9.526,60,8,90.70817565917969,-222.1878204345703,-50.42361831665039,-242.12997436523438,-40.42704772949219,-219.5112762451172,5.752243089675903,5.707404136657715
31,9.838,64,8,90.70817565917969,-222.1878204345703,-49.81778335571289,-241.98072814941406,72.32683563232422,-239.35838317871094,5.774814167022705,5.81428337097168
32,10.14,64,8,90.70817565917969,-222.1878204345703,-49.81778335571289,-241.98072814941406,-19.64157485961914,-219.8704833984375,5.740026359558105,5.729413032531738
33,10.447,68,8,90.70817565917969,-222.1878204345703,-52.724735260009766,-241.79966735839844,97.25762176513672,-256.7822570800781,5.762997407913208,5.758513927459717
34,10.759,68,8,90.70817565917969,-222.1878204345703,-52.724735260009766,-241.79966735839844,93.37090301513672,-259.7286682128906,5.774335136413574,5.813252925872803
35,11.114,72,8,90.70817565917969,-222.1878204345703,-52.317752838134766,-241.34524536132812,-35.19609451293945,-221.3074188232422,5.761159257888794,5.693933963775635
36,11.422,72,8,90.70817565917969,-222.1878204345703,-52.317752838134766,-241.34524536132812,-30.606842041015625,-219.0093994140625,5.7722571754455565,5.767617225646973
37,11.735,76,8,90.70817565917969,-222.1878204345703,-53.21595001220703,-241.3063507080078,68.53189086914062,-237.4483184814453,5.763866786956787,5.790802001953125
38,12.049,76,8,90.70817565917969,-222.1878204345703,-53.21595001220703,-241.3063507080078,-24.51465606689453,-216.60914611816406,5.765612421035766,5.748218536376953
39,12.371,80,8,90.70817565917969,-222.1878204345703,-51.86906051635742,-241.42745971679688,125.66725158691406,-256.4794616699219,5.779039125442505,5.8075761795043945
40,12.683,80,8,90.70817565917969,-222.1878204345703,-51.86906051635742,-241.42745971679688,-34.8414421081543,-219.24928283691406,5.775042171478272,5.792913436889648
41,13.108,84,8,136.58848571777344,-222.1878204345703,-48.704627990722656,-241.55096435546875,93.88832092285156,-260.1228942871094,5.774928932189941,5.745633602142334
42,13.428,84,8,136.58848571777344,-222.1878204345703,-48.704627990722656,-241.55096435546875,68.13140106201172,-240.6959991455078,5.8039661884307865,5.776747703552246
43,13.848,88,8,136.58848571777344,-222.1878204345703,-50.058780670166016,-241.68008422851562,61.042415618896484,-241.31103515625,5.782214164733887,5.950687408447266
44,14.174,88,8,136.58848571777344,-222.1878204345703,-50.058780670166016,-241.68008422851562,-13.383426666259766,-219.8271484375,5.76142014503479,5.903923034667969
45,14.488,92,8,136.58848571777344,-222.1878204345703,-49.318511962890625,-241.34921264648438,18.027162551879883,-225.91661071777344,5.765847883224487,5.696907997131348
46,14.795,92,8,136.58848571777344,-222.1878204345703,-49.318511962890625,-241.34921264648438,142.60470581054688,-243.93301391601562,5.761754388809204,5.70924186706543
47,15.108,96,8,136.58848571777344,-222.1878204345703,-47.70549011230469,-241.32017517089844,151.00848388671875,-244.05877685546875,5.769279222488404,5.919449806213379
48,15.452,96,8,136.58848571777344,-222.1878204345703,-47.70549011230469,-241.32017517089844,32.58246612548828,-228.2510528564453,5.739059238433838,5.748366832733154
49,15.776,100,8,136.58848571777344,-222.1878204345703,-44.24180221557617,-241.09669494628906,-38.70710372924805,-219.14625549316406,5.772166481018067,5.85959529876709
50,16.104,100,8,136.58848571777344,-222.1878204345703,-44.24180221557617,-241.09669494628906,51.769981384277344,-232.06683349609375,5.756950578689575,5.727933406829834
51,16.42,104,8,136.58848571777344,-222.1878204345703,-45.01599884033203,-241.21165466308594,138.3752899169922,-241.20724487304688,5.76913122177124,5.8094682693481445
52,16.728,104,8,136.58848571777344,-222.1878204345703,-45.01599884033203,-241.21165466308594,97.6729736328125,-230.55020141601562,5.764428615570068,5.723973751068115
53,17.042,108,8,136.58848571777344,-222.1878204345703,-45.719818115234375,-240.9860076904297,154.97254943847656,-240.8870086669922,5.746012983322143,5.745817184448242
54,17.347,108,8,136.58848571777344,-222.1878204345703,-45.719818115234375,-240.9860076904297,111.97140502929688,-232.66024780273438,5.765846576690674,5.7604875564575195
55,17.661,112,8,136.58848571777344,-222.1878204345703,-47.20391082763672,-241.1426239013672,31.819204330444336,-225.28810119628906,5.7538909816741945,5.838153839111328
56,17.964,112,8,136.58848571777344,-222.1878204345703,-47.20391082763672,-241.1426239013672,87.47994995117188,-231.1411895751953,5.760126676559448,5.712259292602539
57,18.278,116,9,136.58848571777344,-222.1878204345703,-45.64460372924805,-241.13525390625,157.92547607421875,-243.60916137695312,5.773362455368042,5.787441730499268
58,18.603,116,9,136.58848571777344,-222.1878204345703,-45.64460372924805,-241.13525390625,25.818090438842773,-227.04620361328125,5.739660549163818,5.58532190322876
59,18.933,120,9,136.58848571777344,-222.1878204345703,-43.60642623901367,-240.97418212890625,22.448163986206055,-226.46939086914062,5.761899604797363,5.807683944702148
60,19.247,120,9,136.58848571777344,-222.1878204345703,-43.60642623901367,-240.97418212890625,162.24794006347656,-237.38917541503906,5.759041328430175,5.802577972412109
61,19.563,124,9,136.58848571777344,-222.1878204345703,-46.5355339050293,-241.07901000976562,29.950511932373047,-228.3412628173828,5.749257898330688,5.833873748779297
62,19.899,124,9,136.58848571777344,-222.1878204345703,-46.5355339050293,-241.07901000976562,49.021793365478516,-226.59669494628906,5.77421350479126,5.705267906188965
63,20.218,128,9,136.58848571777344,-222.1878204345703,-45.854068756103516,-240.85995483398438,18.01691436767578,-227.81126403808594,5.769942541122436,5.631495475769043
64,20.546,128,9,136.58848571777344,-222.1878204345703,-45.854068756103516,-240.85995483398438,39.33892822265625,-228.9812774658203,5.745692348480224,5.625331878662109
65,20.856,132,9,136.58848571777344,-222.1878204345703,-46.043785095214844,-240.6981201171875,140.0645294189453,-235.79693603515625,5.775614385604858,5.707938194274902
66,21.182,132,9,136.58848571777344,-222.1878204345703,-46.043785095214844,-240.6981201171875,111.7271957397461,-230.46426391601562,5.749760274887085,5.760969161987305
67,21.494,136,9,136.58848571777344,-222.1878204345703,-46.390926361083984,-240.61965942382812,17.00359535217285,-226.95021057128906,5.738489484786987,5.650663375854492
68,21.798,136,9,136.58848571777344,-222.1878204345703,-46.390926361083984,-240.61965942382812,123.46429443359375,-232.29852294921875,5.748731861114502,5.643310546875
69,22.109,140,9,136.58848571777344,-222.1878204345703,-46.89925003051758,-240.53713989257812,155.52630615234375,-243.68919372558594,5.753514595031739,5.667117118835449
70,22.413,140,9,136.58848571777344,-222.1878204345703,-46.89925003051758,-240.53713989257812,132.97128295898438,-238.7704315185547,5.765056953430176,5.789813995361328
71,22.728,144,9,136.58848571777344,-222.1878204345703,-47.64176559448242,-240.26597595214844,-33.04277038574219,-222.07212829589844,5.742109937667847,5.759249210357666
72,23.032,144,9,136.58848571777344,-222.1878204345703,-47.64176559448242,-240.26597595214844,27.800827026367188,-226.42266845703125,5.735028333663941,5.714014053344727
73,23.348,148,9,136.58848571777344,-222.1878204345703,-46.400787353515625,-240.0380401611328,-42.967533111572266,-220.96441650390625,5.750667524337769,5.767348289489746
74,23.654,148,9,136.58848571777344,-222.1878204345703,-46.400787353515625,-240.0380401611328,134.37522888183594,-235.76931762695312,5.732551212310791,5.710248947143555
75,23.966,152,9,136.58848571777344,-222.1878204345703,-47.00542068481445,-239.95913696289062,32.4535026550293,-228.790771484375,5.73051040649414,5.660429000854492
76,24.272,152,9,136.58848571777344,-222.1878204345703,-47.00542068481445,-239.95913696289062,41.11027908325195,-228.41673278808594,5.750532665252686,5.842915058135986
77,24.584,156,9,136.58848571777344,-222.1878204345703,-48.16797637939453,-239.7823028564453,-9.235129356384277,-223.09214782714844,5.748489322662354,5.711138725280762
78,24.889,156,9,136.58848571777344,-222.1878204345703,-48.16797637939453,-239.7823028564453,28.731279373168945,-227.99974060058594,5.7426021289825435,5.693193435668945
79,25.201,160,9,136.58848571777344,-222.1878204345703,-45.391700744628906,-239.76913452148438,142.8197021484375,-238.62030029296875,5.737055177688599,5.61225700378418
80,25.505,160,9,136.58848571777344,-222.1878204345703,-45.391700744628906,-239.76913452148438,140.24417114257812,-244.0692901611328,5.754660501480102,5.693790435791016
81,25.821,164,9,136.58848571777344,-222.1878204345703,-45.52062225341797,-239.8144989013672,135.71511840820312,-238.55165100097656,5.73253924369812,5.747096061706543
82,26.126,164,9,136.58848571777344,-222.1878204345703,-45.52062225341797,-239.8144989013672,94.32763671875,-231.981689453125,5.73472601890564,5.771777153015137
83,26.442,168,9,136.58848571777344,-222.1878204345703,-45.13849639892578,-239.81924438476562,137.25787353515625,-243.23980712890625,5.754511957168579,5.742161750793457
84,26.748,168,9,136.58848571777344,-222.1878204345703,-45.13849639892578,-239.81924438476562,-19.3795223236084,-221.71316528320312,5.734948358535767,5.851457118988037
85,27.067,172,9,136.58848571777344,-222.1878204345703,-46.45004653930664,-239.68429565429688,-19.95408058166504,-222.04379272460938,5.754471817016602,5.811994552612305
86,27.373,172,9,136.58848571777344,-222.1878204345703,-46.45004653930664,-239.68429565429688,123.618896484375,-235.60263061523438,5.732305536270141,5.602370738983154
87,27.688,176,9,136.58848571777344,-222.1878204345703,-45.519107818603516,-239.490966796875,-23.057254791259766,-222.03260803222656,5.746071004867554,5.907685279846191
88,27.996,176,9,136.58848571777344,-222.1878204345703,-45.519107818603516,-239.490966796875,95.50929260253906,-225.19642639160156,5.732862854003907,5.7509765625
89,28.311,180,9,136.58848571777344,-222.1878204345703,-47.317745208740234,-239.27578735351562,-36.80812454223633,-220.2538299560547,5.72362979888916,5.5657267570495605
90,28.671,180,9,136.58848571777344,-222.1878204345703,-47.317745208740234,-239.27578735351562,-23.244041442871094,-221.44921875,5.713163871765136,5.754867076873779
91,28.99,184,9,136.58848571777344,-222.1878204345703,-46.80390548706055,-239.17897033691406,105.8145751953125,-227.45848083496094,5.733108329772949,5.719264030456543
92,29.297,184,9,136.58848571777344,-222.1878204345703,-46.80390548706055,-239.17897033691406,-31.076583862304688,-218.34535217285156,5.73316312789917,5.683199882507324
93,29.612,188,10,136.58848571777344,-222.1878204345703,-45.07466506958008,-239.035888671875,54.301673889160156,-226.39743041992188,5.703088607788086,5.767362594604492
94,29.919,188,10,136.58848571777344,-222.1878204345703,-45.07466506958008,-239.035888671875,-31.42392349243164,-221.85504150390625,5.708380632400512,5.66910457611084
95,30.235,192,10,136.58848571777344,-222.1878204345703,-45.231781005859375,-239.1612091064453,160.73361206054688,-238.7252960205078,5.726798477172852,5.7526164054870605
96,30.543,192,10,136.58848571777344,-222.1878204345703,-45.231781005859375,-239.1612091064453,70.8740005493164,-227.67340087890625,5.7306841850280765,5.718996524810791
97,30.858,196,10,136.58848571777344,-222.1878204345703,-45.61370086669922,-239.02391052246094,93.48099517822266,-228.6287841796875,5.739491529464722,5.786800861358643
98,31.167,196,10,136.58848571777344,-222.1878204345703,-45.61370086669922,-239.02391052246094,114.65743255615234,-230.03826904296875,5.719574117660523,5.762735366821289
99,31.483,200,10,136.58848571777344,-222.1878204345703,-45.97419738769531,-239.12281799316406,140.25283813476562,-242.4005126953125,5.718324365615845,5.641509056091309
100,31.79,200,10,136.58848571777344,-222.1878204345703,-45.97419738769531,-239.12281799316406,93.89771270751953,-229.06260681152344,5.7465735530853275,5.736503601074219
101,32.169,200,10,136.58848571777344,-222.1878204345703,-48.11460494995117,-237.7482452392578,85.56019592285156,-231.35389709472656,5.714697656631469,5.765448093414307
102,32.478,200,10,136.58848571777344,-222.1878204345703,-48.11460494995117,-237.7482452392578,-34.178436279296875,-216.46681213378906,5.710025596618652,5.658512592315674
103,32.792,200,10,136.58848571777344,-222.1878204345703,-47.681148529052734,-237.9462127685547,159.1551055908203,-243.20570373535156,5.717331762313843,5.745478630065918
104,33.098,200,10,136.58848571777344,-222.1878204345703,-47.681148529052734,-237.9462127685547,129.1237030029297,-236.290283203125,5.711261339187622,5.664726257324219
105,33.413,200,10,136.58848571777344,-222.1878204345703,-47.50503921508789,-237.90016174316406,58.0217170715332,-227.5944061279297,5.7070188808441165,5.740928649902344
106,33.722,200,10,136.58848571777344,-222.1878204345703,-47.50503921508789,-237.90016174316406,150.13380432128906,-241.1326904296875,5.710448570251465,5.704222679138184
107,34.036,200,10,136.58848571777344,-222.1878204345703,-47.67095184326172,-237.67160034179688,-40.51336669921875,-219.5756072998047,5.706790113449097,5.584954261779785
108,34.345,200,10,136.58848571777344,-222.1878204345703,-47.67095184326172,-237.67160034179688,90.61194610595703,-228.97589111328125,5.6845596981048585,5.615623950958252
109,34.661,200,9,138.02325439453125,-222.1878204345703,-44.83002853393555,-237.77867126464844,44.269866943359375,-227.19248962402344,5.719679565429687,5.832640171051025
110,34.968,200,9,138.02325439453125,-222.1878204345703,-44.83002853393555,-237.77867126464844,-23.801040649414062,-223.17245483398438,5.689846382141114,5.802516937255859
111,35.286,200,8,138.02325439453125,-225.08982849121094,-44.254852294921875,-238.13461303710938,94.31751251220703,-232.21615600585938,5.703670835494995,5.805499076843262
112,35.592,200,8,138.02325439453125,-225.08982849121094,-44.254852294921875,-238.13461303710938,58.24300003051758,-227.09588623046875,5.697211637496948,5.649707794189453
113,35.908,200,9,149.82325744628906,-225.08982849121094,-41.783329010009766,-238.3962860107422,143.9046173095703,-237.95013427734375,5.687683305740356,5.732806205749512
114,36.235,200,9,149.82325744628906,-225.08982849121094,-41.783329010009766,-238.3962860107422,-43.75550842285156,-224.52210998535156,5.702231159210205,5.803814888000488
115,36.55,200,9,149.82325744628906,-225.08982849121094,-41.258888244628906,-238.2988739013672,29.94452476501465,-223.11900329589844,5.7090452194213865,5.817089080810547
116,36.855,200,9,149.82325744628906,-225.08982849121094,-41.258888244628906,-238.2988739013672,161.182373046875,-235.79440307617188,5.696324615478516,5.488948822021484
117,37.171,200,9,149.82325744628906,-225.08982849121094,-42.178436279296875,-237.76629638671875,110.03327941894531,-230.1351776123047,5.679508581161499,5.641785144805908
118,37.477,200,9,149.82325744628906,-225.08982849121094,-42.178436279296875,-237.76629638671875,-23.628042221069336,-222.64984130859375,5.71245400428772,5.633614540100098
119,37.794,200,9,149.82325744628906,-225.08982849121094,-38.411502838134766,-237.79376220703125,55.10729217529297,-226.2420196533203,5.676096773147583,5.582945823669434
120,38.101,200,9,149.82325744628906,-225.08982849121094,-38.411502838134766,-237.79376220703125,155.9522247314453,-247.30255126953125,5.689543581008911,5.744952201843262
121,38.419,200,11,149.82325744628906,-225.08982849121094,-36.25810623168945,-237.57972717285156,24.121435165405273,-226.00393676757812,5.687714776992798,5.729487419128418
122,38.727,200,11,149.82325744628906,-225.08982849121094,-36.25810623168945,-237.57972717285156,141.1155242919922,-235.8820343017578,5.671520128250122,5.551795482635498
123,39.047,200,11,149.82325744628906,-225.08982849121094,-35.04673385620117,-237.59515380859375,37.231929779052734,-224.52426147460938,5.68433952331543,5.81696891784668
124,39.354,200,11,149.82325744628906,-225.08982849121094,-35.04673385620117,-237.59515380859375,103.92520904541016,-225.8020782470703,5.692023286819458,5.681807518005371
125,39.672,200,8,149.82325744628906,-225.08982849121094,-34.289363861083984,-237.47784423828125,44.63147735595703,-228.2168426513672,5.682690954208374,5.758238792419434
126,39.979,200,8,149.82325744628906,-225.08982849121094,-34.289363861083984,-237.47784423828125,150.99864196777344,-234.3942108154297,5.68117919921875,5.664347171783447
127,40.295,200,8,149.82325744628906,-225.08982849121094,-33.37028503417969,-237.44822692871094,133.69700622558594,-229.09625244140625,5.668970012664795,5.750086307525635
128,40.601,200,8,149.82325744628906,-225.08982849121094,-33.37028503417969,-237.44822692871094,166.611328125,-245.00851440429688,5.6852083587646485,5.64913272857666
129,40.917,200,8,149.82325744628906,-225.08982849121094,-33.122230529785156,-237.30636596679688,21.525768280029297,-220.944580078125,5.6775203132629395,5.740297317504883
130,41.224,200,8,149.82325744628906,-225.08982849121094,-33.122230529785156,-237.30636596679688,84.15958404541016,-224.28099060058594,5.663481435775757,5.676641941070557
131,41.544,200,8,149.82325744628906,-225.08982849121094,-32.225181579589844,-237.2481231689453,31.719463348388672,-224.57997131347656,5.663786010742188,5.688060283660889
132,41.854,200,8,149.82325744628906,-225.08982849121094,-32.225181579589844,-237.2481231689453,178.89056396484375,-233.05398559570312,5.653973665237427,5.705427169799805
133,42.172,200,9,259.14556884765625,-225.08982849121094,-28.465974807739258,-237.36419677734375,176.3188018798828,-245.92579650878906,5.649108276367188,5.521973609924316
134,42.48,200,9,259.14556884765625,-225.08982849121094,-28.465974807739258,-237.36419677734375,-15.237581253051758,-225.07412719726562,5.674041090011596,5.757142543792725
135,42.797,200,9,259.14556884765625,-225.08982849121094,-28.370107650756836,-237.42710876464844,45.104774475097656,-224.1458282470703,5.651199989318847,5.600001335144043
136,43.103,200,9,259.14556884765625,-225.08982849121094,-28.370107650756836,-237.42710876464844,309.8512268066406,-247.55055236816406,5.668011837005615,5.731927394866943
137,43.419,200,9,259.14556884765625,-225.08982849121094,-26.838289260864258,-237.33070373535156,18.213167190551758,-223.3792724609375,5.645202989578247,5.774366855621338
138,43.727,200,9,259.14556884765625,-225.08982849121094,-26.838289260864258,-237.33070373535156,-27.928054809570312,-221.7641143798828,5.6784882164001464,5.6247711181640625
139,44.042,200,9,259.14556884765625,-225.08982849121094,-26.063291549682617,-237.2498779296875,111.41156768798828,-226.82260131835938,5.644133472442627,5.518115043640137
140,44.35,200,9,259.14556884765625,-225.08982849121094,-26.063291549682617,-237.2498779296875,84.77130889892578,-225.47216796875,5.640573501586914,5.631954193115234
141,44.67,200,9,259.14556884765625,-225.08982849121094,-25.408620834350586,-237.22816467285156,149.67617797851562,-232.8959197998047,5.657362480163574,5.744960308074951
142,44.976,200,9,259.14556884765625,-225.08982849121094,-25.408620834350586,-237.22816467285156,294.2387390136719,-247.63796997070312,5.648045797348022,5.656830787658691
143,45.297,200,9,259.14556884765625,-225.08982849121094,-22.608474731445312,-237.1544189453125,154.58236694335938,-246.1822052001953,5.641276407241821,5.696847438812256
144,45.604,200,9,259.14556884765625,-225.08982849121094,-22.608474731445312,-237.1544189453125,297.62957763671875,-246.4156494140625,5.646079225540161,5.723267555236816
145,45.92,200,9,259.14556884765625,-225.08982849121094,-21.430429458618164,-237.24777221679688,167.92564392089844,-242.23062133789062,5.649342880249024,5.593755722045898
146,46.228,200,9,259.14556884765625,-225.08982849121094,-21.430429458618164,-237.24777221679688,267.4395751953125,-248.6776885986328,5.652237749099731,5.794716835021973
147,46.546,200,9,259.14556884765625,-225.08982849121094,-22.26565170288086,-237.10140991210938,286.30908203125,-241.18092346191406,5.628604850769043,5.74432373046875
148,46.852,200,9,259.14556884765625,-225.08982849121094,-22.26565170288086,-237.10140991210938,185.59976196289062,-244.70855712890625,5.626486539840698,5.569670677185059
149,47.174,200,10,259.14556884765625,-225.08982849121094,-22.099159240722656,-237.11509704589844,109.94017028808594,-228.2006378173828,5.619046802520752,5.621594429016113
150,47.48,200,10,259.14556884765625,-225.08982849121094,-22.099159240722656,-237.11509704589844,-12.796943664550781,-224.9257354736328,5.644174575805664,5.602154731750488
151,47.797,200,10,259.14556884765625,-225.08982849121094,-19.999897003173828,-236.9289093017578,150.78231811523438,-241.21044921875,5.654849376678467,5.544393539428711
152,48.105,200,10,259.14556884765625,-225.08982849121094,-19.999897003173828,-236.9289093017578,147.11703491210938,-229.34983825683594,5.635988693237305,5.62812614440918
153,48.424,200,9,259.14556884765625,-225.08982849121094,-17.674760818481445,-236.97291564941406,137.81668090820312,-228.8298797607422,5.627936639785767,5.595871925354004
154,48.731,200,9,259.14556884765625,-225.08982849121094,-17.674760818481445,-236.97291564941406,134.2598419189453,-234.39439392089844,5.621900768280029,5.706725120544434
155,49.048,200,9,259.14556884765625,-225.08982849121094,-16.26666831970215,-236.83984375,320.7665710449219,-243.83096313476562,5.628986949920654,5.612990379333496
156,49.355,200,9,259.14556884765625,-225.08982849121094,-16.26666831970215,-236.83984375,173.1756134033203,-229.35214233398438,5.6485856342315675,5.713324546813965
157,49.673,200,9,259.14556884765625,-225.08982849121094,-16.508045196533203,-237.02029418945312,285.95404052734375,-243.89413452148438,5.626207141876221,5.564122200012207
158,49.98,200,9,259.14556884765625,-225.08982849121094,-16.508045196533203,-237.02029418945312,-42.633583068847656,-223.50875854492188,5.618641204833985,5.605999946594238
159,50.296,200,9,259.14556884765625,-225.08982849121094,-17.697677612304688,-237.17849731445312,139.32350158691406,-231.0487518310547,5.609116067886353,5.591069221496582
160,50.605,200,9,259.14556884765625,-225.08982849121094,-17.697677612304688,-237.17849731445312,89.19347381591797,-225.80784606933594,5.624466915130615,5.597696304321289
161,50.922,200,9,259.14556884765625,-225.08982849121094,-13.573254585266113,-237.04751586914062,-10.552361488342285,-222.45782470703125,5.629890928268432,5.596034049987793
162,51.23,200,9,259.14556884765625,-225.08982849121094,-13.573254585266113,-237.04751586914062,176.49998474121094,-234.4236297607422,5.617027740478516,5.551136016845703
163,51.549,200,8,259.14556884765625,-225.08982849121094,-10.743363380432129,-237.01515197753906,34.957176208496094,-226.3729248046875,5.627492370605469,5.635512351989746
164,51.857,200,8,259.14556884765625,-225.08982849121094,-10.743363380432129,-237.01515197753906,17.55799674987793,-223.69020080566406,5.615074234008789,5.567904472351074
165,52.174,200,8,259.14556884765625,-225.08982849121094,-9.240428924560547,-237.0224609375,84.26384735107422,-225.71188354492188,5.5955806064605715,5.568796634674072
166,52.481,200,8,259.14556884765625,-225.08982849121094,-9.240428924560547,-237.0224609375,272.4591979980469,-246.75918579101562,5.615575075149536,5.615549087524414
167,52.797,200,9,259.14556884765625,-225.08982849121094,-7.649276256561279,-237.01107788085938,137.13665771484375,-230.27952575683594,5.614675426483155,5.609342098236084
168,53.104,200,9,259.14556884765625,-225.08982849121094,-7.649276256561279,-237.01107788085938,178.3803253173828,-231.0144500732422,5.593579206466675,5.450256824493408
169,53.42,200,9,259.14556884765625,-225.08982849121094,-7.295331001281738,-236.95620727539062,25.414813995361328,-225.62673950195312,5.609859046936035,5.615927219390869
170,53.728,200,9,259.14556884765625,-225.08982849121094,-7.295331001281738,-236.95620727539062,273.0001220703125,-247.59359741210938,5.591722507476806,5.534371376037598
171,54.046,200,9,259.14556884765625,-225.08982849121094,-5.488677978515625,-237.27084350585938,290.12078857421875,-247.36972045898438,5.609724349975586,5.436938762664795
172,54.354,200,9,259.14556884765625,-225.08982849121094,-5.488677978515625,-237.27084350585938,80.98202514648438,-225.10707092285156,5.585091171264648,5.75593900680542
173,54.734,200,8,259.14556884765625,-226.34754943847656,-5.696195125579834,-237.36566162109375,87.13841247558594,-225.3046112060547,5.595657777786255,5.5807204246521
174,55.042,200,8,259.14556884765625,-226.34754943847656,-5.696195125579834,-237.36566162109375,9.185490608215332,-224.30715942382812,5.583049793243408,5.538205146789551
175,55.357,200,8,259.14556884765625,-226.34754943847656,-3.481826066970825,-237.42605590820312,-3.4344167709350586,-225.29452514648438,5.571123285293579,5.399566173553467
176,55.685,200,8,259.14556884765625,-226.34754943847656,-3.481826066970825,-237.42605590820312,9.991413116455078,-224.53115844726562,5.6053236389160155,5.6299238204956055
177,56.001,200,8,259.14556884765625,-226.34754943847656,-1.0071008205413818,-237.75608825683594,289.1796875,-247.19691467285156,5.598695774078369,5.57451057434082
178,56.316,200,8,259.14556884765625,-226.34754943847656,-1.0071008205413818,-237.75608825683594,86.06901550292969,-225.70448303222656,5.590754079818725,5.52560567855835
179,56.631,200,8,259.14556884765625,-226.34754943847656,-1.3443139791488647,-237.82308959960938,198.70501708984375,-238.27980041503906,5.593842821121216,5.607789993286133
180,56.937,200,8,259.14556884765625,-226.34754943847656,-1.3443139791488647,-237.82308959960938,201.11549377441406,-240.54483032226562,5.57209716796875,5.511649131774902
181,57.254,200,8,259.14556884765625,-226.34754943847656,-0.3365808129310608,-237.70863342285156,-3.5480713844299316,-223.47776794433594,5.5990445518493654,5.585331916809082
182,57.561,200,8,259.14556884765625,-226.34754943847656,-0.3365808129310608,-237.70863342285156,196.40745544433594,-237.7177276611328,5.601996393203735,5.458576202392578
183,57.877,200,8,259.14556884765625,-226.34754943847656,0.40180665254592896,-237.8671875,281.56207275390625,-246.3255157470703,5.578348884582519,5.583856582641602
184,58.187,200,8,259.14556884765625,-226.34754943847656,0.40180665254592896,-237.8671875,43.663326263427734,-223.44906616210938,5.55466510772705,5.66562032699585
185,58.504,200,8,259.14556884765625,-226.34754943847656,4.048617362976074,-238.11732482910156,246.5081329345703,-234.50634765625,5.599782686233521,5.587986469268799
186,58.802,200,8,259.14556884765625,-226.34754943847656,4.048617362976074,-238.11732482910156,-18.115741729736328,-225.3029327392578,5.590379409790039,5.6038312911987305
187,59.1,200,8,259.14556884765625,-226.34754943847656,4.375916957855225,-238.43841552734375,83.0474624633789,-225.69798278808594,5.593265275955201,5.580646514892578
188,59.392,200,8,259.14556884765625,-226.34754943847656,4.375916957855225,-238.43841552734375,181.27816772460938,-233.11090087890625,5.5861788082122805,5.594791889190674
189,59.708,200,8,259.14556884765625,-226.34754943847656,7.024472713470459,-238.92613220214844,299.406494140625,-248.16952514648438,5.587210941314697,5.365391731262207
190,60.075,200,8,259.14556884765625,-226.34754943847656,7.024472713470459,-238.92613220214844,-5.269477367401123,-225.31724548339844,5.583159065246582,5.568780899047852
191,60.385,200,8,259.14556884765625,-226.34754943847656,7.749786376953125,-239.12149047851562,133.7129364013672,-230.49002075195312,5.572277812957764,5.673065185546875
192,60.672,200,8,259.14556884765625,-226.34754943847656,7.749786376953125,-239.12149047851562,200.2084197998047,-234.85934448242188,5.564032363891601,5.5578765869140625
193,60.976,200,9,259.14556884765625,-226.34754943847656,8.30876350402832,-239.3612060546875,55.77818298339844,-224.3955078125,5.570929536819458,5.554790496826172
194,61.264,200,9,259.14556884765625,-226.34754943847656,8.30876350402832,-239.3612060546875,-20.11646270751953,-224.50909423828125,5.600415334701538,5.6299285888671875
195,61.567,200,9,259.14556884765625,-226.34754943847656,10.552285194396973,-239.3856964111328,-13.161483764648438,-224.61521911621094,5.596481885910034,5.686301231384277
196,61.891,200,9,259.14556884765625,-226.34754943847656,10.552285194396973,-239.3856964111328,209.2073211669922,-241.72410583496094,5.606187705993652,5.670775413513184
197,62.193,200,8,259.14556884765625,-226.34754943847656,11.918586730957031,-239.8751220703125,199.7378387451172,-240.630859375,5.600839233398437,5.608543872833252
198,62.483,200,8,259.14556884765625,-226.34754943847656,11.918586730957031,-239.8751220703125,122.28071594238281,-223.6313934326172,5.582971487045288,5.617789268493652
199,62.781,200,8,259.14556884765625,-226.34754943847656,13.884359359741211,-239.9893035888672,194.88697814941406,-233.4924774169922,5.594285507202148,5.699069023132324
200,63.076,200,8,259.14556884765625,-226.34754943847656,13.884359359741211,-239.9893035888672,263.6974792480469,-247.60736083984375,5.600157089233399,5.488095760345459
1,0.323,4,2,47.4015007019043,-309.0077819824219,9.018614768981934,-310.10809326171875,-3.2133021354675293,-4.856614589691162,6.5967836093902585,6.655820369720459
2,0.618,4,2,47.4015007019043,-309.0077819824219,9.018614768981934,-310.10809326171875,9.54259204864502,8.56220531463623,6.527690238952637,6.486382484436035
3,0.918,8,5,47.4015007019043,-228.81076049804688,-33.61399841308594,-270.12701416015625,6.102784633636475,6.03409481048584,6.108187255859375,6.121306419372559
4,1.212,8,5,47.4015007019043,-228.81076049804688,-33.61399841308594,-270.12701416015625,76.01871490478516,-299.4509582519531,6.082649869918823,6.036479473114014
5,1.514,12,6,47.4015007019043,-228.81076049804688,-31.95699119567871,-260.9888610839844,-7.510380268096924,-303.9872131347656,5.9805457973480225,6.009335994720459
6,1.809,12,6,47.4015007019043,-228.81076049804688,-31.95699119567871,-260.9888610839844,-46.94247055053711,-221.20645141601562,5.9901018238067625,5.917024612426758
7,2.112,16,6,47.4015007019043,-228.81076049804688,-38.64638900756836,-256.3695068359375,88.65265655517578,-309.2300109863281,5.938637351989746,6.102592468261719
8,2.408,16,6,47.4015007019043,-228.81076049804688,-38.64638900756836,-256.3695068359375,60.9864387512207,-297.6635437011719,5.9282827568054195,5.956433296203613
9,2.711,20,7,47.4015007019043,-228.81076049804688,-52.267127990722656,-251.90963745117188,-55.709266662597656,-227.4727783203125,5.879023294448853,5.850429534912109
10,3.006,20,7,47.4015007019043,-228.81076049804688,-52.267127990722656,-251.90963745117188,41.536170959472656,-239.83506774902344,5.887672300338745,5.887818336486816
11,3.314,24,8,47.4015007019043,-222.1878204345703,-49.267242431640625,-247.60450744628906,-130.79737854003906,-213.04397583007812,5.83882266998291,5.784294605255127
12,3.613,24,8,47.4015007019043,-222.1878204345703,-49.267242431640625,-247.60450744628906,-23.03559684753418,-222.19168090820312,5.835658979415894,5.799870491027832
13,3.917,28,8,47.4015007019043,-222.1878204345703,-59.18068313598633,-245.15634155273438,-41.5720100402832,-216.25286865234375,5.834420013427734,5.837266445159912
14,4.213,28,8,47.4015007019043,-222.1878204345703,-59.18068313598633,-245.15634155273438,37.72162628173828,-233.037109375,5.81923204421997,5.754347801208496
15,4.516,32,8,47.4015007019043,-222.1878204345703,-57.14768981933594,-244.495361328125,-7.2641777992248535,-235.42286682128906,5.804336223602295,5.766079902648926
16,4.814,32,8,47.4015007019043,-222.1878204345703,-57.14768981933594,-244.495361328125,54.11181640625,-309.10113525390625,5.798459510803223,5.778351306915283
17,5.118,36,8,90.70817565917969,-222.1878204345703,-50.47032165527344,-246.31344604492188,60.254661560058594,-307.6146545410156,5.795380458831787,5.755618095397949
18,5.417,36,8,90.70817565917969,-222.1878204345703,-50.47032165527344,-246.31344604492188,-24.15980339050293,-223.48699951171875,5.846948413848877,5.838519096374512
19,5.724,40,8,90.70817565917969,-222.1878204345703,-58.8838005065918,-245.1859893798828,-37.12823486328125,-221.70301818847656,5.809176015853882,5.922739028930664
20,6.021,40,8,90.70817565917969,-222.1878204345703,-58.8838005065918,-245.1859893798828,40.72571563720703,-237.86468505859375,5.807530879974365,5.766121864318848
21,6.337,44,8,90.70817565917969,-222.1878204345703,-59.1103401184082,-244.7048797607422,90.76874542236328,-256.9700012207031,5.800906038284301,5.880800247192383
22,6.638,44,8,90.70817565917969,-222.1878204345703,-59.1103401184082,-244.7048797607422,-40.986846923828125,-220.9075469970703,5.801680488586426,5.8792924880981445
23,6.945,48,6,90.70817565917969,-222.1878204345703,-58.004940032958984,-243.39422607421875,-33.816741943359375,-214.76962280273438,5.77974575996399,5.755481719970703
24,7.243,48,6,90.70817565917969,-222.1878204345703,-58.004940032958984,-243.39422607421875,104.76131439208984,-259.74365234375,5.785059051513672,5.803716659545898
25,7.551,52,7,90.70817565917969,-222.1878204345703,-54.294212341308594,-242.70281982421875,-39.05870819091797,-219.0458526611328,5.78600380897522,5.84058952331543
26,7.872,52,7,90.70817565917969,-222.1878204345703,-54.294212341308594,-242.70281982421875,-13.382031440734863,-213.4896697998047,5.784192190170288,5.790399074554443
27,8.177,56,7,90.70817565917969,-222.1878204345703,-54.5704460144043,-242.35867309570312,32.43985366821289,-222.28419494628906,5.7657036876678465,5.76802396774292
28,8.476,56,7,90.70817565917969,-222.1878204345703,-54.5704460144043,-242.35867309570312,26.0291690826416,-225.7895965576172,5.801009397506714,5.9001946449279785
29,8.783,60,8,90.70817565917969,-222.1878204345703,-50.42361831665039,-242.12997436523438,-39.20241165161133,-220.768310546875,5.765231914520264,5.728011131286621
30,9.083,60,8,90.70817565917969,-222.1878204345703,-50.42361831665039,-242.12997436523438,-40.42704772949219,-219.5112762451172,5.752243089675903,5.707404136657715
31,9.394,64,8,90.70817565917969,-222.1878204345703,-49.81778335571289,-241.98072814941406,72.32683563232422,-239.35838317871094,5.774814167022705,5.81428337097168
32,9.695,64,8,90.70817565917969,-222.1878204345703,-49.81778335571289,-241.98072814941406,-19.64157485961914,-219.8704833984375,5.740026359558105,5.729413032531738
33,10.0,68,8,90.70817565917969,-222.1878204345703,-52.724735260009766,-241.79966735839844,97.25762176513672,-256.7822570800781,5.762997407913208,5.758513927459717
34,10.299,68,8,90.70817565917969,-222.1878204345703,-52.724735260009766,-241.79966735839844,93.37090301513672,-259.7286682128906,5.774335136413574,5.813252925872803
35,10.606,72,8,90.70817565917969,-222.1878204345703,-52.317752838134766,-241.34524536132812,-35.19609451293945,-221.3074188232422,5.761159257888794,5.693933963775635
36,10.906,72,8,90.70817565917969,-222.1878204345703,-52.317752838134766,-241.34524536132812,-30.606842041015625,-219.0093994140625,5.7722571754455565,5.767617225646973
37,11.212,76,8,90.70817565917969,-222.1878204345703,-53.21595001220703,-241.3063507080078,68.53189086914062,-237.4483184814453,5.763866786956787,5.790802001953125
38,11.512,76,8,90.70817565917969,-222.1878204345703,-53.21595001220703,-241.3063507080078,-24.51465606689453,-216.60914611816406,5.765612421035766,5.748218536376953
39,11.821,80,8,90.70817565917969,-222.1878204345703,-51.86906051635742,-241.42745971679688,125.66725158691406,-256.4794616699219,5.779039125442505,5.8075761795043945
40,12.125,80,8,90.70817565917969,-222.1878204345703,-51.86906051635742,-241.42745971679688,-34.8414421081543,-219.24928283691406,5.775042171478272,5.792913436889648
41,12.435,84,8,136.58848571777344,-222.1878204345703,-48.704627990722656,-241.55096435546875,93.88832092285156,-260.1228942871094,5.774928932189941,5.745633602142334
42,12.739,84,8,136.58848571777344,-222.1878204345703,-48.704627990722656,-241.55096435546875,68.13140106201172,-240.6959991455078,5.8039661884307865,5.776747703552246
43,13.099,88,8,136.58848571777344,-222.1878204345703,-50.058780670166016,-241.68008422851562,61.042415618896484,-241.31103515625,5.782214164733887,5.950687408447266
44,13.399,88,8,136.58848571777344,-222.1878204345703,-50.058780670166016,-241.68008422851562,-13.383426666259766,-219.8271484375,5.76142014503479,5.903923034667969
45,13.708,92,8,136.58848571777344,-222.1878204345703,-49.318511962890625,-241.34921264648438,18.027162551879883,-225.91661071777344,5.765847883224487,5.696907997131348
46,14.008,92,8,136.58848571777344,-222.1878204345703,-49.318511962890625,-241.34921264648438,142.60470581054688,-243.93301391601562,5.761754388809204,5.70924186706543
47,14.317,96,8,136.58848571777344,-222.1878204345703,-47.70549011230469,-241.32017517089844,151.00848388671875,-244.05877685546875,5.769279222488404,5.919449806213379
48,14.618,96,8,136.58848571777344,-222.1878204345703,-47.70549011230469,-241.32017517089844,32.58246612548828,-228.2510528564453,5.739059238433838,5.748366832733154
49,14.927,100,8,136.58848571777344,-222.1878204345703,-44.24180221557617,-241.09669494628906,-38.70710372924805,-219.14625549316406,5.772166481018067,5.85959529876709
50,15.228,100,8,136.58848571777344,-222.1878204345703,-44.24180221557617,-241.09669494628906,51.769981384277344,-232.06683349609375,5.756950578689575,5.727933406829834
51,15.54,104,8,136.58848571777344,-222.1878204345703,-45.01599884033203,-241.21165466308594,138.3752899169922,-241.20724487304688,5.76913122177124,5.8094682693481445
52,15.843,104,8,136.58848571777344,-222.1878204345703,-45.01599884033203,-241.21165466308594,97.6729736328125,-230.55020141601562,5.764428615570068,5.723973751068115
53,16.157,108,8,136.58848571777344,-222.1878204345703,-45.719818115234375,-240.9860076904297,154.97254943847656,-240.8870086669922,5.746012983322143,5.745817184448242
54,16.459,108,8,136.58848571777344,-222.1878204345703,-45.719818115234375,-240.9860076904297,111.97140502929688,-232.66024780273438,5.765846576690674,5.7604875564575195
55,16.769,112,8,136.58848571777344,-222.1878204345703,-47.20391082763672,-241.1426239013672,31.819204330444336,-225.28810119628906,5.7538909816741945,5.838153839111328
56,17.07,112,8,136.58848571777344,-222.1878204345703,-47.20391082763672,-241.1426239013672,87.47994995117188,-231.1411895751953,5.760126676559448,5.712259292602539
57,17.38,116,9,136.58848571777344,-222.1878204345703,-45.64460372924805,-241.13525390625,157.92547607421875,-243.60916137695312,5.773362455368042,5.787441730499268
58,17.682,116,9,136.58848571777344,-222.1878204345703,-45.64460372924805,-241.13525390625,25.818090438842773,-227.04620361328125,5.739660549163818,5.58532190322876
59,17.991,120,9,136.58848571777344,-222.1878204345703,-43.60642623901367,-240.97418212890625,22.448163986206055,-226.46939086914062,5.761899604797363,5.807683944702148
60,18.297,120,9,136.58848571777344,-222.1878204345703,-43.60642623901367,-240.97418212890625,162.24794006347656,-237.38917541503906,5.759041328430175,5.802577972412109
61,18.614,124,9,136.58848571777344,-222.1878204345703,-46.5355339050293,-241.07901000976562,29.950511932373047,-228.3412628173828,5.749257898330688,5.833873748779297
62,18.96,124,9,136.58848571777344,-222.1878204345703,-46.5355339050293,-241.07901000976562,49.021793365478516,-226.59669494628906,5.77421350479126,5.705267906188965
63,19.27,128,9,136.58848571777344,-222.1878204345703,-45.854068756103516,-240.85995483398438,18.01691436767578,-227.81126403808594,5.769942541122436,5.631495475769043
64,19.575,128,9,136.58848571777344,-222.1878204345703,-45.854068756103516,-240.85995483398438,39.33892822265625,-228.9812774658203,5.745692348480224,5.625331878662109
65,19.886,132,9,136.58848571777344,-222.1878204345703,-46.043785095214844,-240.6981201171875,140.0645294189453,-235.79693603515625,5.775614385604858,5.707938194274902
66,20.188,132,9,136.58848571777344,-222.1878204345703,-46.043785095214844,-240.6981201171875,111.7271957397461,-230.46426391601562,5.749760274887085,5.760969161987305
67,20.5,136,9,136.58848571777344,-222.1878204345703,-46.390926361083984,-240.61965942382812,17.00359535217285,-226.95021057128906,5.738489484786987,5.650663375854492
68,20.803,136,9,136.58848571777344,-222.1878204345703,-46.390926361083984,-240.61965942382812,123.46429443359375,-232.29852294921875,5.748731861114502,5.643310546875
69,21.11,140,9,136.58848571777344,-222.1878204345703,-46.89925003051758,-240.53713989257812,155.52630615234375,-243.68919372558594,5.753514595031739,5.667117118835449
70,21.416,140,9,136.58848571777344,-222.1878204345703,-46.89925003051758,-240.53713989257812,132.97128295898438,-238.7704315185547,5.765056953430176,5.789813995361328
71,21.731,144,9,136.58848571777344,-222.1878204345703,-47.64176559448242,-240.26597595214844,-33.04277038574219,-222.07212829589844,5.742109937667847,5.759249210357666
72,22.039,144,9,136.58848571777344,-222.1878204345703,-47.64176559448242,-240.26597595214844,27.800827026367188,-226.42266845703125,5.735028333663941,5.714014053344727
73,22.35,148,9,136.58848571777344,-222.1878204345703,-46.400787353515625,-240.0380401611328,-42.967533111572266,-220.96441650390625,5.750667524337769,5.767348289489746
74,22.655,148,9,136.58848571777344,-222.1878204345703,-46.400787353515625,-240.0380401611328,134.37522888183594,-235.76931762695312,5.732551212310791,5.710248947143555
75,22.965,152,9,136.58848571777344,-222.1878204345703,-47.00542068481445,-239.95913696289062,32.4535026550293,-228.790771484375,5.73051040649414,5.660429000854492
76,23.288,152,9,136.58848571777344,-222.1878204345703,-47.00542068481445,-239.95913696289062,41.11027908325195,-228.41673278808594,5.750532665252686,5.842915058135986
77,23.598,156,9,136.58848571777344,-222.1878204345703,-48.16797637939453,-239.7823028564453,-9.235129356384277,-223.09214782714844,5.748489322662354,5.711138725280762
78,23.902,156,9,136.58848571777344,-222.1878204345703,-48.16797637939453,-239.7823028564453,28.731279373168945,-227.99974060058594,5.7426021289825435,5.693193435668945
79,24.213,160,9,136.58848571777344,-222.1878204345703,-45.391700744628906,-239.76913452148438,142.8197021484375,-238.62030029296875,5.737055177688599,5.61225700378418
80,24.518,160,9,136.58848571777344,-222.1878204345703,-45.391700744628906,-239.76913452148438,140.24417114257812,-244.0692901611328,5.754660501480102,5.693790435791016
81,24.831,164,9,136.58848571777344,-222.1878204345703,-45.52062225341797,-239.8144989013672,135.71511840820312,-238.55165100097656,5.73253924369812,5.747096061706543
82,25.137,164,9,136.58848571777344,-222.1878204345703,-45.52062225341797,-239.8144989013672,94.32763671875,-231.981689453125,5.73472601890564,5.771777153015137
83,25.449,168,9,136.58848571777344,-222.1878204345703,-45.13849639892578,-239.81924438476562,137.25787353515625,-243.23980712890625,5.754511957168579,5.742161750793457
84,25.752,168,9,136.58848571777344,-222.1878204345703,-45.13849639892578,-239.81924438476562,-19.3795223236084,-221.71316528320312,5.734948358535767,5.851457118988037
85,26.064,172,9,136.58848571777344,-222.1878204345703,-46.45004653930664,-239.68429565429688,-19.95408058166504,-222.04379272460938,5.754471817016602,5.811994552612305
86,26.377,172,9,136.58848571777344,-222.1878204345703,-46.45004653930664,-239.68429565429688,123.618896484375,-235.60263061523438,5.732305536270141,5.602370738983154
87,26.691,176,9,136.58848571777344,-222.1878204345703,-45.519107818603516,-239.490966796875,-23.057254791259766,-222.03260803222656,5.746071004867554,5.907685279846191
88,26.996,176,9,136.58848571777344,-222.1878204345703,-45.519107818603516,-239.490966796875,95.50929260253906,-225.19642639160156,5.732862854003907,5.7509765625
89,27.308,180,9,136.58848571777344,-222.1878204345703,-47.317745208740234,-239.27578735351562,-36.80812454223633,-220.2538299560547,5.72362979888916,5.5657267570495605
90,27.613,180,9,136.58848571777344,-222.1878204345703,-47.317745208740234,-239.27578735351562,-23.244041442871094,-221.44921875,5.713163871765136,5.754867076873779
91,27.927,184,9,136.58848571777344,-222.1878204345703,-46.80390548706055,-239.17897033691406,105.8145751953125,-227.45848083496094,5.733108329772949,5.719264030456543
92,28.235,184,9,136.58848571777344,-222.1878204345703,-46.80390548706055,-239.17897033691406,-31.076583862304688,-218.34535217285156,5.73316312789917,5.683199882507324
93,28.547,188,10,136.58848571777344,-222.1878204345703,-45.07466506958008,-239.035888671875,54.301673889160156,-226.39743041992188,5.703088607788086,5.767362594604492
94,28.854,188,10,136.58848571777344,-222.1878204345703,-45.07466506958008,-239.035888671875,-31.42392349243164,-221.85504150390625,5.708380632400512,5.66910457611084
95,29.166,192,10,136.58848571777344,-222.1878204345703,-45.231781005859375,-239.1612091064453,160.73361206054688,-238.7252960205078,5.726798477172852,5.7526164054870605
96,29.47,192,10,136.58848571777344,-222.1878204345703,-45.231781005859375,-239.1612091064453,70.8740005493164,-227.67340087890625,5.7306841850280765,5.718996524810791
97,29.784,196,10,136.58848571777344,-222.1878204345703,-45.61370086669922,-239.02391052246094,93.48099517822266,-228.6287841796875,5.739491529464722,5.786800861358643
98,30.088,196,10,136.58848571777344,-222.1878204345703,-45.61370086669922,-239.02391052246094,114.65743255615234,-230.03826904296875,5.719574117660523,5.762735366821289
99,30.4,200,10,136.58848571777344,-222.1878204345703,-45.97419738769531,-239.12281799316406,140.25283813476562,-242.4005126953125,5.718324365615845,5.641509056091309
100,30.706,200,10,136.58848571777344,-222.1878204345703,-45.97419738769531,-239.12281799316406,93.89771270751953,-229.06260681152344,5.7465735530853275,5.736503601074219
101,31.087,200,10,136.58848571777344,-222.1878204345703,-48.11460494995117,-237.7482452392578,85.56019592285156,-231.35389709472656,5.714697656631469,5.765448093414307
102,31.394,200,10,136.58848571777344,-222.1878204345703,-48.11460494995117,-237.7482452392578,-34.178436279296875,-216.46681213378906,5.710025596618652,5.658512592315674
103,31.707,200,10,136.58848571777344,-222.1878204345703,-47.681148529052734,-237.9462127685547,159.1551055908203,-243.20570373535156,5.717331762313843,5.745478630065918
104,32.012,200,10,136.58848571777344,-222.1878204345703,-47.681148529052734,-237.9462127685547,129.1237030029297,-236.290283203125,5.711261339187622,5.664726257324219
105,32.326,200,10,136.58848571777344,-222.1878204345703,-47.50503921508789,-237.90016174316406,58.0217170715332,-227.5944061279297,5.7070188808441165,5.740928649902344
106,32.633,200,10,136.58848571777344,-222.1878204345703,-47.50503921508789,-237.90016174316406,150.13380432128906,-241.1326904296875,5.710448570251465,5.704222679138184
107,32.945,200,10,136.58848571777344,-222.1878204345703,-47.67095184326172,-237.67160034179688,-40.51336669921875,-219.5756072998047,5.706790113449097,5.584954261779785
108,33.251,200,10,136.58848571777344,-222.1878204345703,-47.67095184326172,-237.67160034179688,90.61194610595703,-228.97589111328125,5.6845596981048585,5.615623950958252
109,33.565,200,9,138.02325439453125,-222.1878204345703,-44.83002853393555,-237.77867126464844,44.269866943359375,-227.19248962402344,5.719679565429687,5.832640171051025
110,33.87,200,9,138.02325439453125,-222.1878204345703,-44.83002853393555,-237.77867126464844,-23.801040649414062,-223.17245483398438,5.689846382141114,5.802516937255859
111,34.187,200,8,138.02325439453125,-225.08982849121094,-44.254852294921875,-238.13461303710938,94.31751251220703,-232.21615600585938,5.703670835494995,5.805499076843262
112,34.495,200,8,138.02325439453125,-225.08982849121094,-44.254852294921875,-238.13461303710938,58.24300003051758,-227.09588623046875,5.697211637496948,5.649707794189453
113,34.808,200,9,149.82325744628906,-225.08982849121094,-41.783329010009766,-238.3962860107422,143.9046173095703,-237.95013427734375,5.687683305740356,5.732806205749512
114,35.114,200,9,149.82325744628906,-225.08982849121094,-41.783329010009766,-238.3962860107422,-43.75550842285156,-224.52210998535156,5.702231159210205,5.803814888000488
115,35.427,200,9,149.82325744628906,-225.08982849121094,-41.258888244628906,-238.2988739013672,29.94452476501465,-223.11900329589844,5.7090452194213865,5.817089080810547
116,35.732,200,9,149.82325744628906,-225.08982849121094,-41.258888244628906,-238.2988739013672,161.182373046875,-235.79440307617188,5.696324615478516,5.488948822021484
117,36.046,200,9,149.82325744628906,-225.08982849121094,-42.178436279296875,-237.76629638671875,110.03327941894531,-230.1351776123047,5.679508581161499,5.641785144805908
118,36.359,200,9,149.82325744628906,-225.08982849121094,-42.178436279296875,-237.76629638671875,-23.628042221069336,-222.64984130859375,5.71245400428772,5.633614540100098
119,36.674,200,9,149.82325744628906,-225.08982849121094,-38.411502838134766,-237.79376220703125,55.10729217529297,-226.2420196533203,5.676096773147583,5.582945823669434
120,36.98,200,9,149.82325744628906,-225.08982849121094,-38.411502838134766,-237.79376220703125,155.9522247314453,-247.30255126953125,5.689543581008911,5.744952201843262
121,37.295,200,11,149.82325744628906,-225.08982849121094,-36.25810623168945,-237.57972717285156,24.121435165405273,-226.00393676757812,5.687714776992798,5.729487419128418
122,37.603,200,11,149.82325744628906,-225.08982849121094,-36.25810623168945,-237.57972717285156,141.1155242919922,-235.8820343017578,5.671520128250122,5.551795482635498
123,37.918,200,11,149.82325744628906,-225.08982849121094,-35.04673385620117,-237.59515380859375,37.231929779052734,-224.52426147460938,5.68433952331543,5.81696891784668
124,38.224,200,11,149.82325744628906,-225.08982849121094,-35.04673385620117,-237.59515380859375,103.92520904541016,-225.8020782470703,5.692023286819458,5.681807518005371
125,38.543,200,8,149.82325744628906,-225.08982849121094,-34.289363861083984,-237.47784423828125,44.63147735595703,-228.2168426513672,5.682690954208374,5.758238792419434
126,38.848,200,8,149.82325744628906,-225.08982849121094,-34.289363861083984,-237.47784423828125,150.99864196777344,-234.3942108154297,5.68117919921875,5.664347171783447
127,39.162,200,8,149.82325744628906,-225.08982849121094,-33.37028503417969,-237.44822692871094,133.69700622558594,-229.09625244140625,5.668970012664795,5.750086307525635
128,39.467,200,8,149.82325744628906,-225.08982849121094,-33.37028503417969,-237.44822692871094,166.611328125,-245.00851440429688,5.6852083587646485,5.64913272857666
129,39.781,200,8,149.82325744628906,-225.08982849121094,-33.122230529785156,-237.30636596679688,21.525768280029297,-220.944580078125,5.6775203132629395,5.740297317504883
130,40.086,200,8,149.82325744628906,-225.08982849121094,-33.122230529785156,-237.30636596679688,84.15958404541016,-224.28099060058594,5.663481435775757,5.676641941070557
131,40.401,200,8,149.82325744628906,-225.08982849121094,-32.225181579589844,-237.2481231689453,31.719463348388672,-224.57997131347656,5.663786010742188,5.688060283660889
132,40.733,200,8,149.82325744628906,-225.08982849121094,-32.225181579589844,-237.2481231689453,178.89056396484375,-233.05398559570312,5.653973665237427,5.705427169799805
133,41.046,200,9,259.14556884765625,-225.08982849121094,-28.465974807739258,-237.36419677734375,176.3188018798828,-245.92579650878906,5.649108276367188,5.521973609924316
134,41.358,200,9,259.14556884765625,-225.08982849121094,-28.465974807739258,-237.36419677734375,-15.237581253051758,-225.07412719726562,5.674041090011596,5.757142543792725
135,41.674,200,9,259.14556884765625,-225.08982849121094,-28.370107650756836,-237.42710876464844,45.104774475097656,-224.1458282470703,5.651199989318847,5.600001335144043
136,41.996,200,9,259.14556884765625,-225.08982849121094,-28.370107650756836,-237.42710876464844,309.8512268066406,-247.55055236816406,5.668011837005615,5.731927394866943
137,42.306,200,9,259.14556884765625,-225.08982849121094,-26.838289260864258,-237.33070373535156,18.213167190551758,-223.3792724609375,5.645202989578247,5.774366855621338
138,42.612,200,9,259.14556884765625,-225.08982849121094,-26.838289260864258,-237.33070373535156,-27.928054809570312,-221.7641143798828,5.6784882164001464,5.6247711181640625
139,42.926,200,9,259.14556884765625,-225.08982849121094,-26.063291549682617,-237.2498779296875,111.41156768798828,-226.82260131835938,5.644133472442627,5.518115043640137
140,43.231,200,9,259.14556884765625,-225.08982849121094,-26.063291549682617,-237.2498779296875,84.77130889892578,-225.47216796875,5.640573501586914,5.631954193115234
141,43.548,200,9,259.14556884765625,-225.08982849121094,-25.408620834350586,-237.22816467285156,149.67617797851562,-232.8959197998047,5.657362480163574,5.744960308074951
142,43.855,200,9,259.14556884765625,-225.08982849121094,-25.408620834350586,-237.22816467285156,294.2387390136719,-247.63796997070312,5.648045797348022,5.656830787658691
143,44.168,200,9,259.14556884765625,-225.08982849121094,-22.608474731445312,-237.1544189453125,154.58236694335938,-246.1822052001953,5.641276407241821,5.696847438812256
144,44.474,200,9,259.14556884765625,-225.08982849121094,-22.608474731445312,-237.1544189453125,297.62957763671875,-246.4156494140625,5.646079225540161,5.723267555236816
145,44.788,200,9,259.14556884765625,-225.08982849121094,-21.430429458618164,-237.24777221679688,167.92564392089844,-242.23062133789062,5.649342880249024,5.593755722045898
146,45.094,200,9,259.14556884765625,-225.08982849121094,-21.430429458618164,-237.24777221679688,267.4395751953125,-248.6776885986328,5.652237749099731,5.794716835021973
147,45.409,200,9,259.14556884765625,-225.08982849121094,-22.26565170288086,-237.10140991210938,286.30908203125,-241.18092346191406,5.628604850769043,5.74432373046875
148,45.714,200,9,259.14556884765625,-225.08982849121094,-22.26565170288086,-237.10140991210938,185.59976196289062,-244.70855712890625,5.626486539840698,5.569670677185059
149,46.027,200,10,259.14556884765625,-225.08982849121094,-22.099159240722656,-237.11509704589844,109.94017028808594,-228.2006378173828,5.619046802520752,5.621594429016113
150,46.337,200,10,259.14556884765625,-225.08982849121094,-22.099159240722656,-237.11509704589844,-12.796943664550781,-224.9257354736328,5.644174575805664,5.602154731750488
151,46.727,200,10,259.14556884765625,-225.08982849121094,-19.999897003173828,-236.9289093017578,150.78231811523438,-241.21044921875,5.654849376678467,5.544393539428711
152,47.069,200,10,259.14556884765625,-225.08982849121094,-19.999897003173828,-236.9289093017578,147.11703491210938,-229.34983825683594,5.635988693237305,5.62812614440918
153,47.386,200,9,259.14556884765625,-225.08982849121094,-17.674760818481445,-236.97291564941406,137.81668090820312,-228.8298797607422,5.627936639785767,5.595871925354004
154,47.692,200,9,259.14556884765625,-225.08982849121094,-17.674760818481445,-236.97291564941406,134.2598419189453,-234.39439392089844,5.621900768280029,5.706725120544434
155,48.007,200,9,259.14556884765625,-225.08982849121094,-16.26666831970215,-236.83984375,320.7665710449219,-243.83096313476562,5.628986949920654,5.612990379333496
156,48.313,200,9,259.14556884765625,-225.08982849121094,-16.26666831970215,-236.83984375,173.1756134033203,-229.35214233398438,5.6485856342315675,5.713324546813965
157,48.627,200,9,259.14556884765625,-225.08982849121094,-16.508045196533203,-237.02029418945312,285.95404052734375,-243.89413452148438,5.626207141876221,5.564122200012207
158,48.948,200,9,259.14556884765625,-225.08982849121094,-16.508045196533203,-237.02029418945312,-42.633583068847656,-223.50875854492188,5.618641204833985,5.605999946594238
159,49.274,200,9,259.14556884765625,-225.08982849121094,-17.697677612304688,-237.17849731445312,139.32350158691406,-231.0487518310547,5.609116067886353,5.591069221496582
160,49.635,200,9,259.14556884765625,-225.08982849121094,-17.697677612304688,-237.17849731445312,89.19347381591797,-225.80784606933594,5.624466915130615,5.597696304321289
161,49.982,200,9,259.14556884765625,-225.08982849121094,-13.573254585266113,-237.04751586914062,-10.552361488342285,-222.45782470703125,5.629890928268432,5.596034049987793
162,50.289,200,9,259.14556884765625,-225.08982849121094,-13.573254585266113,-237.04751586914062,176.49998474121094,-234.4236297607422,5.617027740478516,5.551136016845703
163,50.603,200,8,259.14556884765625,-225.08982849121094,-10.743363380432129,-237.01515197753906,34.957176208496094,-226.3729248046875,5.627492370605469,5.635512351989746
164,50.911,200,8,259.14556884765625,-225.08982849121094,-10.743363380432129,-237.01515197753906,17.55799674987793,-223.69020080566406,5.615074234008789,5.567904472351074
165,51.227,200,8,259.14556884765625,-225.08982849121094,-9.240428924560547,-237.0224609375,84.26384735107422,-225.71188354492188,5.5955806064605715,5.568796634674072
166,51.535,200,8,259.14556884765625,-225.08982849121094,-9.240428924560547,-237.0224609375,272.4591979980469,-246.75918579101562,5.615575075149536,5.615549087524414
167,51.848,200,9,259.14556884765625,-225.08982849121094,-7.649276256561279,-237.01107788085938,137.13665771484375,-230.27952575683594,5.614675426483155,5.609342098236084
168,52.153,200,9,259.14556884765625,-225.08982849121094,-7.649276256561279,-237.01107788085938,178.3803253173828,-231.0144500732422,5.593579206466675,5.450256824493408
169,52.47,200,9,259.14556884765625,-225.08982849121094,-7.295331001281738,-236.95620727539062,25.414813995361328,-225.62673950195312,5.609859046936035,5.615927219390869
170,52.775,200,9,259.14556884765625,-225.08982849121094,-7.295331001281738,-236.95620727539062,273.0001220703125,-247.59359741210938,5.591722507476806,5.534371376037598
171,53.092,200,9,259.14556884765625,-225.08982849121094,-5.488677978515625,-237.27084350585938,290.12078857421875,-247.36972045898438,5.609724349975586,5.436938762664795
172,53.398,200,9,259.14556884765625,-225.08982849121094,-5.488677978515625,-237.27084350585938,80.98202514648438,-225.10707092285156,5.585091171264648,5.75593900680542
173,53.775,200,8,259.14556884765625,-226.34754943847656,-5.696195125579834,-237.36566162109375,87.13841247558594,-225.3046112060547,5.595657777786255,5.5807204246521
174,54.08,200,8,259.14556884765625,-226.34754943847656,-5.696195125579834,-237.36566162109375,9.185490608215332,-224.30715942382812,5.583049793243408,5.538205146789551
175,54.394,200,8,259.14556884765625,-226.34754943847656,-3.481826066970825,-237.42605590820312,-3.4344167709350586,-225.29452514648438,5.571123285293579,5.399566173553467
176,54.7,200,8,259.14556884765625,-226.34754943847656,-3.481826066970825,-237.42605590820312,9.991413116455078,-224.53115844726562,5.6053236389160155,5.6299238204956055
177,55.015,200,8,259.14556884765625,-226.34754943847656,-1.0071008205413818,-237.75608825683594,289.1796875,-247.19691467285156,5.598695774078369,5.57451057434082
178,55.322,200,8,259.14556884765625,-226.34754943847656,-1.0071008205413818,-237.75608825683594,86.06901550292969,-225.70448303222656,5.590754079818725,5.52560567855835
179,55.637,200,8,259.14556884765625,-226.34754943847656,-1.3443139791488647,-237.82308959960938,198.70501708984375,-238.27980041503906,5.593842821121216,5.607789993286133
180,55.942,200,8,259.14556884765625,-226.34754943847656,-1.3443139791488647,-237.82308959960938,201.11549377441406,-240.54483032226562,5.57209716796875,5.511649131774902
181,56.26,200,8,259.14556884765625,-226.34754943847656,-0.3365808129310608,-237.70863342285156,-3.5480713844299316,-223.47776794433594,5.5990445518493654,5.585331916809082
182,56.623,200,8,259.14556884765625,-226.34754943847656,-0.3365808129310608,-237.70863342285156,196.40745544433594,-237.7177276611328,5.601996393203735,5.458576202392578
183,57.002,200,8,259.14556884765625,-226.34754943847656,0.40180665254592896,-237.8671875,281.56207275390625,-246.3255157470703,5.578348884582519,5.583856582641602
184,57.316,200,8,259.14556884765625,-226.34754943847656,0.40180665254592896,-237.8671875,43.663326263427734,-223.44906616210938,5.55466510772705,5.66562032699585
185,57.653,200,8,259.14556884765625,-226.34754943847656,4.048617362976074,-238.11732482910156,246.5081329345703,-234.50634765625,5.599782686233521,5.587986469268799
186,57.964,200,8,259.14556884765625,-226.34754943847656,4.048617362976074,-238.11732482910156,-18.115741729736328,-225.3029327392578,5.590379409790039,5.6038312911987305
187,58.278,200,8,259.14556884765625,-226.34754943847656,4.375916957855225,-238.43841552734375,83.0474624633789,-225.69798278808594,5.593265275955201,5.580646514892578
188,58.591,200,8,259.14556884765625,-226.34754943847656,4.375916957855225,-238.43841552734375,181.27816772460938,-233.11090087890625,5.5861788082122805,5.594791889190674
189,58.905,200,8,259.14556884765625,-226.34754943847656,7.024472713470459,-238.92613220214844,299.406494140625,-248.16952514648438,5.587210941314697,5.365391731262207
190,59.209,200,8,259.14556884765625,-226.34754943847656,7.024472713470459,-238.92613220214844,-5.269477367401123,-225.31724548339844,5.583159065246582,5.568780899047852
191,59.526,200,8,259.14556884765625,-226.34754943847656,7.749786376953125,-239.12149047851562,133.7129364013672,-230.49002075195312,5.572277812957764,5.673065185546875
192,59.834,200,8,259.14556884765625,-226.34754943847656,7.749786376953125,-239.12149047851562,200.2084197998047,-234.85934448242188,5.564032363891601,5.5578765869140625
193,60.146,200,9,259.14556884765625,-226.34754943847656,8.30876350402832,-239.3612060546875,55.77818298339844,-224.3955078125,5.570929536819458,5.554790496826172
194,60.452,200,9,259.14556884765625,-226.34754943847656,8.30876350402832,-239.3612060546875,-20.11646270751953,-224.50909423828125,5.600415334701538,5.6299285888671875
195,60.778,200,9,259.14556884765625,-226.34754943847656,10.552285194396973,-239.3856964111328,-13.161483764648438,-224.61521911621094,5.596481885910034,5.686301231384277
196,61.11,200,9,259.14556884765625,-226.34754943847656,10.552285194396973,-239.3856964111328,209.2073211669922,-241.72410583496094,5.606187705993652,5.670775413513184
197,61.439,200,8,259.14556884765625,-226.34754943847656,11.918586730957031,-239.8751220703125,199.7378387451172,-240.630859375,5.600839233398437,5.608543872833252
198,61.75,200,8,259.14556884765625,-226.34754943847656,11.918586730957031,-239.8751220703125,122.28071594238281,-223.6313934326172,5.582971487045288,5.617789268493652
199,62.058,200,8,259.14556884765625,-226.34754943847656,13.884359359741211,-239.9893035888672,194.88697814941406,-233.4924774169922,5.594285507202148,5.699069023132324
200,62.374,200,8,259.14556884765625,-226.34754943847656,13.884359359741211,-239.9893035888672,263.6974792480469,-247.60736083984375,5.600157089233399,5.488095760345459
1,0.325,4,2,47.4015007019043,-309.0077819824219,9.018614768981934,-310.10809326171875,-3.2133021354675293,-4.856614589691162,6.5967836093902585,6.655820369720459
2,0.653,4,2,47.4015007019043,-309.0077819824219,9.018614768981934,-310.10809326171875,9.54259204864502,8.56220531463623,6.527690238952637,6.486382484436035
3,0.958,8,5,47.4015007019043,-228.81076049804688,-33.61399841308594,-270.12701416015625,6.102784633636475,6.03409481048584,6.108187255859375,6.121306419372559
4,1.269,8,5,47.4015007019043,-228.81076049804688,-33.61399841308594,-270.12701416015625,76.01871490478516,-299.4509582519531,6.082649869918823,6.036479473114014
5,1.578,12,6,47.4015007019043,-228.81076049804688,-31.95699119567871,-260.9888610839844,-7.510380268096924,-303.9872131347656,5.9805457973480225,6.009335994720459
6,1.889,12,6,47.4015007019043,-228.81076049804688,-31.95699119567871,-260.9888610839844,-46.94247055053711,-221.20645141601562,5.9901018238067625,5.917024612426758
7,2.199,16,6,47.4015007019043,-228.81076049804688,-38.64638900756836,-256.3695068359375,88.65265655517578,-309.2300109863281,5.938637351989746,6.102592468261719
8,2.502,16,6,47.4015007019043,-228.81076049804688,-38.64638900756836,-256.3695068359375,60.9864387512207,-297.6635437011719,5.9282827568054195,5.956433296203613
9,2.812,20,7,47.4015007019043,-228.81076049804688,-52.267127990722656,-251.90963745117188,-55.709266662597656,-227.4727783203125,5.879023294448853,5.850429534912109
10,3.113,20,7,47.4015007019043,-228.81076049804688,-52.267127990722656,-251.90963745117188,41.536170959472656,-239.83506774902344,5.887672300338745,5.887818336486816
11,3.427,24,8,47.4015007019043,-222.1878204345703,-49.267242431640625,-247.60450744628906,-130.79737854003906,-213.04397583007812,5.83882266998291,5.784294605255127
12,3.736,24,8,47.4015007019043,-222.1878204345703,-49.267242431640625,-247.60450744628906,-23.03559684753418,-222.19168090820312,5.835658979415894,5.799870491027832
13,4.074,28,8,47.4015007019043,-222.1878204345703,-59.18068313598633,-245.15634155273438,-41.5720100402832,-216.25286865234375,5.834420013427734,5.837266445159912
14,4.378,28,8,47.4015007019043,-222.1878204345703,-59.18068313598633,-245.15634155273438,37.72162628173828,-233.037109375,5.81923204421997,5.754347801208496
15,4.69,32,8,47.4015007019043,-222.1878204345703,-57.14768981933594,-244.495361328125,-7.2641777992248535,-235.42286682128906,5.804336223602295,5.766079902648926
16,4.994,32,8,47.4015007019043,-222.1878204345703,-57.14768981933594,-244.495361328125,54.11181640625,-309.10113525390625,5.798459510803223,5.778351306915283
17,5.305,36,8,90.70817565917969,-222.1878204345703,-50.47032165527344,-246.31344604492188,60.254661560058594,-307.6146545410156,5.795380458831787,5.755618095397949
18,5.609,36,8,90.70817565917969,-222.1878204345703,-50.47032165527344,-246.31344604492188,-24.15980339050293,-223.48699951171875,5.846948413848877,5.838519096374512
19,5.921,40,8,90.70817565917969,-222.1878204345703,-58.8838005065918,-245.1859893798828,-37.12823486328125,-221.70301818847656,5.809176015853882,5.922739028930664
20,6.226,40,8,90.70817565917969,-222.1878204345703,-58.8838005065918,-245.1859893798828,40.72571563720703,-237.86468505859375,5.807530879974365,5.766121864318848
21,6.54,44,8,90.70817565917969,-222.1878204345703,-59.1103401184082,-244.7048797607422,90.76874542236328,-256.9700012207031,5.800906038284301,5.880800247192383
22,6.856,44,8,90.70817565917969,-222.1878204345703,-59.1103401184082,-244.7048797607422,-40.986846923828125,-220.9075469970703,5.801680488586426,5.8792924880981445
23,7.176,48,6,90.70817565917969,-222.1878204345703,-58.004940032958984,-243.39422607421875,-33.816741943359375,-214.76962280273438,5.77974575996399,5.755481719970703
24,7.486,48,6,90.70817565917969,-222.1878204345703,-58.004940032958984,-243.39422607421875,104.76131439208984,-259.74365234375,5.785059051513672,5.803716659545898
25,7.8,52,7,90.70817565917969,-222.1878204345703,-54.294212341308594,-242.70281982421875,-39.05870819091797,-219.0458526611328,5.78600380897522,5.84058952331543
26,8.106,52,7,90.70817565917969,-222.1878204345703,-54.294212341308594,-242.70281982421875,-13.382031440734863,-213.4896697998047,5.784192190170288,5.790399074554443
27,8.419,56,7,90.70817565917969,-222.1878204345703,-54.5704460144043,-242.35867309570312,32.43985366821289,-222.28419494628906,5.7657036876678465,5.76802396774292
28,8.723,56,7,90.70817565917969,-222.1878204345703,-54.5704460144043,-242.35867309570312,26.0291690826416,-225.7895965576172,5.801009397506714,5.9001946449279785
29,9.039,60,8,90.70817565917969,-222.1878204345703,-50.42361831665039,-242.12997436523438,-39.20241165161133,-220.768310546875,5.765231914520264,5.728011131286621
30,9.343,60,8,90.70817565917969,-222.1878204345703,-50.42361831665039,-242.12997436523438,-40.42704772949219,-219.5112762451172,5.752243089675903,5.707404136657715
31,9.662,64,8,90.70817565917969,-222.1878204345703,-49.81778335571289,-241.98072814941406,72.32683563232422,-239.35838317871094,5.774814167022705,5.81428337097168
32,9.991,64,8,90.70817565917969,-222.1878204345703,-49.81778335571289,-241.98072814941406,-19.64157485961914,-219.8704833984375,5.740026359558105,5.729413032531738
33,10.304,68,8,90.70817565917969,-222.1878204345703,-52.724735260009766,-241.79966735839844,97.25762176513672,-256.7822570800781,5.762997407913208,5.758513927459717
34,10.61,68,8,90.70817565917969,-222.1878204345703,-52.724735260009766,-241.79966735839844,93.37090301513672,-259.7286682128906,5.774335136413574,5.813252925872803
35,10.923,72,8,90.70817565917969,-222.1878204345703,-52.317752838134766,-241.34524536132812,-35.19609451293945,-221.3074188232422,5.761159257888794,5.693933963775635
36,11.227,72,8,90.70817565917969,-222.1878204345703,-52.317752838134766,-241.34524536132812,-30.606842041015625,-219.0093994140625,5.7722571754455565,5.767617225646973
37,11.54,76,8,90.70817565917969,-222.1878204345703,-53.21595001220703,-241.3063507080078,68.53189086914062,-237.4483184814453,5.763866786956787,5.790802001953125
38,11.853,76,8,90.70817565917969,-222.1878204345703,-53.21595001220703,-241.3063507080078,-24.51465606689453,-216.60914611816406,5.765612421035766,5.748218536376953
39,12.172,80,8,90.70817565917969,-222.1878204345703,-51.86906051635742,-241.42745971679688,125.66725158691406,-256.4794616699219,5.779039125442505,5.8075761795043945
40,12.478,80,8,90.70817565917969,-222.1878204345703,-51.86906051635742,-241.42745971679688,-34.8414421081543,-219.24928283691406,5.775042171478272,5.792913436889648
41,12.794,84,8,136.58848571777344,-222.1878204345703,-48.704627990722656,-241.55096435546875,93.88832092285156,-260.1228942871094,5.774928932189941,5.745633602142334
42,13.103,84,8,136.58848571777344,-222.1878204345703,-48.704627990722656,-241.55096435546875,68.13140106201172,-240.6959991455078,5.8039661884307865,5.776747703552246
43,13.47,88,8,136.58848571777344,-222.1878204345703,-50.058780670166016,-241.68008422851562,61.042415618896484,-241.31103515625,5.782214164733887,5.950687408447266
44,13.777,88,8,136.58848571777344,-222.1878204345703,-50.058780670166016,-241.68008422851562,-13.383426666259766,-219.8271484375,5.76142014503479,5.903923034667969
45,14.1,92,8,136.58848571777344,-222.1878204345703,-49.318511962890625,-241.34921264648438,18.027162551879883,-225.91661071777344,5.765847883224487,5.696907997131348
46,14.404,92,8,136.58848571777344,-222.1878204345703,-49.318511962890625,-241.34921264648438,142.60470581054688,-243.93301391601562,5.761754388809204,5.70924186706543
47,14.719,96,8,136.58848571777344,-222.1878204345703,-47.70549011230469,-241.32017517089844,151.00848388671875,-244.05877685546875,5.769279222488404,5.919449806213379
48,15.026,96,8,136.58848571777344,-222.1878204345703,-47.70549011230469,-241.32017517089844,32.58246612548828,-228.2510528564453,5.739059238433838,5.748366832733154
49,15.342,100,8,136.58848571777344,-222.1878204345703,-44.24180221557617,-241.09669494628906,-38.70710372924805,-219.14625549316406,5.772166481018067,5.85959529876709
50,15.652,100,8,136.58848571777344,-222.1878204345703,-44.24180221557617,-241.09669494628906,51.769981384277344,-232.06683349609375,5.756950578689575,5.727933406829834
51,15.969,104,8,136.58848571777344,-222.1878204345703,-45.01599884033203,-241.21165466308594,138.3752899169922,-241.20724487304688,5.76913122177124,5.8094682693481445
52,16.308,104,8,136.58848571777344,-222.1878204345703,-45.01599884033203,-241.21165466308594,97.6729736328125,-230.55020141601562,5.764428615570068,5.723973751068115
53,16.625,108,8,136.58848571777344,-222.1878204345703,-45.719818115234375,-240.9860076904297,154.97254943847656,-240.8870086669922,5.746012983322143,5.745817184448242
54,16.944,108,8,136.58848571777344,-222.1878204345703,-45.719818115234375,-240.9860076904297,111.97140502929688,-232.66024780273438,5.765846576690674,5.7604875564575195
55,17.265,112,8,136.58848571777344,-222.1878204345703,-47.20391082763672,-241.1426239013672,31.819204330444336,-225.28810119628906,5.7538909816741945,5.838153839111328
56,17.573,112,8,136.58848571777344,-222.1878204345703,-47.20391082763672,-241.1426239013672,87.47994995117188,-231.1411895751953,5.760126676559448,5.712259292602539
57,17.897,116,9,136.58848571777344,-222.1878204345703,-45.64460372924805,-241.13525390625,157.92547607421875,-243.60916137695312,5.773362455368042,5.787441730499268
58,18.214,116,9,136.58848571777344,-222.1878204345703,-45.64460372924805,-241.13525390625,25.818090438842773,-227.04620361328125,5.739660549163818,5.58532190322876
59,18.53,120,9,136.58848571777344,-222.1878204345703,-43.60642623901367,-240.97418212890625,22.448163986206055,-226.46939086914062,5.761899604797363,5.807683944702148
60,18.84,120,9,136.58848571777344,-222.1878204345703,-43.60642623901367,-240.97418212890625,162.24794006347656,-237.38917541503906,5.759041328430175,5.802577972412109
61,19.159,124,9,136.58848571777344,-222.1878204345703,-46.5355339050293,-241.07901000976562,29.950511932373047,-228.3412628173828,5.749257898330688,5.833873748779297
62,19.472,124,9,136.58848571777344,-222.1878204345703,-46.5355339050293,-241.07901000976562,49.021793365478516,-226.59669494628906,5.77421350479126,5.705267906188965
63,19.789,128,9,136.58848571777344,-222.1878204345703,-45.854068756103516,-240.85995483398438,18.01691436767578,-227.81126403808594,5.769942541122436,5.631495475769043
64,20.098,128,9,136.58848571777344,-222.1878204345703,-45.854068756103516,-240.85995483398438,39.33892822265625,-228.9812774658203,5.745692348480224,5.625331878662109
65,20.418,132,9,136.58848571777344,-222.1878204345703,-46.043785095214844,-240.6981201171875,140.0645294189453,-235.79693603515625,5.775614385604858,5.707938194274902
66,20.737,132,9,136.58848571777344,-222.1878204345703,-46.043785095214844,-240.6981201171875,111.7271957397461,-230.46426391601562,5.749760274887085,5.760969161987305
67,21.067,136,9,136.58848571777344,-222.1878204345703,-46.390926361083984,-240.61965942382812,17.00359535217285,-226.95021057128906,5.738489484786987,5.650663375854492
68,21.376,136,9,136.58848571777344,-222.1878204345703,-46.390926361083984,-240.61965942382812,123.46429443359375,-232.29852294921875,5.748731861114502,5.643310546875
69,21.694,140,9,136.58848571777344,-222.1878204345703,-46.89925003051758,-240.53713989257812,155.52630615234375,-243.68919372558594,5.753514595031739,5.667117118835449
70,22.011,140,9,136.58848571777344,-222.1878204345703,-46.89925003051758,-240.53713989257812,132.97128295898438,-238.7704315185547,5.765056953430176,5.789813995361328
71,22.333,144,9,136.58848571777344,-222.1878204345703,-47.64176559448242,-240.26597595214844,-33.04277038574219,-222.07212829589844,5.742109937667847,5.759249210357666
72,22.646,144,9,136.58848571777344,-222.1878204345703,-47.64176559448242,-240.26597595214844,27.800827026367188,-226.42266845703125,5.735028333663941,5.714014053344727
73,22.963,148,9,136.58848571777344,-222.1878204345703,-46.400787353515625,-240.0380401611328,-42.967533111572266,-220.96441650390625,5.750667524337769,5.767348289489746
74,23.291,148,9,136.58848571777344,-222.1878204345703,-46.400787353515625,-240.0380401611328,134.37522888183594,-235.76931762695312,5.732551212310791,5.710248947143555
75,23.628,152,9,136.58848571777344,-222.1878204345703,-47.00542068481445,-239.95913696289062,32.4535026550293,-228.790771484375,5.73051040649414,5.660429000854492
76,23.935,152,9,136.58848571777344,-222.1878204345703,-47.00542068481445,-239.95913696289062,41.11027908325195,-228.41673278808594,5.750532665252686,5.842915058135986
77,24.3,156,9,136.58848571777344,-222.1878204345703,-48.16797637939453,-239.7823028564453,-9.235129356384277,-223.09214782714844,5.748489322662354,5.711138725280762
78,24.608,156,9,136.58848571777344,-222.1878204345703,-48.16797637939453,-239.7823028564453,28.731279373168945,-227.99974060058594,5.7426021289825435,5.693193435668945
79,24.925,160,9,136.58848571777344,-222.1878204345703,-45.391700744628906,-239.76913452148438,142.8197021484375,-238.62030029296875,5.737055177688599,5.61225700378418
80,25.233,160,9,136.58848571777344,-222.1878204345703,-45.391700744628906,-239.76913452148438,140.24417114257812,-244.0692901611328,5.754660501480102,5.693790435791016
81,25.55,164,9,136.58848571777344,-222.1878204345703,-45.52062225341797,-239.8144989013672,135.71511840820312,-238.55165100097656,5.73253924369812,5.747096061706543
82,25.862,164,9,136.58848571777344,-222.1878204345703,-45.52062225341797,-239.8144989013672,94.32763671875,-231.981689453125,5.73472601890564,5.771777153015137
83,26.18,168,9,136.58848571777344,-222.1878204345703,-45.13849639892578,-239.81924438476562,137.25787353515625,-243.23980712890625,5.754511957168579,5.742161750793457
84,26.491,168,9,136.58848571777344,-222.1878204345703,-45.13849639892578,-239.81924438476562,-19.3795223236084,-221.71316528320312,5.734948358535767,5.851457118988037
85,26.818,172,9,136.58848571777344,-222.1878204345703,-46.45004653930664,-239.68429565429688,-19.95408058166504,-222.04379272460938,5.754471817016602,5.811994552612305
86,27.137,172,9,136.58848571777344,-222.1878204345703,-46.45004653930664,-239.68429565429688,123.618896484375,-235.60263061523438,5.732305536270141,5.602370738983154
87,27.454,176,9,136.58848571777344,-222.1878204345703,-45.519107818603516,-239.490966796875,-23.057254791259766,-222.03260803222656,5.746071004867554,5.907685279846191
88,27.764,176,9,136.58848571777344,-222.1878204345703,-45.519107818603516,-239.490966796875,95.50929260253906,-225.19642639160156,5.732862854003907,5.7509765625
89,28.085,180,9,136.58848571777344,-222.1878204345703,-47.317745208740234,-239.27578735351562,-36.80812454223633,-220.2538299560547,5.72362979888916,5.5657267570495605
90,28.458,180,9,136.58848571777344,-222.1878204345703,-47.317745208740234,-239.27578735351562,-23.244041442871094,-221.44921875,5.713163871765136,5.754867076873779
91,28.844,184,9,136.58848571777344,-222.1878204345703,-46.80390548706055,-239.17897033691406,105.8145751953125,-227.45848083496094,5.733108329772949,5.719264030456543
92,29.22,184,9,136.58848571777344,-222.1878204345703,-46.80390548706055,-239.17897033691406,-31.076583862304688,-218.34535217285156,5.73316312789917,5.683199882507324
93,29.598,188,10,136.58848571777344,-222.1878204345703,-45.07466506958008,-239.035888671875,54.301673889160156,-226.39743041992188,5.703088607788086,5.767362594604492
94,29.987,188,10,136.58848571777344,-222.1878204345703,-45.07466506958008,-239.035888671875,-31.42392349243164,-221.85504150390625,5.708380632400512,5.66910457611084
95,30.361,192,10,136.58848571777344,-222.1878204345703,-45.231781005859375,-239.1612091064453,160.73361206054688,-238.7252960205078,5.726798477172852,5.7526164054870605
96,30.701,192,10,136.58848571777344,-222.1878204345703,-45.231781005859375,-239.1612091064453,70.8740005493164,-227.67340087890625,5.7306841850280765,5.718996524810791
97,31.021,196,10,136.58848571777344,-222.1878204345703,-45.61370086669922,-239.02391052246094,93.48099517822266,-228.6287841796875,5.739491529464722,5.786800861358643
98,31.33,196,10,136.58848571777344,-222.1878204345703,-45.61370086669922,-239.02391052246094,114.65743255615234,-230.03826904296875,5.719574117660523,5.762735366821289
99,31.648,200,10,136.58848571777344,-222.1878204345703,-45.97419738769531,-239.12281799316406,140.25283813476562,-242.4005126953125,5.718324365615845,5.641509056091309
100,31.966,200,10,136.58848571777344,-222.1878204345703,-45.97419738769531,-239.12281799316406,93.89771270751953,-229.06260681152344,5.7465735530853275,5.736503601074219
101,32.416,200,10,136.58848571777344,-222.1878204345703,-48.11460494995117,-237.7482452392578,85.56019592285156,-231.35389709472656,5.714697656631469,5.765448093414307
102,32.822,200,10,136.58848571777344,-222.1878204345703,-48.11460494995117,-237.7482452392578,-34.178436279296875,-216.46681213378906,5.710025596618652,5.658512592315674
103,33.202,200,10,136.58848571777344,-222.1878204345703,-47.681148529052734,-237.9462127685547,159.1551055908203,-243.20570373535156,5.717331762313843,5.745478630065918
104,33.539,200,10,136.58848571777344,-222.1878204345703,-47.681148529052734,-237.9462127685547,129.1237030029297,-236.290283203125,5.711261339187622,5.664726257324219
105,33.861,200,10,136.58848571777344,-222.1878204345703,-47.50503921508789,-237.90016174316406,58.0217170715332,-227.5944061279297,5.7070188808441165,5.740928649902344
106,34.178,200,10,136.58848571777344,-222.1878204345703,-47.50503921508789,-237.90016174316406,150.13380432128906,-241.1326904296875,5.710448570251465,5.704222679138184
107,34.498,200,10,136.58848571777344,-222.1878204345703,-47.67095184326172,-237.67160034179688,-40.51336669921875,-219.5756072998047,5.706790113449097,5.584954261779785
108,34.806,200,10,136.58848571777344,-222.1878204345703,-47.67095184326172,-237.67160034179688,90.61194610595703,-228.97589111328125,5.6845596981048585,5.615623950958252
109,35.136,200,9,138.02325439453125,-222.1878204345703,-44.83002853393555,-237.77867126464844,44.269866943359375,-227.19248962402344,5.719679565429687,5.832640171051025
110,35.482,200,9,138.02325439453125,-222.1878204345703,-44.83002853393555,-237.77867126464844,-23.801040649414062,-223.17245483398438,5.689846382141114,5.802516937255859
111,35.807,200,8,138.02325439453125,-225.08982849121094,-44.254852294921875,-238.13461303710938,94.31751251220703,-232.21615600585938,5.703670835494995,5.805499076843262
112,36.116,200,8,138.02325439453125,-225.08982849121094,-44.254852294921875,-238.13461303710938,58.24300003051758,-227.09588623046875,5.697211637496948,5.649707794189453
113,36.435,200,9,149.82325744628906,-225.08982849121094,-41.783329010009766,-238.3962860107422,143.9046173095703,-237.95013427734375,5.687683305740356,5.732806205749512
114,36.776,200,9,149.82325744628906,-225.08982849121094,-41.783329010009766,-238.3962860107422,-43.75550842285156,-224.52210998535156,5.702231159210205,5.803814888000488
115,37.099,200,9,149.82325744628906,-225.08982849121094,-41.258888244628906,-238.2988739013672,29.94452476501465,-223.11900329589844,5.7090452194213865,5.817089080810547
116,37.412,200,9,149.82325744628906,-225.08982849121094,-41.258888244628906,-238.2988739013672,161.182373046875,-235.79440307617188,5.696324615478516,5.488948822021484
117,37.733,200,9,149.82325744628906,-225.08982849121094,-42.178436279296875,-237.76629638671875,110.03327941894531,-230.1351776123047,5.679508581161499,5.641785144805908
118,38.044,200,9,149.82325744628906,-225.08982849121094,-42.178436279296875,-237.76629638671875,-23.628042221069336,-222.64984130859375,5.71245400428772,5.633614540100098
119,38.362,200,9,149.82325744628906,-225.08982849121094,-38.411502838134766,-237.79376220703125,55.10729217529297,-226.2420196533203,5.676096773147583,5.582945823669434
120,38.68,200,9,149.82325744628906,-225.08982849121094,-38.411502838134766,-237.79376220703125,155.9522247314453,-247.30255126953125,5.689543581008911,5.744952201843262
121,39.003,200,11,149.82325744628906,-225.08982849121094,-36.25810623168945,-237.57972717285156,24.121435165405273,-226.00393676757812,5.687714776992798,5.729487419128418
122,39.317,200,11,149.82325744628906,-225.08982849121094,-36.25810623168945,-237.57972717285156,141.1155242919922,-235.8820343017578,5.671520128250122,5.551795482635498
123,39.637,200,11,149.82325744628906,-225.08982849121094,-35.04673385620117,-237.59515380859375,37.231929779052734,-224.52426147460938,5.68433952331543,5.81696891784668
124,39.947,200,11,149.82325744628906,-225.08982849121094,-35.04673385620117,-237.59515380859375,103.92520904541016,-225.8020782470703,5.692023286819458,5.681807518005371
125,40.266,200,8,149.82325744628906,-225.08982849121094,-34.289363861083984,-237.47784423828125,44.63147735595703,-228.2168426513672,5.682690954208374,5.758238792419434
126,40.62,200,8,149.82325744628906,-225.08982849121094,-34.289363861083984,-237.47784423828125,150.99864196777344,-234.3942108154297,5.68117919921875,5.664347171783447
127,40.947,200,8,149.82325744628906,-225.08982849121094,-33.37028503417969,-237.44822692871094,133.69700622558594,-229.09625244140625,5.668970012664795,5.750086307525635
128,41.256,200,8,149.82325744628906,-225.08982849121094,-33.37028503417969,-237.44822692871094,166.611328125,-245.00851440429688,5.6852083587646485,5.64913272857666
129,41.575,200,8,149.82325744628906,-225.08982849121094,-33.122230529785156,-237.30636596679688,21.525768280029297,-220.944580078125,5.6775203132629395,5.740297317504883
130,41.897,200,8,149.82325744628906,-225.08982849121094,-33.122230529785156,-237.30636596679688,84.15958404541016,-224.28099060058594,5.663481435775757,5.676641941070557
131,42.263,200,8,149.82325744628906,-225.08982849121094,-32.225181579589844,-237.2481231689453,31.719463348388672,-224.57997131347656,5.663786010742188,5.688060283660889
132,42.574,200,8,149.82325744628906,-225.08982849121094,-32.225181579589844,-237.2481231689453,178.89056396484375,-233.05398559570312,5.653973665237427,5.705427169799805
133,42.916,200,9,259.14556884765625,-225.08982849121094,-28.465974807739258,-237.36419677734375,176.3188018798828,-245.92579650878906,5.649108276367188,5.521973609924316
134,43.228,200,9,259.14556884765625,-225.08982849121094,-28.465974807739258,-237.36419677734375,-15.237581253051758,-225.07412719726562,5.674041090011596,5.757142543792725
135,43.548,200,9,259.14556884765625,-225.08982849121094,-28.370107650756836,-237.42710876464844,45.104774475097656,-224.1458282470703,5.651199989318847,5.600001335144043
136,43.857,200,9,259.14556884765625,-225.08982849121094,-28.370107650756836,-237.42710876464844,309.8512268066406,-247.55055236816406,5.668011837005615,5.731927394866943
137,44.175,200,9,259.14556884765625,-225.08982849121094,-26.838289260864258,-237.33070373535156,18.213167190551758,-223.3792724609375,5.645202989578247,5.774366855621338
138,44.485,200,9,259.14556884765625,-225.08982849121094,-26.838289260864258,-237.33070373535156,-27.928054809570312,-221.7641143798828,5.6784882164001464,5.6247711181640625
139,44.804,200,9,259.14556884765625,-225.08982849121094,-26.063291549682617,-237.2498779296875,111.41156768798828,-226.82260131835938,5.644133472442627,5.518115043640137
140,45.114,200,9,259.14556884765625,-225.08982849121094,-26.063291549682617,-237.2498779296875,84.77130889892578,-225.47216796875,5.640573501586914,5.631954193115234
141,45.465,200,9,259.14556884765625,-225.08982849121094,-25.408620834350586,-237.22816467285156,149.67617797851562,-232.8959197998047,5.657362480163574,5.744960308074951
142,45.816,200,9,259.14556884765625,-225.08982849121094,-25.408620834350586,-237.22816467285156,294.2387390136719,-247.63796997070312,5.648045797348022,5.656830787658691
143,46.135,200,9,259.14556884765625,-225.08982849121094,-22.608474731445312,-237.1544189453125,154.58236694335938,-246.1822052001953,5.641276407241821,5.696847438812256
144,46.443,200,9,259.14556884765625,-225.08982849121094,-22.608474731445312,-237.1544189453125,297.62957763671875,-246.4156494140625,5.646079225540161,5.723267555236816
145,46.765,200,9,259.14556884765625,-225.08982849121094,-21.430429458618164,-237.24777221679688,167.92564392089844,-242.23062133789062,5.649342880249024,5.593755722045898
146,47.08,200,9,259.14556884765625,-225.08982849121094,-21.430429458618164,-237.24777221679688,267.4395751953125,-248.6776885986328,5.652237749099731,5.794716835021973
147,47.399,200,9,259.14556884765625,-225.08982849121094,-22.26565170288086,-237.10140991210938,286.30908203125,-241.18092346191406,5.628604850769043,5.74432373046875
148,47.708,200,9,259.14556884765625,-225.08982849121094,-22.26565170288086,-237.10140991210938,185.59976196289062,-244.70855712890625,5.626486539840698,5.569670677185059
149,48.025,200,10,259.14556884765625,-225.08982849121094,-22.099159240722656,-237.11509704589844,109.94017028808594,-228.2006378173828,5.619046802520752,5.621594429016113
150,48.334,200,10,259.14556884765625,-225.08982849121094,-22.099159240722656,-237.11509704589844,-12.796943664550781,-224.9257354736328,5.644174575805664,5.602154731750488
151,48.655,200,10,259.14556884765625,-225.08982849121094,-19.999897003173828,-236.9289093017578,150.78231811523438,-241.21044921875,5.654849376678467,5.544393539428711
152,48.973,200,10,259.14556884765625,-225.08982849121094,-19.999897003173828,-236.9289093017578,147.11703491210938,-229.34983825683594,5.635988693237305,5.62812614440918
153,49.409,200,9,259.14556884765625,-225.08982849121094,-17.674760818481445,-236.97291564941406,137.81668090820312,-228.8298797607422,5.627936639785767,5.595871925354004
154,49.8,200,9,259.14556884765625,-225.08982849121094,-17.674760818481445,-236.97291564941406,134.2598419189453,-234.39439392089844,5.621900768280029,5.706725120544434
155,50.12,200,9,259.14556884765625,-225.08982849121094,-16.26666831970215,-236.83984375,320.7665710449219,-243.83096313476562,5.628986949920654,5.612990379333496
156,50.431,200,9,259.14556884765625,-225.08982849121094,-16.26666831970215,-236.83984375,173.1756134033203,-229.35214233398438,5.6485856342315675,5.713324546813965
157,50.765,200,9,259.14556884765625,-225.08982849121094,-16.508045196533203,-237.02029418945312,285.95404052734375,-243.89413452148438,5.626207141876221,5.564122200012207
158,51.104,200,9,259.14556884765625,-225.08982849121094,-16.508045196533203,-237.02029418945312,-42.633583068847656,-223.50875854492188,5.618641204833985,5.605999946594238
159,51.457,200,9,259.14556884765625,-225.08982849121094,-17.697677612304688,-237.17849731445312,139.32350158691406,-231.0487518310547,5.609116067886353,5.591069221496582
160,51.881,200,9,259.14556884765625,-225.08982849121094,-17.697677612304688,-237.17849731445312,89.19347381591797,-225.80784606933594,5.624466915130615,5.597696304321289
161,52.296,200,9,259.14556884765625,-225.08982849121094,-13.573254585266113,-237.04751586914062,-10.552361488342285,-222.45782470703125,5.629890928268432,5.596034049987793
162,52.706,200,9,259.14556884765625,-225.08982849121094,-13.573254585266113,-237.04751586914062,176.49998474121094,-234.4236297607422,5.617027740478516,5.551136016845703
163,53.081,200,8,259.14556884765625,-225.08982849121094,-10.743363380432129,-237.01515197753906,34.957176208496094,-226.3729248046875,5.627492370605469,5.635512351989746
164,53.423,200,8,259.14556884765625,-225.08982849121094,-10.743363380432129,-237.01515197753906,17.55799674987793,-223.69020080566406,5.615074234008789,5.567904472351074
165,53.753,200,8,259.14556884765625,-225.08982849121094,-9.240428924560547,-237.0224609375,84.26384735107422,-225.71188354492188,5.5955806064605715,5.568796634674072
166,54.113,200,8,259.14556884765625,-225.08982849121094,-9.240428924560547,-237.0224609375,272.4591979980469,-246.75918579101562,5.615575075149536,5.615549087524414
167,54.478,200,9,259.14556884765625,-225.08982849121094,-7.649276256561279,-237.01107788085938,137.13665771484375,-230.27952575683594,5.614675426483155,5.609342098236084
168,54.802,200,9,259.14556884765625,-225.08982849121094,-7.649276256561279,-237.01107788085938,178.3803253173828,-231.0144500732422,5.593579206466675,5.450256824493408
169,55.122,200,9,259.14556884765625,-225.08982849121094,-7.295331001281738,-236.95620727539062,25.414813995361328,-225.62673950195312,5.609859046936035,5.615927219390869
170,55.432,200,9,259.14556884765625,-225.08982849121094,-7.295331001281738,-236.95620727539062,273.0001220703125,-247.59359741210938,5.591722507476806,5.534371376037598
171,55.771,200,9,259.14556884765625,-225.08982849121094,-5.488677978515625,-237.27084350585938,290.12078857421875,-247.36972045898438,5.609724349975586,5.436938762664795
172,56.091,200,9,259.14556884765625,-225.08982849121094,-5.488677978515625,-237.27084350585938,80.98202514648438,-225.10707092285156,5.585091171264648,5.75593900680542
173,56.476,200,8,259.14556884765625,-226.34754943847656,-5.696195125579834,-237.36566162109375,87.13841247558594,-225.3046112060547,5.595657777786255,5.5807204246521
174,56.788,200,8,259.14556884765625,-226.34754943847656,-5.696195125579834,-237.36566162109375,9.185490608215332,-224.30715942382812,5.583049793243408,5.538205146789551
175,57.112,200,8,259.14556884765625,-226.34754943847656,-3.481826066970825,-237.42605590820312,-3.4344167709350586,-225.29452514648438,5.571123285293579,5.399566173553467
176,57.419,200,8,259.14556884765625,-226.34754943847656,-3.481826066970825,-237.42605590820312,9.991413116455078,-224.53115844726562,5.6053236389160155,5.6299238204956055
177,57.736,200,8,259.14556884765625,-226.34754943847656,-1.0071008205413818,-237.75608825683594,289.1796875,-247.19691467285156,5.598695774078369,5.57451057434082
178,58.045,200,8,259.14556884765625,-226.34754943847656,-1.0071008205413818,-237.75608825683594,86.06901550292969,-225.70448303222656,5.590754079818725,5.52560567855835
179,58.365,200,8,259.14556884765625,-226.34754943847656,-1.3443139791488647,-237.82308959960938,198.70501708984375,-238.27980041503906,5.593842821121216,5.607789993286133
180,58.677,200,8,259.14556884765625,-226.34754943847656,-1.3443139791488647,-237.82308959960938,201.11549377441406,-240.54483032226562,5.57209716796875,5.511649131774902
181,58.997,200,8,259.14556884765625,-226.34754943847656,-0.3365808129310608,-237.70863342285156,-3.5480713844299316,-223.47776794433594,5.5990445518493654,5.585331916809082
182,59.405,200,8,259.14556884765625,-226.34754943847656,-0.3365808129310608,-237.70863342285156,196.40745544433594,-237.7177276611328,5.601996393203735,5.458576202392578
183,59.804,200,8,259.14556884765625,-226.34754943847656,0.40180665254592896,-237.8671875,281.56207275390625,-246.3255157470703,5.578348884582519,5.583856582641602
184,60.124,200,8,259.14556884765625,-226.34754943847656,0.40180665254592896,-237.8671875,43.663326263427734,-223.44906616210938,5.55466510772705,5.66562032699585
185,60.509,200,8,259.14556884765625,-226.34754943847656,4.048617362976074,-238.11732482910156,246.5081329345703,-234.50634765625,5.599782686233521,5.587986469268799
186,60.844,200,8,259.14556884765625,-226.34754943847656,4.048617362976074,-238.11732482910156,-18.115741729736328,-225.3029327392578,5.590379409790039,5.6038312911987305
187,61.164,200,8,259.14556884765625,-226.34754943847656,4.375916957855225,-238.43841552734375,83.0474624633789,-225.69798278808594,5.593265275955201,5.580646514892578
188,61.475,200,8,259.14556884765625,-226.34754943847656,4.375916957855225,-238.43841552734375,181.27816772460938,-233.11090087890625,5.5861788082122805,5.594791889190674
189,61.797,200,8,259.14556884765625,-226.34754943847656,7.024472713470459,-238.92613220214844,299.406494140625,-248.16952514648438,5.587210941314697,5.365391731262207
190,62.144,200,8,259.14556884765625,-226.34754943847656,7.024472713470459,-238.92613220214844,-5.269477367401123,-225.31724548339844,5.583159065246582,5.568780899047852
191,62.489,200,8,259.14556884765625,-226.34754943847656,7.749786376953125,-239.12149047851562,133.7129364013672,-230.49002075195312,5.572277812957764,5.673065185546875
192,62.798,200,8,259.14556884765625,-226.34754943847656,7.749786376953125,-239.12149047851562,200.2084197998047,-234.85934448242188,5.564032363891601,5.5578765869140625
193,63.116,200,9,259.14556884765625,-226.34754943847656,8.30876350402832,-239.3612060546875,55.77818298339844,-224.3955078125,5.570929536819458,5.554790496826172
194,63.424,200,9,259.14556884765625,-226.34754943847656,8.30876350402832,-239.3612060546875,-20.11646270751953,-224.50909423828125,5.600415334701538,5.6299285888671875
195,63.742,200,9,259.14556884765625,-226.34754943847656,10.552285194396973,-239.3856964111328,-13.161483764648438,-224.61521911621094,5.596481885910034,5.686301231384277
196,64.052,200,9,259.14556884765625,-226.34754943847656,10.552285194396973,-239.3856964111328,209.2073211669922,-241.72410583496094,5.606187705993652,5.670775413513184
197,64.37,200,8,259.14556884765625,-226.34754943847656,11.918586730957031,-239.8751220703125,199.7378387451172,-240.630859375,5.600839233398437,5.608543872833252
198,64.738,200,8,259.14556884765625,-226.34754943847656,11.918586730957031,-239.8751220703125,122.28071594238281,-223.6313934326172,5.582971487045288,5.617789268493652
199,65.063,200,8,259.14556884765625,-226.34754943847656,13.884359359741211,-239.9893035888672,194.88697814941406,-233.4924774169922,5.594285507202148,5.699069023132324
200,65.378,200,8,259.14556884765625,-226.34754943847656,13.884359359741211,-239.9893035888672,263.6974792480469,-247.60736083984375,5.600157089233399,5.488095760345459
